Date,Open,High,Low,Close,Adj Close,Volume
2023-12-12 09:30:00-05:00,216.5,216.52000427246094,216.0,216.47000122070312,216.47000122070312,27647
2023-12-12 09:31:00-05:00,216.8300018310547,217.0749969482422,216.6300048828125,216.75,216.75,3800
2023-12-12 09:32:00-05:00,216.74000549316406,217.19000244140625,216.63999938964844,216.82000732421875,216.82000732421875,4375
2023-12-12 09:33:00-05:00,216.89500427246094,217.1199951171875,216.67999267578125,216.67999267578125,216.67999267578125,4411
2023-12-12 09:34:00-05:00,216.875,217.0449981689453,216.6999969482422,216.92999267578125,216.92999267578125,4334
2023-12-12 09:35:00-05:00,216.92999267578125,216.92999267578125,216.39999389648438,216.39999389648438,216.39999389648438,4596
2023-12-12 09:36:00-05:00,216.39999389648438,216.8000030517578,216.39999389648438,216.61000061035156,216.61000061035156,5191
2023-12-12 09:37:00-05:00,216.7100067138672,216.73500061035156,216.4499969482422,216.4499969482422,216.4499969482422,6212
2023-12-12 09:38:00-05:00,216.4499969482422,216.7449951171875,216.4499969482422,216.74000549316406,216.74000549316406,5107
2023-12-12 09:39:00-05:00,216.76499938964844,216.9600067138672,216.72999572753906,216.8350067138672,216.8350067138672,5740
2023-12-12 09:40:00-05:00,216.99000549316406,217.08990478515625,216.8699951171875,216.8699951171875,216.8699951171875,2120
2023-12-12 09:41:00-05:00,216.8800048828125,217.28640747070312,216.85000610351562,217.27999877929688,217.27999877929688,8663
2023-12-12 09:42:00-05:00,217.2449951171875,217.47999572753906,217.1300048828125,217.25999450683594,217.25999450683594,11248
2023-12-12 09:43:00-05:00,217.25999450683594,217.25999450683594,216.89010620117188,217.22000122070312,217.22000122070312,5673
2023-12-12 09:44:00-05:00,217.25,217.47999572753906,217.25,217.47999572753906,217.47999572753906,1515
2023-12-12 09:45:00-05:00,217.25,217.32000732421875,217.13450622558594,217.13450622558594,217.13450622558594,6794
2023-12-12 09:46:00-05:00,217.1699981689453,217.27499389648438,217.05999755859375,217.14999389648438,217.14999389648438,5725
2023-12-12 09:47:00-05:00,217.2050018310547,217.2050018310547,216.9149932861328,217.19000244140625,217.19000244140625,3480
2023-12-12 09:48:00-05:00,217.19000244140625,217.1999969482422,217.0500030517578,217.14999389648438,217.14999389648438,3363
2023-12-12 09:49:00-05:00,217.0800018310547,217.0800018310547,216.8249969482422,216.85499572753906,216.85499572753906,3105
2023-12-12 09:50:00-05:00,216.7100067138672,216.86000061035156,216.67999267578125,216.67999267578125,216.67999267578125,2210
2023-12-12 09:51:00-05:00,216.75,216.75999450683594,216.3800048828125,216.38999938964844,216.38999938964844,3885
2023-12-12 09:52:00-05:00,216.49000549316406,216.55250549316406,216.44000244140625,216.44000244140625,216.44000244140625,2309
2023-12-12 09:53:00-05:00,216.6199951171875,216.6300048828125,216.58999633789062,216.6300048828125,216.6300048828125,1616
2023-12-12 09:54:00-05:00,216.81500244140625,216.85499572753906,216.77999877929688,216.85000610351562,216.85000610351562,1223
2023-12-12 09:55:00-05:00,216.82000732421875,216.8300018310547,216.625,216.63999938964844,216.63999938964844,4688
2023-12-12 09:56:00-05:00,216.52000427246094,216.64500427246094,216.52000427246094,216.60000610351562,216.60000610351562,1811
2023-12-12 09:57:00-05:00,216.60000610351562,216.60000610351562,216.5749969482422,216.5749969482422,216.5749969482422,1385
2023-12-12 09:58:00-05:00,216.57000732421875,216.85000610351562,216.57000732421875,216.85000610351562,216.85000610351562,2728
2023-12-12 09:59:00-05:00,216.85000610351562,217.02999877929688,216.85000610351562,217.02999877929688,217.02999877929688,3044
2023-12-12 10:00:00-05:00,216.9949951171875,217.0,216.9949951171875,217.0,217.0,447
2023-12-12 10:01:00-05:00,217.09500122070312,217.10000610351562,216.91000366210938,216.99000549316406,216.99000549316406,5030
2023-12-12 10:02:00-05:00,216.99000549316406,217.00999450683594,216.8699951171875,216.97000122070312,216.97000122070312,5245
2023-12-12 10:03:00-05:00,217.02499389648438,217.02499389648438,216.86749267578125,216.9199981689453,216.9199981689453,3742
2023-12-12 10:04:00-05:00,216.92999267578125,217.0,216.92999267578125,217.0,217.0,889
2023-12-12 10:05:00-05:00,217.0,217.05499267578125,216.91000366210938,217.02499389648438,217.02499389648438,4873
2023-12-12 10:06:00-05:00,217.0850067138672,217.09249877929688,217.0500030517578,217.0500030517578,217.0500030517578,2594
2023-12-12 10:07:00-05:00,217.09500122070312,217.1750030517578,217.0399932861328,217.0821075439453,217.0821075439453,4395
2023-12-12 10:08:00-05:00,217.13999938964844,217.18499755859375,217.05999755859375,217.08999633789062,217.08999633789062,1420
2023-12-12 10:09:00-05:00,217.08999633789062,217.27000427246094,217.08999633789062,217.27000427246094,217.27000427246094,5284
2023-12-12 10:10:00-05:00,217.27000427246094,217.27000427246094,217.16000366210938,217.25,217.25,3411
2023-12-12 10:11:00-05:00,217.32000732421875,217.32000732421875,217.25999450683594,217.27000427246094,217.27000427246094,2622
2023-12-12 10:12:00-05:00,217.23500061035156,217.27499389648438,217.1699981689453,217.24000549316406,217.24000549316406,2808
2023-12-12 10:13:00-05:00,217.24600219726562,217.2899932861328,217.24000549316406,217.2899932861328,217.2899932861328,1894
2023-12-12 10:14:00-05:00,217.22999572753906,217.49000549316406,217.22999572753906,217.49000549316406,217.49000549316406,5190
2023-12-12 10:15:00-05:00,217.44000244140625,217.48500061035156,217.42999267578125,217.48500061035156,217.48500061035156,2259
2023-12-12 10:16:00-05:00,217.50999450683594,217.55999755859375,217.47999572753906,217.55999755859375,217.55999755859375,1479
2023-12-12 10:17:00-05:00,217.55999755859375,217.5749969482422,217.4600067138672,217.47500610351562,217.47500610351562,4742
2023-12-12 10:18:00-05:00,217.47000122070312,217.5,217.44500732421875,217.4600067138672,217.4600067138672,1896
2023-12-12 10:19:00-05:00,217.4550018310547,217.4550018310547,217.38999938964844,217.38999938964844,217.38999938964844,3181
2023-12-12 10:20:00-05:00,217.31500244140625,217.42999267578125,217.27999877929688,217.41000366210938,217.41000366210938,3011
2023-12-12 10:21:00-05:00,217.39999389648438,217.39999389648438,217.1300048828125,217.19000244140625,217.19000244140625,8259
2023-12-12 10:22:00-05:00,217.19000244140625,217.32000732421875,217.19000244140625,217.27999877929688,217.27999877929688,4135
2023-12-12 10:23:00-05:00,217.1649932861328,217.44000244140625,217.10000610351562,217.27999877929688,217.27999877929688,12925
2023-12-12 10:24:00-05:00,217.26499938964844,217.36000061035156,217.26499938964844,217.2899932861328,217.2899932861328,5394
2023-12-12 10:25:00-05:00,217.34500122070312,217.3524932861328,217.05999755859375,217.05999755859375,217.05999755859375,4390
2023-12-12 10:26:00-05:00,217.14500427246094,217.22000122070312,217.1199951171875,217.1300048828125,217.1300048828125,4684
2023-12-12 10:27:00-05:00,217.13499450683594,217.15499877929688,217.05999755859375,217.0679931640625,217.0679931640625,4262
2023-12-12 10:28:00-05:00,217.05999755859375,217.1300048828125,217.0,217.07000732421875,217.07000732421875,3602
2023-12-12 10:29:00-05:00,217.10000610351562,217.21499633789062,216.8800048828125,216.89999389648438,216.89999389648438,6756
2023-12-12 10:30:00-05:00,216.8350067138672,216.91000366210938,216.80999755859375,216.8300018310547,216.8300018310547,3892
2023-12-12 10:31:00-05:00,216.7949981689453,216.86000061035156,216.67999267578125,216.7100067138672,216.7100067138672,4254
2023-12-12 10:32:00-05:00,216.7100067138672,216.77499389648438,216.67999267578125,216.67999267578125,216.67999267578125,1746
2023-12-12 10:33:00-05:00,216.72000122070312,216.74000549316406,216.5500030517578,216.5500030517578,216.5500030517578,3890
2023-12-12 10:34:00-05:00,216.53500366210938,216.53500366210938,216.3000030517578,216.3699951171875,216.3699951171875,4814
2023-12-12 10:35:00-05:00,216.3800048828125,216.4250030517578,216.2740020751953,216.3574981689453,216.3574981689453,4140
2023-12-12 10:36:00-05:00,216.39999389648438,216.6300048828125,216.39999389648438,216.55999755859375,216.55999755859375,3065
2023-12-12 10:37:00-05:00,216.64999389648438,216.77999877929688,216.64999389648438,216.69000244140625,216.69000244140625,1763
2023-12-12 10:38:00-05:00,216.75999450683594,216.7899932861328,216.6999969482422,216.75,216.75,2514
2023-12-12 10:39:00-05:00,216.72000122070312,216.7550048828125,216.65499877929688,216.65499877929688,216.65499877929688,3348
2023-12-12 10:40:00-05:00,216.6999969482422,216.80999755859375,216.63999938964844,216.69000244140625,216.69000244140625,2802
2023-12-12 10:41:00-05:00,216.69000244140625,216.69000244140625,216.5399932861328,216.61500549316406,216.61500549316406,3236
2023-12-12 10:42:00-05:00,216.625,216.64999389648438,216.59230041503906,216.60499572753906,216.60499572753906,3416
2023-12-12 10:43:00-05:00,216.60000610351562,216.60499572753906,216.5,216.5,216.5,2416
2023-12-12 10:44:00-05:00,216.52999877929688,216.52999877929688,216.38999938964844,216.46499633789062,216.46499633789062,4138
2023-12-12 10:45:00-05:00,216.4199981689453,216.4199981689453,216.3000030517578,216.38499450683594,216.38499450683594,1392
2023-12-12 10:46:00-05:00,216.3800048828125,216.44000244140625,216.33999633789062,216.39999389648438,216.39999389648438,3034
2023-12-12 10:47:00-05:00,216.36000061035156,216.40750122070312,216.27999877929688,216.27999877929688,216.27999877929688,2863
2023-12-12 10:48:00-05:00,216.1999969482422,216.2899932861328,216.1999969482422,216.22999572753906,216.22999572753906,5317
2023-12-12 10:49:00-05:00,216.13999938964844,216.2100067138672,216.13999938964844,216.2100067138672,216.2100067138672,1227
2023-12-12 10:50:00-05:00,216.27000427246094,216.27000427246094,216.10000610351562,216.1300048828125,216.1300048828125,4463
2023-12-12 10:51:00-05:00,216.17999267578125,216.3000030517578,216.17999267578125,216.22999572753906,216.22999572753906,3700
2023-12-12 10:52:00-05:00,216.22500610351562,216.33999633789062,216.19009399414062,216.27999877929688,216.27999877929688,5430
2023-12-12 10:53:00-05:00,216.32000732421875,216.41000366210938,216.3000030517578,216.33999633789062,216.33999633789062,3834
2023-12-12 10:54:00-05:00,216.33999633789062,216.55999755859375,216.33999633789062,216.54750061035156,216.54750061035156,6535
2023-12-12 10:55:00-05:00,216.53500366210938,216.57000732421875,216.5,216.5,216.5,3218
2023-12-12 10:56:00-05:00,216.52999877929688,216.52999877929688,216.45919799804688,216.4600067138672,216.4600067138672,2462
2023-12-12 10:57:00-05:00,216.5,216.52999877929688,216.41000366210938,216.41000366210938,216.41000366210938,4456
2023-12-12 10:58:00-05:00,216.46499633789062,216.46499633789062,216.3800048828125,216.44000244140625,216.44000244140625,1923
2023-12-12 10:59:00-05:00,216.39999389648438,216.47000122070312,216.33299255371094,216.375,216.375,3186
2023-12-12 11:00:00-05:00,216.3300018310547,216.34500122070312,216.21800231933594,216.25,216.25,3894
2023-12-12 11:01:00-05:00,216.2100067138672,216.38999938964844,216.1300048828125,216.38999938964844,216.38999938964844,5526
2023-12-12 11:02:00-05:00,216.50999450683594,216.69000244140625,216.50999450683594,216.60000610351562,216.60000610351562,3207
2023-12-12 11:03:00-05:00,216.57000732421875,216.61500549316406,216.55999755859375,216.55999755859375,216.55999755859375,3172
2023-12-12 11:04:00-05:00,216.52000427246094,216.52000427246094,216.468994140625,216.5,216.5,1929
2023-12-12 11:05:00-05:00,216.5050048828125,216.63999938964844,216.5,216.55999755859375,216.55999755859375,5150
2023-12-12 11:06:00-05:00,216.55999755859375,216.61000061035156,216.5500030517578,216.61000061035156,216.61000061035156,1738
2023-12-12 11:07:00-05:00,216.61000061035156,216.61000061035156,216.61000061035156,216.61000061035156,216.61000061035156,755
2023-12-12 11:08:00-05:00,216.625,216.625,216.51800537109375,216.5399932861328,216.5399932861328,1889
2023-12-12 11:09:00-05:00,216.5749969482422,216.6199951171875,216.5500030517578,216.5850067138672,216.5850067138672,3363
2023-12-12 11:10:00-05:00,216.5800018310547,216.6199951171875,216.5800018310547,216.60499572753906,216.60499572753906,2014
2023-12-12 11:11:00-05:00,216.60000610351562,216.60000610351562,216.52000427246094,216.52000427246094,216.52000427246094,1838
2023-12-12 11:12:00-05:00,216.5399932861328,216.66000366210938,216.5399932861328,216.5500030517578,216.5500030517578,4071
2023-12-12 11:13:00-05:00,216.6300048828125,216.67999267578125,216.61000061035156,216.6699981689453,216.6699981689453,2756
2023-12-12 11:14:00-05:00,216.74000549316406,216.8800048828125,216.74000549316406,216.85499572753906,216.85499572753906,1708
2023-12-12 11:15:00-05:00,216.85000610351562,216.85000610351562,216.77000427246094,216.7899932861328,216.7899932861328,2266
2023-12-12 11:16:00-05:00,216.8000030517578,216.82000732421875,216.72799682617188,216.72799682617188,216.72799682617188,2782
2023-12-12 11:17:00-05:00,216.72000122070312,216.75999450683594,216.72000122070312,216.72000122070312,216.72000122070312,1982
2023-12-12 11:18:00-05:00,216.7100067138672,216.8000030517578,216.7100067138672,216.8000030517578,216.8000030517578,1605
2023-12-12 11:20:00-05:00,216.72999572753906,216.72999572753906,216.57000732421875,216.57000732421875,216.57000732421875,19707
2023-12-12 11:21:00-05:00,216.60000610351562,216.77999877929688,216.60000610351562,216.77000427246094,216.77000427246094,3067
2023-12-12 11:22:00-05:00,216.7100067138672,216.7899932861328,216.7100067138672,216.7899932861328,216.7899932861328,2501
2023-12-12 11:23:00-05:00,216.75,216.75,216.67999267578125,216.67999267578125,216.67999267578125,1401
2023-12-12 11:24:00-05:00,216.67999267578125,216.67999267578125,216.5399932861328,216.60699462890625,216.60699462890625,1353
2023-12-12 11:25:00-05:00,216.60000610351562,216.60000610351562,216.47000122070312,216.50999450683594,216.50999450683594,4015
2023-12-12 11:26:00-05:00,216.50999450683594,216.50999450683594,216.3800048828125,216.39999389648438,216.39999389648438,3044
2023-12-12 11:27:00-05:00,216.4149932861328,216.42999267578125,216.3800048828125,216.38999938964844,216.38999938964844,2396
2023-12-12 11:28:00-05:00,216.35000610351562,216.35000610351562,216.19000244140625,216.3300018310547,216.3300018310547,4640
2023-12-12 11:29:00-05:00,216.36000061035156,216.44000244140625,216.36000061035156,216.3769989013672,216.3769989013672,3517
2023-12-12 11:30:00-05:00,216.39500427246094,216.5500030517578,216.39500427246094,216.49940490722656,216.49940490722656,1635
2023-12-12 11:31:00-05:00,216.49000549316406,216.49000549316406,216.42999267578125,216.43499755859375,216.43499755859375,2253
2023-12-12 11:32:00-05:00,216.42999267578125,216.42999267578125,216.2899932861328,216.3800048828125,216.3800048828125,3591
2023-12-12 11:33:00-05:00,216.44000244140625,216.4600067138672,216.44000244140625,216.4499969482422,216.4499969482422,1984
2023-12-12 11:34:00-05:00,216.46499633789062,216.47999572753906,216.3800048828125,216.42999267578125,216.42999267578125,1751
2023-12-12 11:35:00-05:00,216.42999267578125,216.42999267578125,216.2899932861328,216.2899932861328,216.2899932861328,1701
2023-12-12 11:36:00-05:00,216.25999450683594,216.2899932861328,216.25,216.2899932861328,216.2899932861328,2464
2023-12-12 11:37:00-05:00,216.30499267578125,216.30499267578125,216.21499633789062,216.21499633789062,216.21499633789062,488
2023-12-12 11:38:00-05:00,216.22000122070312,216.25,216.13999938964844,216.13999938964844,216.13999938964844,3005
2023-12-12 11:39:00-05:00,216.13999938964844,216.16000366210938,215.99000549316406,215.9947052001953,215.9947052001953,8171
2023-12-12 11:40:00-05:00,215.94000244140625,216.07000732421875,215.88999938964844,215.89999389648438,215.89999389648438,2562
2023-12-12 11:41:00-05:00,215.9149932861328,216.00999450683594,215.91000366210938,215.91000366210938,215.91000366210938,2893
2023-12-12 11:42:00-05:00,215.99000549316406,216.0399932861328,215.9499969482422,215.9499969482422,215.9499969482422,2255
2023-12-12 11:43:00-05:00,215.97999572753906,216.0500030517578,215.9499969482422,216.0500030517578,216.0500030517578,2504
2023-12-12 11:44:00-05:00,216.0500030517578,216.1999969482422,216.0500030517578,216.17999267578125,216.17999267578125,2033
2023-12-12 11:45:00-05:00,216.19000244140625,216.22999572753906,216.19000244140625,216.21800231933594,216.21800231933594,1889
2023-12-12 11:46:00-05:00,216.2100067138672,216.22000122070312,216.14999389648438,216.19000244140625,216.19000244140625,2736
2023-12-12 11:47:00-05:00,216.19000244140625,216.19000244140625,216.1199951171875,216.17999267578125,216.17999267578125,3448
2023-12-12 11:48:00-05:00,216.21499633789062,216.21499633789062,216.17999267578125,216.1999969482422,216.1999969482422,787
2023-12-12 11:49:00-05:00,216.19000244140625,216.24000549316406,216.16000366210938,216.22799682617188,216.22799682617188,5006
2023-12-12 11:50:00-05:00,216.2899932861328,216.32000732421875,216.22999572753906,216.2899932861328,216.2899932861328,2003
2023-12-12 11:51:00-05:00,216.27999877929688,216.28439331054688,216.17999267578125,216.17999267578125,216.17999267578125,2139
2023-12-12 11:52:00-05:00,216.17999267578125,216.17999267578125,215.97000122070312,215.97000122070312,215.97000122070312,3407
2023-12-12 11:53:00-05:00,216.07000732421875,216.13999938964844,215.99000549316406,215.99000549316406,215.99000549316406,3898
2023-12-12 11:54:00-05:00,215.9499969482422,215.9600067138672,215.90499877929688,215.9600067138672,215.9600067138672,1690
2023-12-12 11:55:00-05:00,215.97000122070312,216.00999450683594,215.8800048828125,215.88999938964844,215.88999938964844,3435
2023-12-12 11:56:00-05:00,215.92750549316406,215.92750549316406,215.67999267578125,215.75,215.75,4372
2023-12-12 11:57:00-05:00,215.75,215.77499389648438,215.7100067138672,215.72999572753906,215.72999572753906,1712
2023-12-12 11:58:00-05:00,215.7100067138672,215.80990600585938,215.67999267578125,215.75999450683594,215.75999450683594,6724
2023-12-12 11:59:00-05:00,215.80999755859375,216.0,215.8000030517578,215.97000122070312,215.97000122070312,5481
2023-12-12 12:00:00-05:00,215.95249938964844,215.95249938964844,215.8300018310547,215.8300018310547,215.8300018310547,3534
2023-12-12 12:01:00-05:00,215.75,215.75,215.74000549316406,215.7449951171875,215.7449951171875,837
2023-12-12 12:02:00-05:00,215.74000549316406,215.80499267578125,215.72999572753906,215.77999877929688,215.77999877929688,2488
2023-12-12 12:03:00-05:00,215.77999877929688,215.8300018310547,215.75999450683594,215.75999450683594,215.75999450683594,1860
2023-12-12 12:04:00-05:00,215.75999450683594,215.75999450683594,215.69000244140625,215.69000244140625,215.69000244140625,1731
2023-12-12 12:05:00-05:00,215.69000244140625,215.7899932861328,215.68499755859375,215.75999450683594,215.75999450683594,2703
2023-12-12 12:06:00-05:00,215.71499633789062,215.71499633789062,215.60000610351562,215.60000610351562,215.60000610351562,4865
2023-12-12 12:07:00-05:00,215.625,215.625,215.61000061035156,215.61000061035156,215.61000061035156,1048
2023-12-12 12:08:00-05:00,215.64999389648438,215.74000549316406,215.64999389648438,215.73800659179688,215.73800659179688,2697
2023-12-12 12:09:00-05:00,215.75999450683594,215.8300018310547,215.75999450683594,215.8300018310547,215.8300018310547,1764
2023-12-12 12:10:00-05:00,215.85000610351562,215.92999267578125,215.84500122070312,215.84500122070312,215.84500122070312,2393
2023-12-12 12:11:00-05:00,215.80999755859375,215.88999938964844,215.80999755859375,215.85499572753906,215.85499572753906,3574
2023-12-12 12:12:00-05:00,215.85000610351562,215.89999389648438,215.85000610351562,215.86000061035156,215.86000061035156,969
2023-12-12 12:13:00-05:00,215.8350067138672,215.85000610351562,215.8000030517578,215.8300018310547,215.8300018310547,2213
2023-12-12 12:14:00-05:00,215.89999389648438,215.91000366210938,215.89999389648438,215.89999389648438,215.89999389648438,1657
2023-12-12 12:15:00-05:00,215.90499877929688,215.9550018310547,215.89999389648438,215.9550018310547,215.9550018310547,2512
2023-12-12 12:16:00-05:00,215.97000122070312,216.00999450683594,215.9600067138672,215.97000122070312,215.97000122070312,3166
2023-12-12 12:17:00-05:00,215.97000122070312,216.00999450683594,215.92999267578125,215.94000244140625,215.94000244140625,2480
2023-12-12 12:18:00-05:00,215.97999572753906,215.97999572753906,215.97999572753906,215.97999572753906,215.97999572753906,608
2023-12-12 12:19:00-05:00,215.94500732421875,215.94500732421875,215.94500732421875,215.94500732421875,215.94500732421875,118
2023-12-12 12:20:00-05:00,215.97000122070312,216.0,215.9600067138672,216.0,216.0,3694
2023-12-12 12:21:00-05:00,216.0399932861328,216.0399932861328,216.0,216.02999877929688,216.02999877929688,2033
2023-12-12 12:22:00-05:00,216.0399932861328,216.0399932861328,215.99000549316406,216.00250244140625,216.00250244140625,1572
2023-12-12 12:23:00-05:00,216.03500366210938,216.1199951171875,216.03500366210938,216.10000610351562,216.10000610351562,1987
2023-12-12 12:24:00-05:00,216.16000366210938,216.1999969482422,216.1199951171875,216.1199951171875,216.1199951171875,2093
2023-12-12 12:25:00-05:00,216.0800018310547,216.10000610351562,216.0500030517578,216.08999633789062,216.08999633789062,1182
2023-12-12 12:26:00-05:00,216.0850067138672,216.0850067138672,215.91000366210938,215.91009521484375,215.91009521484375,4574
2023-12-12 12:27:00-05:00,215.9499969482422,216.00999450683594,215.92999267578125,215.9499969482422,215.9499969482422,2409
2023-12-12 12:28:00-05:00,216.00999450683594,216.05999755859375,216.00999450683594,216.0399932861328,216.0399932861328,1977
2023-12-12 12:29:00-05:00,216.0399932861328,216.0399932861328,216.0050048828125,216.0050048828125,216.0050048828125,1628
2023-12-12 12:31:00-05:00,215.9600067138672,216.0500030517578,215.9600067138672,216.0399932861328,216.0399932861328,2685
2023-12-12 12:32:00-05:00,216.14999389648438,216.14999389648438,216.13999938964844,216.13999938964844,216.13999938964844,806
2023-12-12 12:33:00-05:00,216.13999938964844,216.18499755859375,216.13999938964844,216.17999267578125,216.17999267578125,1822
2023-12-12 12:34:00-05:00,216.1199951171875,216.1199951171875,216.0500030517578,216.08999633789062,216.08999633789062,2713
2023-12-12 12:35:00-05:00,216.08999633789062,216.09500122070312,216.02999877929688,216.08999633789062,216.08999633789062,2266
2023-12-12 12:36:00-05:00,216.06100463867188,216.0800018310547,216.05999755859375,216.0800018310547,216.0800018310547,1514
2023-12-12 12:37:00-05:00,216.0800018310547,216.0800018310547,215.9199981689453,215.9199981689453,215.9199981689453,2327
2023-12-12 12:38:00-05:00,215.9250030517578,215.97000122070312,215.9250030517578,215.9600067138672,215.9600067138672,2152
2023-12-12 12:39:00-05:00,215.9600067138672,215.9600067138672,215.9600067138672,215.9600067138672,215.9600067138672,213
2023-12-12 12:40:00-05:00,215.9600067138672,215.9600067138672,215.9199981689453,215.9199981689453,215.9199981689453,1519
2023-12-12 12:41:00-05:00,215.92999267578125,216.0,215.92999267578125,215.99000549316406,215.99000549316406,2951
2023-12-12 12:42:00-05:00,216.02000427246094,216.02000427246094,215.97000122070312,216.0,216.0,978
2023-12-12 12:43:00-05:00,216.05999755859375,216.05999755859375,216.0,216.0,216.0,1208
2023-12-12 12:44:00-05:00,216.02999877929688,216.0500030517578,215.97999572753906,216.02000427246094,216.02000427246094,2281
2023-12-12 12:45:00-05:00,216.0050048828125,216.02389526367188,216.0050048828125,216.02389526367188,216.02389526367188,949
2023-12-12 12:46:00-05:00,216.0399932861328,216.04840087890625,215.77999877929688,215.91000366210938,215.91000366210938,16025
2023-12-12 12:47:00-05:00,215.91000366210938,215.98500061035156,215.91000366210938,215.9600067138672,215.9600067138672,1313
2023-12-12 12:48:00-05:00,215.99000549316406,215.99000549316406,215.9600067138672,215.97999572753906,215.97999572753906,1484
2023-12-12 12:49:00-05:00,215.9499969482422,215.99000549316406,215.9499969482422,215.99000549316406,215.99000549316406,1081
2023-12-12 12:50:00-05:00,215.9600067138672,216.00999450683594,215.9600067138672,216.00999450683594,216.00999450683594,1658
2023-12-12 12:51:00-05:00,216.14999389648438,216.19500732421875,216.14999389648438,216.14999389648438,216.14999389648438,1755
2023-12-12 12:52:00-05:00,216.14999389648438,216.25,216.14999389648438,216.22999572753906,216.22999572753906,1480
2023-12-12 12:53:00-05:00,216.27000427246094,216.3000030517578,216.22000122070312,216.24000549316406,216.24000549316406,2373
2023-12-12 12:54:00-05:00,216.28500366210938,216.3699951171875,216.28500366210938,216.3000030517578,216.3000030517578,2209
2023-12-12 12:55:00-05:00,216.3000030517578,216.3000030517578,216.3000030517578,216.3000030517578,216.3000030517578,496
2023-12-12 12:56:00-05:00,216.27999877929688,216.27999877929688,216.27999877929688,216.27999877929688,216.27999877929688,991
2023-12-12 12:57:00-05:00,216.28199768066406,216.44000244140625,216.28199768066406,216.39100646972656,216.39100646972656,3479
2023-12-12 12:58:00-05:00,216.44500732421875,216.55499267578125,216.44500732421875,216.5500030517578,216.5500030517578,3116
2023-12-12 12:59:00-05:00,216.5,216.55499267578125,216.44000244140625,216.55499267578125,216.55499267578125,1208
2023-12-12 13:00:00-05:00,216.5500030517578,216.5800018310547,216.48049926757812,216.48199462890625,216.48199462890625,1266
2023-12-12 13:01:00-05:00,216.47000122070312,216.47000122070312,216.47000122070312,216.47000122070312,216.47000122070312,699
2023-12-12 13:02:00-05:00,216.4770050048828,216.77000427246094,216.4770050048828,216.6999969482422,216.6999969482422,4136
2023-12-12 13:03:00-05:00,216.75999450683594,216.81500244140625,216.74000549316406,216.77499389648438,216.77499389648438,5329
2023-12-12 13:04:00-05:00,216.77999877929688,216.77999877929688,216.77999877929688,216.77999877929688,216.77999877929688,440
2023-12-12 13:05:00-05:00,216.77999877929688,216.77999877929688,216.66000366210938,216.66000366210938,216.66000366210938,1183
2023-12-12 13:06:00-05:00,216.63499450683594,216.6699981689453,216.5800018310547,216.5800018310547,216.5800018310547,2692
2023-12-12 13:07:00-05:00,216.6999969482422,216.6999969482422,216.6999969482422,216.6999969482422,216.6999969482422,890
2023-12-12 13:08:00-05:00,216.6999969482422,216.6999969482422,216.625,216.625,216.625,529
2023-12-12 13:09:00-05:00,216.72000122070312,216.72000122070312,216.6300048828125,216.6300048828125,216.6300048828125,984
2023-12-12 13:10:00-05:00,216.6300048828125,216.6300048828125,216.5500030517578,216.5500030517578,216.5500030517578,2382
2023-12-12 13:11:00-05:00,216.59500122070312,216.66000366210938,216.59500122070312,216.60000610351562,216.60000610351562,3533
2023-12-12 13:12:00-05:00,216.60000610351562,216.60000610351562,216.60000610351562,216.60000610351562,216.60000610351562,1152
2023-12-12 13:13:00-05:00,216.63999938964844,216.63999938964844,216.58999633789062,216.6300048828125,216.6300048828125,2488
2023-12-12 13:14:00-05:00,216.6300048828125,216.67999267578125,216.55999755859375,216.60000610351562,216.60000610351562,3561
2023-12-12 13:15:00-05:00,216.55999755859375,216.63999938964844,216.55999755859375,216.63999938964844,216.63999938964844,1370
2023-12-12 13:16:00-05:00,216.74159240722656,216.74159240722656,216.60000610351562,216.61000061035156,216.61000061035156,1636
2023-12-12 13:17:00-05:00,216.5850067138672,216.59800720214844,216.5800018310547,216.5800018310547,216.5800018310547,1217
2023-12-12 13:18:00-05:00,216.5399932861328,216.55999755859375,216.50999450683594,216.5399932861328,216.5399932861328,4556
2023-12-12 13:19:00-05:00,216.55999755859375,216.55999755859375,216.47999572753906,216.4810028076172,216.4810028076172,1445
2023-12-12 13:20:00-05:00,216.47999572753906,216.48500061035156,216.41099548339844,216.43499755859375,216.43499755859375,3726
2023-12-12 13:21:00-05:00,216.42999267578125,216.61000061035156,216.42999267578125,216.61000061035156,216.61000061035156,2987
2023-12-12 13:22:00-05:00,216.67999267578125,216.8000030517578,216.67999267578125,216.8000030517578,216.8000030517578,2065
2023-12-12 13:23:00-05:00,216.7899932861328,216.7949981689453,216.7100067138672,216.75999450683594,216.75999450683594,2998
2023-12-12 13:24:00-05:00,216.66000366210938,216.67999267578125,216.55999755859375,216.55999755859375,216.55999755859375,1481
2023-12-12 13:25:00-05:00,216.52999877929688,216.61000061035156,216.50999450683594,216.61000061035156,216.61000061035156,2548
2023-12-12 13:26:00-05:00,216.6300048828125,216.6300048828125,216.5500030517578,216.6199951171875,216.6199951171875,4228
2023-12-12 13:27:00-05:00,216.6699981689453,216.67999267578125,216.60000610351562,216.64999389648438,216.64999389648438,2814
2023-12-12 13:28:00-05:00,216.6699981689453,216.6750030517578,216.63999938964844,216.63999938964844,216.63999938964844,1777
2023-12-12 13:29:00-05:00,216.63999938964844,216.63999938964844,216.60000610351562,216.60000610351562,216.60000610351562,654
2023-12-12 13:30:00-05:00,216.6009979248047,216.72999572753906,216.6009979248047,216.6300048828125,216.6300048828125,3683
2023-12-12 13:31:00-05:00,216.72000122070312,216.72000122070312,216.72000122070312,216.72000122070312,216.72000122070312,922
2023-12-12 13:32:00-05:00,216.7100067138672,216.80999755859375,216.7100067138672,216.80999755859375,216.80999755859375,2846
2023-12-12 13:33:00-05:00,216.80999755859375,216.80999755859375,216.74000549316406,216.77000427246094,216.77000427246094,631
2023-12-12 13:34:00-05:00,216.70599365234375,216.70599365234375,216.70599365234375,216.70599365234375,216.70599365234375,375
2023-12-12 13:35:00-05:00,216.74899291992188,216.8300018310547,216.74899291992188,216.8300018310547,216.8300018310547,869
2023-12-12 13:36:00-05:00,216.8300018310547,216.8300018310547,216.75,216.7550048828125,216.7550048828125,1880
2023-12-12 13:37:00-05:00,216.7550048828125,216.7550048828125,216.6999969482422,216.72999572753906,216.72999572753906,2319
2023-12-12 13:38:00-05:00,216.71499633789062,216.77999877929688,216.6999969482422,216.77000427246094,216.77000427246094,4369
2023-12-12 13:39:00-05:00,216.77000427246094,216.77000427246094,216.72000122070312,216.77000427246094,216.77000427246094,1245
2023-12-12 13:40:00-05:00,216.7899932861328,216.83999633789062,216.7899932861328,216.83999633789062,216.83999633789062,1255
2023-12-12 13:41:00-05:00,216.8300018310547,216.8300018310547,216.8300018310547,216.8300018310547,216.8300018310547,166
2023-12-12 13:42:00-05:00,216.77999877929688,216.82000732421875,216.74000549316406,216.77000427246094,216.77000427246094,2680
2023-12-12 13:43:00-05:00,216.77999877929688,216.77999877929688,216.75999450683594,216.77000427246094,216.77000427246094,719
2023-12-12 13:44:00-05:00,216.77000427246094,216.8000030517578,216.72999572753906,216.72999572753906,216.72999572753906,1765
2023-12-12 13:45:00-05:00,216.6999969482422,216.6999969482422,216.63999938964844,216.63999938964844,216.63999938964844,1719
2023-12-12 13:46:00-05:00,216.69000244140625,216.7100067138672,216.69000244140625,216.7100067138672,216.7100067138672,2683
2023-12-12 13:47:00-05:00,216.67999267578125,216.72999572753906,216.6699981689453,216.72999572753906,216.72999572753906,1568
2023-12-12 13:48:00-05:00,216.6649932861328,216.69000244140625,216.64999389648438,216.67999267578125,216.67999267578125,1483
2023-12-12 13:49:00-05:00,216.63999938964844,216.64999389648438,216.61000061035156,216.61000061035156,216.61000061035156,2143
2023-12-12 13:50:00-05:00,216.5500030517578,216.6699981689453,216.5500030517578,216.6699981689453,216.6699981689453,2642
2023-12-12 13:51:00-05:00,216.69000244140625,216.6999969482422,216.69000244140625,216.6999969482422,216.6999969482422,1371
2023-12-12 13:52:00-05:00,216.72000122070312,216.72000122070312,216.64999389648438,216.64999389648438,216.64999389648438,1440
2023-12-12 13:53:00-05:00,216.6199951171875,216.67999267578125,216.6199951171875,216.66000366210938,216.66000366210938,2312
2023-12-12 13:54:00-05:00,216.63999938964844,216.63999938964844,216.5800018310547,216.5800018310547,216.5800018310547,1602
2023-12-12 13:55:00-05:00,216.5800018310547,216.64999389648438,216.56390380859375,216.5749969482422,216.5749969482422,2301
2023-12-12 13:56:00-05:00,216.58999633789062,216.61000061035156,216.52000427246094,216.52000427246094,216.52000427246094,575
2023-12-12 13:57:00-05:00,216.55499267578125,216.61500549316406,216.55499267578125,216.61000061035156,216.61000061035156,2420
2023-12-12 13:58:00-05:00,216.58999633789062,216.58999633789062,216.58999633789062,216.58999633789062,216.58999633789062,583
2023-12-12 13:59:00-05:00,216.61000061035156,216.61000061035156,216.60000610351562,216.60000610351562,216.60000610351562,1618
2023-12-12 14:00:00-05:00,216.60000610351562,216.6750030517578,216.55999755859375,216.6699981689453,216.6699981689453,4451
2023-12-12 14:01:00-05:00,216.66000366210938,216.66000366210938,216.6300048828125,216.6300048828125,216.6300048828125,697
2023-12-12 14:02:00-05:00,216.60000610351562,216.6199951171875,216.55999755859375,216.55999755859375,216.55999755859375,2062
2023-12-12 14:03:00-05:00,216.5050048828125,216.5050048828125,216.4600067138672,216.47000122070312,216.47000122070312,1228
2023-12-12 14:04:00-05:00,216.52999877929688,216.55999755859375,216.52999877929688,216.5399932861328,216.5399932861328,1971
2023-12-12 14:05:00-05:00,216.49000549316406,216.49000549316406,216.47000122070312,216.49000549316406,216.49000549316406,1116
2023-12-12 14:06:00-05:00,216.48500061035156,216.57000732421875,216.47000122070312,216.57000732421875,216.57000732421875,1919
2023-12-12 14:07:00-05:00,216.55999755859375,216.55999755859375,216.5,216.5,216.5,793
2023-12-12 14:08:00-05:00,216.52999877929688,216.52999877929688,216.47999572753906,216.47999572753906,216.47999572753906,1532
2023-12-12 14:09:00-05:00,216.4600067138672,216.49000549316406,216.4600067138672,216.49000549316406,216.49000549316406,1141
2023-12-12 14:10:00-05:00,216.49000549316406,216.49000549316406,216.47000122070312,216.49000549316406,216.49000549316406,2666
2023-12-12 14:11:00-05:00,216.44000244140625,216.49819946289062,216.41000366210938,216.49819946289062,216.49819946289062,4173
2023-12-12 14:12:00-05:00,216.5,216.5,216.4600067138672,216.4600067138672,216.4600067138672,517
2023-12-12 14:13:00-05:00,216.4600067138672,216.47999572753906,216.43499755859375,216.4600067138672,216.4600067138672,2369
2023-12-12 14:14:00-05:00,216.4600067138672,216.49000549316406,216.4600067138672,216.47000122070312,216.47000122070312,2427
2023-12-12 14:15:00-05:00,216.47000122070312,216.47000122070312,216.42999267578125,216.42999267578125,216.42999267578125,697
2023-12-12 14:16:00-05:00,216.49000549316406,216.49000549316406,216.44000244140625,216.44000244140625,216.44000244140625,2840
2023-12-12 14:17:00-05:00,216.4199981689453,216.44749450683594,216.41000366210938,216.44000244140625,216.44000244140625,1816
2023-12-12 14:18:00-05:00,216.42999267578125,216.4499969482422,216.39500427246094,216.41000366210938,216.41000366210938,1943
2023-12-12 14:19:00-05:00,216.42999267578125,216.42999267578125,216.3509979248047,216.36000061035156,216.36000061035156,4262
2023-12-12 14:20:00-05:00,216.38999938964844,216.41000366210938,216.38999938964844,216.39999389648438,216.39999389648438,2186
2023-12-12 14:21:00-05:00,216.39999389648438,216.42999267578125,216.39999389648438,216.41000366210938,216.41000366210938,2099
2023-12-12 14:22:00-05:00,216.4199981689453,216.4199981689453,216.41000366210938,216.41000366210938,216.41000366210938,333
2023-12-12 14:23:00-05:00,216.3800048828125,216.42999267578125,216.3800048828125,216.42999267578125,216.42999267578125,1474
2023-12-12 14:24:00-05:00,216.47999572753906,216.5,216.47999572753906,216.49000549316406,216.49000549316406,2364
2023-12-12 14:25:00-05:00,216.49000549316406,216.5,216.49000549316406,216.5,216.5,908
2023-12-12 14:26:00-05:00,216.53500366210938,216.60000610351562,216.52999877929688,216.60000610351562,216.60000610351562,3133
2023-12-12 14:27:00-05:00,216.6009979248047,216.69000244140625,216.6009979248047,216.6300048828125,216.6300048828125,2000
2023-12-12 14:28:00-05:00,216.6999969482422,216.75999450683594,216.6300048828125,216.75999450683594,216.75999450683594,2696
2023-12-12 14:29:00-05:00,216.77000427246094,216.8000030517578,216.77000427246094,216.77000427246094,216.77000427246094,1377
2023-12-12 14:30:00-05:00,216.8300018310547,216.91000366210938,216.8300018310547,216.91000366210938,216.91000366210938,757
2023-12-12 14:31:00-05:00,216.91000366210938,217.05999755859375,216.83099365234375,217.05999755859375,217.05999755859375,14329
2023-12-12 14:32:00-05:00,217.05999755859375,217.13999938964844,217.05499267578125,217.13999938964844,217.13999938964844,3875
2023-12-12 14:33:00-05:00,217.05999755859375,217.27000427246094,217.05999755859375,217.24000549316406,217.24000549316406,3168
2023-12-12 14:34:00-05:00,217.2899932861328,217.2899932861328,217.17999267578125,217.1999969482422,217.1999969482422,3396
2023-12-12 14:35:00-05:00,217.17999267578125,217.28500366210938,217.14500427246094,217.28500366210938,217.28500366210938,2560
2023-12-12 14:36:00-05:00,217.27999877929688,217.41000366210938,217.27999877929688,217.41000366210938,217.41000366210938,2185
2023-12-12 14:37:00-05:00,217.33999633789062,217.33999633789062,217.16000366210938,217.16000366210938,217.16000366210938,3180
2023-12-12 14:38:00-05:00,217.0500030517578,217.16000366210938,217.0500030517578,217.07899475097656,217.07899475097656,1108
2023-12-12 14:39:00-05:00,217.06500244140625,217.08999633789062,217.03700256347656,217.03700256347656,217.03700256347656,3349
2023-12-12 14:40:00-05:00,217.0399932861328,217.0399932861328,216.9199981689453,216.9499969482422,216.9499969482422,3448
2023-12-12 14:41:00-05:00,216.9949951171875,217.02999877929688,216.97000122070312,217.02999877929688,217.02999877929688,1277
2023-12-12 14:42:00-05:00,217.0399932861328,217.07000732421875,217.02000427246094,217.02000427246094,217.02000427246094,2435
2023-12-12 14:43:00-05:00,217.08999633789062,217.10000610351562,217.0500030517578,217.0500030517578,217.0500030517578,1879
2023-12-12 14:44:00-05:00,217.11000061035156,217.1436004638672,217.11000061035156,217.1199951171875,217.1199951171875,1410
2023-12-12 14:45:00-05:00,217.1699981689453,217.1699981689453,217.10000610351562,217.10000610351562,217.10000610351562,2036
2023-12-12 14:46:00-05:00,217.10000610351562,217.1699981689453,217.10000610351562,217.1699981689453,217.1699981689453,2529
2023-12-12 14:47:00-05:00,217.1999969482422,217.1999969482422,217.16470336914062,217.16470336914062,217.16470336914062,1133
2023-12-12 14:48:00-05:00,217.1699981689453,217.22000122070312,217.13999938964844,217.13999938964844,217.13999938964844,2333
2023-12-12 14:49:00-05:00,217.17999267578125,217.2100067138672,217.16000366210938,217.1999969482422,217.1999969482422,2995
2023-12-12 14:50:00-05:00,217.19000244140625,217.19000244140625,217.14999389648438,217.14999389648438,217.14999389648438,2341
2023-12-12 14:51:00-05:00,217.14999389648438,217.17999267578125,217.11500549316406,217.17999267578125,217.17999267578125,4024
2023-12-12 14:52:00-05:00,217.1999969482422,217.1999969482422,217.16000366210938,217.16000366210938,217.16000366210938,333
2023-12-12 14:53:00-05:00,217.17999267578125,217.22000122070312,217.1750030517578,217.22000122070312,217.22000122070312,2641
2023-12-12 14:54:00-05:00,217.22000122070312,217.2899932861328,217.22000122070312,217.25,217.25,3591
2023-12-12 14:55:00-05:00,217.27499389648438,217.3249969482422,217.27499389648438,217.30979919433594,217.30979919433594,1991
2023-12-12 14:56:00-05:00,217.36500549316406,217.39999389648438,217.2899932861328,217.2899932861328,217.2899932861328,4175
2023-12-12 14:57:00-05:00,217.30999755859375,217.30999755859375,217.1649932861328,217.1649932861328,217.1649932861328,3398
2023-12-12 14:58:00-05:00,217.21710205078125,217.25,217.2100067138672,217.2449951171875,217.2449951171875,1657
2023-12-12 14:59:00-05:00,217.21499633789062,217.3300018310547,217.2050018310547,217.3000030517578,217.3000030517578,4787
2023-12-12 15:00:00-05:00,217.34500122070312,217.34500122070312,217.30999755859375,217.3249969482422,217.3249969482422,2513
2023-12-12 15:01:00-05:00,217.30999755859375,217.3699951171875,217.30999755859375,217.3699951171875,217.3699951171875,903
2023-12-12 15:02:00-05:00,217.32000732421875,217.40220642089844,217.3000030517578,217.30999755859375,217.30999755859375,4475
2023-12-12 15:03:00-05:00,217.25,217.35000610351562,217.25,217.35000610351562,217.35000610351562,2020
2023-12-12 15:04:00-05:00,217.35000610351562,217.47999572753906,217.35000610351562,217.47999572753906,217.47999572753906,1047
2023-12-12 15:05:00-05:00,217.49000549316406,217.58999633789062,217.49000549316406,217.53250122070312,217.53250122070312,3971
2023-12-12 15:06:00-05:00,217.58999633789062,217.60000610351562,217.5399932861328,217.60000610351562,217.60000610351562,3299
2023-12-12 15:07:00-05:00,217.57000732421875,217.5800018310547,217.52999877929688,217.57000732421875,217.57000732421875,2949
2023-12-12 15:08:00-05:00,217.5800018310547,217.625,217.50999450683594,217.50999450683594,217.50999450683594,4810
2023-12-12 15:09:00-05:00,217.52499389648438,217.5399932861328,217.52499389648438,217.52999877929688,217.52999877929688,1581
2023-12-12 15:10:00-05:00,217.55999755859375,217.57000732421875,217.5,217.5,217.5,2388
2023-12-12 15:11:00-05:00,217.5,217.5500030517578,217.5,217.52999877929688,217.52999877929688,3134
2023-12-12 15:12:00-05:00,217.49000549316406,217.63999938964844,217.49000549316406,217.6199951171875,217.6199951171875,8369
2023-12-12 15:13:00-05:00,217.6199951171875,217.63999938964844,217.61000061035156,217.61000061035156,217.61000061035156,3169
2023-12-12 15:14:00-05:00,217.61000061035156,217.61000061035156,217.61000061035156,217.61000061035156,217.61000061035156,715
2023-12-12 15:15:00-05:00,217.63999938964844,217.63999938964844,217.58999633789062,217.58999633789062,217.58999633789062,3283
2023-12-12 15:16:00-05:00,217.6199951171875,217.72999572753906,217.61000061035156,217.72999572753906,217.72999572753906,5321
2023-12-12 15:17:00-05:00,217.69000244140625,217.74000549316406,217.69000244140625,217.74000549316406,217.74000549316406,3405
2023-12-12 15:18:00-05:00,217.72999572753906,217.72999572753906,217.68499755859375,217.69000244140625,217.69000244140625,2158
2023-12-12 15:19:00-05:00,217.66000366210938,217.66000366210938,217.64999389648438,217.64999389648438,217.64999389648438,3389
2023-12-12 15:20:00-05:00,217.58999633789062,217.60000610351562,217.52499389648438,217.52499389648438,217.52499389648438,3141
2023-12-12 15:21:00-05:00,217.52000427246094,217.52000427246094,217.47000122070312,217.52000427246094,217.52000427246094,4464
2023-12-12 15:22:00-05:00,217.52999877929688,217.5500030517578,217.5,217.52999877929688,217.52999877929688,2672
2023-12-12 15:23:00-05:00,217.52999877929688,217.57000732421875,217.50999450683594,217.52000427246094,217.52000427246094,2576
2023-12-12 15:24:00-05:00,217.52000427246094,217.52999877929688,217.4499969482422,217.4499969482422,217.4499969482422,4225
2023-12-12 15:25:00-05:00,217.4499969482422,217.4499969482422,217.4250030517578,217.42999267578125,217.42999267578125,3685
2023-12-12 15:26:00-05:00,217.4499969482422,217.47000122070312,217.41000366210938,217.41000366210938,217.41000366210938,5103
2023-12-12 15:27:00-05:00,217.41000366210938,217.47000122070312,217.41000366210938,217.47000122070312,217.47000122070312,3194
2023-12-12 15:28:00-05:00,217.47000122070312,217.47000122070312,217.4499969482422,217.47000122070312,217.47000122070312,1407
2023-12-12 15:29:00-05:00,217.47000122070312,217.47000122070312,217.42999267578125,217.42999267578125,217.42999267578125,3090
2023-12-12 15:30:00-05:00,217.38999938964844,217.4499969482422,217.38999938964844,217.39500427246094,217.39500427246094,4681
2023-12-12 15:31:00-05:00,217.38999938964844,217.38999938964844,217.2899932861328,217.2899932861328,217.2899932861328,2144
2023-12-12 15:32:00-05:00,217.33999633789062,217.35000610351562,217.2899932861328,217.2899932861328,217.2899932861328,2721
2023-12-12 15:33:00-05:00,217.33999633789062,217.36000061035156,217.33999633789062,217.36000061035156,217.36000061035156,1131
2023-12-12 15:34:00-05:00,217.3000030517578,217.3000030517578,217.3000030517578,217.3000030517578,217.3000030517578,2711
2023-12-12 15:35:00-05:00,217.35000610351562,217.35499572753906,217.25999450683594,217.25999450683594,217.25999450683594,3077
2023-12-12 15:36:00-05:00,217.2899932861328,217.33999633789062,217.25999450683594,217.25999450683594,217.25999450683594,4178
2023-12-12 15:37:00-05:00,217.25,217.25,217.1699981689453,217.22000122070312,217.22000122070312,4982
2023-12-12 15:38:00-05:00,217.18499755859375,217.2100067138672,217.16000366210938,217.1699981689453,217.1699981689453,2954
2023-12-12 15:39:00-05:00,217.16000366210938,217.1999969482422,217.13999938964844,217.19000244140625,217.19000244140625,2862
2023-12-12 15:40:00-05:00,217.1300048828125,217.24000549316406,217.1300048828125,217.24000549316406,217.24000549316406,3523
2023-12-12 15:41:00-05:00,217.2899932861328,217.3300018310547,217.2899932861328,217.3000030517578,217.3000030517578,5295
2023-12-12 15:42:00-05:00,217.33999633789062,217.33999633789062,217.27999877929688,217.27999877929688,217.27999877929688,2988
2023-12-12 15:43:00-05:00,217.25999450683594,217.26719665527344,217.1999969482422,217.22999572753906,217.22999572753906,5161
2023-12-12 15:44:00-05:00,217.1999969482422,217.2449951171875,217.17999267578125,217.22000122070312,217.22000122070312,1649
2023-12-12 15:45:00-05:00,217.1699981689453,217.22970581054688,217.16000366210938,217.19500732421875,217.19500732421875,3786
2023-12-12 15:46:00-05:00,217.14999389648438,217.16000366210938,217.10000610351562,217.14999389648438,217.14999389648438,4155
2023-12-12 15:47:00-05:00,217.10499572753906,217.17999267578125,217.0800018310547,217.17999267578125,217.17999267578125,4443
2023-12-12 15:48:00-05:00,217.16000366210938,217.19000244140625,217.13710021972656,217.13999938964844,217.13999938964844,3883
2023-12-12 15:49:00-05:00,217.16000366210938,217.19000244140625,217.11000061035156,217.1199951171875,217.1199951171875,3699
2023-12-12 15:50:00-05:00,217.08999633789062,217.14999389648438,217.0800018310547,217.1300048828125,217.1300048828125,7049
2023-12-12 15:51:00-05:00,217.14999389648438,217.1999969482422,217.10000610351562,217.1300048828125,217.1300048828125,9481
2023-12-12 15:52:00-05:00,217.14999389648438,217.17999267578125,216.8800048828125,216.8800048828125,216.8800048828125,16762
2023-12-12 15:53:00-05:00,216.89999389648438,216.89999389648438,216.72999572753906,216.7899932861328,216.7899932861328,8463
2023-12-12 15:54:00-05:00,216.73500061035156,216.92999267578125,216.68499755859375,216.875,216.875,14587
2023-12-12 15:55:00-05:00,217.02000427246094,217.0449981689453,216.86000061035156,217.0,217.0,22323
2023-12-12 15:56:00-05:00,217.0,217.02999877929688,216.89999389648438,216.94000244140625,216.94000244140625,16970
2023-12-12 15:57:00-05:00,216.9499969482422,216.9499969482422,216.8699951171875,216.9199981689453,216.9199981689453,16775
2023-12-12 15:58:00-05:00,216.9199981689453,216.94000244140625,216.82000732421875,216.82000732421875,216.82000732421875,19660
2023-12-12 15:59:00-05:00,216.84500122070312,216.8800048828125,216.7899932861328,216.85000610351562,216.85000610351562,49474
