Date,Open,High,Low,Close,Adj Close,Volume
2023-11-20 09:00:00+01:00,28.06999969482422,28.100000381469727,28.059999465942383,28.059999465942383,28.059999465942383,0
2023-11-20 09:01:00+01:00,28.079999923706055,28.079999923706055,28.079999923706055,28.079999923706055,28.079999923706055,42
2023-11-20 09:02:00+01:00,28.100000381469727,28.100000381469727,28.100000381469727,28.100000381469727,28.100000381469727,2500
2023-11-20 09:03:00+01:00,28.100000381469727,28.100000381469727,28.100000381469727,28.100000381469727,28.100000381469727,484
2023-11-20 09:04:00+01:00,28.1299991607666,28.1299991607666,28.1299991607666,28.1299991607666,28.1299991607666,180
2023-11-20 09:05:00+01:00,28.15999984741211,28.170000076293945,28.149999618530273,28.170000076293945,28.170000076293945,3644
2023-11-20 09:06:00+01:00,28.139999389648438,28.139999389648438,28.1299991607666,28.1299991607666,28.1299991607666,433
2023-11-20 09:07:00+01:00,28.1200008392334,28.1200008392334,28.1200008392334,28.1200008392334,28.1200008392334,55
2023-11-20 09:08:00+01:00,28.1299991607666,28.1299991607666,28.1299991607666,28.1299991607666,28.1299991607666,145
2023-11-20 09:09:00+01:00,28.1299991607666,28.139999389648438,28.1200008392334,28.1200008392334,28.1200008392334,802
2023-11-20 09:10:00+01:00,28.1200008392334,28.1299991607666,28.1200008392334,28.1200008392334,28.1200008392334,547
2023-11-20 09:11:00+01:00,28.1299991607666,28.1299991607666,28.1200008392334,28.1299991607666,28.1299991607666,238
2023-11-20 09:12:00+01:00,28.1299991607666,28.139999389648438,28.1299991607666,28.139999389648438,28.139999389648438,236
2023-11-20 09:13:00+01:00,28.1299991607666,28.139999389648438,28.1299991607666,28.139999389648438,28.139999389648438,797
2023-11-20 09:14:00+01:00,28.139999389648438,28.149999618530273,28.139999389648438,28.149999618530273,28.149999618530273,1057
2023-11-20 09:15:00+01:00,28.15999984741211,28.18000030517578,28.15999984741211,28.18000030517578,28.18000030517578,2624
2023-11-20 09:16:00+01:00,28.170000076293945,28.18000030517578,28.170000076293945,28.170000076293945,28.170000076293945,813
2023-11-20 09:17:00+01:00,28.15999984741211,28.15999984741211,28.15999984741211,28.15999984741211,28.15999984741211,828
2023-11-20 09:18:00+01:00,28.139999389648438,28.139999389648438,28.110000610351562,28.110000610351562,28.110000610351562,2570
2023-11-20 09:19:00+01:00,28.100000381469727,28.100000381469727,28.09000015258789,28.09000015258789,28.09000015258789,2609
2023-11-20 09:20:00+01:00,28.079999923706055,28.110000610351562,28.079999923706055,28.110000610351562,28.110000610351562,2183
2023-11-20 09:21:00+01:00,28.110000610351562,28.110000610351562,28.110000610351562,28.110000610351562,28.110000610351562,354
2023-11-20 09:24:00+01:00,28.079999923706055,28.09000015258789,28.079999923706055,28.09000015258789,28.09000015258789,207
2023-11-20 09:25:00+01:00,28.110000610351562,28.110000610351562,28.110000610351562,28.110000610351562,28.110000610351562,342
2023-11-20 09:26:00+01:00,28.1200008392334,28.1299991607666,28.1200008392334,28.1299991607666,28.1299991607666,1092
2023-11-20 09:27:00+01:00,28.139999389648438,28.149999618530273,28.139999389648438,28.149999618530273,28.149999618530273,289
2023-11-20 09:28:00+01:00,28.15999984741211,28.15999984741211,28.149999618530273,28.149999618530273,28.149999618530273,140
2023-11-20 09:29:00+01:00,28.139999389648438,28.139999389648438,28.1299991607666,28.1299991607666,28.1299991607666,1781
2023-11-20 09:30:00+01:00,28.139999389648438,28.139999389648438,28.139999389648438,28.139999389648438,28.139999389648438,75
2023-11-20 09:32:00+01:00,28.15999984741211,28.15999984741211,28.15999984741211,28.15999984741211,28.15999984741211,2500
2023-11-20 09:33:00+01:00,28.139999389648438,28.139999389648438,28.139999389648438,28.139999389648438,28.139999389648438,44
2023-11-20 09:34:00+01:00,28.15999984741211,28.170000076293945,28.15999984741211,28.170000076293945,28.170000076293945,100
2023-11-20 09:35:00+01:00,28.170000076293945,28.170000076293945,28.15999984741211,28.170000076293945,28.170000076293945,1194
2023-11-20 09:36:00+01:00,28.170000076293945,28.170000076293945,28.170000076293945,28.170000076293945,28.170000076293945,168
2023-11-20 09:37:00+01:00,28.18000030517578,28.18000030517578,28.18000030517578,28.18000030517578,28.18000030517578,657
2023-11-20 09:38:00+01:00,28.18000030517578,28.18000030517578,28.18000030517578,28.18000030517578,28.18000030517578,11
2023-11-20 09:40:00+01:00,28.170000076293945,28.18000030517578,28.170000076293945,28.18000030517578,28.18000030517578,721
2023-11-20 09:43:00+01:00,28.18000030517578,28.18000030517578,28.18000030517578,28.18000030517578,28.18000030517578,42
2023-11-20 09:46:00+01:00,28.18000030517578,28.18000030517578,28.18000030517578,28.18000030517578,28.18000030517578,15
2023-11-20 09:47:00+01:00,28.149999618530273,28.15999984741211,28.149999618530273,28.149999618530273,28.149999618530273,4336
2023-11-20 09:49:00+01:00,28.15999984741211,28.18000030517578,28.15999984741211,28.18000030517578,28.18000030517578,961
2023-11-20 09:50:00+01:00,28.18000030517578,28.18000030517578,28.18000030517578,28.18000030517578,28.18000030517578,109
2023-11-20 09:51:00+01:00,28.18000030517578,28.18000030517578,28.18000030517578,28.18000030517578,28.18000030517578,46
2023-11-20 09:52:00+01:00,28.170000076293945,28.190000534057617,28.170000076293945,28.190000534057617,28.190000534057617,636
2023-11-20 09:54:00+01:00,28.190000534057617,28.219999313354492,28.190000534057617,28.209999084472656,28.209999084472656,5795
2023-11-20 09:55:00+01:00,28.219999313354492,28.219999313354492,28.190000534057617,28.190000534057617,28.190000534057617,1920
2023-11-20 09:56:00+01:00,28.18000030517578,28.18000030517578,28.18000030517578,28.18000030517578,28.18000030517578,250
2023-11-20 09:57:00+01:00,28.18000030517578,28.18000030517578,28.18000030517578,28.18000030517578,28.18000030517578,523
2023-11-20 09:58:00+01:00,28.18000030517578,28.18000030517578,28.170000076293945,28.170000076293945,28.170000076293945,226
2023-11-20 10:00:00+01:00,28.18000030517578,28.190000534057617,28.18000030517578,28.190000534057617,28.190000534057617,144
2023-11-20 10:01:00+01:00,28.18000030517578,28.190000534057617,28.18000030517578,28.190000534057617,28.190000534057617,2253
2023-11-20 10:02:00+01:00,28.18000030517578,28.18000030517578,28.18000030517578,28.18000030517578,28.18000030517578,85
2023-11-20 10:03:00+01:00,28.15999984741211,28.15999984741211,28.15999984741211,28.15999984741211,28.15999984741211,246
2023-11-20 10:04:00+01:00,28.149999618530273,28.15999984741211,28.149999618530273,28.15999984741211,28.15999984741211,66
2023-11-20 10:06:00+01:00,28.1299991607666,28.1299991607666,28.1299991607666,28.1299991607666,28.1299991607666,135
2023-11-20 10:08:00+01:00,28.1200008392334,28.1200008392334,28.1200008392334,28.1200008392334,28.1200008392334,4
2023-11-20 10:09:00+01:00,28.139999389648438,28.139999389648438,28.139999389648438,28.139999389648438,28.139999389648438,140
2023-11-20 10:10:00+01:00,28.1200008392334,28.1200008392334,28.1200008392334,28.1200008392334,28.1200008392334,37
2023-11-20 10:11:00+01:00,28.1299991607666,28.139999389648438,28.1299991607666,28.139999389648438,28.139999389648438,915
2023-11-20 10:12:00+01:00,28.1299991607666,28.1299991607666,28.1299991607666,28.1299991607666,28.1299991607666,39
2023-11-20 10:13:00+01:00,28.1299991607666,28.1299991607666,28.1299991607666,28.1299991607666,28.1299991607666,403
2023-11-20 10:15:00+01:00,28.1299991607666,28.1299991607666,28.1299991607666,28.1299991607666,28.1299991607666,44
2023-11-20 10:16:00+01:00,28.1299991607666,28.139999389648438,28.1200008392334,28.139999389648438,28.139999389648438,407
2023-11-20 10:18:00+01:00,28.1299991607666,28.1299991607666,28.1299991607666,28.1299991607666,28.1299991607666,44
2023-11-20 10:20:00+01:00,28.1299991607666,28.1299991607666,28.1299991607666,28.1299991607666,28.1299991607666,596
2023-11-20 10:21:00+01:00,28.1299991607666,28.1299991607666,28.1299991607666,28.1299991607666,28.1299991607666,36
2023-11-20 10:22:00+01:00,28.139999389648438,28.139999389648438,28.139999389648438,28.139999389648438,28.139999389648438,468
2023-11-20 10:23:00+01:00,28.149999618530273,28.170000076293945,28.149999618530273,28.15999984741211,28.15999984741211,4572
2023-11-20 10:24:00+01:00,28.149999618530273,28.149999618530273,28.139999389648438,28.139999389648438,28.139999389648438,746
2023-11-20 10:25:00+01:00,28.1299991607666,28.1299991607666,28.1299991607666,28.1299991607666,28.1299991607666,296
2023-11-20 10:27:00+01:00,28.1299991607666,28.1299991607666,28.1200008392334,28.1200008392334,28.1200008392334,839
2023-11-20 10:28:00+01:00,28.1299991607666,28.149999618530273,28.1299991607666,28.149999618530273,28.149999618530273,157
2023-11-20 10:32:00+01:00,28.139999389648438,28.139999389648438,28.139999389648438,28.139999389648438,28.139999389648438,38
2023-11-20 10:33:00+01:00,28.149999618530273,28.149999618530273,28.149999618530273,28.149999618530273,28.149999618530273,70
2023-11-20 10:35:00+01:00,28.149999618530273,28.149999618530273,28.1200008392334,28.139999389648438,28.139999389648438,4468
2023-11-20 10:36:00+01:00,28.139999389648438,28.139999389648438,28.1299991607666,28.1299991607666,28.1299991607666,973
2023-11-20 10:39:00+01:00,28.139999389648438,28.139999389648438,28.139999389648438,28.139999389648438,28.139999389648438,250
2023-11-20 10:40:00+01:00,28.139999389648438,28.149999618530273,28.139999389648438,28.149999618530273,28.149999618530273,198
2023-11-20 10:41:00+01:00,28.139999389648438,28.139999389648438,28.139999389648438,28.139999389648438,28.139999389648438,2
2023-11-20 10:42:00+01:00,28.139999389648438,28.149999618530273,28.139999389648438,28.149999618530273,28.149999618530273,199
2023-11-20 10:43:00+01:00,28.139999389648438,28.139999389648438,28.139999389648438,28.139999389648438,28.139999389648438,44
2023-11-20 10:46:00+01:00,28.1200008392334,28.1299991607666,28.1200008392334,28.1299991607666,28.1299991607666,23
2023-11-20 10:47:00+01:00,28.1200008392334,28.1200008392334,28.1200008392334,28.1200008392334,28.1200008392334,1712
2023-11-20 10:48:00+01:00,28.1299991607666,28.1299991607666,28.1299991607666,28.1299991607666,28.1299991607666,465
2023-11-20 10:49:00+01:00,28.139999389648438,28.139999389648438,28.139999389648438,28.139999389648438,28.139999389648438,20
2023-11-20 10:50:00+01:00,28.1200008392334,28.1200008392334,28.100000381469727,28.110000610351562,28.110000610351562,862
2023-11-20 10:51:00+01:00,28.110000610351562,28.110000610351562,28.110000610351562,28.110000610351562,28.110000610351562,33
2023-11-20 10:52:00+01:00,28.1200008392334,28.1200008392334,28.1200008392334,28.1200008392334,28.1200008392334,866
2023-11-20 10:53:00+01:00,28.110000610351562,28.1299991607666,28.110000610351562,28.1299991607666,28.1299991607666,1828
2023-11-20 10:54:00+01:00,28.1299991607666,28.1299991607666,28.110000610351562,28.1200008392334,28.1200008392334,506
2023-11-20 10:55:00+01:00,28.1200008392334,28.1200008392334,28.110000610351562,28.110000610351562,28.110000610351562,726
2023-11-20 10:56:00+01:00,28.1200008392334,28.1200008392334,28.100000381469727,28.100000381469727,28.100000381469727,762
2023-11-20 10:58:00+01:00,28.100000381469727,28.100000381469727,28.06999969482422,28.06999969482422,28.06999969482422,6107
2023-11-20 10:59:00+01:00,28.079999923706055,28.100000381469727,28.079999923706055,28.09000015258789,28.09000015258789,3200
2023-11-20 11:00:00+01:00,28.100000381469727,28.100000381469727,28.100000381469727,28.100000381469727,28.100000381469727,727
2023-11-20 11:01:00+01:00,28.110000610351562,28.110000610351562,28.110000610351562,28.110000610351562,28.110000610351562,80
2023-11-20 11:02:00+01:00,28.110000610351562,28.110000610351562,28.110000610351562,28.110000610351562,28.110000610351562,1210
2023-11-20 11:03:00+01:00,28.1200008392334,28.1200008392334,28.110000610351562,28.110000610351562,28.110000610351562,2083
2023-11-20 11:04:00+01:00,28.139999389648438,28.139999389648438,28.139999389648438,28.139999389648438,28.139999389648438,215
2023-11-20 11:06:00+01:00,28.139999389648438,28.149999618530273,28.139999389648438,28.149999618530273,28.149999618530273,775
2023-11-20 11:07:00+01:00,28.149999618530273,28.149999618530273,28.149999618530273,28.149999618530273,28.149999618530273,100
2023-11-20 11:09:00+01:00,28.139999389648438,28.149999618530273,28.139999389648438,28.149999618530273,28.149999618530273,100
2023-11-20 11:13:00+01:00,28.1200008392334,28.1200008392334,28.110000610351562,28.110000610351562,28.110000610351562,145
2023-11-20 11:14:00+01:00,28.1200008392334,28.1200008392334,28.1200008392334,28.1200008392334,28.1200008392334,989
2023-11-20 11:17:00+01:00,28.1299991607666,28.1299991607666,28.1299991607666,28.1299991607666,28.1299991607666,505
2023-11-20 11:18:00+01:00,28.139999389648438,28.139999389648438,28.139999389648438,28.139999389648438,28.139999389648438,4
2023-11-20 11:19:00+01:00,28.139999389648438,28.149999618530273,28.139999389648438,28.149999618530273,28.149999618530273,80
2023-11-20 11:20:00+01:00,28.1200008392334,28.1299991607666,28.1200008392334,28.1299991607666,28.1299991607666,3141
2023-11-20 11:21:00+01:00,28.110000610351562,28.1200008392334,28.110000610351562,28.1200008392334,28.1200008392334,2277
2023-11-20 11:24:00+01:00,28.100000381469727,28.100000381469727,28.100000381469727,28.100000381469727,28.100000381469727,4956
2023-11-20 11:25:00+01:00,28.09000015258789,28.09000015258789,28.09000015258789,28.09000015258789,28.09000015258789,1049
2023-11-20 11:26:00+01:00,28.079999923706055,28.09000015258789,28.079999923706055,28.09000015258789,28.09000015258789,1698
2023-11-20 11:27:00+01:00,28.09000015258789,28.09000015258789,28.09000015258789,28.09000015258789,28.09000015258789,54
2023-11-20 11:28:00+01:00,28.100000381469727,28.100000381469727,28.100000381469727,28.100000381469727,28.100000381469727,1419
2023-11-20 11:32:00+01:00,28.079999923706055,28.079999923706055,28.049999237060547,28.059999465942383,28.059999465942383,1853
2023-11-20 11:33:00+01:00,28.059999465942383,28.059999465942383,28.059999465942383,28.059999465942383,28.059999465942383,1644
2023-11-20 11:34:00+01:00,28.049999237060547,28.049999237060547,28.030000686645508,28.030000686645508,28.030000686645508,3887
2023-11-20 11:35:00+01:00,28.030000686645508,28.030000686645508,28.030000686645508,28.030000686645508,28.030000686645508,32
2023-11-20 11:36:00+01:00,28.040000915527344,28.049999237060547,28.040000915527344,28.040000915527344,28.040000915527344,2067
2023-11-20 11:37:00+01:00,28.040000915527344,28.049999237060547,28.040000915527344,28.040000915527344,28.040000915527344,689
2023-11-20 11:38:00+01:00,28.040000915527344,28.040000915527344,28.040000915527344,28.040000915527344,28.040000915527344,4
2023-11-20 11:39:00+01:00,28.049999237060547,28.049999237060547,28.049999237060547,28.049999237060547,28.049999237060547,773
2023-11-20 11:40:00+01:00,28.049999237060547,28.049999237060547,28.040000915527344,28.049999237060547,28.049999237060547,2624
2023-11-20 11:41:00+01:00,28.049999237060547,28.049999237060547,28.049999237060547,28.049999237060547,28.049999237060547,594
2023-11-20 11:42:00+01:00,28.049999237060547,28.059999465942383,28.049999237060547,28.059999465942383,28.059999465942383,882
2023-11-20 11:43:00+01:00,28.059999465942383,28.059999465942383,28.059999465942383,28.059999465942383,28.059999465942383,4
2023-11-20 11:44:00+01:00,28.059999465942383,28.059999465942383,28.059999465942383,28.059999465942383,28.059999465942383,406
2023-11-20 11:45:00+01:00,28.059999465942383,28.059999465942383,28.059999465942383,28.059999465942383,28.059999465942383,170
2023-11-20 11:46:00+01:00,28.06999969482422,28.06999969482422,28.06999969482422,28.06999969482422,28.06999969482422,307
2023-11-20 11:47:00+01:00,28.059999465942383,28.059999465942383,28.059999465942383,28.059999465942383,28.059999465942383,636
2023-11-20 11:48:00+01:00,28.049999237060547,28.049999237060547,28.020000457763672,28.030000686645508,28.030000686645508,10153
2023-11-20 11:49:00+01:00,28.040000915527344,28.059999465942383,28.040000915527344,28.059999465942383,28.059999465942383,3473
2023-11-20 11:50:00+01:00,28.040000915527344,28.059999465942383,28.040000915527344,28.059999465942383,28.059999465942383,974
2023-11-20 11:54:00+01:00,28.049999237060547,28.049999237060547,28.049999237060547,28.049999237060547,28.049999237060547,506
2023-11-20 11:56:00+01:00,28.049999237060547,28.049999237060547,28.049999237060547,28.049999237060547,28.049999237060547,2
2023-11-20 11:58:00+01:00,28.030000686645508,28.040000915527344,28.030000686645508,28.040000915527344,28.040000915527344,1122
2023-11-20 11:59:00+01:00,28.049999237060547,28.049999237060547,28.040000915527344,28.040000915527344,28.040000915527344,349
2023-11-20 12:00:00+01:00,28.049999237060547,28.059999465942383,28.049999237060547,28.049999237060547,28.049999237060547,4127
2023-11-20 12:01:00+01:00,28.040000915527344,28.040000915527344,28.030000686645508,28.030000686645508,28.030000686645508,2269
2023-11-20 12:03:00+01:00,28.020000457763672,28.020000457763672,28.020000457763672,28.020000457763672,28.020000457763672,339
2023-11-20 12:04:00+01:00,28.030000686645508,28.030000686645508,28.030000686645508,28.030000686645508,28.030000686645508,301
2023-11-20 12:05:00+01:00,28.030000686645508,28.030000686645508,28.030000686645508,28.030000686645508,28.030000686645508,370
2023-11-20 12:06:00+01:00,28.020000457763672,28.020000457763672,28.020000457763672,28.020000457763672,28.020000457763672,370
2023-11-20 12:07:00+01:00,28.010000228881836,28.010000228881836,28.010000228881836,28.010000228881836,28.010000228881836,4
2023-11-20 12:10:00+01:00,28.020000457763672,28.020000457763672,28.020000457763672,28.020000457763672,28.020000457763672,901
2023-11-20 12:13:00+01:00,28.030000686645508,28.030000686645508,28.030000686645508,28.030000686645508,28.030000686645508,85
2023-11-20 12:14:00+01:00,28.030000686645508,28.040000915527344,28.030000686645508,28.030000686645508,28.030000686645508,1201
2023-11-20 12:15:00+01:00,28.010000228881836,28.010000228881836,28.010000228881836,28.010000228881836,28.010000228881836,50
2023-11-20 12:19:00+01:00,28.010000228881836,28.010000228881836,28.010000228881836,28.010000228881836,28.010000228881836,477
2023-11-20 12:20:00+01:00,28.0,28.0,27.989999771118164,28.0,28.0,6240
2023-11-20 12:21:00+01:00,28.0,28.020000457763672,28.0,28.020000457763672,28.020000457763672,706
2023-11-20 12:25:00+01:00,28.030000686645508,28.030000686645508,28.030000686645508,28.030000686645508,28.030000686645508,951
2023-11-20 12:28:00+01:00,28.030000686645508,28.030000686645508,28.030000686645508,28.030000686645508,28.030000686645508,250
2023-11-20 12:30:00+01:00,28.010000228881836,28.010000228881836,28.010000228881836,28.010000228881836,28.010000228881836,2551
2023-11-20 12:32:00+01:00,28.020000457763672,28.020000457763672,28.020000457763672,28.020000457763672,28.020000457763672,10
2023-11-20 12:34:00+01:00,28.010000228881836,28.010000228881836,28.010000228881836,28.010000228881836,28.010000228881836,10
2023-11-20 12:35:00+01:00,28.010000228881836,28.010000228881836,28.010000228881836,28.010000228881836,28.010000228881836,315
2023-11-20 12:36:00+01:00,28.0,28.0,28.0,28.0,28.0,3801
2023-11-20 12:38:00+01:00,28.0,28.0,28.0,28.0,28.0,50
2023-11-20 12:39:00+01:00,27.989999771118164,27.989999771118164,27.989999771118164,27.989999771118164,27.989999771118164,152
2023-11-20 12:40:00+01:00,27.989999771118164,28.0,27.989999771118164,28.0,28.0,1461
2023-11-20 12:41:00+01:00,28.010000228881836,28.010000228881836,28.010000228881836,28.010000228881836,28.010000228881836,6
2023-11-20 12:43:00+01:00,28.0,28.0,28.0,28.0,28.0,107
2023-11-20 12:45:00+01:00,28.0,28.0,27.989999771118164,27.989999771118164,27.989999771118164,1529
2023-11-20 12:46:00+01:00,28.0,28.0,27.989999771118164,27.989999771118164,27.989999771118164,7372
2023-11-20 12:47:00+01:00,28.0,28.020000457763672,28.0,28.020000457763672,28.020000457763672,4580
2023-11-20 12:48:00+01:00,28.030000686645508,28.030000686645508,28.020000457763672,28.020000457763672,28.020000457763672,7018
2023-11-20 12:49:00+01:00,28.020000457763672,28.020000457763672,28.010000228881836,28.010000228881836,28.010000228881836,5235
2023-11-20 12:50:00+01:00,28.0,28.010000228881836,28.0,28.010000228881836,28.010000228881836,2282
2023-11-20 12:51:00+01:00,28.010000228881836,28.010000228881836,28.010000228881836,28.010000228881836,28.010000228881836,851
2023-11-20 12:53:00+01:00,28.010000228881836,28.010000228881836,28.0,28.0,28.0,513
2023-11-20 12:54:00+01:00,28.010000228881836,28.010000228881836,28.0,28.0,28.0,1385
2023-11-20 12:55:00+01:00,28.0,28.0,28.0,28.0,28.0,346
2023-11-20 12:57:00+01:00,28.010000228881836,28.020000457763672,28.010000228881836,28.020000457763672,28.020000457763672,752
2023-11-20 12:58:00+01:00,28.020000457763672,28.020000457763672,28.020000457763672,28.020000457763672,28.020000457763672,357
2023-11-20 12:59:00+01:00,28.020000457763672,28.020000457763672,28.020000457763672,28.020000457763672,28.020000457763672,199
2023-11-20 13:00:00+01:00,28.020000457763672,28.030000686645508,28.020000457763672,28.030000686645508,28.030000686645508,1762
2023-11-20 13:05:00+01:00,28.010000228881836,28.010000228881836,27.989999771118164,27.989999771118164,27.989999771118164,482
2023-11-20 13:06:00+01:00,28.0,28.010000228881836,28.0,28.010000228881836,28.010000228881836,532
2023-11-20 13:07:00+01:00,28.010000228881836,28.010000228881836,28.010000228881836,28.010000228881836,28.010000228881836,173
2023-11-20 13:08:00+01:00,28.010000228881836,28.010000228881836,28.0,28.0,28.0,304
2023-11-20 13:09:00+01:00,28.020000457763672,28.030000686645508,28.020000457763672,28.030000686645508,28.030000686645508,1703
2023-11-20 13:11:00+01:00,28.030000686645508,28.030000686645508,28.030000686645508,28.030000686645508,28.030000686645508,1149
2023-11-20 13:12:00+01:00,28.030000686645508,28.030000686645508,28.030000686645508,28.030000686645508,28.030000686645508,148
2023-11-20 13:13:00+01:00,28.030000686645508,28.030000686645508,28.030000686645508,28.030000686645508,28.030000686645508,39
2023-11-20 13:14:00+01:00,28.020000457763672,28.020000457763672,28.020000457763672,28.020000457763672,28.020000457763672,510
2023-11-20 13:15:00+01:00,28.010000228881836,28.010000228881836,28.010000228881836,28.010000228881836,28.010000228881836,494
2023-11-20 13:17:00+01:00,28.020000457763672,28.020000457763672,28.020000457763672,28.020000457763672,28.020000457763672,712
2023-11-20 13:18:00+01:00,28.030000686645508,28.030000686645508,28.030000686645508,28.030000686645508,28.030000686645508,68
2023-11-20 13:21:00+01:00,28.020000457763672,28.020000457763672,28.020000457763672,28.020000457763672,28.020000457763672,374
2023-11-20 13:22:00+01:00,28.010000228881836,28.020000457763672,28.010000228881836,28.010000228881836,28.010000228881836,766
2023-11-20 13:23:00+01:00,28.020000457763672,28.020000457763672,28.010000228881836,28.010000228881836,28.010000228881836,238
2023-11-20 13:25:00+01:00,28.0,28.0,27.989999771118164,27.989999771118164,27.989999771118164,3126
2023-11-20 13:27:00+01:00,27.989999771118164,28.020000457763672,27.989999771118164,28.020000457763672,28.020000457763672,1537
2023-11-20 13:29:00+01:00,28.010000228881836,28.020000457763672,28.010000228881836,28.020000457763672,28.020000457763672,3261
2023-11-20 13:30:00+01:00,28.010000228881836,28.010000228881836,28.010000228881836,28.010000228881836,28.010000228881836,357
2023-11-20 13:33:00+01:00,28.020000457763672,28.020000457763672,28.020000457763672,28.020000457763672,28.020000457763672,703
2023-11-20 13:35:00+01:00,28.020000457763672,28.020000457763672,28.020000457763672,28.020000457763672,28.020000457763672,5
2023-11-20 13:36:00+01:00,28.020000457763672,28.020000457763672,28.020000457763672,28.020000457763672,28.020000457763672,78
2023-11-20 13:38:00+01:00,28.010000228881836,28.010000228881836,28.010000228881836,28.010000228881836,28.010000228881836,1900
2023-11-20 13:40:00+01:00,28.030000686645508,28.030000686645508,28.030000686645508,28.030000686645508,28.030000686645508,469
2023-11-20 13:42:00+01:00,28.020000457763672,28.020000457763672,28.020000457763672,28.020000457763672,28.020000457763672,753
2023-11-20 13:43:00+01:00,28.010000228881836,28.010000228881836,28.010000228881836,28.010000228881836,28.010000228881836,704
2023-11-20 13:45:00+01:00,28.010000228881836,28.010000228881836,28.010000228881836,28.010000228881836,28.010000228881836,200
2023-11-20 13:46:00+01:00,28.020000457763672,28.030000686645508,28.020000457763672,28.030000686645508,28.030000686645508,322
2023-11-20 13:52:00+01:00,28.010000228881836,28.010000228881836,28.010000228881836,28.010000228881836,28.010000228881836,619
2023-11-20 13:53:00+01:00,28.0,28.0,28.0,28.0,28.0,40
2023-11-20 13:54:00+01:00,28.010000228881836,28.010000228881836,28.010000228881836,28.010000228881836,28.010000228881836,243
2023-11-20 13:58:00+01:00,28.010000228881836,28.010000228881836,28.010000228881836,28.010000228881836,28.010000228881836,44
2023-11-20 13:59:00+01:00,28.0,28.0,28.0,28.0,28.0,46
2023-11-20 14:00:00+01:00,28.010000228881836,28.030000686645508,28.010000228881836,28.030000686645508,28.030000686645508,2189
2023-11-20 14:04:00+01:00,28.020000457763672,28.020000457763672,28.020000457763672,28.020000457763672,28.020000457763672,412
2023-11-20 14:07:00+01:00,28.030000686645508,28.030000686645508,28.030000686645508,28.030000686645508,28.030000686645508,196
2023-11-20 14:08:00+01:00,28.030000686645508,28.030000686645508,28.030000686645508,28.030000686645508,28.030000686645508,46
2023-11-20 14:10:00+01:00,28.030000686645508,28.030000686645508,28.030000686645508,28.030000686645508,28.030000686645508,206
2023-11-20 14:14:00+01:00,28.040000915527344,28.059999465942383,28.040000915527344,28.059999465942383,28.059999465942383,3464
2023-11-20 14:17:00+01:00,28.049999237060547,28.059999465942383,28.049999237060547,28.059999465942383,28.059999465942383,2474
2023-11-20 14:20:00+01:00,28.049999237060547,28.049999237060547,28.049999237060547,28.049999237060547,28.049999237060547,346
2023-11-20 14:21:00+01:00,28.049999237060547,28.049999237060547,28.049999237060547,28.049999237060547,28.049999237060547,9
2023-11-20 14:22:00+01:00,28.049999237060547,28.049999237060547,28.049999237060547,28.049999237060547,28.049999237060547,357
2023-11-20 14:23:00+01:00,28.049999237060547,28.049999237060547,28.049999237060547,28.049999237060547,28.049999237060547,758
2023-11-20 14:25:00+01:00,28.040000915527344,28.040000915527344,28.040000915527344,28.040000915527344,28.040000915527344,4824
2023-11-20 14:26:00+01:00,28.030000686645508,28.049999237060547,28.030000686645508,28.049999237060547,28.049999237060547,1825
2023-11-20 14:27:00+01:00,28.030000686645508,28.030000686645508,28.030000686645508,28.030000686645508,28.030000686645508,1613
2023-11-20 14:28:00+01:00,28.030000686645508,28.040000915527344,28.030000686645508,28.040000915527344,28.040000915527344,1255
2023-11-20 14:29:00+01:00,28.040000915527344,28.040000915527344,28.030000686645508,28.030000686645508,28.030000686645508,443
2023-11-20 14:30:00+01:00,28.030000686645508,28.030000686645508,28.030000686645508,28.030000686645508,28.030000686645508,844
2023-11-20 14:31:00+01:00,28.040000915527344,28.040000915527344,28.040000915527344,28.040000915527344,28.040000915527344,291
2023-11-20 14:32:00+01:00,28.030000686645508,28.030000686645508,28.030000686645508,28.030000686645508,28.030000686645508,67
2023-11-20 14:33:00+01:00,28.030000686645508,28.040000915527344,28.030000686645508,28.040000915527344,28.040000915527344,506
2023-11-20 14:34:00+01:00,28.020000457763672,28.030000686645508,28.020000457763672,28.030000686645508,28.030000686645508,1920
2023-11-20 14:35:00+01:00,28.020000457763672,28.040000915527344,28.020000457763672,28.040000915527344,28.040000915527344,331
2023-11-20 14:36:00+01:00,28.040000915527344,28.049999237060547,28.040000915527344,28.040000915527344,28.040000915527344,890
2023-11-20 14:39:00+01:00,28.040000915527344,28.040000915527344,28.040000915527344,28.040000915527344,28.040000915527344,516
2023-11-20 14:40:00+01:00,28.030000686645508,28.030000686645508,28.030000686645508,28.030000686645508,28.030000686645508,68
2023-11-20 14:42:00+01:00,28.030000686645508,28.030000686645508,28.030000686645508,28.030000686645508,28.030000686645508,597
2023-11-20 14:44:00+01:00,28.030000686645508,28.030000686645508,28.030000686645508,28.030000686645508,28.030000686645508,992
2023-11-20 14:45:00+01:00,28.020000457763672,28.020000457763672,28.020000457763672,28.020000457763672,28.020000457763672,359
2023-11-20 14:46:00+01:00,28.020000457763672,28.020000457763672,28.020000457763672,28.020000457763672,28.020000457763672,540
2023-11-20 14:47:00+01:00,28.010000228881836,28.020000457763672,28.010000228881836,28.020000457763672,28.020000457763672,2870
2023-11-20 14:48:00+01:00,28.020000457763672,28.040000915527344,28.020000457763672,28.020000457763672,28.020000457763672,5101
2023-11-20 14:50:00+01:00,28.0,28.0,27.989999771118164,27.989999771118164,27.989999771118164,3824
2023-11-20 14:51:00+01:00,28.010000228881836,28.010000228881836,28.0,28.0,28.0,1902
2023-11-20 14:52:00+01:00,28.0,28.0,28.0,28.0,28.0,434
2023-11-20 14:53:00+01:00,27.989999771118164,27.989999771118164,27.989999771118164,27.989999771118164,27.989999771118164,76
2023-11-20 14:56:00+01:00,28.0,28.0,28.0,28.0,28.0,2407
2023-11-20 14:57:00+01:00,27.989999771118164,28.010000228881836,27.989999771118164,28.010000228881836,28.010000228881836,917
2023-11-20 14:58:00+01:00,28.0,28.0,28.0,28.0,28.0,250
2023-11-20 14:59:00+01:00,27.979999542236328,27.979999542236328,27.979999542236328,27.979999542236328,27.979999542236328,1033
2023-11-20 15:00:00+01:00,27.979999542236328,27.989999771118164,27.979999542236328,27.989999771118164,27.989999771118164,2912
2023-11-20 15:01:00+01:00,27.989999771118164,27.989999771118164,27.979999542236328,27.979999542236328,27.979999542236328,1116
2023-11-20 15:02:00+01:00,27.979999542236328,27.979999542236328,27.979999542236328,27.979999542236328,27.979999542236328,125
2023-11-20 15:04:00+01:00,27.969999313354492,27.979999542236328,27.969999313354492,27.969999313354492,27.969999313354492,51
2023-11-20 15:05:00+01:00,27.969999313354492,27.969999313354492,27.969999313354492,27.969999313354492,27.969999313354492,814
2023-11-20 15:06:00+01:00,27.979999542236328,27.979999542236328,27.979999542236328,27.979999542236328,27.979999542236328,904
2023-11-20 15:07:00+01:00,27.989999771118164,27.989999771118164,27.989999771118164,27.989999771118164,27.989999771118164,2498
2023-11-20 15:08:00+01:00,28.0,28.010000228881836,28.0,28.010000228881836,28.010000228881836,2332
2023-11-20 15:09:00+01:00,28.0,28.010000228881836,28.0,28.010000228881836,28.010000228881836,100
2023-11-20 15:10:00+01:00,28.0,28.0,28.0,28.0,28.0,149
2023-11-20 15:11:00+01:00,28.0,28.010000228881836,28.0,28.010000228881836,28.010000228881836,709
2023-11-20 15:13:00+01:00,28.010000228881836,28.010000228881836,28.0,28.010000228881836,28.010000228881836,9809
2023-11-20 15:14:00+01:00,28.010000228881836,28.020000457763672,28.010000228881836,28.020000457763672,28.020000457763672,522
2023-11-20 15:16:00+01:00,28.0,28.0,28.0,28.0,28.0,5267
2023-11-20 15:17:00+01:00,28.0,28.0,27.989999771118164,27.989999771118164,27.989999771118164,1505
2023-11-20 15:18:00+01:00,27.989999771118164,27.989999771118164,27.989999771118164,27.989999771118164,27.989999771118164,290
2023-11-20 15:19:00+01:00,27.979999542236328,27.989999771118164,27.979999542236328,27.989999771118164,27.989999771118164,1625
2023-11-20 15:21:00+01:00,27.979999542236328,27.979999542236328,27.979999542236328,27.979999542236328,27.979999542236328,456
2023-11-20 15:24:00+01:00,27.979999542236328,27.979999542236328,27.979999542236328,27.979999542236328,27.979999542236328,555
2023-11-20 15:26:00+01:00,27.989999771118164,27.989999771118164,27.989999771118164,27.989999771118164,27.989999771118164,2699
2023-11-20 15:27:00+01:00,27.979999542236328,27.979999542236328,27.979999542236328,27.979999542236328,27.979999542236328,610
2023-11-20 15:30:00+01:00,27.979999542236328,27.979999542236328,27.959999084472656,27.959999084472656,27.959999084472656,2890
2023-11-20 15:31:00+01:00,27.959999084472656,27.959999084472656,27.959999084472656,27.959999084472656,27.959999084472656,52
2023-11-20 15:32:00+01:00,27.950000762939453,27.950000762939453,27.920000076293945,27.920000076293945,27.920000076293945,23292
2023-11-20 15:33:00+01:00,27.90999984741211,27.90999984741211,27.90999984741211,27.90999984741211,27.90999984741211,554
2023-11-20 15:34:00+01:00,27.90999984741211,27.90999984741211,27.8799991607666,27.8799991607666,27.8799991607666,7687
2023-11-20 15:35:00+01:00,27.8700008392334,27.889999389648438,27.8700008392334,27.8700008392334,27.8700008392334,5171
2023-11-20 15:36:00+01:00,27.860000610351562,27.860000610351562,27.860000610351562,27.860000610351562,27.860000610351562,448
2023-11-20 15:37:00+01:00,27.860000610351562,27.860000610351562,27.860000610351562,27.860000610351562,27.860000610351562,406
2023-11-20 15:38:00+01:00,27.850000381469727,27.850000381469727,27.84000015258789,27.84000015258789,27.84000015258789,276
2023-11-20 15:40:00+01:00,27.829999923706055,27.829999923706055,27.81999969482422,27.81999969482422,27.81999969482422,6360
2023-11-20 15:41:00+01:00,27.809999465942383,27.81999969482422,27.799999237060547,27.81999969482422,27.81999969482422,10240
2023-11-20 15:42:00+01:00,27.81999969482422,27.81999969482422,27.81999969482422,27.81999969482422,27.81999969482422,1778
2023-11-20 15:44:00+01:00,27.809999465942383,27.81999969482422,27.809999465942383,27.809999465942383,27.809999465942383,1082
2023-11-20 15:45:00+01:00,27.81999969482422,27.81999969482422,27.81999969482422,27.81999969482422,27.81999969482422,179
2023-11-20 15:46:00+01:00,27.829999923706055,27.850000381469727,27.829999923706055,27.850000381469727,27.850000381469727,1622
2023-11-20 15:47:00+01:00,27.84000015258789,27.84000015258789,27.81999969482422,27.81999969482422,27.81999969482422,1691
2023-11-20 15:48:00+01:00,27.81999969482422,27.829999923706055,27.81999969482422,27.829999923706055,27.829999923706055,802
2023-11-20 15:49:00+01:00,27.809999465942383,27.809999465942383,27.799999237060547,27.799999237060547,27.799999237060547,3553
2023-11-20 15:50:00+01:00,27.790000915527344,27.799999237060547,27.790000915527344,27.799999237060547,27.799999237060547,1742
2023-11-20 15:51:00+01:00,27.809999465942383,27.81999969482422,27.809999465942383,27.81999969482422,27.81999969482422,1203
2023-11-20 15:52:00+01:00,27.829999923706055,27.829999923706055,27.829999923706055,27.829999923706055,27.829999923706055,387
2023-11-20 15:53:00+01:00,27.829999923706055,27.829999923706055,27.829999923706055,27.829999923706055,27.829999923706055,929
2023-11-20 15:54:00+01:00,27.84000015258789,27.84000015258789,27.84000015258789,27.84000015258789,27.84000015258789,262
2023-11-20 15:56:00+01:00,27.829999923706055,27.850000381469727,27.829999923706055,27.829999923706055,27.829999923706055,2032
2023-11-20 15:57:00+01:00,27.84000015258789,27.850000381469727,27.829999923706055,27.850000381469727,27.850000381469727,658
2023-11-20 15:58:00+01:00,27.860000610351562,27.860000610351562,27.860000610351562,27.860000610351562,27.860000610351562,182
2023-11-20 16:00:00+01:00,27.8700008392334,27.8700008392334,27.8700008392334,27.8700008392334,27.8700008392334,505
2023-11-20 16:01:00+01:00,27.860000610351562,27.8799991607666,27.860000610351562,27.8799991607666,27.8799991607666,1644
2023-11-20 16:03:00+01:00,27.860000610351562,27.860000610351562,27.84000015258789,27.850000381469727,27.850000381469727,306
2023-11-20 16:04:00+01:00,27.850000381469727,27.850000381469727,27.84000015258789,27.84000015258789,27.84000015258789,3137
2023-11-20 16:05:00+01:00,27.850000381469727,27.850000381469727,27.850000381469727,27.850000381469727,27.850000381469727,949
2023-11-20 16:06:00+01:00,27.850000381469727,27.850000381469727,27.850000381469727,27.850000381469727,27.850000381469727,1160
2023-11-20 16:07:00+01:00,27.850000381469727,27.850000381469727,27.84000015258789,27.850000381469727,27.850000381469727,8360
2023-11-20 16:08:00+01:00,27.850000381469727,27.850000381469727,27.850000381469727,27.850000381469727,27.850000381469727,974
2023-11-20 16:10:00+01:00,27.860000610351562,27.8700008392334,27.860000610351562,27.8700008392334,27.8700008392334,4546
2023-11-20 16:12:00+01:00,27.8799991607666,27.8799991607666,27.8799991607666,27.8799991607666,27.8799991607666,1082
2023-11-20 16:13:00+01:00,27.8700008392334,27.8799991607666,27.8700008392334,27.8700008392334,27.8700008392334,2300
2023-11-20 16:14:00+01:00,27.8700008392334,27.8700008392334,27.8700008392334,27.8700008392334,27.8700008392334,1297
2023-11-20 16:15:00+01:00,27.860000610351562,27.860000610351562,27.860000610351562,27.860000610351562,27.860000610351562,619
2023-11-20 16:16:00+01:00,27.8700008392334,27.8700008392334,27.8700008392334,27.8700008392334,27.8700008392334,1065
2023-11-20 16:17:00+01:00,27.8700008392334,27.8700008392334,27.860000610351562,27.860000610351562,27.860000610351562,614
2023-11-20 16:19:00+01:00,27.8700008392334,27.8700008392334,27.850000381469727,27.850000381469727,27.850000381469727,1608
2023-11-20 16:20:00+01:00,27.850000381469727,27.850000381469727,27.850000381469727,27.850000381469727,27.850000381469727,140
2023-11-20 16:21:00+01:00,27.860000610351562,27.860000610351562,27.860000610351562,27.860000610351562,27.860000610351562,1004
2023-11-20 16:23:00+01:00,27.860000610351562,27.860000610351562,27.850000381469727,27.850000381469727,27.850000381469727,323
2023-11-20 16:24:00+01:00,27.850000381469727,27.850000381469727,27.850000381469727,27.850000381469727,27.850000381469727,366
2023-11-20 16:25:00+01:00,27.850000381469727,27.850000381469727,27.850000381469727,27.850000381469727,27.850000381469727,46
2023-11-20 16:26:00+01:00,27.860000610351562,27.8700008392334,27.860000610351562,27.860000610351562,27.860000610351562,462
2023-11-20 16:27:00+01:00,27.8700008392334,27.8799991607666,27.8700008392334,27.8799991607666,27.8799991607666,754
2023-11-20 16:28:00+01:00,27.8799991607666,27.8799991607666,27.8799991607666,27.8799991607666,27.8799991607666,674
2023-11-20 16:30:00+01:00,27.8799991607666,27.8799991607666,27.8700008392334,27.8700008392334,27.8700008392334,2771
2023-11-20 16:31:00+01:00,27.8700008392334,27.8700008392334,27.8700008392334,27.8700008392334,27.8700008392334,60
2023-11-20 16:32:00+01:00,27.8700008392334,27.8700008392334,27.8700008392334,27.8700008392334,27.8700008392334,855
2023-11-20 16:33:00+01:00,27.8799991607666,27.8799991607666,27.8700008392334,27.8700008392334,27.8700008392334,1286
2023-11-20 16:34:00+01:00,27.8700008392334,27.8700008392334,27.8700008392334,27.8700008392334,27.8700008392334,167
2023-11-20 16:36:00+01:00,27.8700008392334,27.8700008392334,27.84000015258789,27.850000381469727,27.850000381469727,16850
2023-11-20 16:37:00+01:00,27.850000381469727,27.8700008392334,27.850000381469727,27.8700008392334,27.8700008392334,2962
2023-11-20 16:38:00+01:00,27.860000610351562,27.860000610351562,27.860000610351562,27.860000610351562,27.860000610351562,800
2023-11-20 16:39:00+01:00,27.8700008392334,27.8700008392334,27.8700008392334,27.8700008392334,27.8700008392334,2229
2023-11-20 16:40:00+01:00,27.8700008392334,27.8700008392334,27.8700008392334,27.8700008392334,27.8700008392334,211
2023-11-20 16:41:00+01:00,27.8700008392334,27.8700008392334,27.8700008392334,27.8700008392334,27.8700008392334,121
2023-11-20 16:42:00+01:00,27.8799991607666,27.8799991607666,27.860000610351562,27.860000610351562,27.860000610351562,12436
2023-11-20 16:44:00+01:00,27.8700008392334,27.8700008392334,27.8700008392334,27.8700008392334,27.8700008392334,672
2023-11-20 16:45:00+01:00,27.860000610351562,27.860000610351562,27.860000610351562,27.860000610351562,27.860000610351562,388
2023-11-20 16:46:00+01:00,27.8700008392334,27.8700008392334,27.8700008392334,27.8700008392334,27.8700008392334,1348
2023-11-20 16:48:00+01:00,27.8799991607666,27.8799991607666,27.8799991607666,27.8799991607666,27.8799991607666,1045
2023-11-20 16:49:00+01:00,27.8799991607666,27.8799991607666,27.8799991607666,27.8799991607666,27.8799991607666,672
2023-11-20 16:50:00+01:00,27.8799991607666,27.8799991607666,27.8799991607666,27.8799991607666,27.8799991607666,1032
2023-11-20 16:51:00+01:00,27.8799991607666,27.8799991607666,27.8799991607666,27.8799991607666,27.8799991607666,669
2023-11-20 16:52:00+01:00,27.8799991607666,27.8799991607666,27.8799991607666,27.8799991607666,27.8799991607666,908
2023-11-20 16:53:00+01:00,27.8799991607666,27.8799991607666,27.8799991607666,27.8799991607666,27.8799991607666,20
2023-11-20 16:54:00+01:00,27.8700008392334,27.8700008392334,27.8700008392334,27.8700008392334,27.8700008392334,2287
2023-11-20 16:55:00+01:00,27.860000610351562,27.860000610351562,27.850000381469727,27.850000381469727,27.850000381469727,3080
2023-11-20 16:56:00+01:00,27.850000381469727,27.850000381469727,27.850000381469727,27.850000381469727,27.850000381469727,2
2023-11-20 16:58:00+01:00,27.850000381469727,27.850000381469727,27.850000381469727,27.850000381469727,27.850000381469727,3999
2023-11-20 16:59:00+01:00,27.850000381469727,27.850000381469727,27.84000015258789,27.84000015258789,27.84000015258789,13804
2023-11-20 17:00:00+01:00,27.84000015258789,27.850000381469727,27.84000015258789,27.84000015258789,27.84000015258789,15170
2023-11-20 17:01:00+01:00,27.829999923706055,27.84000015258789,27.829999923706055,27.84000015258789,27.84000015258789,1632
2023-11-20 17:02:00+01:00,27.850000381469727,27.850000381469727,27.84000015258789,27.84000015258789,27.84000015258789,7572
2023-11-20 17:03:00+01:00,27.84000015258789,27.84000015258789,27.84000015258789,27.84000015258789,27.84000015258789,2027
2023-11-20 17:04:00+01:00,27.850000381469727,27.850000381469727,27.84000015258789,27.850000381469727,27.850000381469727,13292
2023-11-20 17:05:00+01:00,27.850000381469727,27.850000381469727,27.850000381469727,27.850000381469727,27.850000381469727,36
2023-11-20 17:06:00+01:00,27.860000610351562,27.860000610351562,27.850000381469727,27.850000381469727,27.850000381469727,552
2023-11-20 17:07:00+01:00,27.850000381469727,27.850000381469727,27.850000381469727,27.850000381469727,27.850000381469727,1574
2023-11-20 17:08:00+01:00,27.850000381469727,27.850000381469727,27.850000381469727,27.850000381469727,27.850000381469727,290
2023-11-20 17:09:00+01:00,27.860000610351562,27.860000610351562,27.860000610351562,27.860000610351562,27.860000610351562,1520
2023-11-20 17:10:00+01:00,27.850000381469727,27.850000381469727,27.850000381469727,27.850000381469727,27.850000381469727,25
2023-11-20 17:11:00+01:00,27.850000381469727,27.850000381469727,27.850000381469727,27.850000381469727,27.850000381469727,1955
2023-11-20 17:12:00+01:00,27.860000610351562,27.860000610351562,27.850000381469727,27.850000381469727,27.850000381469727,4855
2023-11-20 17:13:00+01:00,27.850000381469727,27.850000381469727,27.850000381469727,27.850000381469727,27.850000381469727,357
2023-11-20 17:14:00+01:00,27.850000381469727,27.850000381469727,27.850000381469727,27.850000381469727,27.850000381469727,2042
2023-11-20 17:16:00+01:00,27.84000015258789,27.84000015258789,27.84000015258789,27.84000015258789,27.84000015258789,2604
2023-11-20 17:17:00+01:00,27.829999923706055,27.84000015258789,27.829999923706055,27.84000015258789,27.84000015258789,4604
2023-11-20 17:18:00+01:00,27.84000015258789,27.860000610351562,27.84000015258789,27.860000610351562,27.860000610351562,7719
2023-11-20 17:19:00+01:00,27.860000610351562,27.860000610351562,27.860000610351562,27.860000610351562,27.860000610351562,442
2023-11-20 17:20:00+01:00,27.850000381469727,27.860000610351562,27.850000381469727,27.860000610351562,27.860000610351562,3763
2023-11-20 17:21:00+01:00,27.8700008392334,27.8700008392334,27.8700008392334,27.8700008392334,27.8700008392334,2121
2023-11-20 17:22:00+01:00,27.8700008392334,27.8700008392334,27.8700008392334,27.8700008392334,27.8700008392334,4723
2023-11-20 17:23:00+01:00,27.860000610351562,27.860000610351562,27.860000610351562,27.860000610351562,27.860000610351562,5282
2023-11-20 17:24:00+01:00,27.8700008392334,27.8700008392334,27.8700008392334,27.8700008392334,27.8700008392334,1565
2023-11-20 17:25:00+01:00,27.8799991607666,27.8799991607666,27.8700008392334,27.8700008392334,27.8700008392334,106
2023-11-20 17:26:00+01:00,27.8700008392334,27.8799991607666,27.8700008392334,27.8799991607666,27.8799991607666,9626
2023-11-20 17:27:00+01:00,27.8799991607666,27.8799991607666,27.8799991607666,27.8799991607666,27.8799991607666,5285
2023-11-20 17:28:00+01:00,27.8700008392334,27.8799991607666,27.8700008392334,27.8799991607666,27.8799991607666,4359
2023-11-20 17:29:00+01:00,27.8799991607666,27.90999984741211,27.8799991607666,27.8799991607666,27.8799991607666,9051
