Date,Open,High,Low,Close,Adj Close,Volume
2023-07-05 09:30:00-04:00,132.8300018310547,132.8300018310547,132.50999450683594,132.69619750976562,132.69619750976562,22485
2023-07-05 09:31:00-04:00,132.24000549316406,132.47000122070312,132.15499877929688,132.47000122070312,132.47000122070312,2326
2023-07-05 09:32:00-04:00,132.44000244140625,132.44000244140625,131.99960327148438,131.99960327148438,131.99960327148438,3058
2023-07-05 09:33:00-04:00,132.0800018310547,132.1699981689453,131.9499969482422,132.11000061035156,132.11000061035156,4597
2023-07-05 09:34:00-04:00,132.02499389648438,132.42999267578125,132.02499389648438,132.42999267578125,132.42999267578125,2598
2023-07-05 09:35:00-04:00,132.3699951171875,132.46710205078125,131.92999267578125,131.92999267578125,131.92999267578125,9548
2023-07-05 09:36:00-04:00,131.85000610351562,131.85000610351562,131.5399932861328,131.5399932861328,131.5399932861328,1100
2023-07-05 09:37:00-04:00,131.50999450683594,131.6300048828125,131.30499267578125,131.4499969482422,131.4499969482422,6276
2023-07-05 09:38:00-04:00,131.41000366210938,131.7624969482422,131.31500244140625,131.72999572753906,131.72999572753906,3611
2023-07-05 09:39:00-04:00,131.8350067138672,131.8699951171875,131.67999267578125,131.77000427246094,131.77000427246094,1869
2023-07-05 09:40:00-04:00,131.64999389648438,131.74000549316406,131.27999877929688,131.27999877929688,131.27999877929688,2565
2023-07-05 09:41:00-04:00,131.1999969482422,131.36990356445312,130.82000732421875,130.9550018310547,130.9550018310547,5313
2023-07-05 09:42:00-04:00,131.0299072265625,131.22000122070312,130.88999938964844,131.22000122070312,131.22000122070312,4658
2023-07-05 09:43:00-04:00,131.24600219726562,131.24600219726562,130.9199981689453,130.9199981689453,130.9199981689453,1953
2023-07-05 09:44:00-04:00,130.9199981689453,131.03990173339844,130.9199981689453,130.9250030517578,130.9250030517578,2708
2023-07-05 09:45:00-04:00,131.03990173339844,131.03990173339844,130.7949981689453,130.89999389648438,130.89999389648438,1753
2023-07-05 09:46:00-04:00,130.9949951171875,130.9949951171875,130.82000732421875,130.92999267578125,130.92999267578125,2005
2023-07-05 09:47:00-04:00,130.89999389648438,131.0334930419922,130.89999389648438,131.02999877929688,131.02999877929688,2784
2023-07-05 09:48:00-04:00,131.02000427246094,131.10000610351562,130.94000244140625,131.02999877929688,131.02999877929688,2123
2023-07-05 09:49:00-04:00,131.11000061035156,131.11000061035156,131.11000061035156,131.11000061035156,131.11000061035156,813
2023-07-05 09:50:00-04:00,131.5,131.5500030517578,131.5,131.54100036621094,131.54100036621094,1486
2023-07-05 09:51:00-04:00,131.52000427246094,131.52000427246094,131.39999389648438,131.47000122070312,131.47000122070312,4754
2023-07-05 09:52:00-04:00,131.4199981689453,131.4199981689453,131.1999969482422,131.1999969482422,131.1999969482422,2232
2023-07-05 09:53:00-04:00,131.22000122070312,131.36000061035156,131.22000122070312,131.36000061035156,131.36000061035156,2584
2023-07-05 09:54:00-04:00,131.42999267578125,131.42999267578125,131.22000122070312,131.27999877929688,131.27999877929688,2793
2023-07-05 09:55:00-04:00,131.2100067138672,131.2100067138672,130.97999572753906,131.02499389648438,131.02499389648438,2008
2023-07-05 09:56:00-04:00,131.10000610351562,131.17999267578125,131.00999450683594,131.07000732421875,131.07000732421875,5084
2023-07-05 09:57:00-04:00,131.02999877929688,131.10000610351562,130.89999389648438,131.0,131.0,2673
2023-07-05 09:58:00-04:00,131.0800018310547,131.22000122070312,131.02000427246094,131.22000122070312,131.22000122070312,2438
2023-07-05 09:59:00-04:00,131.22000122070312,131.22000122070312,131.08999633789062,131.08999633789062,131.08999633789062,1214
2023-07-05 10:00:00-04:00,131.1750030517578,131.25,131.0399932861328,131.25,131.25,6032
2023-07-05 10:01:00-04:00,131.25,131.25,131.14999389648438,131.2100067138672,131.2100067138672,2257
2023-07-05 10:02:00-04:00,131.2100067138672,131.3000030517578,131.2100067138672,131.3000030517578,131.3000030517578,855
2023-07-05 10:03:00-04:00,131.27000427246094,131.36000061035156,131.27000427246094,131.35000610351562,131.35000610351562,1662
2023-07-05 10:04:00-04:00,131.3800048828125,131.38999938964844,131.22000122070312,131.22000122070312,131.22000122070312,2122
2023-07-05 10:05:00-04:00,131.22000122070312,131.27999877929688,131.22000122070312,131.25,131.25,1319
2023-07-05 10:06:00-04:00,131.25999450683594,131.33999633789062,131.2550048828125,131.3300018310547,131.3300018310547,1423
2023-07-05 10:07:00-04:00,131.42999267578125,131.5,131.3679962158203,131.49000549316406,131.49000549316406,3499
2023-07-05 10:08:00-04:00,131.49000549316406,131.49000549316406,131.47999572753906,131.47999572753906,131.47999572753906,1079
2023-07-05 10:09:00-04:00,131.49000549316406,131.69000244140625,131.49000549316406,131.64999389648438,131.64999389648438,3830
2023-07-05 10:10:00-04:00,131.6199951171875,131.69000244140625,131.57000732421875,131.57000732421875,131.57000732421875,2585
2023-07-05 10:11:00-04:00,131.55499267578125,131.59500122070312,131.49000549316406,131.59500122070312,131.59500122070312,2234
2023-07-05 10:12:00-04:00,131.58999633789062,131.58999633789062,131.42999267578125,131.42999267578125,131.42999267578125,1289
2023-07-05 10:13:00-04:00,131.48500061035156,131.48500061035156,131.4199981689453,131.4600067138672,131.4600067138672,954
2023-07-05 10:14:00-04:00,131.49000549316406,131.52000427246094,131.47500610351562,131.5,131.5,2795
2023-07-05 10:15:00-04:00,131.53500366210938,131.5399932861328,131.4949951171875,131.4949951171875,131.4949951171875,2358
2023-07-05 10:16:00-04:00,131.52999877929688,131.52999877929688,131.44000244140625,131.49000549316406,131.49000549316406,1896
2023-07-05 10:17:00-04:00,131.5500030517578,131.60989379882812,131.5,131.60989379882812,131.60989379882812,1675
2023-07-05 10:18:00-04:00,131.5850067138672,131.75999450683594,131.5850067138672,131.75999450683594,131.75999450683594,1749
2023-07-05 10:19:00-04:00,131.80999755859375,131.83999633789062,131.72000122070312,131.72500610351562,131.72500610351562,1997
2023-07-05 10:20:00-04:00,131.75,131.80999755859375,131.75,131.80999755859375,131.80999755859375,1128
2023-07-05 10:21:00-04:00,131.8300018310547,131.94000244140625,131.82049560546875,131.85000610351562,131.85000610351562,5628
2023-07-05 10:22:00-04:00,131.90499877929688,131.97999572753906,131.86000061035156,131.94000244140625,131.94000244140625,3788
2023-07-05 10:23:00-04:00,131.9499969482422,131.9499969482422,131.83999633789062,131.83999633789062,131.83999633789062,2937
2023-07-05 10:24:00-04:00,131.8300018310547,131.8300018310547,131.7100067138672,131.7100067138672,131.7100067138672,1646
2023-07-05 10:25:00-04:00,131.7100067138672,131.7100067138672,131.6300048828125,131.64999389648438,131.64999389648438,4969
2023-07-05 10:26:00-04:00,131.64999389648438,131.64999389648438,131.58999633789062,131.6199951171875,131.6199951171875,1362
2023-07-05 10:27:00-04:00,131.6300048828125,131.66000366210938,131.6199951171875,131.6199951171875,131.6199951171875,2695
2023-07-05 10:28:00-04:00,131.57000732421875,131.60780334472656,131.5399932861328,131.5399932861328,131.5399932861328,3908
2023-07-05 10:29:00-04:00,131.57000732421875,131.6300048828125,131.56500244140625,131.6300048828125,131.6300048828125,1053
2023-07-05 10:30:00-04:00,131.64999389648438,131.75999450683594,131.6300048828125,131.75999450683594,131.75999450683594,1953
2023-07-05 10:31:00-04:00,131.7899932861328,131.7899932861328,131.6699981689453,131.6699981689453,131.6699981689453,1644
2023-07-05 10:32:00-04:00,131.65499877929688,131.65499877929688,131.50999450683594,131.52000427246094,131.52000427246094,2663
2023-07-05 10:33:00-04:00,131.6199951171875,131.67999267578125,131.6199951171875,131.63519287109375,131.63519287109375,2559
2023-07-05 10:34:00-04:00,131.61000061035156,131.61000061035156,131.5,131.52000427246094,131.52000427246094,2473
2023-07-05 10:35:00-04:00,131.47000122070312,131.47000122070312,131.41110229492188,131.46499633789062,131.46499633789062,1533
2023-07-05 10:36:00-04:00,131.42999267578125,131.4600067138672,131.30999755859375,131.30999755859375,131.30999755859375,2709
2023-07-05 10:37:00-04:00,131.2449951171875,131.2449951171875,131.1300048828125,131.14999389648438,131.14999389648438,3873
2023-07-05 10:38:00-04:00,131.14999389648438,131.19000244140625,131.14999389648438,131.1750030517578,131.1750030517578,1187
2023-07-05 10:39:00-04:00,131.1699981689453,131.30999755859375,131.1699981689453,131.30999755859375,131.30999755859375,3657
2023-07-05 10:40:00-04:00,131.38999938964844,131.39999389648438,131.38999938964844,131.38999938964844,131.38999938964844,387
2023-07-05 10:41:00-04:00,131.38999938964844,131.4149932861328,131.30999755859375,131.30999755859375,131.30999755859375,2377
2023-07-05 10:42:00-04:00,131.27999877929688,131.34219360351562,131.27000427246094,131.29010009765625,131.29010009765625,3200
2023-07-05 10:43:00-04:00,131.35000610351562,131.35000610351562,131.35000610351562,131.35000610351562,131.35000610351562,1076
2023-07-05 10:44:00-04:00,131.35000610351562,131.42999267578125,131.35000610351562,131.42999267578125,131.42999267578125,1518
2023-07-05 10:45:00-04:00,131.46499633789062,131.47500610351562,131.3699951171875,131.3699951171875,131.3699951171875,3295
2023-07-05 10:46:00-04:00,131.3300018310547,131.3300018310547,131.21009826660156,131.21009826660156,131.21009826660156,1876
2023-07-05 10:47:00-04:00,131.26499938964844,131.27999877929688,131.23500061035156,131.23500061035156,131.23500061035156,3242
2023-07-05 10:48:00-04:00,131.22000122070312,131.25,131.16000366210938,131.17999267578125,131.17999267578125,3007
2023-07-05 10:49:00-04:00,131.16000366210938,131.1699981689453,131.1199951171875,131.1300048828125,131.1300048828125,2118
2023-07-05 10:50:00-04:00,131.0800018310547,131.1199951171875,131.0800018310547,131.1199951171875,131.1199951171875,1691
2023-07-05 10:51:00-04:00,131.17999267578125,131.36000061035156,131.17999267578125,131.36000061035156,131.36000061035156,2004
2023-07-05 10:52:00-04:00,131.3699951171875,131.42999267578125,131.2100067138672,131.21499633789062,131.21499633789062,3992
2023-07-05 10:53:00-04:00,131.2100067138672,131.30999755859375,131.19500732421875,131.30999755859375,131.30999755859375,1623
2023-07-05 10:54:00-04:00,131.25,131.25,131.17999267578125,131.25,131.25,2086
2023-07-05 10:55:00-04:00,131.25,131.39599609375,131.25,131.39599609375,131.39599609375,1608
2023-07-05 10:56:00-04:00,131.43499755859375,131.43499755859375,131.43499755859375,131.43499755859375,131.43499755859375,2146
2023-07-05 10:57:00-04:00,131.38999938964844,131.42999267578125,131.360107421875,131.38999938964844,131.38999938964844,3888
2023-07-05 10:58:00-04:00,131.39999389648438,131.44000244140625,131.39999389648438,131.44000244140625,131.44000244140625,1194
2023-07-05 10:59:00-04:00,131.47000122070312,131.47000122070312,131.38999938964844,131.38999938964844,131.38999938964844,2640
2023-07-05 11:00:00-04:00,131.375,131.3800048828125,131.32000732421875,131.33799743652344,131.33799743652344,2781
2023-07-05 11:01:00-04:00,131.30999755859375,131.30999755859375,131.25,131.28500366210938,131.28500366210938,2300
2023-07-05 11:02:00-04:00,131.27999877929688,131.36000061035156,131.11500549316406,131.11500549316406,131.11500549316406,7823
2023-07-05 11:03:00-04:00,131.14999389648438,131.1699981689453,131.02999877929688,131.1300048828125,131.1300048828125,6230
2023-07-05 11:04:00-04:00,131.0500030517578,131.07000732421875,130.98699951171875,131.00900268554688,131.00900268554688,4821
2023-07-05 11:05:00-04:00,131.0050048828125,131.0050048828125,130.92999267578125,130.94000244140625,130.94000244140625,5539
2023-07-05 11:07:00-04:00,130.75,130.75,130.7050018310547,130.75,130.75,8248
2023-07-05 11:08:00-04:00,130.6999969482422,130.83999633789062,130.6999969482422,130.83999633789062,130.83999633789062,2765
2023-07-05 11:09:00-04:00,130.8300018310547,130.8300018310547,130.7100067138672,130.7100067138672,130.7100067138672,1583
2023-07-05 11:10:00-04:00,130.75,130.88499450683594,130.75,130.88499450683594,130.88499450683594,2916
2023-07-05 11:11:00-04:00,130.88499450683594,130.9199981689453,130.85000610351562,130.85000610351562,130.85000610351562,2941
2023-07-05 11:12:00-04:00,130.8437957763672,130.85580444335938,130.8437957763672,130.85580444335938,130.85580444335938,356
2023-07-05 11:13:00-04:00,130.97999572753906,130.97999572753906,130.97999572753906,130.97999572753906,130.97999572753906,2276
2023-07-05 11:14:00-04:00,131.0,131.11000061035156,131.0,131.11000061035156,131.11000061035156,2275
2023-07-05 11:15:00-04:00,131.15499877929688,131.16000366210938,131.1300048828125,131.14999389648438,131.14999389648438,1974
2023-07-05 11:16:00-04:00,131.13499450683594,131.13499450683594,131.11000061035156,131.11000061035156,131.11000061035156,2032
2023-07-05 11:17:00-04:00,131.11000061035156,131.11000061035156,131.02999877929688,131.02999877929688,131.02999877929688,1958
2023-07-05 11:18:00-04:00,131.0449981689453,131.0449981689453,130.99000549316406,130.99000549316406,130.99000549316406,2274
2023-07-05 11:19:00-04:00,131.00999450683594,131.0399932861328,131.00999450683594,131.01499938964844,131.01499938964844,2527
2023-07-05 11:20:00-04:00,131.0500030517578,131.25,131.0500030517578,131.25,131.25,4442
2023-07-05 11:21:00-04:00,131.22999572753906,131.23500061035156,131.19520568847656,131.23500061035156,131.23500061035156,1255
2023-07-05 11:22:00-04:00,131.30999755859375,131.39500427246094,131.30999755859375,131.3699951171875,131.3699951171875,2725
2023-07-05 11:23:00-04:00,131.35000610351562,131.3800048828125,131.33999633789062,131.3699951171875,131.3699951171875,2832
2023-07-05 11:24:00-04:00,131.3800048828125,131.52999877929688,131.3800048828125,131.5,131.5,1680
2023-07-05 11:25:00-04:00,131.5,131.53660583496094,131.44000244140625,131.44000244140625,131.44000244140625,3236
2023-07-05 11:26:00-04:00,131.5,131.58999633789062,131.5,131.58999633789062,131.58999633789062,1554
2023-07-05 11:27:00-04:00,131.63999938964844,131.64999389648438,131.58999633789062,131.58999633789062,131.58999633789062,1877
2023-07-05 11:28:00-04:00,131.61000061035156,131.6300048828125,131.52000427246094,131.57000732421875,131.57000732421875,2893
2023-07-05 11:29:00-04:00,131.56500244140625,131.6199951171875,131.56500244140625,131.61000061035156,131.61000061035156,1564
2023-07-05 11:30:00-04:00,131.61000061035156,131.65029907226562,131.61000061035156,131.61000061035156,131.61000061035156,1581
2023-07-05 11:31:00-04:00,131.61000061035156,131.61000061035156,131.61000061035156,131.61000061035156,131.61000061035156,717
2023-07-05 11:32:00-04:00,131.61000061035156,131.6199951171875,131.58999633789062,131.58999633789062,131.58999633789062,602
2023-07-05 11:33:00-04:00,131.6300048828125,131.6300048828125,131.42999267578125,131.47000122070312,131.47000122070312,9338
2023-07-05 11:34:00-04:00,131.47000122070312,131.47000122070312,131.44000244140625,131.46299743652344,131.46299743652344,1532
2023-07-05 11:35:00-04:00,131.49000549316406,131.66000366210938,131.49000549316406,131.66000366210938,131.66000366210938,2812
2023-07-05 11:36:00-04:00,131.6699981689453,131.6699981689453,131.64999389648438,131.64999389648438,131.64999389648438,2202
2023-07-05 11:37:00-04:00,131.7100067138672,131.75999450683594,131.66000366210938,131.66000366210938,131.66000366210938,3738
2023-07-05 11:38:00-04:00,131.60000610351562,131.60000610351562,131.5399932861328,131.5399932861328,131.5399932861328,3070
2023-07-05 11:39:00-04:00,131.55999755859375,131.60000610351562,131.52000427246094,131.60000610351562,131.60000610351562,2992
2023-07-05 11:40:00-04:00,131.63999938964844,131.63999938964844,131.50999450683594,131.5269012451172,131.5269012451172,1912
2023-07-05 11:41:00-04:00,131.5500030517578,131.5500030517578,131.51499938964844,131.5157012939453,131.5157012939453,1250
2023-07-05 11:42:00-04:00,131.50999450683594,131.50999450683594,131.4499969482422,131.4499969482422,131.4499969482422,1495
2023-07-05 11:43:00-04:00,131.4250030517578,131.47000122070312,131.41000366210938,131.47000122070312,131.47000122070312,3097
2023-07-05 11:44:00-04:00,131.44000244140625,131.44000244140625,131.3300018310547,131.3300018310547,131.3300018310547,2543
2023-07-05 11:45:00-04:00,131.2949981689453,131.33999633789062,131.27999877929688,131.3300018310547,131.3300018310547,1425
2023-07-05 11:46:00-04:00,131.3300018310547,131.3300018310547,131.19000244140625,131.19000244140625,131.19000244140625,3482
2023-07-05 11:47:00-04:00,131.15499877929688,131.19000244140625,131.11000061035156,131.11000061035156,131.11000061035156,3035
2023-07-05 11:48:00-04:00,131.0625,131.1199951171875,131.0625,131.07000732421875,131.07000732421875,2578
2023-07-05 11:49:00-04:00,131.06500244140625,131.10000610351562,131.0399932861328,131.10000610351562,131.10000610351562,3028
2023-07-05 11:50:00-04:00,131.10000610351562,131.1300048828125,131.02000427246094,131.02000427246094,131.02000427246094,2448
2023-07-05 11:51:00-04:00,131.02000427246094,131.02000427246094,130.97000122070312,130.97000122070312,130.97000122070312,3216
2023-07-05 11:52:00-04:00,130.88999938964844,130.89500427246094,130.86000061035156,130.88999938964844,130.88999938964844,2154
2023-07-05 11:53:00-04:00,130.92999267578125,130.99000549316406,130.9199981689453,130.9199981689453,130.9199981689453,1576
2023-07-05 11:54:00-04:00,130.92999267578125,130.99000549316406,130.92999267578125,130.99000549316406,130.99000549316406,1155
2023-07-05 11:55:00-04:00,131.0,131.11000061035156,131.0,131.11000061035156,131.11000061035156,3695
2023-07-05 11:56:00-04:00,131.0800018310547,131.1300048828125,131.0800018310547,131.1300048828125,131.1300048828125,2449
2023-07-05 11:57:00-04:00,131.08999633789062,131.10499572753906,131.08999633789062,131.10499572753906,131.10499572753906,1568
2023-07-05 11:58:00-04:00,131.16000366210938,131.19000244140625,131.14999389648438,131.1699981689453,131.1699981689453,2157
2023-07-05 11:59:00-04:00,131.1699981689453,131.19000244140625,131.14999389648438,131.18499755859375,131.18499755859375,1319
2023-07-05 12:00:00-04:00,131.17999267578125,131.17999267578125,131.10000610351562,131.1199951171875,131.1199951171875,854
2023-07-05 12:01:00-04:00,131.1663055419922,131.1663055419922,131.0832977294922,131.125,131.125,1277
2023-07-05 12:02:00-04:00,131.1199951171875,131.1699981689453,131.1199951171875,131.1392059326172,131.1392059326172,3515
2023-07-05 12:03:00-04:00,131.13999938964844,131.25,131.13999938964844,131.1999969482422,131.1999969482422,3494
2023-07-05 12:04:00-04:00,131.20779418945312,131.22999572753906,131.10499572753906,131.10499572753906,131.10499572753906,2897
2023-07-05 12:06:00-04:00,131.10000610351562,131.10000610351562,131.0,131.02000427246094,131.02000427246094,8049
2023-07-05 12:07:00-04:00,131.0449981689453,131.0449981689453,130.97000122070312,130.97000122070312,130.97000122070312,1619
2023-07-05 12:08:00-04:00,131.03500366210938,131.10560607910156,131.0135040283203,131.10000610351562,131.10000610351562,2399
2023-07-05 12:09:00-04:00,131.0500030517578,131.0749969482422,131.0500030517578,131.0749969482422,131.0749969482422,240
2023-07-05 12:10:00-04:00,131.07000732421875,131.07000732421875,130.9600067138672,130.9600067138672,130.9600067138672,2138
2023-07-05 12:11:00-04:00,130.91000366210938,130.91990661621094,130.91000366210938,130.91990661621094,130.91990661621094,810
2023-07-05 12:12:00-04:00,130.88999938964844,130.94000244140625,130.88999938964844,130.94000244140625,130.94000244140625,2389
2023-07-05 12:13:00-04:00,130.93499755859375,130.93499755859375,130.86000061035156,130.86000061035156,130.86000061035156,1733
2023-07-05 12:14:00-04:00,130.82000732421875,130.8800048828125,130.7957000732422,130.8800048828125,130.8800048828125,1411
2023-07-05 12:15:00-04:00,130.8800048828125,130.89999389648438,130.8800048828125,130.8800048828125,130.8800048828125,1028
2023-07-05 12:16:00-04:00,130.91000366210938,130.91000366210938,130.88999938964844,130.88999938964844,130.88999938964844,916
2023-07-05 12:17:00-04:00,130.9499969482422,130.9600067138672,130.94500732421875,130.94500732421875,130.94500732421875,785
2023-07-05 12:18:00-04:00,130.9600067138672,130.9600067138672,130.9375,130.9375,130.9375,730
2023-07-05 12:19:00-04:00,130.93499755859375,130.9499969482422,130.89500427246094,130.89500427246094,130.89500427246094,1180
2023-07-05 12:20:00-04:00,130.90499877929688,130.90499877929688,130.90499877929688,130.90499877929688,130.90499877929688,341
2023-07-05 12:21:00-04:00,130.8699951171875,130.8699951171875,130.81500244140625,130.81500244140625,130.81500244140625,3853
2023-07-05 12:22:00-04:00,130.82000732421875,130.83999633789062,130.7949981689453,130.82000732421875,130.82000732421875,5041
2023-07-05 12:23:00-04:00,130.82000732421875,130.85000610351562,130.81500244140625,130.8300018310547,130.8300018310547,1869
2023-07-05 12:24:00-04:00,130.85000610351562,130.9199981689453,130.8300018310547,130.89999389648438,130.89999389648438,4693
2023-07-05 12:25:00-04:00,130.90499877929688,130.90499877929688,130.77999877929688,130.83999633789062,130.83999633789062,5894
2023-07-05 12:26:00-04:00,130.8699951171875,130.8800048828125,130.8699951171875,130.8699951171875,130.8699951171875,883
2023-07-05 12:27:00-04:00,130.91000366210938,130.9499969482422,130.91000366210938,130.9499969482422,130.9499969482422,2581
2023-07-05 12:28:00-04:00,130.9499969482422,130.9499969482422,130.9499969482422,130.9499969482422,130.9499969482422,116
2023-07-05 12:29:00-04:00,130.9600067138672,130.97000122070312,130.89999389648438,130.89999389648438,130.89999389648438,1943
2023-07-05 12:30:00-04:00,130.8699951171875,130.8699951171875,130.82000732421875,130.82000732421875,130.82000732421875,1217
2023-07-05 12:31:00-04:00,130.82000732421875,130.97999572753906,130.82000732421875,130.8800048828125,130.8800048828125,7007
2023-07-05 12:32:00-04:00,130.9949951171875,131.0050048828125,130.97999572753906,131.0,131.0,1057
2023-07-05 12:33:00-04:00,130.99000549316406,130.9949951171875,130.99000549316406,130.99000549316406,130.99000549316406,1319
2023-07-05 12:34:00-04:00,130.97500610351562,130.97999572753906,130.91000366210938,130.91000366210938,130.91000366210938,1140
2023-07-05 12:35:00-04:00,130.9199981689453,130.9199981689453,130.88999938964844,130.88999938964844,130.88999938964844,883
2023-07-05 12:36:00-04:00,130.8800048828125,130.8800048828125,130.7899932861328,130.8000030517578,130.8000030517578,2170
2023-07-05 12:37:00-04:00,130.75999450683594,130.76499938964844,130.7303924560547,130.7303924560547,130.7303924560547,2600
2023-07-05 12:38:00-04:00,130.76910400390625,130.80999755859375,130.75999450683594,130.77999877929688,130.77999877929688,6067
2023-07-05 12:39:00-04:00,130.77000427246094,130.77000427246094,130.7100067138672,130.75,130.75,2056
2023-07-05 12:40:00-04:00,130.6699981689453,130.6999969482422,130.6699981689453,130.69000244140625,130.69000244140625,1752
2023-07-05 12:41:00-04:00,130.66000366210938,130.66000366210938,130.66000366210938,130.66000366210938,130.66000366210938,172
2023-07-05 12:42:00-04:00,130.6898956298828,130.75999450683594,130.6898956298828,130.6999969482422,130.6999969482422,3705
2023-07-05 12:43:00-04:00,130.6999969482422,130.6999969482422,130.6999969482422,130.6999969482422,130.6999969482422,100
2023-07-05 12:44:00-04:00,130.69000244140625,130.69000244140625,130.6199951171875,130.6199951171875,130.6199951171875,1032
2023-07-05 12:45:00-04:00,130.625,130.66000366210938,130.625,130.66000366210938,130.66000366210938,4749
2023-07-05 12:46:00-04:00,130.72000122070312,130.75,130.72000122070312,130.75,130.75,1346
2023-07-05 12:47:00-04:00,130.72000122070312,130.72250366210938,130.72000122070312,130.72250366210938,130.72250366210938,248
2023-07-05 12:48:00-04:00,130.69000244140625,130.69000244140625,130.6699981689453,130.6699981689453,130.6699981689453,1069
2023-07-05 12:49:00-04:00,130.6750030517578,130.7550048828125,130.6750030517578,130.75,130.75,2320
2023-07-05 12:50:00-04:00,130.77000427246094,130.82000732421875,130.75,130.75,130.75,1649
2023-07-05 12:51:00-04:00,130.77999877929688,130.77999877929688,130.72999572753906,130.72999572753906,130.72999572753906,594
2023-07-05 12:52:00-04:00,130.7899932861328,130.7899932861328,130.78500366210938,130.78500366210938,130.78500366210938,1352
2023-07-05 12:53:00-04:00,130.75999450683594,130.75999450683594,130.63999938964844,130.65499877929688,130.65499877929688,8858
2023-07-05 12:54:00-04:00,130.6699981689453,130.6699981689453,130.66000366210938,130.66000366210938,130.66000366210938,1265
2023-07-05 12:55:00-04:00,130.67999267578125,130.67999267578125,130.66000366210938,130.66000366210938,130.66000366210938,1370
2023-07-05 12:57:00-04:00,130.6699981689453,130.7100067138672,130.6699981689453,130.6999969482422,130.6999969482422,6527
2023-07-05 12:58:00-04:00,130.67999267578125,130.69000244140625,130.66000366210938,130.66000366210938,130.66000366210938,2077
2023-07-05 12:59:00-04:00,130.6750030517578,130.6750030517578,130.6699981689453,130.6699981689453,130.6699981689453,602
2023-07-05 13:00:00-04:00,130.66000366210938,130.72999572753906,130.66000366210938,130.72999572753906,130.72999572753906,3824
2023-07-05 13:01:00-04:00,130.74000549316406,130.74000549316406,130.74000549316406,130.74000549316406,130.74000549316406,367
2023-07-05 13:02:00-04:00,130.76499938964844,130.8000030517578,130.75999450683594,130.8000030517578,130.8000030517578,1132
2023-07-05 13:03:00-04:00,130.75999450683594,130.77000427246094,130.74000549316406,130.77000427246094,130.77000427246094,1758
2023-07-05 13:04:00-04:00,130.72000122070312,130.72999572753906,130.70010375976562,130.70010375976562,130.70010375976562,1465
2023-07-05 13:05:00-04:00,130.72000122070312,130.75999450683594,130.72000122070312,130.75999450683594,130.75999450683594,1509
2023-07-05 13:06:00-04:00,130.78500366210938,130.80810546875,130.77499389648438,130.77499389648438,130.77499389648438,883
2023-07-05 13:07:00-04:00,130.77999877929688,130.77999877929688,130.73240661621094,130.77000427246094,130.77000427246094,1049
2023-07-05 13:08:00-04:00,130.75999450683594,130.75999450683594,130.63499450683594,130.63499450683594,130.63499450683594,2123
2023-07-05 13:09:00-04:00,130.63499450683594,130.64999389648438,130.625,130.63999938964844,130.63999938964844,939
2023-07-05 13:10:00-04:00,130.63499450683594,130.63499450683594,130.5449981689453,130.5500030517578,130.5500030517578,2544
2023-07-05 13:11:00-04:00,130.58999633789062,130.61000061035156,130.5850067138672,130.58999633789062,130.58999633789062,1592
2023-07-05 13:12:00-04:00,130.55999755859375,130.5908966064453,130.55999755859375,130.5908966064453,130.5908966064453,2410
2023-07-05 13:13:00-04:00,130.60000610351562,130.66000366210938,130.60000610351562,130.63999938964844,130.63999938964844,1795
2023-07-05 13:14:00-04:00,130.6300048828125,130.6300048828125,130.6199951171875,130.6199951171875,130.6199951171875,317
2023-07-05 13:15:00-04:00,130.6199951171875,130.64999389648438,130.6199951171875,130.64999389648438,130.64999389648438,586
2023-07-05 13:16:00-04:00,130.64999389648438,130.72999572753906,130.64999389648438,130.72999572753906,130.72999572753906,2949
2023-07-05 13:17:00-04:00,130.67999267578125,130.72000122070312,130.6699981689453,130.6699981689453,130.6699981689453,1837
2023-07-05 13:18:00-04:00,130.6199951171875,130.63999938964844,130.6199951171875,130.63999938964844,130.63999938964844,1639
2023-07-05 13:19:00-04:00,130.66000366210938,130.66000366210938,130.66000366210938,130.66000366210938,130.66000366210938,319
2023-07-05 13:20:00-04:00,130.69000244140625,130.7449951171875,130.69000244140625,130.74000549316406,130.74000549316406,1521
2023-07-05 13:22:00-04:00,130.76499938964844,130.76499938964844,130.74000549316406,130.74000549316406,130.74000549316406,774
2023-07-05 13:23:00-04:00,130.7449951171875,130.75999450683594,130.6999969482422,130.6999969482422,130.6999969482422,2563
2023-07-05 13:24:00-04:00,130.69000244140625,130.69000244140625,130.69000244140625,130.69000244140625,130.69000244140625,735
2023-07-05 13:26:00-04:00,130.63999938964844,130.6750030517578,130.6300048828125,130.64219665527344,130.64219665527344,5749
2023-07-05 13:27:00-04:00,130.6824951171875,130.6824951171875,130.5,130.5500030517578,130.5500030517578,16055
2023-07-05 13:28:00-04:00,130.5800018310547,130.63999938964844,130.5800018310547,130.63499450683594,130.63499450683594,1370
2023-07-05 13:29:00-04:00,130.6425018310547,130.6750030517578,130.6425018310547,130.6750030517578,130.6750030517578,1244
2023-07-05 13:30:00-04:00,130.66000366210938,130.7169952392578,130.66000366210938,130.7169952392578,130.7169952392578,1310
2023-07-05 13:33:00-04:00,130.7899932861328,130.7899932861328,130.75999450683594,130.75999450683594,130.75999450683594,11635
2023-07-05 13:34:00-04:00,130.75999450683594,130.7899932861328,130.75999450683594,130.7899932861328,130.7899932861328,368
2023-07-05 13:35:00-04:00,130.77000427246094,130.77000427246094,130.72500610351562,130.72500610351562,130.72500610351562,1131
2023-07-05 13:36:00-04:00,130.6999969482422,130.72000122070312,130.67999267578125,130.6999969482422,130.6999969482422,5013
2023-07-05 13:37:00-04:00,130.6999969482422,130.6999969482422,130.6199951171875,130.6199951171875,130.6199951171875,6615
2023-07-05 13:38:00-04:00,130.5800018310547,130.6300048828125,130.5749969482422,130.6300048828125,130.6300048828125,2127
2023-07-05 13:39:00-04:00,130.65499877929688,130.66000366210938,130.61500549316406,130.66000366210938,130.66000366210938,946
2023-07-05 13:40:00-04:00,130.66000366210938,130.66000366210938,130.60000610351562,130.6199951171875,130.6199951171875,3183
2023-07-05 13:41:00-04:00,130.6300048828125,130.64999389648438,130.6300048828125,130.64999389648438,130.64999389648438,1045
2023-07-05 13:42:00-04:00,130.6999969482422,130.6999969482422,130.6999969482422,130.6999969482422,130.6999969482422,397
2023-07-05 13:43:00-04:00,130.72000122070312,130.72000122070312,130.7100067138672,130.7100067138672,130.7100067138672,812
2023-07-05 13:44:00-04:00,130.7100067138672,130.7100067138672,130.67999267578125,130.67999267578125,130.67999267578125,3314
2023-07-05 13:45:00-04:00,130.7100067138672,130.75999450683594,130.7100067138672,130.75999450683594,130.75999450683594,2102
2023-07-05 13:46:00-04:00,130.77499389648438,130.77999877929688,130.77499389648438,130.77999877929688,130.77999877929688,432
2023-07-05 13:47:00-04:00,130.77000427246094,130.77999877929688,130.77000427246094,130.77999877929688,130.77999877929688,749
2023-07-05 13:48:00-04:00,130.8000030517578,130.8350067138672,130.8000030517578,130.80999755859375,130.80999755859375,3419
2023-07-05 13:50:00-04:00,130.80999755859375,130.80999755859375,130.6699981689453,130.6699981689453,130.6699981689453,6750
2023-07-05 13:51:00-04:00,130.6750030517578,130.6999969482422,130.64999389648438,130.6999969482422,130.6999969482422,3833
2023-07-05 13:53:00-04:00,130.6750030517578,130.7039031982422,130.65829467773438,130.65829467773438,130.65829467773438,3462
2023-07-05 13:54:00-04:00,130.66000366210938,130.69000244140625,130.66000366210938,130.69000244140625,130.69000244140625,1112
2023-07-05 13:56:00-04:00,130.7050018310547,130.75,130.7050018310547,130.74000549316406,130.74000549316406,2068
2023-07-05 13:57:00-04:00,130.74000549316406,130.77999877929688,130.74000549316406,130.76499938964844,130.76499938964844,1729
2023-07-05 13:58:00-04:00,130.78250122070312,130.78250122070312,130.77999877929688,130.77999877929688,130.77999877929688,828
2023-07-05 13:59:00-04:00,130.8000030517578,130.80999755859375,130.77000427246094,130.77000427246094,130.77000427246094,1879
2023-07-05 14:00:00-04:00,130.80999755859375,130.80999755859375,130.80999755859375,130.80999755859375,130.80999755859375,580
2023-07-05 14:01:00-04:00,130.82000732421875,130.82000732421875,130.8000030517578,130.8000030517578,130.8000030517578,1156
2023-07-05 14:02:00-04:00,130.80999755859375,130.80999755859375,130.6999969482422,130.6999969482422,130.6999969482422,5817
2023-07-05 14:03:00-04:00,130.70750427246094,130.72000122070312,130.69000244140625,130.7100067138672,130.7100067138672,2185
2023-07-05 14:04:00-04:00,130.69000244140625,130.69000244140625,130.65719604492188,130.65719604492188,130.65719604492188,1081
2023-07-05 14:05:00-04:00,130.6300048828125,130.6699981689453,130.61000061035156,130.6699981689453,130.6699981689453,3513
2023-07-05 14:06:00-04:00,130.69000244140625,130.72000122070312,130.6699981689453,130.6699981689453,130.6699981689453,1199
2023-07-05 14:07:00-04:00,130.66000366210938,130.6699981689453,130.64999389648438,130.6699981689453,130.6699981689453,581
2023-07-05 14:08:00-04:00,130.67999267578125,130.67999267578125,130.57000732421875,130.60000610351562,130.60000610351562,12525
2023-07-05 14:09:00-04:00,130.6199951171875,130.6199951171875,130.5500030517578,130.5500030517578,130.5500030517578,1170
2023-07-05 14:10:00-04:00,130.57000732421875,130.57000732421875,130.55999755859375,130.55999755859375,130.55999755859375,577
2023-07-05 14:14:00-04:00,130.35000610351562,130.35000610351562,130.27000427246094,130.27000427246094,130.27000427246094,9929
2023-07-05 14:15:00-04:00,130.22000122070312,130.25689697265625,130.13999938964844,130.19000244140625,130.19000244140625,9328
2023-07-05 14:16:00-04:00,130.14500427246094,130.2100067138672,130.14500427246094,130.17120361328125,130.17120361328125,1967
2023-07-05 14:17:00-04:00,130.22999572753906,130.22999572753906,130.22500610351562,130.22500610351562,130.22500610351562,549
2023-07-05 14:19:00-04:00,130.14999389648438,130.14999389648438,130.1199951171875,130.13999938964844,130.13999938964844,4490
2023-07-05 14:20:00-04:00,130.11000061035156,130.1199951171875,130.0800018310547,130.1199951171875,130.1199951171875,2497
2023-07-05 14:21:00-04:00,130.08999633789062,130.08999633789062,130.0500030517578,130.0500030517578,130.0500030517578,2535
2023-07-05 14:26:00-04:00,130.0800018310547,130.11000061035156,130.0500030517578,130.05999755859375,130.05999755859375,19401
2023-07-05 14:28:00-04:00,130.0500030517578,130.0500030517578,130.01499938964844,130.04080200195312,130.04080200195312,4672
2023-07-05 14:29:00-04:00,130.0399932861328,130.1179962158203,130.0399932861328,130.10499572753906,130.10499572753906,2733
2023-07-05 14:30:00-04:00,130.13999938964844,130.1649932861328,130.13999938964844,130.16000366210938,130.16000366210938,845
2023-07-05 14:32:00-04:00,130.1699981689453,130.2449951171875,130.1699981689453,130.2449951171875,130.2449951171875,9185
2023-07-05 14:35:00-04:00,130.25999450683594,130.27000427246094,130.25999450683594,130.27000427246094,130.27000427246094,2629
2023-07-05 14:38:00-04:00,130.39999389648438,130.4199981689453,130.33999633789062,130.33999633789062,130.33999633789062,6368
2023-07-05 14:39:00-04:00,130.3800048828125,130.38999938964844,130.37930297851562,130.38999938964844,130.38999938964844,886
2023-07-05 14:40:00-04:00,130.3699951171875,130.3699951171875,130.33999633789062,130.33999633789062,130.33999633789062,1121
2023-07-05 14:45:00-04:00,130.42999267578125,130.43499755859375,130.42999267578125,130.43499755859375,130.43499755859375,13551
2023-07-05 14:46:00-04:00,130.44500732421875,130.44500732421875,130.39999389648438,130.39999389648438,130.39999389648438,1444
2023-07-05 14:47:00-04:00,130.39999389648438,130.39999389648438,130.38999938964844,130.38999938964844,130.38999938964844,778
2023-07-05 14:50:00-04:00,130.3699951171875,130.38999938964844,130.3699951171875,130.3800048828125,130.3800048828125,6979
2023-07-05 14:52:00-04:00,130.3800048828125,130.41000366210938,130.3800048828125,130.39999389648438,130.39999389648438,3667
2023-07-05 14:54:00-04:00,130.3800048828125,130.39999389648438,130.3699951171875,130.38999938964844,130.38999938964844,2427
2023-07-05 14:56:00-04:00,130.33999633789062,130.36000061035156,130.33999633789062,130.36000061035156,130.36000061035156,5754
2023-07-05 14:57:00-04:00,130.36000061035156,130.39999389648438,130.32000732421875,130.39999389648438,130.39999389648438,2113
2023-07-05 14:59:00-04:00,130.4499969482422,130.4499969482422,130.4499969482422,130.4499969482422,130.4499969482422,3825
2023-07-05 15:00:00-04:00,130.52999877929688,130.52999877929688,130.52999877929688,130.52999877929688,130.52999877929688,1600
2023-07-05 15:01:00-04:00,130.56500244140625,130.5800018310547,130.56500244140625,130.5800018310547,130.5800018310547,2164
2023-07-05 15:02:00-04:00,130.60000610351562,130.60000610351562,130.55999755859375,130.58999633789062,130.58999633789062,2113
2023-07-05 15:03:00-04:00,130.60000610351562,130.64999389648438,130.60000610351562,130.63999938964844,130.63999938964844,2277
2023-07-05 15:04:00-04:00,130.61500549316406,130.6300048828125,130.61500549316406,130.6300048828125,130.6300048828125,945
2023-07-05 15:05:00-04:00,130.625,130.6300048828125,130.60000610351562,130.60000610351562,130.60000610351562,3943
2023-07-05 15:06:00-04:00,130.61000061035156,130.6199951171875,130.60000610351562,130.61500549316406,130.61500549316406,2357
2023-07-05 15:07:00-04:00,130.61000061035156,130.6300048828125,130.61000061035156,130.6300048828125,130.6300048828125,868
2023-07-05 15:08:00-04:00,130.63999938964844,130.65499877929688,130.59500122070312,130.60000610351562,130.60000610351562,3848
2023-07-05 15:09:00-04:00,130.58999633789062,130.58999633789062,130.55499267578125,130.55499267578125,130.55499267578125,1946
2023-07-05 15:10:00-04:00,130.5399932861328,130.5800018310547,130.52999877929688,130.52999877929688,130.52999877929688,4570
2023-07-05 15:11:00-04:00,130.5093994140625,130.50999450683594,130.5093994140625,130.50999450683594,130.50999450683594,696
2023-07-05 15:12:00-04:00,130.52000427246094,130.5399932861328,130.49000549316406,130.51499938964844,130.51499938964844,5528
2023-07-05 15:13:00-04:00,130.50999450683594,130.52000427246094,130.5050048828125,130.52000427246094,130.52000427246094,1690
2023-07-05 15:14:00-04:00,130.47000122070312,130.47000122070312,130.41000366210938,130.4199981689453,130.4199981689453,2670
2023-07-05 15:15:00-04:00,130.44000244140625,130.47999572753906,130.44000244140625,130.47000122070312,130.47000122070312,3585
2023-07-05 15:16:00-04:00,130.49000549316406,130.49000549316406,130.33999633789062,130.34500122070312,130.34500122070312,3292
2023-07-05 15:17:00-04:00,130.36000061035156,130.3699951171875,130.27999877929688,130.28500366210938,130.28500366210938,5286
2023-07-05 15:18:00-04:00,130.32000732421875,130.33999633789062,130.27999877929688,130.32000732421875,130.32000732421875,3862
2023-07-05 15:19:00-04:00,130.36500549316406,130.3699951171875,130.2949981689453,130.2949981689453,130.2949981689453,1914
2023-07-05 15:20:00-04:00,130.2899932861328,130.36000061035156,130.28500366210938,130.33999633789062,130.33999633789062,4821
2023-07-05 15:21:00-04:00,130.35000610351562,130.36000061035156,130.33999633789062,130.36000061035156,130.36000061035156,1365
2023-07-05 15:22:00-04:00,130.39500427246094,130.39500427246094,130.32000732421875,130.3300018310547,130.3300018310547,3539
2023-07-05 15:23:00-04:00,130.31500244140625,130.31500244140625,130.27999877929688,130.27999877929688,130.27999877929688,1990
2023-07-05 15:24:00-04:00,130.2550048828125,130.2550048828125,130.22000122070312,130.22999572753906,130.22999572753906,2509
2023-07-05 15:25:00-04:00,130.25,130.25,130.2100067138672,130.23500061035156,130.23500061035156,4235
2023-07-05 15:26:00-04:00,130.23500061035156,130.27000427246094,130.21499633789062,130.25999450683594,130.25999450683594,6375
2023-07-05 15:27:00-04:00,130.2899932861328,130.40499877929688,130.2899932861328,130.35499572753906,130.35499572753906,4179
2023-07-05 15:28:00-04:00,130.34750366210938,130.36000061035156,130.27999877929688,130.2899932861328,130.2899932861328,2966
2023-07-05 15:29:00-04:00,130.27999877929688,130.27999877929688,130.2449951171875,130.2449951171875,130.2449951171875,2152
2023-07-05 15:30:00-04:00,130.2449951171875,130.36000061035156,130.2449951171875,130.33999633789062,130.33999633789062,7981
2023-07-05 15:31:00-04:00,130.3300018310547,130.38999938964844,130.3300018310547,130.36000061035156,130.36000061035156,3511
2023-07-05 15:32:00-04:00,130.35499572753906,130.4250030517578,130.35000610351562,130.39500427246094,130.39500427246094,4457
2023-07-05 15:33:00-04:00,130.38999938964844,130.38999938964844,130.33999633789062,130.3574981689453,130.3574981689453,4319
2023-07-05 15:34:00-04:00,130.36000061035156,130.36500549316406,130.24000549316406,130.30999755859375,130.30999755859375,6100
2023-07-05 15:35:00-04:00,130.30999755859375,130.35499572753906,130.3000030517578,130.30999755859375,130.30999755859375,4873
2023-07-05 15:36:00-04:00,130.30999755859375,130.30999755859375,130.2449951171875,130.25,130.25,5140
2023-07-05 15:37:00-04:00,130.2449951171875,130.2899932861328,130.2449951171875,130.2550048828125,130.2550048828125,10062
2023-07-05 15:38:00-04:00,130.22999572753906,130.22999572753906,130.1999969482422,130.22000122070312,130.22000122070312,4481
2023-07-05 15:39:00-04:00,130.21499633789062,130.24000549316406,130.19500732421875,130.2100067138672,130.2100067138672,7695
2023-07-05 15:40:00-04:00,130.1999969482422,130.2100067138672,130.14500427246094,130.1649932861328,130.1649932861328,8933
2023-07-05 15:41:00-04:00,130.17750549316406,130.27000427246094,130.1750030517578,130.25999450683594,130.25999450683594,6432
2023-07-05 15:42:00-04:00,130.2550048828125,130.2550048828125,130.22000122070312,130.22500610351562,130.22500610351562,3557
2023-07-05 15:43:00-04:00,130.22500610351562,130.22500610351562,130.1300048828125,130.14999389648438,130.14999389648438,5626
2023-07-05 15:44:00-04:00,130.14999389648438,130.1999969482422,130.1300048828125,130.1649932861328,130.1649932861328,6319
2023-07-05 15:45:00-04:00,130.1649932861328,130.17999267578125,130.1300048828125,130.1699981689453,130.1699981689453,6626
2023-07-05 15:46:00-04:00,130.1649932861328,130.1999969482422,130.16000366210938,130.1999969482422,130.1999969482422,5402
2023-07-05 15:47:00-04:00,130.19000244140625,130.19500732421875,130.1199951171875,130.17750549316406,130.17750549316406,6522
2023-07-05 15:48:00-04:00,130.1750030517578,130.25999450683594,130.16000366210938,130.25999450683594,130.25999450683594,9011
2023-07-05 15:49:00-04:00,130.30499267578125,130.4149932861328,130.2949981689453,130.4149932861328,130.4149932861328,6219
2023-07-05 15:50:00-04:00,130.38999938964844,130.47999572753906,130.3300018310547,130.4600067138672,130.4600067138672,9801
2023-07-05 15:51:00-04:00,130.47000122070312,130.52999877929688,130.47000122070312,130.49000549316406,130.49000549316406,11571
2023-07-05 15:52:00-04:00,130.5,130.55999755859375,130.44000244140625,130.4600067138672,130.4600067138672,25149
2023-07-05 15:53:00-04:00,130.4499969482422,130.51499938964844,130.38999938964844,130.4499969482422,130.4499969482422,15049
2023-07-05 15:54:00-04:00,130.4499969482422,130.52999877929688,130.32000732421875,130.49000549316406,130.49000549316406,40070
2023-07-05 15:55:00-04:00,130.5050048828125,130.61000061035156,130.42999267578125,130.5850067138672,130.5850067138672,19356
2023-07-05 15:56:00-04:00,130.5850067138672,130.74000549316406,130.5850067138672,130.74000549316406,130.74000549316406,23555
2023-07-05 15:57:00-04:00,130.75,130.81500244140625,130.73959350585938,130.73959350585938,130.73959350585938,20423
2023-07-05 15:58:00-04:00,130.73500061035156,130.75999450683594,130.69000244140625,130.69500732421875,130.69500732421875,32059
2023-07-05 15:59:00-04:00,130.69000244140625,130.69000244140625,130.5800018310547,130.63999938964844,130.63999938964844,56637
