Date,Open,High,Low,Close,Adj Close,Volume
2024-06-04 00:00:00+00:00,3766.246337890625,3766.246337890625,3766.246337890625,3766.246337890625,3766.246337890625,0
2024-06-04 00:01:00+00:00,3765.353515625,3765.353515625,3765.353515625,3765.353515625,3765.353515625,0
2024-06-04 00:03:00+00:00,3766.052490234375,3766.052490234375,3766.052490234375,3766.052490234375,3766.052490234375,0
2024-06-04 00:04:00+00:00,3767.35205078125,3767.35205078125,3767.35205078125,3767.35205078125,3767.35205078125,68608
2024-06-04 00:05:00+00:00,3767.628662109375,3767.628662109375,3767.628662109375,3767.628662109375,3767.628662109375,1457152
2024-06-04 00:06:00+00:00,3765.8349609375,3765.8349609375,3765.8349609375,3765.8349609375,3765.8349609375,0
2024-06-04 00:07:00+00:00,3765.656982421875,3765.656982421875,3765.656982421875,3765.656982421875,3765.656982421875,0
2024-06-04 00:08:00+00:00,3763.728515625,3763.728515625,3763.728515625,3763.728515625,3763.728515625,2453504
2024-06-04 00:09:00+00:00,3763.180908203125,3763.180908203125,3763.180908203125,3763.180908203125,3763.180908203125,3903488
2024-06-04 00:10:00+00:00,3763.165771484375,3763.165771484375,3763.165771484375,3763.165771484375,3763.165771484375,0
2024-06-04 00:11:00+00:00,3762.91943359375,3762.91943359375,3762.91943359375,3762.91943359375,3762.91943359375,0
2024-06-04 00:12:00+00:00,3762.6240234375,3762.6240234375,3762.6240234375,3762.6240234375,3762.6240234375,0
2024-06-04 00:13:00+00:00,3763.46435546875,3763.46435546875,3763.46435546875,3763.46435546875,3763.46435546875,0
2024-06-04 00:15:00+00:00,3767.452880859375,3767.452880859375,3767.452880859375,3767.452880859375,3767.452880859375,9121792
2024-06-04 00:16:00+00:00,3767.811767578125,3767.811767578125,3767.811767578125,3767.811767578125,3767.811767578125,4503552
2024-06-04 00:17:00+00:00,3767.90576171875,3767.90576171875,3767.90576171875,3767.90576171875,3767.90576171875,10509312
2024-06-04 00:18:00+00:00,3769.089111328125,3769.089111328125,3769.089111328125,3769.089111328125,3769.089111328125,189440
2024-06-04 00:19:00+00:00,3767.57861328125,3767.57861328125,3767.57861328125,3767.57861328125,3767.57861328125,385024
2024-06-04 00:20:00+00:00,3738.13427734375,3738.13427734375,3738.13427734375,3738.13427734375,3738.13427734375,0
2024-06-04 00:21:00+00:00,3749.479736328125,3749.479736328125,3749.479736328125,3749.479736328125,3749.479736328125,19386368
2024-06-04 00:22:00+00:00,3747.655029296875,3747.655029296875,3747.655029296875,3747.655029296875,3747.655029296875,57050112
2024-06-04 00:23:00+00:00,3745.79638671875,3745.79638671875,3745.79638671875,3745.79638671875,3745.79638671875,122689536
2024-06-04 00:24:00+00:00,3745.83642578125,3745.83642578125,3745.83642578125,3745.83642578125,3745.83642578125,7641088
2024-06-04 00:25:00+00:00,3749.824951171875,3749.824951171875,3749.824951171875,3749.824951171875,3749.824951171875,897024
2024-06-04 00:27:00+00:00,3752.97265625,3752.97265625,3752.97265625,3752.97265625,3752.97265625,97029120
2024-06-04 00:28:00+00:00,3754.92529296875,3754.92529296875,3754.92529296875,3754.92529296875,3754.92529296875,1584128
2024-06-04 00:29:00+00:00,3753.60693359375,3753.60693359375,3753.60693359375,3753.60693359375,3753.60693359375,31721472
2024-06-04 00:30:00+00:00,3749.022705078125,3749.022705078125,3749.022705078125,3749.022705078125,3749.022705078125,4201472
2024-06-04 00:31:00+00:00,3749.398193359375,3749.398193359375,3749.398193359375,3749.398193359375,3749.398193359375,1594368
2024-06-04 00:32:00+00:00,3750.2763671875,3750.2763671875,3750.2763671875,3750.2763671875,3750.2763671875,13283328
2024-06-04 00:33:00+00:00,3752.537109375,3752.537109375,3752.537109375,3752.537109375,3752.537109375,1086464
2024-06-04 00:34:00+00:00,3757.5869140625,3757.5869140625,3757.5869140625,3757.5869140625,3757.5869140625,160768
2024-06-04 00:35:00+00:00,3756.06689453125,3756.06689453125,3756.06689453125,3756.06689453125,3756.06689453125,14344192
2024-06-04 00:36:00+00:00,3755.026611328125,3755.026611328125,3755.026611328125,3755.026611328125,3755.026611328125,225280
2024-06-04 00:37:00+00:00,3758.2529296875,3758.2529296875,3758.2529296875,3758.2529296875,3758.2529296875,6339584
2024-06-04 00:39:00+00:00,3758.753173828125,3758.753173828125,3758.753173828125,3758.753173828125,3758.753173828125,8308736
2024-06-04 00:40:00+00:00,3756.769775390625,3756.769775390625,3756.769775390625,3756.769775390625,3756.769775390625,0
2024-06-04 00:41:00+00:00,3757.180419921875,3757.180419921875,3757.180419921875,3757.180419921875,3757.180419921875,22996992
2024-06-04 00:42:00+00:00,3757.233642578125,3757.233642578125,3757.233642578125,3757.233642578125,3757.233642578125,1158144
2024-06-04 00:43:00+00:00,3755.92578125,3755.92578125,3755.92578125,3755.92578125,3755.92578125,2307072
2024-06-04 00:44:00+00:00,3756.15673828125,3756.15673828125,3756.15673828125,3756.15673828125,3756.15673828125,7272448
2024-06-04 00:45:00+00:00,3756.696044921875,3756.696044921875,3756.696044921875,3756.696044921875,3756.696044921875,10743808
2024-06-04 00:46:00+00:00,3756.281494140625,3756.281494140625,3756.281494140625,3756.281494140625,3756.281494140625,0
2024-06-04 00:47:00+00:00,3759.75439453125,3759.75439453125,3759.75439453125,3759.75439453125,3759.75439453125,0
2024-06-04 00:48:00+00:00,3759.885498046875,3759.885498046875,3759.885498046875,3759.885498046875,3759.885498046875,2828288
2024-06-04 00:49:00+00:00,3760.5048828125,3760.5048828125,3760.5048828125,3760.5048828125,3760.5048828125,2161664
2024-06-04 00:51:00+00:00,3760.440185546875,3760.440185546875,3760.440185546875,3760.440185546875,3760.440185546875,28796928
2024-06-04 00:52:00+00:00,3760.7060546875,3760.7060546875,3760.7060546875,3760.7060546875,3760.7060546875,1346560
2024-06-04 00:53:00+00:00,3760.45263671875,3760.45263671875,3760.45263671875,3760.45263671875,3760.45263671875,24704000
2024-06-04 00:54:00+00:00,3760.33837890625,3760.33837890625,3760.33837890625,3760.33837890625,3760.33837890625,5720064
2024-06-04 00:55:00+00:00,3760.74072265625,3760.74072265625,3760.74072265625,3760.74072265625,3760.74072265625,0
2024-06-04 00:56:00+00:00,3761.287841796875,3761.287841796875,3761.287841796875,3761.287841796875,3761.287841796875,0
2024-06-04 00:57:00+00:00,3759.47314453125,3759.47314453125,3759.47314453125,3759.47314453125,3759.47314453125,2027520
2024-06-04 00:58:00+00:00,3758.196533203125,3758.196533203125,3758.196533203125,3758.196533203125,3758.196533203125,524288
2024-06-04 00:59:00+00:00,3758.8642578125,3758.8642578125,3758.8642578125,3758.8642578125,3758.8642578125,12971008
2024-06-04 01:00:00+00:00,3759.060302734375,3759.060302734375,3759.060302734375,3759.060302734375,3759.060302734375,484352
2024-06-04 01:01:00+00:00,3757.692138671875,3757.692138671875,3757.692138671875,3757.692138671875,3757.692138671875,1573888
2024-06-04 01:03:00+00:00,3753.229736328125,3753.229736328125,3753.229736328125,3753.229736328125,3753.229736328125,0
2024-06-04 01:04:00+00:00,3752.1513671875,3752.1513671875,3752.1513671875,3752.1513671875,3752.1513671875,934912
2024-06-04 01:05:00+00:00,3754.267822265625,3754.267822265625,3754.267822265625,3754.267822265625,3754.267822265625,3022848
2024-06-04 01:06:00+00:00,3755.3046875,3755.3046875,3755.3046875,3755.3046875,3755.3046875,0
2024-06-04 01:07:00+00:00,3756.406982421875,3756.406982421875,3756.406982421875,3756.406982421875,3756.406982421875,512000
2024-06-04 01:08:00+00:00,3756.280029296875,3756.280029296875,3756.280029296875,3756.280029296875,3756.280029296875,0
2024-06-04 01:09:00+00:00,3757.064453125,3757.064453125,3757.064453125,3757.064453125,3757.064453125,0
2024-06-04 01:10:00+00:00,3759.112060546875,3759.112060546875,3759.112060546875,3759.112060546875,3759.112060546875,0
2024-06-04 01:11:00+00:00,3760.767333984375,3760.767333984375,3760.767333984375,3760.767333984375,3760.767333984375,0
2024-06-04 01:12:00+00:00,3761.070068359375,3761.070068359375,3761.070068359375,3761.070068359375,3761.070068359375,0
2024-06-04 01:13:00+00:00,3761.38671875,3761.38671875,3761.38671875,3761.38671875,3761.38671875,1618944
2024-06-04 01:15:00+00:00,3760.833984375,3760.833984375,3760.833984375,3760.833984375,3760.833984375,0
2024-06-04 01:16:00+00:00,3759.55419921875,3759.55419921875,3759.55419921875,3759.55419921875,3759.55419921875,0
2024-06-04 01:17:00+00:00,3760.646484375,3760.646484375,3760.646484375,3760.646484375,3760.646484375,0
2024-06-04 01:18:00+00:00,3761.121826171875,3761.121826171875,3761.121826171875,3761.121826171875,3761.121826171875,0
2024-06-04 01:19:00+00:00,3762.087646484375,3762.087646484375,3762.087646484375,3762.087646484375,3762.087646484375,0
2024-06-04 01:20:00+00:00,3762.061767578125,3762.061767578125,3762.061767578125,3762.061767578125,3762.061767578125,0
2024-06-04 01:21:00+00:00,3763.775146484375,3763.775146484375,3763.775146484375,3763.775146484375,3763.775146484375,0
2024-06-04 01:22:00+00:00,3763.11279296875,3763.11279296875,3763.11279296875,3763.11279296875,3763.11279296875,0
2024-06-04 01:23:00+00:00,3763.052978515625,3763.052978515625,3763.052978515625,3763.052978515625,3763.052978515625,0
2024-06-04 01:24:00+00:00,3761.9521484375,3761.9521484375,3761.9521484375,3761.9521484375,3761.9521484375,0
2024-06-04 01:27:00+00:00,3764.993408203125,3764.993408203125,3764.993408203125,3764.993408203125,3764.993408203125,0
2024-06-04 01:28:00+00:00,3765.70458984375,3765.70458984375,3765.70458984375,3765.70458984375,3765.70458984375,859136
2024-06-04 01:30:00+00:00,3765.199951171875,3765.199951171875,3765.199951171875,3765.199951171875,3765.199951171875,8807424
2024-06-04 01:31:00+00:00,3766.952392578125,3766.952392578125,3766.952392578125,3766.952392578125,3766.952392578125,0
2024-06-04 01:32:00+00:00,3767.755859375,3767.755859375,3767.755859375,3767.755859375,3767.755859375,0
2024-06-04 01:33:00+00:00,3769.73828125,3769.73828125,3769.73828125,3769.73828125,3769.73828125,1895424
2024-06-04 01:34:00+00:00,3774.134521484375,3774.134521484375,3774.134521484375,3774.134521484375,3774.134521484375,582656
2024-06-04 01:35:00+00:00,3773.205810546875,3773.205810546875,3773.205810546875,3773.205810546875,3773.205810546875,6601728
2024-06-04 01:36:00+00:00,3772.5087890625,3772.5087890625,3772.5087890625,3772.5087890625,3772.5087890625,4500480
2024-06-04 01:37:00+00:00,3771.84228515625,3771.84228515625,3771.84228515625,3771.84228515625,3771.84228515625,0
2024-06-04 01:39:00+00:00,3772.58642578125,3772.58642578125,3772.58642578125,3772.58642578125,3772.58642578125,31394816
2024-06-04 01:40:00+00:00,3772.40673828125,3772.40673828125,3772.40673828125,3772.40673828125,3772.40673828125,2419712
2024-06-04 01:41:00+00:00,3771.935546875,3771.935546875,3771.935546875,3771.935546875,3771.935546875,0
2024-06-04 01:42:00+00:00,3771.850830078125,3771.850830078125,3771.850830078125,3771.850830078125,3771.850830078125,0
2024-06-04 01:43:00+00:00,3771.94091796875,3771.94091796875,3771.94091796875,3771.94091796875,3771.94091796875,290816
2024-06-04 01:44:00+00:00,3771.82666015625,3771.82666015625,3771.82666015625,3771.82666015625,3771.82666015625,12477440
2024-06-04 01:45:00+00:00,3770.665283203125,3770.665283203125,3770.665283203125,3770.665283203125,3770.665283203125,0
2024-06-04 01:46:00+00:00,3769.338623046875,3769.338623046875,3769.338623046875,3769.338623046875,3769.338623046875,1006592
2024-06-04 01:47:00+00:00,3769.083251953125,3769.083251953125,3769.083251953125,3769.083251953125,3769.083251953125,0
2024-06-04 01:48:00+00:00,3768.8671875,3768.8671875,3768.8671875,3768.8671875,3768.8671875,611328
2024-06-04 01:49:00+00:00,3770.174560546875,3770.174560546875,3770.174560546875,3770.174560546875,3770.174560546875,0
2024-06-04 01:51:00+00:00,3770.0791015625,3770.0791015625,3770.0791015625,3770.0791015625,3770.0791015625,464896
2024-06-04 01:52:00+00:00,3769.775146484375,3769.775146484375,3769.775146484375,3769.775146484375,3769.775146484375,0
2024-06-04 01:53:00+00:00,3769.278076171875,3769.278076171875,3769.278076171875,3769.278076171875,3769.278076171875,3174400
2024-06-04 01:54:00+00:00,3770.831787109375,3770.831787109375,3770.831787109375,3770.831787109375,3770.831787109375,0
2024-06-04 01:55:00+00:00,3771.820556640625,3771.820556640625,3771.820556640625,3771.820556640625,3771.820556640625,0
2024-06-04 01:56:00+00:00,3771.16015625,3771.16015625,3771.16015625,3771.16015625,3771.16015625,0
2024-06-04 01:57:00+00:00,3771.681396484375,3771.681396484375,3771.681396484375,3771.681396484375,3771.681396484375,0
2024-06-04 01:58:00+00:00,3771.0517578125,3771.0517578125,3771.0517578125,3771.0517578125,3771.0517578125,0
2024-06-04 01:59:00+00:00,3771.9365234375,3771.9365234375,3771.9365234375,3771.9365234375,3771.9365234375,0
2024-06-04 02:00:00+00:00,3774.146240234375,3774.146240234375,3774.146240234375,3774.146240234375,3774.146240234375,0
2024-06-04 02:01:00+00:00,3772.407470703125,3772.407470703125,3772.407470703125,3772.407470703125,3772.407470703125,1164288
2024-06-04 02:03:00+00:00,3773.526123046875,3773.526123046875,3773.526123046875,3773.526123046875,3773.526123046875,0
2024-06-04 02:04:00+00:00,3772.817626953125,3772.817626953125,3772.817626953125,3772.817626953125,3772.817626953125,0
2024-06-04 02:05:00+00:00,3772.900634765625,3772.900634765625,3772.900634765625,3772.900634765625,3772.900634765625,0
2024-06-04 02:06:00+00:00,3772.327392578125,3772.327392578125,3772.327392578125,3772.327392578125,3772.327392578125,0
2024-06-04 02:07:00+00:00,3773.24755859375,3773.24755859375,3773.24755859375,3773.24755859375,3773.24755859375,0
2024-06-04 02:08:00+00:00,3775.119140625,3775.119140625,3775.119140625,3775.119140625,3775.119140625,0
2024-06-04 02:09:00+00:00,3777.13525390625,3777.13525390625,3777.13525390625,3777.13525390625,3777.13525390625,1149952
2024-06-04 02:10:00+00:00,3779.36083984375,3779.36083984375,3779.36083984375,3779.36083984375,3779.36083984375,1564672
2024-06-04 02:11:00+00:00,3777.588134765625,3777.588134765625,3777.588134765625,3777.588134765625,3777.588134765625,7718912
2024-06-04 02:12:00+00:00,3777.172607421875,3777.172607421875,3777.172607421875,3777.172607421875,3777.172607421875,1626112
2024-06-04 02:13:00+00:00,3779.903076171875,3779.903076171875,3779.903076171875,3779.903076171875,3779.903076171875,0
2024-06-04 02:15:00+00:00,3778.0322265625,3778.0322265625,3778.0322265625,3778.0322265625,3778.0322265625,4818944
2024-06-04 02:16:00+00:00,3776.87060546875,3776.87060546875,3776.87060546875,3776.87060546875,3776.87060546875,0
2024-06-04 02:17:00+00:00,3775.6962890625,3775.6962890625,3775.6962890625,3775.6962890625,3775.6962890625,1480704
2024-06-04 02:18:00+00:00,3775.1669921875,3775.1669921875,3775.1669921875,3775.1669921875,3775.1669921875,0
2024-06-04 02:19:00+00:00,3774.341064453125,3774.341064453125,3774.341064453125,3774.341064453125,3774.341064453125,0
2024-06-04 02:20:00+00:00,3774.416015625,3774.416015625,3774.416015625,3774.416015625,3774.416015625,0
2024-06-04 02:21:00+00:00,3774.47412109375,3774.47412109375,3774.47412109375,3774.47412109375,3774.47412109375,0
2024-06-04 02:22:00+00:00,3775.08984375,3775.08984375,3775.08984375,3775.08984375,3775.08984375,0
2024-06-04 02:23:00+00:00,3775.21533203125,3775.21533203125,3775.21533203125,3775.21533203125,3775.21533203125,6284288
2024-06-04 02:24:00+00:00,3774.30615234375,3774.30615234375,3774.30615234375,3774.30615234375,3774.30615234375,0
2024-06-04 02:25:00+00:00,3774.095947265625,3774.095947265625,3774.095947265625,3774.095947265625,3774.095947265625,0
2024-06-04 02:27:00+00:00,3775.739013671875,3775.739013671875,3775.739013671875,3775.739013671875,3775.739013671875,0
2024-06-04 02:28:00+00:00,3775.599365234375,3775.599365234375,3775.599365234375,3775.599365234375,3775.599365234375,179200
2024-06-04 02:29:00+00:00,3775.86474609375,3775.86474609375,3775.86474609375,3775.86474609375,3775.86474609375,0
2024-06-04 02:30:00+00:00,3775.634033203125,3775.634033203125,3775.634033203125,3775.634033203125,3775.634033203125,29696
2024-06-04 02:31:00+00:00,3773.992919921875,3773.992919921875,3773.992919921875,3773.992919921875,3773.992919921875,0
2024-06-04 02:32:00+00:00,3774.28564453125,3774.28564453125,3774.28564453125,3774.28564453125,3774.28564453125,0
2024-06-04 02:33:00+00:00,3774.228515625,3774.228515625,3774.228515625,3774.228515625,3774.228515625,0
2024-06-04 02:34:00+00:00,3773.845458984375,3773.845458984375,3773.845458984375,3773.845458984375,3773.845458984375,0
2024-06-04 02:35:00+00:00,3773.67431640625,3773.67431640625,3773.67431640625,3773.67431640625,3773.67431640625,0
2024-06-04 02:36:00+00:00,3772.0380859375,3772.0380859375,3772.0380859375,3772.0380859375,3772.0380859375,1173504
2024-06-04 02:37:00+00:00,3772.0595703125,3772.0595703125,3772.0595703125,3772.0595703125,3772.0595703125,6156288
2024-06-04 02:39:00+00:00,3773.12548828125,3773.12548828125,3773.12548828125,3773.12548828125,3773.12548828125,0
2024-06-04 02:40:00+00:00,3772.635498046875,3772.635498046875,3772.635498046875,3772.635498046875,3772.635498046875,0
2024-06-04 02:41:00+00:00,3771.83251953125,3771.83251953125,3771.83251953125,3771.83251953125,3771.83251953125,0
2024-06-04 02:42:00+00:00,3769.6513671875,3769.6513671875,3769.6513671875,3769.6513671875,3769.6513671875,0
2024-06-04 02:43:00+00:00,3770.345458984375,3770.345458984375,3770.345458984375,3770.345458984375,3770.345458984375,973824
2024-06-04 02:44:00+00:00,3770.945068359375,3770.945068359375,3770.945068359375,3770.945068359375,3770.945068359375,0
2024-06-04 02:45:00+00:00,3772.141357421875,3772.141357421875,3772.141357421875,3772.141357421875,3772.141357421875,1081344
2024-06-04 02:46:00+00:00,3771.9208984375,3771.9208984375,3771.9208984375,3771.9208984375,3771.9208984375,0
2024-06-04 02:47:00+00:00,3771.04150390625,3771.04150390625,3771.04150390625,3771.04150390625,3771.04150390625,0
2024-06-04 02:48:00+00:00,3770.888671875,3770.888671875,3770.888671875,3770.888671875,3770.888671875,0
2024-06-04 02:49:00+00:00,3769.07080078125,3769.07080078125,3769.07080078125,3769.07080078125,3769.07080078125,0
2024-06-04 02:51:00+00:00,3770.822265625,3770.822265625,3770.822265625,3770.822265625,3770.822265625,3895296
2024-06-04 02:52:00+00:00,3769.90185546875,3769.90185546875,3769.90185546875,3769.90185546875,3769.90185546875,969728
2024-06-04 02:53:00+00:00,3768.939453125,3768.939453125,3768.939453125,3768.939453125,3768.939453125,579584
2024-06-04 02:54:00+00:00,3768.615478515625,3768.615478515625,3768.615478515625,3768.615478515625,3768.615478515625,0
2024-06-04 02:55:00+00:00,3768.50439453125,3768.50439453125,3768.50439453125,3768.50439453125,3768.50439453125,0
2024-06-04 02:56:00+00:00,3767.99560546875,3767.99560546875,3767.99560546875,3767.99560546875,3767.99560546875,0
2024-06-04 02:57:00+00:00,3768.65380859375,3768.65380859375,3768.65380859375,3768.65380859375,3768.65380859375,770048
2024-06-04 02:58:00+00:00,3768.5703125,3768.5703125,3768.5703125,3768.5703125,3768.5703125,1845248
2024-06-04 02:59:00+00:00,3768.801025390625,3768.801025390625,3768.801025390625,3768.801025390625,3768.801025390625,6463488
2024-06-04 03:00:00+00:00,3769.846923828125,3769.846923828125,3769.846923828125,3769.846923828125,3769.846923828125,0
2024-06-04 03:01:00+00:00,3769.407958984375,3769.407958984375,3769.407958984375,3769.407958984375,3769.407958984375,0
2024-06-04 03:03:00+00:00,3771.8662109375,3771.8662109375,3771.8662109375,3771.8662109375,3771.8662109375,0
2024-06-04 03:04:00+00:00,3773.884033203125,3773.884033203125,3773.884033203125,3773.884033203125,3773.884033203125,0
2024-06-04 03:05:00+00:00,3774.05322265625,3774.05322265625,3774.05322265625,3774.05322265625,3774.05322265625,0
2024-06-04 03:06:00+00:00,3774.314208984375,3774.314208984375,3774.314208984375,3774.314208984375,3774.314208984375,0
2024-06-04 03:07:00+00:00,3775.100341796875,3775.100341796875,3775.100341796875,3775.100341796875,3775.100341796875,0
2024-06-04 03:08:00+00:00,3775.18115234375,3775.18115234375,3775.18115234375,3775.18115234375,3775.18115234375,0
2024-06-04 03:09:00+00:00,3777.085693359375,3777.085693359375,3777.085693359375,3777.085693359375,3777.085693359375,0
2024-06-04 03:10:00+00:00,3778.983154296875,3778.983154296875,3778.983154296875,3778.983154296875,3778.983154296875,253952
2024-06-04 03:11:00+00:00,3780.26611328125,3780.26611328125,3780.26611328125,3780.26611328125,3780.26611328125,4001792
2024-06-04 03:12:00+00:00,3781.100830078125,3781.100830078125,3781.100830078125,3781.100830078125,3781.100830078125,2693120
2024-06-04 03:13:00+00:00,3782.832275390625,3782.832275390625,3782.832275390625,3782.832275390625,3782.832275390625,3086336
2024-06-04 03:15:00+00:00,3781.314208984375,3781.314208984375,3781.314208984375,3781.314208984375,3781.314208984375,8274944
2024-06-04 03:16:00+00:00,3781.4521484375,3781.4521484375,3781.4521484375,3781.4521484375,3781.4521484375,0
2024-06-04 03:17:00+00:00,3780.786865234375,3780.786865234375,3780.786865234375,3780.786865234375,3780.786865234375,13351936
2024-06-04 03:18:00+00:00,3779.173583984375,3779.173583984375,3779.173583984375,3779.173583984375,3779.173583984375,6548480
2024-06-04 03:20:00+00:00,3776.906005859375,3776.906005859375,3776.906005859375,3776.906005859375,3776.906005859375,12778496
2024-06-04 03:21:00+00:00,3776.267822265625,3776.267822265625,3776.267822265625,3776.267822265625,3776.267822265625,2035712
2024-06-04 03:22:00+00:00,3776.23046875,3776.23046875,3776.23046875,3776.23046875,3776.23046875,0
2024-06-04 03:23:00+00:00,3776.54150390625,3776.54150390625,3776.54150390625,3776.54150390625,3776.54150390625,0
2024-06-04 03:24:00+00:00,3776.15087890625,3776.15087890625,3776.15087890625,3776.15087890625,3776.15087890625,0
2024-06-04 03:25:00+00:00,3775.951171875,3775.951171875,3775.951171875,3775.951171875,3775.951171875,4827136
2024-06-04 03:27:00+00:00,3776.16845703125,3776.16845703125,3776.16845703125,3776.16845703125,3776.16845703125,27648
2024-06-04 03:28:00+00:00,3776.015380859375,3776.015380859375,3776.015380859375,3776.015380859375,3776.015380859375,4310016
2024-06-04 03:29:00+00:00,3775.03515625,3775.03515625,3775.03515625,3775.03515625,3775.03515625,0
2024-06-04 03:30:00+00:00,3775.06689453125,3775.06689453125,3775.06689453125,3775.06689453125,3775.06689453125,0
2024-06-04 03:31:00+00:00,3774.9072265625,3774.9072265625,3774.9072265625,3774.9072265625,3774.9072265625,0
2024-06-04 03:32:00+00:00,3774.7275390625,3774.7275390625,3774.7275390625,3774.7275390625,3774.7275390625,11616256
2024-06-04 03:33:00+00:00,3774.699462890625,3774.699462890625,3774.699462890625,3774.699462890625,3774.699462890625,1007616
2024-06-04 03:34:00+00:00,3775.213134765625,3775.213134765625,3775.213134765625,3775.213134765625,3775.213134765625,3481600
2024-06-04 03:35:00+00:00,3775.29296875,3775.29296875,3775.29296875,3775.29296875,3775.29296875,0
2024-06-04 03:36:00+00:00,3774.728515625,3774.728515625,3774.728515625,3774.728515625,3774.728515625,0
2024-06-04 03:37:00+00:00,3775.684814453125,3775.684814453125,3775.684814453125,3775.684814453125,3775.684814453125,0
2024-06-04 03:39:00+00:00,3775.094482421875,3775.094482421875,3775.094482421875,3775.094482421875,3775.094482421875,10023936
2024-06-04 03:40:00+00:00,3776.6494140625,3776.6494140625,3776.6494140625,3776.6494140625,3776.6494140625,0
2024-06-04 03:41:00+00:00,3777.75146484375,3777.75146484375,3777.75146484375,3777.75146484375,3777.75146484375,10240
2024-06-04 03:42:00+00:00,3778.396484375,3778.396484375,3778.396484375,3778.396484375,3778.396484375,3929088
2024-06-04 03:43:00+00:00,3777.1298828125,3777.1298828125,3777.1298828125,3777.1298828125,3777.1298828125,0
2024-06-04 03:44:00+00:00,3776.4873046875,3776.4873046875,3776.4873046875,3776.4873046875,3776.4873046875,8299520
2024-06-04 03:45:00+00:00,3776.200439453125,3776.200439453125,3776.200439453125,3776.200439453125,3776.200439453125,734208
2024-06-04 03:46:00+00:00,3775.89306640625,3775.89306640625,3775.89306640625,3775.89306640625,3775.89306640625,0
2024-06-04 03:47:00+00:00,3775.47412109375,3775.47412109375,3775.47412109375,3775.47412109375,3775.47412109375,66560
2024-06-04 03:48:00+00:00,3775.292236328125,3775.292236328125,3775.292236328125,3775.292236328125,3775.292236328125,571392
2024-06-04 03:49:00+00:00,3774.458740234375,3774.458740234375,3774.458740234375,3774.458740234375,3774.458740234375,303104
2024-06-04 03:51:00+00:00,3773.605712890625,3773.605712890625,3773.605712890625,3773.605712890625,3773.605712890625,0
2024-06-04 03:52:00+00:00,3774.333984375,3774.333984375,3774.333984375,3774.333984375,3774.333984375,312320
2024-06-04 03:53:00+00:00,3773.9755859375,3773.9755859375,3773.9755859375,3773.9755859375,3773.9755859375,5819392
2024-06-04 03:54:00+00:00,3773.443359375,3773.443359375,3773.443359375,3773.443359375,3773.443359375,244736
2024-06-04 03:55:00+00:00,3772.764892578125,3772.764892578125,3772.764892578125,3772.764892578125,3772.764892578125,1439744
2024-06-04 03:56:00+00:00,3773.156494140625,3773.156494140625,3773.156494140625,3773.156494140625,3773.156494140625,5769216
2024-06-04 03:57:00+00:00,3773.3916015625,3773.3916015625,3773.3916015625,3773.3916015625,3773.3916015625,1164288
2024-06-04 03:58:00+00:00,3773.703125,3773.703125,3773.703125,3773.703125,3773.703125,1207296
2024-06-04 03:59:00+00:00,3773.67041015625,3773.67041015625,3773.67041015625,3773.67041015625,3773.67041015625,0
2024-06-04 04:00:00+00:00,3773.127197265625,3773.127197265625,3773.127197265625,3773.127197265625,3773.127197265625,1364992
2024-06-04 04:01:00+00:00,3772.35986328125,3772.35986328125,3772.35986328125,3772.35986328125,3772.35986328125,194560
2024-06-04 04:03:00+00:00,3772.292236328125,3772.292236328125,3772.292236328125,3772.292236328125,3772.292236328125,0
2024-06-04 04:04:00+00:00,3771.13720703125,3771.13720703125,3771.13720703125,3771.13720703125,3771.13720703125,901120
2024-06-04 04:05:00+00:00,3770.3076171875,3770.3076171875,3770.3076171875,3770.3076171875,3770.3076171875,0
2024-06-04 04:06:00+00:00,3770.027587890625,3770.027587890625,3770.027587890625,3770.027587890625,3770.027587890625,0
2024-06-04 04:07:00+00:00,3770.130859375,3770.130859375,3770.130859375,3770.130859375,3770.130859375,2993152
2024-06-04 04:08:00+00:00,3771.772216796875,3771.772216796875,3771.772216796875,3771.772216796875,3771.772216796875,4716544
2024-06-04 04:09:00+00:00,3773.85791015625,3773.85791015625,3773.85791015625,3773.85791015625,3773.85791015625,0
2024-06-04 04:10:00+00:00,3774.628173828125,3774.628173828125,3774.628173828125,3774.628173828125,3774.628173828125,0
2024-06-04 04:11:00+00:00,3775.8798828125,3775.8798828125,3775.8798828125,3775.8798828125,3775.8798828125,7083008
2024-06-04 04:12:00+00:00,3775.589599609375,3775.589599609375,3775.589599609375,3775.589599609375,3775.589599609375,0
2024-06-04 04:13:00+00:00,3776.490478515625,3776.490478515625,3776.490478515625,3776.490478515625,3776.490478515625,2233344
2024-06-04 04:15:00+00:00,3775.058349609375,3775.058349609375,3775.058349609375,3775.058349609375,3775.058349609375,10309632
2024-06-04 04:16:00+00:00,3774.84130859375,3774.84130859375,3774.84130859375,3774.84130859375,3774.84130859375,0
2024-06-04 04:17:00+00:00,3774.899169921875,3774.899169921875,3774.899169921875,3774.899169921875,3774.899169921875,0
2024-06-04 04:18:00+00:00,3774.091552734375,3774.091552734375,3774.091552734375,3774.091552734375,3774.091552734375,4204544
2024-06-04 04:19:00+00:00,3773.81005859375,3773.81005859375,3773.81005859375,3773.81005859375,3773.81005859375,3765248
2024-06-04 04:20:00+00:00,3773.543212890625,3773.543212890625,3773.543212890625,3773.543212890625,3773.543212890625,39936
2024-06-04 04:21:00+00:00,3773.068115234375,3773.068115234375,3773.068115234375,3773.068115234375,3773.068115234375,0
2024-06-04 04:22:00+00:00,3772.8955078125,3772.8955078125,3772.8955078125,3772.8955078125,3772.8955078125,1952768
2024-06-04 04:23:00+00:00,3773.14404296875,3773.14404296875,3773.14404296875,3773.14404296875,3773.14404296875,0
2024-06-04 04:24:00+00:00,3774.206298828125,3774.206298828125,3774.206298828125,3774.206298828125,3774.206298828125,7083008
2024-06-04 04:25:00+00:00,3775.177978515625,3775.177978515625,3775.177978515625,3775.177978515625,3775.177978515625,0
2024-06-04 04:27:00+00:00,3773.964111328125,3773.964111328125,3773.964111328125,3773.964111328125,3773.964111328125,0
2024-06-04 04:28:00+00:00,3773.375,3773.375,3773.375,3773.375,3773.375,2915328
2024-06-04 04:29:00+00:00,3773.480712890625,3773.480712890625,3773.480712890625,3773.480712890625,3773.480712890625,926720
2024-06-04 04:30:00+00:00,3772.395751953125,3772.395751953125,3772.395751953125,3772.395751953125,3772.395751953125,10759168
2024-06-04 04:31:00+00:00,3773.040771484375,3773.040771484375,3773.040771484375,3773.040771484375,3773.040771484375,0
2024-06-04 04:32:00+00:00,3773.28515625,3773.28515625,3773.28515625,3773.28515625,3773.28515625,0
2024-06-04 04:33:00+00:00,3773.659912109375,3773.659912109375,3773.659912109375,3773.659912109375,3773.659912109375,2288640
2024-06-04 04:34:00+00:00,3774.450439453125,3774.450439453125,3774.450439453125,3774.450439453125,3774.450439453125,834560
2024-06-04 04:35:00+00:00,3775.265625,3775.265625,3775.265625,3775.265625,3775.265625,11323392
2024-06-04 04:36:00+00:00,3775.115966796875,3775.115966796875,3775.115966796875,3775.115966796875,3775.115966796875,0
2024-06-04 04:37:00+00:00,3775.392333984375,3775.392333984375,3775.392333984375,3775.392333984375,3775.392333984375,0
2024-06-04 04:39:00+00:00,3773.9755859375,3773.9755859375,3773.9755859375,3773.9755859375,3773.9755859375,0
2024-06-04 04:40:00+00:00,3773.8134765625,3773.8134765625,3773.8134765625,3773.8134765625,3773.8134765625,0
2024-06-04 04:41:00+00:00,3773.68017578125,3773.68017578125,3773.68017578125,3773.68017578125,3773.68017578125,0
2024-06-04 04:42:00+00:00,3773.470703125,3773.470703125,3773.470703125,3773.470703125,3773.470703125,0
2024-06-04 04:43:00+00:00,3773.089111328125,3773.089111328125,3773.089111328125,3773.089111328125,3773.089111328125,0
2024-06-04 04:44:00+00:00,3772.296875,3772.296875,3772.296875,3772.296875,3772.296875,0
2024-06-04 04:45:00+00:00,3772.66015625,3772.66015625,3772.66015625,3772.66015625,3772.66015625,0
2024-06-04 04:46:00+00:00,3771.966064453125,3771.966064453125,3771.966064453125,3771.966064453125,3771.966064453125,0
2024-06-04 04:47:00+00:00,3770.84423828125,3770.84423828125,3770.84423828125,3770.84423828125,3770.84423828125,2238464
2024-06-04 04:48:00+00:00,3770.6767578125,3770.6767578125,3770.6767578125,3770.6767578125,3770.6767578125,0
2024-06-04 04:49:00+00:00,3770.523681640625,3770.523681640625,3770.523681640625,3770.523681640625,3770.523681640625,269312
2024-06-04 04:51:00+00:00,3770.85595703125,3770.85595703125,3770.85595703125,3770.85595703125,3770.85595703125,0
2024-06-04 04:52:00+00:00,3770.58642578125,3770.58642578125,3770.58642578125,3770.58642578125,3770.58642578125,0
2024-06-04 04:53:00+00:00,3769.88427734375,3769.88427734375,3769.88427734375,3769.88427734375,3769.88427734375,0
2024-06-04 04:54:00+00:00,3769.296142578125,3769.296142578125,3769.296142578125,3769.296142578125,3769.296142578125,0
2024-06-04 04:55:00+00:00,3769.160888671875,3769.160888671875,3769.160888671875,3769.160888671875,3769.160888671875,0
2024-06-04 04:56:00+00:00,3766.9130859375,3766.9130859375,3766.9130859375,3766.9130859375,3766.9130859375,0
2024-06-04 04:57:00+00:00,3766.1650390625,3766.1650390625,3766.1650390625,3766.1650390625,3766.1650390625,0
2024-06-04 04:58:00+00:00,3765.32861328125,3765.32861328125,3765.32861328125,3765.32861328125,3765.32861328125,0
2024-06-04 04:59:00+00:00,3764.61572265625,3764.61572265625,3764.61572265625,3764.61572265625,3764.61572265625,0
2024-06-04 05:00:00+00:00,3763.8017578125,3763.8017578125,3763.8017578125,3763.8017578125,3763.8017578125,0
2024-06-04 05:01:00+00:00,3763.21044921875,3763.21044921875,3763.21044921875,3763.21044921875,3763.21044921875,0
2024-06-04 05:03:00+00:00,3762.005859375,3762.005859375,3762.005859375,3762.005859375,3762.005859375,0
2024-06-04 05:04:00+00:00,3761.17724609375,3761.17724609375,3761.17724609375,3761.17724609375,3761.17724609375,0
2024-06-04 05:05:00+00:00,3763.564453125,3763.564453125,3763.564453125,3763.564453125,3763.564453125,0
2024-06-04 05:06:00+00:00,3765.386962890625,3765.386962890625,3765.386962890625,3765.386962890625,3765.386962890625,0
2024-06-04 05:07:00+00:00,3766.15283203125,3766.15283203125,3766.15283203125,3766.15283203125,3766.15283203125,1656832
2024-06-04 05:08:00+00:00,3766.40087890625,3766.40087890625,3766.40087890625,3766.40087890625,3766.40087890625,1282048
2024-06-04 05:09:00+00:00,3767.181640625,3767.181640625,3767.181640625,3767.181640625,3767.181640625,960512
2024-06-04 05:10:00+00:00,3767.085693359375,3767.085693359375,3767.085693359375,3767.085693359375,3767.085693359375,0
2024-06-04 05:11:00+00:00,3767.259765625,3767.259765625,3767.259765625,3767.259765625,3767.259765625,0
2024-06-04 05:12:00+00:00,3767.4892578125,3767.4892578125,3767.4892578125,3767.4892578125,3767.4892578125,0
2024-06-04 05:13:00+00:00,3767.853271484375,3767.853271484375,3767.853271484375,3767.853271484375,3767.853271484375,35840
2024-06-04 05:15:00+00:00,3769.504638671875,3769.504638671875,3769.504638671875,3769.504638671875,3769.504638671875,6103040
2024-06-04 05:16:00+00:00,3769.979248046875,3769.979248046875,3769.979248046875,3769.979248046875,3769.979248046875,632832
2024-06-04 05:17:00+00:00,3769.609375,3769.609375,3769.609375,3769.609375,3769.609375,0
2024-06-04 05:18:00+00:00,3767.407470703125,3767.407470703125,3767.407470703125,3767.407470703125,3767.407470703125,0
2024-06-04 05:19:00+00:00,3770.346923828125,3770.346923828125,3770.346923828125,3770.346923828125,3770.346923828125,2458624
2024-06-04 05:20:00+00:00,3771.623291015625,3771.623291015625,3771.623291015625,3771.623291015625,3771.623291015625,0
2024-06-04 05:21:00+00:00,3772.2392578125,3772.2392578125,3772.2392578125,3772.2392578125,3772.2392578125,0
2024-06-04 05:22:00+00:00,3770.1982421875,3770.1982421875,3770.1982421875,3770.1982421875,3770.1982421875,0
2024-06-04 05:23:00+00:00,3769.440673828125,3769.440673828125,3769.440673828125,3769.440673828125,3769.440673828125,0
2024-06-04 05:24:00+00:00,3769.1796875,3769.1796875,3769.1796875,3769.1796875,3769.1796875,0
2024-06-04 05:25:00+00:00,3768.99853515625,3768.99853515625,3768.99853515625,3768.99853515625,3768.99853515625,0
2024-06-04 05:27:00+00:00,3769.08984375,3769.08984375,3769.08984375,3769.08984375,3769.08984375,0
2024-06-04 05:28:00+00:00,3768.60107421875,3768.60107421875,3768.60107421875,3768.60107421875,3768.60107421875,92160
2024-06-04 05:29:00+00:00,3768.423583984375,3768.423583984375,3768.423583984375,3768.423583984375,3768.423583984375,0
2024-06-04 05:30:00+00:00,3768.660888671875,3768.660888671875,3768.660888671875,3768.660888671875,3768.660888671875,0
2024-06-04 05:31:00+00:00,3767.95849609375,3767.95849609375,3767.95849609375,3767.95849609375,3767.95849609375,0
2024-06-04 05:32:00+00:00,3767.395751953125,3767.395751953125,3767.395751953125,3767.395751953125,3767.395751953125,0
2024-06-04 05:33:00+00:00,3764.595458984375,3764.595458984375,3764.595458984375,3764.595458984375,3764.595458984375,0
2024-06-04 05:34:00+00:00,3764.55322265625,3764.55322265625,3764.55322265625,3764.55322265625,3764.55322265625,0
2024-06-04 05:35:00+00:00,3764.55322265625,3764.55322265625,3764.55322265625,3764.55322265625,3764.55322265625,0
2024-06-04 05:36:00+00:00,3765.414794921875,3765.414794921875,3765.414794921875,3765.414794921875,3765.414794921875,0
2024-06-04 05:37:00+00:00,3763.7314453125,3763.7314453125,3763.7314453125,3763.7314453125,3763.7314453125,508928
2024-06-04 05:39:00+00:00,3763.48291015625,3763.48291015625,3763.48291015625,3763.48291015625,3763.48291015625,0
2024-06-04 05:40:00+00:00,3764.09716796875,3764.09716796875,3764.09716796875,3764.09716796875,3764.09716796875,0
2024-06-04 05:41:00+00:00,3763.576171875,3763.576171875,3763.576171875,3763.576171875,3763.576171875,0
2024-06-04 05:42:00+00:00,3762.880126953125,3762.880126953125,3762.880126953125,3762.880126953125,3762.880126953125,0
2024-06-04 05:43:00+00:00,3762.5224609375,3762.5224609375,3762.5224609375,3762.5224609375,3762.5224609375,0
2024-06-04 05:44:00+00:00,3762.635009765625,3762.635009765625,3762.635009765625,3762.635009765625,3762.635009765625,2375680
2024-06-04 05:45:00+00:00,3762.902587890625,3762.902587890625,3762.902587890625,3762.902587890625,3762.902587890625,0
2024-06-04 05:46:00+00:00,3763.267333984375,3763.267333984375,3763.267333984375,3763.267333984375,3763.267333984375,183296
2024-06-04 05:47:00+00:00,3762.9248046875,3762.9248046875,3762.9248046875,3762.9248046875,3762.9248046875,2601984
2024-06-04 05:48:00+00:00,3762.256103515625,3762.256103515625,3762.256103515625,3762.256103515625,3762.256103515625,0
2024-06-04 05:49:00+00:00,3763.855712890625,3763.855712890625,3763.855712890625,3763.855712890625,3763.855712890625,1148928
2024-06-04 05:51:00+00:00,3764.718994140625,3764.718994140625,3764.718994140625,3764.718994140625,3764.718994140625,0
2024-06-04 05:52:00+00:00,3766.276123046875,3766.276123046875,3766.276123046875,3766.276123046875,3766.276123046875,0
2024-06-04 05:53:00+00:00,3764.41455078125,3764.41455078125,3764.41455078125,3764.41455078125,3764.41455078125,0
2024-06-04 05:54:00+00:00,3764.086669921875,3764.086669921875,3764.086669921875,3764.086669921875,3764.086669921875,0
2024-06-04 05:55:00+00:00,3764.727783203125,3764.727783203125,3764.727783203125,3764.727783203125,3764.727783203125,0
2024-06-04 05:56:00+00:00,3765.646484375,3765.646484375,3765.646484375,3765.646484375,3765.646484375,0
2024-06-04 05:57:00+00:00,3763.8837890625,3763.8837890625,3763.8837890625,3763.8837890625,3763.8837890625,0
2024-06-04 05:58:00+00:00,3762.6669921875,3762.6669921875,3762.6669921875,3762.6669921875,3762.6669921875,537600
2024-06-04 05:59:00+00:00,3759.8046875,3759.8046875,3759.8046875,3759.8046875,3759.8046875,0
2024-06-04 06:00:00+00:00,3760.58056640625,3760.58056640625,3760.58056640625,3760.58056640625,3760.58056640625,3691520
2024-06-04 06:01:00+00:00,3760.041748046875,3760.041748046875,3760.041748046875,3760.041748046875,3760.041748046875,0
2024-06-04 06:03:00+00:00,3761.42724609375,3761.42724609375,3761.42724609375,3761.42724609375,3761.42724609375,0
2024-06-04 06:04:00+00:00,3760.51318359375,3760.51318359375,3760.51318359375,3760.51318359375,3760.51318359375,5154816
2024-06-04 06:05:00+00:00,3760.873046875,3760.873046875,3760.873046875,3760.873046875,3760.873046875,0
2024-06-04 06:06:00+00:00,3758.298828125,3758.298828125,3758.298828125,3758.298828125,3758.298828125,0
2024-06-04 06:07:00+00:00,3755.74853515625,3755.74853515625,3755.74853515625,3755.74853515625,3755.74853515625,1846272
2024-06-04 06:08:00+00:00,3754.48046875,3754.48046875,3754.48046875,3754.48046875,3754.48046875,5810176
2024-06-04 06:09:00+00:00,3753.438720703125,3753.438720703125,3753.438720703125,3753.438720703125,3753.438720703125,3089408
2024-06-04 06:10:00+00:00,3754.47314453125,3754.47314453125,3754.47314453125,3754.47314453125,3754.47314453125,1641472
2024-06-04 06:11:00+00:00,3758.538818359375,3758.538818359375,3758.538818359375,3758.538818359375,3758.538818359375,4992000
2024-06-04 06:12:00+00:00,3757.604736328125,3757.604736328125,3757.604736328125,3757.604736328125,3757.604736328125,2925568
2024-06-04 06:13:00+00:00,3756.2841796875,3756.2841796875,3756.2841796875,3756.2841796875,3756.2841796875,0
2024-06-04 06:15:00+00:00,3758.002685546875,3758.002685546875,3758.002685546875,3758.002685546875,3758.002685546875,24288256
2024-06-04 06:16:00+00:00,3757.484130859375,3757.484130859375,3757.484130859375,3757.484130859375,3757.484130859375,0
2024-06-04 06:17:00+00:00,3756.022705078125,3756.022705078125,3756.022705078125,3756.022705078125,3756.022705078125,0
2024-06-04 06:18:00+00:00,3755.388916015625,3755.388916015625,3755.388916015625,3755.388916015625,3755.388916015625,0
2024-06-04 06:19:00+00:00,3754.62548828125,3754.62548828125,3754.62548828125,3754.62548828125,3754.62548828125,1670144
2024-06-04 06:20:00+00:00,3755.105224609375,3755.105224609375,3755.105224609375,3755.105224609375,3755.105224609375,0
2024-06-04 06:21:00+00:00,3755.97265625,3755.97265625,3755.97265625,3755.97265625,3755.97265625,0
2024-06-04 06:22:00+00:00,3756.19775390625,3756.19775390625,3756.19775390625,3756.19775390625,3756.19775390625,0
2024-06-04 06:23:00+00:00,3758.971435546875,3758.971435546875,3758.971435546875,3758.971435546875,3758.971435546875,0
2024-06-04 06:24:00+00:00,3758.885498046875,3758.885498046875,3758.885498046875,3758.885498046875,3758.885498046875,0
2024-06-04 06:25:00+00:00,3759.3447265625,3759.3447265625,3759.3447265625,3759.3447265625,3759.3447265625,3203072
2024-06-04 06:27:00+00:00,3760.77734375,3760.77734375,3760.77734375,3760.77734375,3760.77734375,0
2024-06-04 06:28:00+00:00,3759.925048828125,3759.925048828125,3759.925048828125,3759.925048828125,3759.925048828125,0
2024-06-04 06:29:00+00:00,3761.036865234375,3761.036865234375,3761.036865234375,3761.036865234375,3761.036865234375,0
2024-06-04 06:30:00+00:00,3762.0478515625,3762.0478515625,3762.0478515625,3762.0478515625,3762.0478515625,0
2024-06-04 06:31:00+00:00,3763.190673828125,3763.190673828125,3763.190673828125,3763.190673828125,3763.190673828125,0
2024-06-04 06:32:00+00:00,3762.763916015625,3762.763916015625,3762.763916015625,3762.763916015625,3762.763916015625,0
2024-06-04 06:33:00+00:00,3763.2490234375,3763.2490234375,3763.2490234375,3763.2490234375,3763.2490234375,0
2024-06-04 06:34:00+00:00,3763.771240234375,3763.771240234375,3763.771240234375,3763.771240234375,3763.771240234375,0
2024-06-04 06:35:00+00:00,3763.345947265625,3763.345947265625,3763.345947265625,3763.345947265625,3763.345947265625,0
2024-06-04 06:36:00+00:00,3762.473388671875,3762.473388671875,3762.473388671875,3762.473388671875,3762.473388671875,0
2024-06-04 06:37:00+00:00,3763.09521484375,3763.09521484375,3763.09521484375,3763.09521484375,3763.09521484375,0
2024-06-04 06:39:00+00:00,3765.137451171875,3765.137451171875,3765.137451171875,3765.137451171875,3765.137451171875,0
2024-06-04 06:40:00+00:00,3765.58447265625,3765.58447265625,3765.58447265625,3765.58447265625,3765.58447265625,0
2024-06-04 06:41:00+00:00,3765.52734375,3765.52734375,3765.52734375,3765.52734375,3765.52734375,0
2024-06-04 06:42:00+00:00,3765.897705078125,3765.897705078125,3765.897705078125,3765.897705078125,3765.897705078125,0
2024-06-04 06:43:00+00:00,3765.996826171875,3765.996826171875,3765.996826171875,3765.996826171875,3765.996826171875,0
2024-06-04 06:44:00+00:00,3764.561767578125,3764.561767578125,3764.561767578125,3764.561767578125,3764.561767578125,0
2024-06-04 06:45:00+00:00,3762.6474609375,3762.6474609375,3762.6474609375,3762.6474609375,3762.6474609375,0
2024-06-04 06:46:00+00:00,3762.3271484375,3762.3271484375,3762.3271484375,3762.3271484375,3762.3271484375,0
2024-06-04 06:47:00+00:00,3764.096923828125,3764.096923828125,3764.096923828125,3764.096923828125,3764.096923828125,0
2024-06-04 06:48:00+00:00,3765.968505859375,3765.968505859375,3765.968505859375,3765.968505859375,3765.968505859375,0
2024-06-04 06:49:00+00:00,3767.588134765625,3767.588134765625,3767.588134765625,3767.588134765625,3767.588134765625,0
2024-06-04 06:51:00+00:00,3767.388916015625,3767.388916015625,3767.388916015625,3767.388916015625,3767.388916015625,0
2024-06-04 06:52:00+00:00,3767.097900390625,3767.097900390625,3767.097900390625,3767.097900390625,3767.097900390625,0
2024-06-04 06:53:00+00:00,3766.64404296875,3766.64404296875,3766.64404296875,3766.64404296875,3766.64404296875,1770496
2024-06-04 06:54:00+00:00,3764.688720703125,3764.688720703125,3764.688720703125,3764.688720703125,3764.688720703125,0
2024-06-04 06:55:00+00:00,3764.322509765625,3764.322509765625,3764.322509765625,3764.322509765625,3764.322509765625,1659904
2024-06-04 06:56:00+00:00,3763.24853515625,3763.24853515625,3763.24853515625,3763.24853515625,3763.24853515625,0
2024-06-04 06:57:00+00:00,3762.76708984375,3762.76708984375,3762.76708984375,3762.76708984375,3762.76708984375,0
2024-06-04 06:58:00+00:00,3764.247802734375,3764.247802734375,3764.247802734375,3764.247802734375,3764.247802734375,0
2024-06-04 06:59:00+00:00,3763.956787109375,3763.956787109375,3763.956787109375,3763.956787109375,3763.956787109375,0
2024-06-04 07:00:00+00:00,3762.807861328125,3762.807861328125,3762.807861328125,3762.807861328125,3762.807861328125,0
2024-06-04 07:01:00+00:00,3763.041015625,3763.041015625,3763.041015625,3763.041015625,3763.041015625,0
2024-06-04 07:02:00+00:00,3763.927978515625,3763.927978515625,3763.927978515625,3763.927978515625,3763.927978515625,0
2024-06-04 07:04:00+00:00,3765.094970703125,3765.094970703125,3765.094970703125,3765.094970703125,3765.094970703125,0
2024-06-04 07:05:00+00:00,3766.719482421875,3766.719482421875,3766.719482421875,3766.719482421875,3766.719482421875,0
2024-06-04 07:06:00+00:00,3766.6494140625,3766.6494140625,3766.6494140625,3766.6494140625,3766.6494140625,0
2024-06-04 07:07:00+00:00,3766.545654296875,3766.545654296875,3766.545654296875,3766.545654296875,3766.545654296875,0
2024-06-04 07:08:00+00:00,3766.46533203125,3766.46533203125,3766.46533203125,3766.46533203125,3766.46533203125,0
2024-06-04 07:09:00+00:00,3766.49267578125,3766.49267578125,3766.49267578125,3766.49267578125,3766.49267578125,0
2024-06-04 07:10:00+00:00,3766.947509765625,3766.947509765625,3766.947509765625,3766.947509765625,3766.947509765625,376832
2024-06-04 07:11:00+00:00,3766.556884765625,3766.556884765625,3766.556884765625,3766.556884765625,3766.556884765625,9141248
2024-06-04 07:12:00+00:00,3766.9072265625,3766.9072265625,3766.9072265625,3766.9072265625,3766.9072265625,0
2024-06-04 07:13:00+00:00,3768.123291015625,3768.123291015625,3768.123291015625,3768.123291015625,3768.123291015625,0
2024-06-04 07:14:00+00:00,3769.255615234375,3769.255615234375,3769.255615234375,3769.255615234375,3769.255615234375,0
2024-06-04 07:15:00+00:00,3770.622802734375,3770.622802734375,3770.622802734375,3770.622802734375,3770.622802734375,0
2024-06-04 07:16:00+00:00,3768.1279296875,3768.1279296875,3768.1279296875,3768.1279296875,3768.1279296875,312320
2024-06-04 07:17:00+00:00,3769.60791015625,3769.60791015625,3769.60791015625,3769.60791015625,3769.60791015625,0
2024-06-04 07:18:00+00:00,3769.239990234375,3769.239990234375,3769.239990234375,3769.239990234375,3769.239990234375,0
2024-06-04 07:19:00+00:00,3769.5048828125,3769.5048828125,3769.5048828125,3769.5048828125,3769.5048828125,0
2024-06-04 07:20:00+00:00,3770.150634765625,3770.150634765625,3770.150634765625,3770.150634765625,3770.150634765625,0
2024-06-04 07:21:00+00:00,3769.259033203125,3769.259033203125,3769.259033203125,3769.259033203125,3769.259033203125,0
2024-06-04 07:22:00+00:00,3768.741943359375,3768.741943359375,3768.741943359375,3768.741943359375,3768.741943359375,0
2024-06-04 07:23:00+00:00,3768.43603515625,3768.43603515625,3768.43603515625,3768.43603515625,3768.43603515625,0
2024-06-04 07:24:00+00:00,3768.673828125,3768.673828125,3768.673828125,3768.673828125,3768.673828125,0
2024-06-04 07:25:00+00:00,3770.675537109375,3770.675537109375,3770.675537109375,3770.675537109375,3770.675537109375,0
2024-06-04 07:26:00+00:00,3771.344482421875,3771.344482421875,3771.344482421875,3771.344482421875,3771.344482421875,0
2024-06-04 07:27:00+00:00,3771.624267578125,3771.624267578125,3771.624267578125,3771.624267578125,3771.624267578125,0
2024-06-04 07:28:00+00:00,3769.409423828125,3769.409423828125,3769.409423828125,3769.409423828125,3769.409423828125,0
2024-06-04 07:29:00+00:00,3769.80859375,3769.80859375,3769.80859375,3769.80859375,3769.80859375,606208
2024-06-04 07:30:00+00:00,3769.629638671875,3769.629638671875,3769.629638671875,3769.629638671875,3769.629638671875,0
2024-06-04 07:31:00+00:00,3769.3994140625,3769.3994140625,3769.3994140625,3769.3994140625,3769.3994140625,0
2024-06-04 07:32:00+00:00,3769.459228515625,3769.459228515625,3769.459228515625,3769.459228515625,3769.459228515625,0
2024-06-04 07:33:00+00:00,3768.89501953125,3768.89501953125,3768.89501953125,3768.89501953125,3768.89501953125,0
2024-06-04 07:34:00+00:00,3768.677978515625,3768.677978515625,3768.677978515625,3768.677978515625,3768.677978515625,1549312
2024-06-04 07:35:00+00:00,3768.43017578125,3768.43017578125,3768.43017578125,3768.43017578125,3768.43017578125,0
2024-06-04 07:36:00+00:00,3768.42333984375,3768.42333984375,3768.42333984375,3768.42333984375,3768.42333984375,0
2024-06-04 07:37:00+00:00,3769.789306640625,3769.789306640625,3769.789306640625,3769.789306640625,3769.789306640625,0
2024-06-04 07:38:00+00:00,3770.576416015625,3770.576416015625,3770.576416015625,3770.576416015625,3770.576416015625,0
2024-06-04 07:39:00+00:00,3770.267578125,3770.267578125,3770.267578125,3770.267578125,3770.267578125,0
2024-06-04 07:40:00+00:00,3769.87890625,3769.87890625,3769.87890625,3769.87890625,3769.87890625,0
2024-06-04 07:41:00+00:00,3770.2490234375,3770.2490234375,3770.2490234375,3770.2490234375,3770.2490234375,0
2024-06-04 07:42:00+00:00,3771.236083984375,3771.236083984375,3771.236083984375,3771.236083984375,3771.236083984375,0
2024-06-04 07:43:00+00:00,3770.200927734375,3770.200927734375,3770.200927734375,3770.200927734375,3770.200927734375,0
2024-06-04 07:44:00+00:00,3770.031005859375,3770.031005859375,3770.031005859375,3770.031005859375,3770.031005859375,0
2024-06-04 07:45:00+00:00,3770.177490234375,3770.177490234375,3770.177490234375,3770.177490234375,3770.177490234375,225280
2024-06-04 07:46:00+00:00,3771.169921875,3771.169921875,3771.169921875,3771.169921875,3771.169921875,421888
2024-06-04 07:47:00+00:00,3774.498779296875,3774.498779296875,3774.498779296875,3774.498779296875,3774.498779296875,0
2024-06-04 07:48:00+00:00,3772.271240234375,3772.271240234375,3772.271240234375,3772.271240234375,3772.271240234375,1434624
2024-06-04 07:49:00+00:00,3773.17626953125,3773.17626953125,3773.17626953125,3773.17626953125,3773.17626953125,1191936
2024-06-04 07:50:00+00:00,3773.618896484375,3773.618896484375,3773.618896484375,3773.618896484375,3773.618896484375,6504448
2024-06-04 07:51:00+00:00,3774.531982421875,3774.531982421875,3774.531982421875,3774.531982421875,3774.531982421875,0
2024-06-04 07:52:00+00:00,3775.1435546875,3775.1435546875,3775.1435546875,3775.1435546875,3775.1435546875,1213440
2024-06-04 07:53:00+00:00,3775.898193359375,3775.898193359375,3775.898193359375,3775.898193359375,3775.898193359375,0
2024-06-04 07:54:00+00:00,3777.03076171875,3777.03076171875,3777.03076171875,3777.03076171875,3777.03076171875,1137664
2024-06-04 07:55:00+00:00,3777.37890625,3777.37890625,3777.37890625,3777.37890625,3777.37890625,4642816
2024-06-04 07:56:00+00:00,3775.886962890625,3775.886962890625,3775.886962890625,3775.886962890625,3775.886962890625,1636352
2024-06-04 07:57:00+00:00,3775.337158203125,3775.337158203125,3775.337158203125,3775.337158203125,3775.337158203125,5721088
2024-06-04 07:58:00+00:00,3774.1435546875,3774.1435546875,3774.1435546875,3774.1435546875,3774.1435546875,0
2024-06-04 07:59:00+00:00,3773.505126953125,3773.505126953125,3773.505126953125,3773.505126953125,3773.505126953125,1909760
2024-06-04 08:00:00+00:00,3773.576904296875,3773.576904296875,3773.576904296875,3773.576904296875,3773.576904296875,0
2024-06-04 08:01:00+00:00,3774.461669921875,3774.461669921875,3774.461669921875,3774.461669921875,3774.461669921875,0
2024-06-04 08:02:00+00:00,3773.42236328125,3773.42236328125,3773.42236328125,3773.42236328125,3773.42236328125,0
2024-06-04 08:03:00+00:00,3772.974853515625,3772.974853515625,3772.974853515625,3772.974853515625,3772.974853515625,0
2024-06-04 08:04:00+00:00,3769.97509765625,3769.97509765625,3769.97509765625,3769.97509765625,3769.97509765625,0
2024-06-04 08:05:00+00:00,3767.337158203125,3767.337158203125,3767.337158203125,3767.337158203125,3767.337158203125,0
2024-06-04 08:06:00+00:00,3766.69091796875,3766.69091796875,3766.69091796875,3766.69091796875,3766.69091796875,1659904
2024-06-04 08:07:00+00:00,3767.9248046875,3767.9248046875,3767.9248046875,3767.9248046875,3767.9248046875,0
2024-06-04 08:08:00+00:00,3768.227294921875,3768.227294921875,3768.227294921875,3768.227294921875,3768.227294921875,0
2024-06-04 08:09:00+00:00,3768.45556640625,3768.45556640625,3768.45556640625,3768.45556640625,3768.45556640625,0
2024-06-04 08:10:00+00:00,3769.99951171875,3769.99951171875,3769.99951171875,3769.99951171875,3769.99951171875,1686528
2024-06-04 08:11:00+00:00,3770.1923828125,3770.1923828125,3770.1923828125,3770.1923828125,3770.1923828125,0
2024-06-04 08:12:00+00:00,3772.843017578125,3772.843017578125,3772.843017578125,3772.843017578125,3772.843017578125,0
2024-06-04 08:13:00+00:00,3779.060546875,3779.060546875,3779.060546875,3779.060546875,3779.060546875,0
2024-06-04 08:14:00+00:00,3777.419677734375,3777.419677734375,3777.419677734375,3777.419677734375,3777.419677734375,0
2024-06-04 08:15:00+00:00,3776.56298828125,3776.56298828125,3776.56298828125,3776.56298828125,3776.56298828125,6258688
2024-06-04 08:16:00+00:00,3776.709716796875,3776.709716796875,3776.709716796875,3776.709716796875,3776.709716796875,0
2024-06-04 08:17:00+00:00,3775.51806640625,3775.51806640625,3775.51806640625,3775.51806640625,3775.51806640625,1449984
2024-06-04 08:18:00+00:00,3772.913330078125,3772.913330078125,3772.913330078125,3772.913330078125,3772.913330078125,2041856
2024-06-04 08:19:00+00:00,3774.49169921875,3774.49169921875,3774.49169921875,3774.49169921875,3774.49169921875,0
2024-06-04 08:20:00+00:00,3773.844970703125,3773.844970703125,3773.844970703125,3773.844970703125,3773.844970703125,10188800
2024-06-04 08:21:00+00:00,3774.859375,3774.859375,3774.859375,3774.859375,3774.859375,0
2024-06-04 08:22:00+00:00,3775.67041015625,3775.67041015625,3775.67041015625,3775.67041015625,3775.67041015625,0
2024-06-04 08:23:00+00:00,3775.610595703125,3775.610595703125,3775.610595703125,3775.610595703125,3775.610595703125,0
2024-06-04 08:24:00+00:00,3774.28955078125,3774.28955078125,3774.28955078125,3774.28955078125,3774.28955078125,0
2024-06-04 08:25:00+00:00,3774.231689453125,3774.231689453125,3774.231689453125,3774.231689453125,3774.231689453125,0
2024-06-04 08:26:00+00:00,3773.477294921875,3773.477294921875,3773.477294921875,3773.477294921875,3773.477294921875,0
2024-06-04 08:27:00+00:00,3772.865234375,3772.865234375,3772.865234375,3772.865234375,3772.865234375,1838080
2024-06-04 08:28:00+00:00,3773.524169921875,3773.524169921875,3773.524169921875,3773.524169921875,3773.524169921875,0
2024-06-04 08:29:00+00:00,3774.443359375,3774.443359375,3774.443359375,3774.443359375,3774.443359375,0
2024-06-04 08:30:00+00:00,3774.29248046875,3774.29248046875,3774.29248046875,3774.29248046875,3774.29248046875,420864
2024-06-04 08:31:00+00:00,3773.654541015625,3773.654541015625,3773.654541015625,3773.654541015625,3773.654541015625,0
2024-06-04 08:32:00+00:00,3773.538818359375,3773.538818359375,3773.538818359375,3773.538818359375,3773.538818359375,0
2024-06-04 08:33:00+00:00,3772.79736328125,3772.79736328125,3772.79736328125,3772.79736328125,3772.79736328125,0
2024-06-04 08:34:00+00:00,3773.34375,3773.34375,3773.34375,3773.34375,3773.34375,0
2024-06-04 08:35:00+00:00,3771.8583984375,3771.8583984375,3771.8583984375,3771.8583984375,3771.8583984375,0
2024-06-04 08:36:00+00:00,3771.444580078125,3771.444580078125,3771.444580078125,3771.444580078125,3771.444580078125,0
2024-06-04 08:37:00+00:00,3771.48681640625,3771.48681640625,3771.48681640625,3771.48681640625,3771.48681640625,0
2024-06-04 08:38:00+00:00,3770.554931640625,3770.554931640625,3770.554931640625,3770.554931640625,3770.554931640625,0
2024-06-04 08:40:00+00:00,3770.825439453125,3770.825439453125,3770.825439453125,3770.825439453125,3770.825439453125,0
2024-06-04 08:41:00+00:00,3770.747314453125,3770.747314453125,3770.747314453125,3770.747314453125,3770.747314453125,0
2024-06-04 08:42:00+00:00,3771.921142578125,3771.921142578125,3771.921142578125,3771.921142578125,3771.921142578125,0
2024-06-04 08:43:00+00:00,3771.72998046875,3771.72998046875,3771.72998046875,3771.72998046875,3771.72998046875,0
2024-06-04 08:44:00+00:00,3773.1416015625,3773.1416015625,3773.1416015625,3773.1416015625,3773.1416015625,0
2024-06-04 08:45:00+00:00,3773.279052734375,3773.279052734375,3773.279052734375,3773.279052734375,3773.279052734375,0
2024-06-04 08:46:00+00:00,3773.051513671875,3773.051513671875,3773.051513671875,3773.051513671875,3773.051513671875,1856512
2024-06-04 08:47:00+00:00,3772.8564453125,3772.8564453125,3772.8564453125,3772.8564453125,3772.8564453125,0
2024-06-04 08:48:00+00:00,3772.587646484375,3772.587646484375,3772.587646484375,3772.587646484375,3772.587646484375,0
2024-06-04 08:49:00+00:00,3771.81298828125,3771.81298828125,3771.81298828125,3771.81298828125,3771.81298828125,0
2024-06-04 08:50:00+00:00,3771.084716796875,3771.084716796875,3771.084716796875,3771.084716796875,3771.084716796875,0
2024-06-04 08:51:00+00:00,3766.5771484375,3766.5771484375,3766.5771484375,3766.5771484375,3766.5771484375,0
2024-06-04 08:52:00+00:00,3763.387451171875,3763.387451171875,3763.387451171875,3763.387451171875,3763.387451171875,0
2024-06-04 08:53:00+00:00,3761.322021484375,3761.322021484375,3761.322021484375,3761.322021484375,3761.322021484375,19089408
2024-06-04 08:54:00+00:00,3761.7568359375,3761.7568359375,3761.7568359375,3761.7568359375,3761.7568359375,0
2024-06-04 08:55:00+00:00,3762.642578125,3762.642578125,3762.642578125,3762.642578125,3762.642578125,123904
2024-06-04 08:56:00+00:00,3761.59326171875,3761.59326171875,3761.59326171875,3761.59326171875,3761.59326171875,1985536
2024-06-04 08:57:00+00:00,3761.605712890625,3761.605712890625,3761.605712890625,3761.605712890625,3761.605712890625,0
2024-06-04 08:58:00+00:00,3759.621337890625,3759.621337890625,3759.621337890625,3759.621337890625,3759.621337890625,0
2024-06-04 08:59:00+00:00,3759.66357421875,3759.66357421875,3759.66357421875,3759.66357421875,3759.66357421875,5709824
2024-06-04 09:00:00+00:00,3759.9521484375,3759.9521484375,3759.9521484375,3759.9521484375,3759.9521484375,0
2024-06-04 09:01:00+00:00,3758.4912109375,3758.4912109375,3758.4912109375,3758.4912109375,3758.4912109375,1116160
2024-06-04 09:02:00+00:00,3759.68603515625,3759.68603515625,3759.68603515625,3759.68603515625,3759.68603515625,0
2024-06-04 09:03:00+00:00,3761.321533203125,3761.321533203125,3761.321533203125,3761.321533203125,3761.321533203125,0
2024-06-04 09:04:00+00:00,3761.916015625,3761.916015625,3761.916015625,3761.916015625,3761.916015625,911360
2024-06-04 09:05:00+00:00,3756.267578125,3756.267578125,3756.267578125,3756.267578125,3756.267578125,0
2024-06-04 09:06:00+00:00,3756.860107421875,3756.860107421875,3756.860107421875,3756.860107421875,3756.860107421875,1062912
2024-06-04 09:07:00+00:00,3759.220947265625,3759.220947265625,3759.220947265625,3759.220947265625,3759.220947265625,1241088
2024-06-04 09:08:00+00:00,3760.8623046875,3760.8623046875,3760.8623046875,3760.8623046875,3760.8623046875,16537600
2024-06-04 09:09:00+00:00,3759.116943359375,3759.116943359375,3759.116943359375,3759.116943359375,3759.116943359375,377856
2024-06-04 09:10:00+00:00,3760.0361328125,3760.0361328125,3760.0361328125,3760.0361328125,3760.0361328125,13312
2024-06-04 09:11:00+00:00,3760.802490234375,3760.802490234375,3760.802490234375,3760.802490234375,3760.802490234375,0
2024-06-04 09:12:00+00:00,3761.085693359375,3761.085693359375,3761.085693359375,3761.085693359375,3761.085693359375,0
2024-06-04 09:13:00+00:00,3762.40869140625,3762.40869140625,3762.40869140625,3762.40869140625,3762.40869140625,0
2024-06-04 09:14:00+00:00,3760.348388671875,3760.348388671875,3760.348388671875,3760.348388671875,3760.348388671875,0
2024-06-04 09:15:00+00:00,3759.945068359375,3759.945068359375,3759.945068359375,3759.945068359375,3759.945068359375,0
2024-06-04 09:16:00+00:00,3759.21435546875,3759.21435546875,3759.21435546875,3759.21435546875,3759.21435546875,0
2024-06-04 09:17:00+00:00,3758.406982421875,3758.406982421875,3758.406982421875,3758.406982421875,3758.406982421875,0
2024-06-04 09:18:00+00:00,3754.6083984375,3754.6083984375,3754.6083984375,3754.6083984375,3754.6083984375,916480
2024-06-04 09:19:00+00:00,3754.060302734375,3754.060302734375,3754.060302734375,3754.060302734375,3754.060302734375,3372032
2024-06-04 09:20:00+00:00,3753.3134765625,3753.3134765625,3753.3134765625,3753.3134765625,3753.3134765625,0
2024-06-04 09:21:00+00:00,3753.6181640625,3753.6181640625,3753.6181640625,3753.6181640625,3753.6181640625,939008
2024-06-04 09:22:00+00:00,3753.68310546875,3753.68310546875,3753.68310546875,3753.68310546875,3753.68310546875,6099968
2024-06-04 09:23:00+00:00,3754.7724609375,3754.7724609375,3754.7724609375,3754.7724609375,3754.7724609375,17183744
2024-06-04 09:24:00+00:00,3754.83740234375,3754.83740234375,3754.83740234375,3754.83740234375,3754.83740234375,8623104
2024-06-04 09:25:00+00:00,3756.809326171875,3756.809326171875,3756.809326171875,3756.809326171875,3756.809326171875,8715264
2024-06-04 09:26:00+00:00,3757.03857421875,3757.03857421875,3757.03857421875,3757.03857421875,3757.03857421875,13194240
2024-06-04 09:27:00+00:00,3758.438232421875,3758.438232421875,3758.438232421875,3758.438232421875,3758.438232421875,1529856
2024-06-04 09:28:00+00:00,3756.9306640625,3756.9306640625,3756.9306640625,3756.9306640625,3756.9306640625,0
2024-06-04 09:29:00+00:00,3755.436279296875,3755.436279296875,3755.436279296875,3755.436279296875,3755.436279296875,0
2024-06-04 09:30:00+00:00,3754.843505859375,3754.843505859375,3754.843505859375,3754.843505859375,3754.843505859375,300032
2024-06-04 09:31:00+00:00,3756.84521484375,3756.84521484375,3756.84521484375,3756.84521484375,3756.84521484375,0
2024-06-04 09:32:00+00:00,3757.912353515625,3757.912353515625,3757.912353515625,3757.912353515625,3757.912353515625,0
2024-06-04 09:33:00+00:00,3757.3291015625,3757.3291015625,3757.3291015625,3757.3291015625,3757.3291015625,0
2024-06-04 09:34:00+00:00,3757.303466796875,3757.303466796875,3757.303466796875,3757.303466796875,3757.303466796875,0
2024-06-04 09:35:00+00:00,3756.288818359375,3756.288818359375,3756.288818359375,3756.288818359375,3756.288818359375,0
2024-06-04 09:36:00+00:00,3758.685302734375,3758.685302734375,3758.685302734375,3758.685302734375,3758.685302734375,0
2024-06-04 09:37:00+00:00,3756.72900390625,3756.72900390625,3756.72900390625,3756.72900390625,3756.72900390625,0
2024-06-04 09:38:00+00:00,3755.991455078125,3755.991455078125,3755.991455078125,3755.991455078125,3755.991455078125,0
2024-06-04 09:39:00+00:00,3755.818603515625,3755.818603515625,3755.818603515625,3755.818603515625,3755.818603515625,2217984
2024-06-04 09:40:00+00:00,3755.414794921875,3755.414794921875,3755.414794921875,3755.414794921875,3755.414794921875,3807232
2024-06-04 09:41:00+00:00,3754.790771484375,3754.790771484375,3754.790771484375,3754.790771484375,3754.790771484375,0
2024-06-04 09:42:00+00:00,3754.5654296875,3754.5654296875,3754.5654296875,3754.5654296875,3754.5654296875,4313088
2024-06-04 09:43:00+00:00,3752.986572265625,3752.986572265625,3752.986572265625,3752.986572265625,3752.986572265625,2145280
2024-06-04 09:44:00+00:00,3753.14697265625,3753.14697265625,3753.14697265625,3753.14697265625,3753.14697265625,0
2024-06-04 09:46:00+00:00,3754.477294921875,3754.477294921875,3754.477294921875,3754.477294921875,3754.477294921875,0
2024-06-04 09:47:00+00:00,3746.82177734375,3746.82177734375,3746.82177734375,3746.82177734375,3746.82177734375,0
2024-06-04 09:48:00+00:00,3748.53662109375,3748.53662109375,3748.53662109375,3748.53662109375,3748.53662109375,0
2024-06-04 09:49:00+00:00,3747.181396484375,3747.181396484375,3747.181396484375,3747.181396484375,3747.181396484375,22636544
2024-06-04 09:50:00+00:00,3746.235107421875,3746.235107421875,3746.235107421875,3746.235107421875,3746.235107421875,93184
2024-06-04 09:51:00+00:00,3746.05029296875,3746.05029296875,3746.05029296875,3746.05029296875,3746.05029296875,0
2024-06-04 09:52:00+00:00,3745.87060546875,3745.87060546875,3745.87060546875,3745.87060546875,3745.87060546875,1054720
2024-06-04 09:53:00+00:00,3743.28857421875,3743.28857421875,3743.28857421875,3743.28857421875,3743.28857421875,5485568
2024-06-04 09:54:00+00:00,3744.998779296875,3744.998779296875,3744.998779296875,3744.998779296875,3744.998779296875,3176448
2024-06-04 09:55:00+00:00,3746.118408203125,3746.118408203125,3746.118408203125,3746.118408203125,3746.118408203125,5223424
2024-06-04 09:56:00+00:00,3744.473388671875,3744.473388671875,3744.473388671875,3744.473388671875,3744.473388671875,10903552
2024-06-04 09:57:00+00:00,3745.876953125,3745.876953125,3745.876953125,3745.876953125,3745.876953125,12344320
2024-06-04 09:58:00+00:00,3747.63525390625,3747.63525390625,3747.63525390625,3747.63525390625,3747.63525390625,0
2024-06-04 09:59:00+00:00,3747.90966796875,3747.90966796875,3747.90966796875,3747.90966796875,3747.90966796875,11625472
2024-06-04 10:00:00+00:00,3747.89990234375,3747.89990234375,3747.89990234375,3747.89990234375,3747.89990234375,3906560
2024-06-04 10:01:00+00:00,3747.6689453125,3747.6689453125,3747.6689453125,3747.6689453125,3747.6689453125,0
2024-06-04 10:02:00+00:00,3750.408447265625,3750.408447265625,3750.408447265625,3750.408447265625,3750.408447265625,0
2024-06-04 10:03:00+00:00,3749.060302734375,3749.060302734375,3749.060302734375,3749.060302734375,3749.060302734375,4407296
2024-06-04 10:04:00+00:00,3748.738525390625,3748.738525390625,3748.738525390625,3748.738525390625,3748.738525390625,2710528
2024-06-04 10:05:00+00:00,3749.661865234375,3749.661865234375,3749.661865234375,3749.661865234375,3749.661865234375,8210432
2024-06-04 10:06:00+00:00,3748.46044921875,3748.46044921875,3748.46044921875,3748.46044921875,3748.46044921875,604160
2024-06-04 10:07:00+00:00,3749.1357421875,3749.1357421875,3749.1357421875,3749.1357421875,3749.1357421875,0
2024-06-04 10:08:00+00:00,3749.34912109375,3749.34912109375,3749.34912109375,3749.34912109375,3749.34912109375,5731328
2024-06-04 10:09:00+00:00,3749.08642578125,3749.08642578125,3749.08642578125,3749.08642578125,3749.08642578125,0
2024-06-04 10:10:00+00:00,3749.069091796875,3749.069091796875,3749.069091796875,3749.069091796875,3749.069091796875,2797568
2024-06-04 10:11:00+00:00,3750.1162109375,3750.1162109375,3750.1162109375,3750.1162109375,3750.1162109375,0
2024-06-04 10:12:00+00:00,3751.036376953125,3751.036376953125,3751.036376953125,3751.036376953125,3751.036376953125,0
2024-06-04 10:13:00+00:00,3750.695068359375,3750.695068359375,3750.695068359375,3750.695068359375,3750.695068359375,0
2024-06-04 10:14:00+00:00,3750.987060546875,3750.987060546875,3750.987060546875,3750.987060546875,3750.987060546875,14375936
2024-06-04 10:16:00+00:00,3753.696044921875,3753.696044921875,3753.696044921875,3753.696044921875,3753.696044921875,5019648
2024-06-04 10:17:00+00:00,3754.404541015625,3754.404541015625,3754.404541015625,3754.404541015625,3754.404541015625,184320
2024-06-04 10:18:00+00:00,3753.904541015625,3753.904541015625,3753.904541015625,3753.904541015625,3753.904541015625,2996224
2024-06-04 10:19:00+00:00,3755.0966796875,3755.0966796875,3755.0966796875,3755.0966796875,3755.0966796875,402432
2024-06-04 10:20:00+00:00,3755.986572265625,3755.986572265625,3755.986572265625,3755.986572265625,3755.986572265625,9668608
2024-06-04 10:21:00+00:00,3754.3359375,3754.3359375,3754.3359375,3754.3359375,3754.3359375,400384
2024-06-04 10:22:00+00:00,3755.566650390625,3755.566650390625,3755.566650390625,3755.566650390625,3755.566650390625,0
2024-06-04 10:23:00+00:00,3756.084716796875,3756.084716796875,3756.084716796875,3756.084716796875,3756.084716796875,1296384
2024-06-04 10:24:00+00:00,3756.8212890625,3756.8212890625,3756.8212890625,3756.8212890625,3756.8212890625,3213312
2024-06-04 10:25:00+00:00,3757.3564453125,3757.3564453125,3757.3564453125,3757.3564453125,3757.3564453125,2068480
2024-06-04 10:26:00+00:00,3758.044677734375,3758.044677734375,3758.044677734375,3758.044677734375,3758.044677734375,18041856
2024-06-04 10:27:00+00:00,3758.0322265625,3758.0322265625,3758.0322265625,3758.0322265625,3758.0322265625,162816
2024-06-04 10:28:00+00:00,3757.9677734375,3757.9677734375,3757.9677734375,3757.9677734375,3757.9677734375,0
2024-06-04 10:29:00+00:00,3758.210693359375,3758.210693359375,3758.210693359375,3758.210693359375,3758.210693359375,0
2024-06-04 10:30:00+00:00,3757.1494140625,3757.1494140625,3757.1494140625,3757.1494140625,3757.1494140625,342016
2024-06-04 10:31:00+00:00,3758.43310546875,3758.43310546875,3758.43310546875,3758.43310546875,3758.43310546875,730112
2024-06-04 10:32:00+00:00,3758.741455078125,3758.741455078125,3758.741455078125,3758.741455078125,3758.741455078125,4753408
2024-06-04 10:33:00+00:00,3761.167724609375,3761.167724609375,3761.167724609375,3761.167724609375,3761.167724609375,1320960
2024-06-04 10:34:00+00:00,3760.206298828125,3760.206298828125,3760.206298828125,3760.206298828125,3760.206298828125,253952
2024-06-04 10:35:00+00:00,3762.4736328125,3762.4736328125,3762.4736328125,3762.4736328125,3762.4736328125,19728384
2024-06-04 10:36:00+00:00,3763.255859375,3763.255859375,3763.255859375,3763.255859375,3763.255859375,5468160
2024-06-04 10:37:00+00:00,3762.1162109375,3762.1162109375,3762.1162109375,3762.1162109375,3762.1162109375,295936
2024-06-04 10:38:00+00:00,3763.031982421875,3763.031982421875,3763.031982421875,3763.031982421875,3763.031982421875,8800256
2024-06-04 10:40:00+00:00,3766.380859375,3766.380859375,3766.380859375,3766.380859375,3766.380859375,6700032
2024-06-04 10:41:00+00:00,3765.17041015625,3765.17041015625,3765.17041015625,3765.17041015625,3765.17041015625,15937536
2024-06-04 10:42:00+00:00,3765.8291015625,3765.8291015625,3765.8291015625,3765.8291015625,3765.8291015625,0
2024-06-04 10:43:00+00:00,3766.706298828125,3766.706298828125,3766.706298828125,3766.706298828125,3766.706298828125,1533952
2024-06-04 10:44:00+00:00,3765.13720703125,3765.13720703125,3765.13720703125,3765.13720703125,3765.13720703125,3654656
2024-06-04 10:45:00+00:00,3765.708740234375,3765.708740234375,3765.708740234375,3765.708740234375,3765.708740234375,4001792
2024-06-04 10:46:00+00:00,3765.271484375,3765.271484375,3765.271484375,3765.271484375,3765.271484375,0
2024-06-04 10:47:00+00:00,3765.326416015625,3765.326416015625,3765.326416015625,3765.326416015625,3765.326416015625,0
2024-06-04 10:48:00+00:00,3765.846435546875,3765.846435546875,3765.846435546875,3765.846435546875,3765.846435546875,0
2024-06-04 10:49:00+00:00,3765.153564453125,3765.153564453125,3765.153564453125,3765.153564453125,3765.153564453125,0
2024-06-04 10:50:00+00:00,3764.773681640625,3764.773681640625,3764.773681640625,3764.773681640625,3764.773681640625,5694464
2024-06-04 10:51:00+00:00,3764.373779296875,3764.373779296875,3764.373779296875,3764.373779296875,3764.373779296875,0
2024-06-04 10:52:00+00:00,3762.83056640625,3762.83056640625,3762.83056640625,3762.83056640625,3762.83056640625,0
2024-06-04 10:53:00+00:00,3764.299072265625,3764.299072265625,3764.299072265625,3764.299072265625,3764.299072265625,0
2024-06-04 10:54:00+00:00,3764.666015625,3764.666015625,3764.666015625,3764.666015625,3764.666015625,0
2024-06-04 10:55:00+00:00,3764.360107421875,3764.360107421875,3764.360107421875,3764.360107421875,3764.360107421875,0
2024-06-04 10:56:00+00:00,3762.343505859375,3762.343505859375,3762.343505859375,3762.343505859375,3762.343505859375,0
2024-06-04 10:57:00+00:00,3762.60595703125,3762.60595703125,3762.60595703125,3762.60595703125,3762.60595703125,0
2024-06-04 10:58:00+00:00,3763.857421875,3763.857421875,3763.857421875,3763.857421875,3763.857421875,396288
2024-06-04 10:59:00+00:00,3765.869140625,3765.869140625,3765.869140625,3765.869140625,3765.869140625,2762752
2024-06-04 11:00:00+00:00,3764.823486328125,3764.823486328125,3764.823486328125,3764.823486328125,3764.823486328125,303104
2024-06-04 11:01:00+00:00,3766.730224609375,3766.730224609375,3766.730224609375,3766.730224609375,3766.730224609375,1101824
2024-06-04 11:02:00+00:00,3767.605224609375,3767.605224609375,3767.605224609375,3767.605224609375,3767.605224609375,0
2024-06-04 11:03:00+00:00,3765.046630859375,3765.046630859375,3765.046630859375,3765.046630859375,3765.046630859375,202752
2024-06-04 11:04:00+00:00,3765.072509765625,3765.072509765625,3765.072509765625,3765.072509765625,3765.072509765625,0
2024-06-04 11:05:00+00:00,3764.240234375,3764.240234375,3764.240234375,3764.240234375,3764.240234375,0
2024-06-04 11:06:00+00:00,3764.162841796875,3764.162841796875,3764.162841796875,3764.162841796875,3764.162841796875,0
2024-06-04 11:07:00+00:00,3764.902587890625,3764.902587890625,3764.902587890625,3764.902587890625,3764.902587890625,4096
2024-06-04 11:08:00+00:00,3765.906494140625,3765.906494140625,3765.906494140625,3765.906494140625,3765.906494140625,0
2024-06-04 11:09:00+00:00,3767.359130859375,3767.359130859375,3767.359130859375,3767.359130859375,3767.359130859375,0
2024-06-04 11:10:00+00:00,3766.127197265625,3766.127197265625,3766.127197265625,3766.127197265625,3766.127197265625,1872896
2024-06-04 11:11:00+00:00,3764.819091796875,3764.819091796875,3764.819091796875,3764.819091796875,3764.819091796875,6410240
2024-06-04 11:12:00+00:00,3763.947265625,3763.947265625,3763.947265625,3763.947265625,3763.947265625,0
2024-06-04 11:13:00+00:00,3765.142333984375,3765.142333984375,3765.142333984375,3765.142333984375,3765.142333984375,214016
2024-06-04 11:14:00+00:00,3764.204833984375,3764.204833984375,3764.204833984375,3764.204833984375,3764.204833984375,0
2024-06-04 11:15:00+00:00,3763.15087890625,3763.15087890625,3763.15087890625,3763.15087890625,3763.15087890625,0
2024-06-04 11:16:00+00:00,3763.41015625,3763.41015625,3763.41015625,3763.41015625,3763.41015625,728064
2024-06-04 11:17:00+00:00,3764.60791015625,3764.60791015625,3764.60791015625,3764.60791015625,3764.60791015625,1282048
2024-06-04 11:18:00+00:00,3764.516357421875,3764.516357421875,3764.516357421875,3764.516357421875,3764.516357421875,1245184
2024-06-04 11:19:00+00:00,3764.59765625,3764.59765625,3764.59765625,3764.59765625,3764.59765625,0
2024-06-04 11:20:00+00:00,3763.5458984375,3763.5458984375,3763.5458984375,3763.5458984375,3763.5458984375,0
2024-06-04 11:21:00+00:00,3763.60595703125,3763.60595703125,3763.60595703125,3763.60595703125,3763.60595703125,0
2024-06-04 11:23:00+00:00,3763.742919921875,3763.742919921875,3763.742919921875,3763.742919921875,3763.742919921875,0
2024-06-04 11:24:00+00:00,3763.245849609375,3763.245849609375,3763.245849609375,3763.245849609375,3763.245849609375,10463232
2024-06-04 11:25:00+00:00,3764.074951171875,3764.074951171875,3764.074951171875,3764.074951171875,3764.074951171875,0
2024-06-04 11:26:00+00:00,3763.958984375,3763.958984375,3763.958984375,3763.958984375,3763.958984375,0
2024-06-04 11:27:00+00:00,3764.1943359375,3764.1943359375,3764.1943359375,3764.1943359375,3764.1943359375,766976
2024-06-04 11:28:00+00:00,3763.61474609375,3763.61474609375,3763.61474609375,3763.61474609375,3763.61474609375,0
2024-06-04 11:29:00+00:00,3763.021240234375,3763.021240234375,3763.021240234375,3763.021240234375,3763.021240234375,0
2024-06-04 11:30:00+00:00,3763.398193359375,3763.398193359375,3763.398193359375,3763.398193359375,3763.398193359375,102400
2024-06-04 11:31:00+00:00,3765.143798828125,3765.143798828125,3765.143798828125,3765.143798828125,3765.143798828125,0
2024-06-04 11:32:00+00:00,3763.853515625,3763.853515625,3763.853515625,3763.853515625,3763.853515625,0
2024-06-04 11:33:00+00:00,3765.1259765625,3765.1259765625,3765.1259765625,3765.1259765625,3765.1259765625,1387520
2024-06-04 11:34:00+00:00,3766.568115234375,3766.568115234375,3766.568115234375,3766.568115234375,3766.568115234375,0
2024-06-04 11:35:00+00:00,3766.568115234375,3766.568115234375,3766.568115234375,3766.568115234375,3766.568115234375,0
2024-06-04 11:36:00+00:00,3764.873046875,3764.873046875,3764.873046875,3764.873046875,3764.873046875,15683584
2024-06-04 11:37:00+00:00,3764.834228515625,3764.834228515625,3764.834228515625,3764.834228515625,3764.834228515625,0
2024-06-04 11:38:00+00:00,3764.477783203125,3764.477783203125,3764.477783203125,3764.477783203125,3764.477783203125,4317184
2024-06-04 11:39:00+00:00,3764.248779296875,3764.248779296875,3764.248779296875,3764.248779296875,3764.248779296875,145408
2024-06-04 11:40:00+00:00,3764.317626953125,3764.317626953125,3764.317626953125,3764.317626953125,3764.317626953125,0
2024-06-04 11:41:00+00:00,3762.706298828125,3762.706298828125,3762.706298828125,3762.706298828125,3762.706298828125,0
2024-06-04 11:42:00+00:00,3760.876953125,3760.876953125,3760.876953125,3760.876953125,3760.876953125,796672
2024-06-04 11:43:00+00:00,3759.800048828125,3759.800048828125,3759.800048828125,3759.800048828125,3759.800048828125,3898368
2024-06-04 11:44:00+00:00,3759.0146484375,3759.0146484375,3759.0146484375,3759.0146484375,3759.0146484375,0
2024-06-04 11:45:00+00:00,3759.60791015625,3759.60791015625,3759.60791015625,3759.60791015625,3759.60791015625,13347840
2024-06-04 11:46:00+00:00,3757.382568359375,3757.382568359375,3757.382568359375,3757.382568359375,3757.382568359375,381952
2024-06-04 11:47:00+00:00,3758.27197265625,3758.27197265625,3758.27197265625,3758.27197265625,3758.27197265625,0
2024-06-04 11:48:00+00:00,3760.73779296875,3760.73779296875,3760.73779296875,3760.73779296875,3760.73779296875,0
2024-06-04 11:49:00+00:00,3761.938232421875,3761.938232421875,3761.938232421875,3761.938232421875,3761.938232421875,1428480
2024-06-04 11:50:00+00:00,3762.0966796875,3762.0966796875,3762.0966796875,3762.0966796875,3762.0966796875,103424
2024-06-04 11:51:00+00:00,3761.924072265625,3761.924072265625,3761.924072265625,3761.924072265625,3761.924072265625,0
2024-06-04 11:52:00+00:00,3762.340576171875,3762.340576171875,3762.340576171875,3762.340576171875,3762.340576171875,0
2024-06-04 11:53:00+00:00,3761.173583984375,3761.173583984375,3761.173583984375,3761.173583984375,3761.173583984375,0
2024-06-04 11:54:00+00:00,3761.934326171875,3761.934326171875,3761.934326171875,3761.934326171875,3761.934326171875,483328
2024-06-04 11:55:00+00:00,3762.966552734375,3762.966552734375,3762.966552734375,3762.966552734375,3762.966552734375,0
2024-06-04 11:56:00+00:00,3763.05615234375,3763.05615234375,3763.05615234375,3763.05615234375,3763.05615234375,0
2024-06-04 11:57:00+00:00,3763.47021484375,3763.47021484375,3763.47021484375,3763.47021484375,3763.47021484375,695296
2024-06-04 11:58:00+00:00,3763.134033203125,3763.134033203125,3763.134033203125,3763.134033203125,3763.134033203125,0
2024-06-04 11:59:00+00:00,3763.945556640625,3763.945556640625,3763.945556640625,3763.945556640625,3763.945556640625,6539264
2024-06-04 12:00:00+00:00,3763.4267578125,3763.4267578125,3763.4267578125,3763.4267578125,3763.4267578125,867328
2024-06-04 12:01:00+00:00,3764.38330078125,3764.38330078125,3764.38330078125,3764.38330078125,3764.38330078125,0
2024-06-04 12:02:00+00:00,3766.3994140625,3766.3994140625,3766.3994140625,3766.3994140625,3766.3994140625,0
2024-06-04 12:03:00+00:00,3767.84326171875,3767.84326171875,3767.84326171875,3767.84326171875,3767.84326171875,0
2024-06-04 12:04:00+00:00,3764.4990234375,3764.4990234375,3764.4990234375,3764.4990234375,3764.4990234375,2440192
2024-06-04 12:05:00+00:00,3763.312255859375,3763.312255859375,3763.312255859375,3763.312255859375,3763.312255859375,2207744
2024-06-04 12:06:00+00:00,3763.4189453125,3763.4189453125,3763.4189453125,3763.4189453125,3763.4189453125,0
2024-06-04 12:07:00+00:00,3761.743896484375,3761.743896484375,3761.743896484375,3761.743896484375,3761.743896484375,0
2024-06-04 12:08:00+00:00,3760.080078125,3760.080078125,3760.080078125,3760.080078125,3760.080078125,6390784
2024-06-04 12:09:00+00:00,3758.736572265625,3758.736572265625,3758.736572265625,3758.736572265625,3758.736572265625,1081344
2024-06-04 12:10:00+00:00,3758.415283203125,3758.415283203125,3758.415283203125,3758.415283203125,3758.415283203125,349184
2024-06-04 12:11:00+00:00,3757.474365234375,3757.474365234375,3757.474365234375,3757.474365234375,3757.474365234375,4657152
2024-06-04 12:12:00+00:00,3758.86181640625,3758.86181640625,3758.86181640625,3758.86181640625,3758.86181640625,575488
2024-06-04 12:13:00+00:00,3758.641845703125,3758.641845703125,3758.641845703125,3758.641845703125,3758.641845703125,0
2024-06-04 12:14:00+00:00,3760.778076171875,3760.778076171875,3760.778076171875,3760.778076171875,3760.778076171875,0
2024-06-04 12:15:00+00:00,3758.75634765625,3758.75634765625,3758.75634765625,3758.75634765625,3758.75634765625,0
2024-06-04 12:16:00+00:00,3758.061279296875,3758.061279296875,3758.061279296875,3758.061279296875,3758.061279296875,1508352
2024-06-04 12:17:00+00:00,3756.10693359375,3756.10693359375,3756.10693359375,3756.10693359375,3756.10693359375,0
2024-06-04 12:18:00+00:00,3753.404052734375,3753.404052734375,3753.404052734375,3753.404052734375,3753.404052734375,0
2024-06-04 12:19:00+00:00,3755.9189453125,3755.9189453125,3755.9189453125,3755.9189453125,3755.9189453125,0
2024-06-04 12:20:00+00:00,3758.615478515625,3758.615478515625,3758.615478515625,3758.615478515625,3758.615478515625,7256064
2024-06-04 12:21:00+00:00,3757.3505859375,3757.3505859375,3757.3505859375,3757.3505859375,3757.3505859375,0
2024-06-04 12:22:00+00:00,3757.572998046875,3757.572998046875,3757.572998046875,3757.572998046875,3757.572998046875,2729984
2024-06-04 12:23:00+00:00,3758.004150390625,3758.004150390625,3758.004150390625,3758.004150390625,3758.004150390625,6431744
2024-06-04 12:24:00+00:00,3759.437255859375,3759.437255859375,3759.437255859375,3759.437255859375,3759.437255859375,599040
2024-06-04 12:25:00+00:00,3759.983154296875,3759.983154296875,3759.983154296875,3759.983154296875,3759.983154296875,0
2024-06-04 12:26:00+00:00,3760.533203125,3760.533203125,3760.533203125,3760.533203125,3760.533203125,0
2024-06-04 12:27:00+00:00,3759.925537109375,3759.925537109375,3759.925537109375,3759.925537109375,3759.925537109375,0
2024-06-04 12:28:00+00:00,3760.837646484375,3760.837646484375,3760.837646484375,3760.837646484375,3760.837646484375,0
2024-06-04 12:29:00+00:00,3760.227783203125,3760.227783203125,3760.227783203125,3760.227783203125,3760.227783203125,3525632
2024-06-04 12:30:00+00:00,3760.018798828125,3760.018798828125,3760.018798828125,3760.018798828125,3760.018798828125,814080
2024-06-04 12:31:00+00:00,3761.295166015625,3761.295166015625,3761.295166015625,3761.295166015625,3761.295166015625,0
2024-06-04 12:32:00+00:00,3763.72509765625,3763.72509765625,3763.72509765625,3763.72509765625,3763.72509765625,0
2024-06-04 12:33:00+00:00,3765.707275390625,3765.707275390625,3765.707275390625,3765.707275390625,3765.707275390625,558080
2024-06-04 12:34:00+00:00,3766.23779296875,3766.23779296875,3766.23779296875,3766.23779296875,3766.23779296875,0
2024-06-04 12:35:00+00:00,3763.469970703125,3763.469970703125,3763.469970703125,3763.469970703125,3763.469970703125,11191296
2024-06-04 12:36:00+00:00,3762.992919921875,3762.992919921875,3762.992919921875,3762.992919921875,3762.992919921875,0
2024-06-04 12:37:00+00:00,3762.031494140625,3762.031494140625,3762.031494140625,3762.031494140625,3762.031494140625,0
2024-06-04 12:38:00+00:00,3759.591796875,3759.591796875,3759.591796875,3759.591796875,3759.591796875,0
2024-06-04 12:39:00+00:00,3758.96630859375,3758.96630859375,3758.96630859375,3758.96630859375,3758.96630859375,0
2024-06-04 12:40:00+00:00,3760.00732421875,3760.00732421875,3760.00732421875,3760.00732421875,3760.00732421875,0
2024-06-04 12:41:00+00:00,3761.0888671875,3761.0888671875,3761.0888671875,3761.0888671875,3761.0888671875,0
2024-06-04 12:42:00+00:00,3759.940673828125,3759.940673828125,3759.940673828125,3759.940673828125,3759.940673828125,0
2024-06-04 12:43:00+00:00,3760.479736328125,3760.479736328125,3760.479736328125,3760.479736328125,3760.479736328125,0
2024-06-04 12:44:00+00:00,3760.578857421875,3760.578857421875,3760.578857421875,3760.578857421875,3760.578857421875,0
2024-06-04 12:45:00+00:00,3760.2998046875,3760.2998046875,3760.2998046875,3760.2998046875,3760.2998046875,0
2024-06-04 12:46:00+00:00,3759.99755859375,3759.99755859375,3759.99755859375,3759.99755859375,3759.99755859375,0
2024-06-04 12:47:00+00:00,3759.131591796875,3759.131591796875,3759.131591796875,3759.131591796875,3759.131591796875,0
2024-06-04 12:48:00+00:00,3759.1875,3759.1875,3759.1875,3759.1875,3759.1875,136192
2024-06-04 12:49:00+00:00,3757.530517578125,3757.530517578125,3757.530517578125,3757.530517578125,3757.530517578125,0
2024-06-04 12:50:00+00:00,3757.71435546875,3757.71435546875,3757.71435546875,3757.71435546875,3757.71435546875,0
2024-06-04 12:51:00+00:00,3756.84765625,3756.84765625,3756.84765625,3756.84765625,3756.84765625,0
2024-06-04 12:52:00+00:00,3756.325927734375,3756.325927734375,3756.325927734375,3756.325927734375,3756.325927734375,0
2024-06-04 12:53:00+00:00,3753.266357421875,3753.266357421875,3753.266357421875,3753.266357421875,3753.266357421875,7098368
2024-06-04 12:54:00+00:00,3753.734619140625,3753.734619140625,3753.734619140625,3753.734619140625,3753.734619140625,0
2024-06-04 12:55:00+00:00,3754.624755859375,3754.624755859375,3754.624755859375,3754.624755859375,3754.624755859375,0
2024-06-04 12:56:00+00:00,3752.867919921875,3752.867919921875,3752.867919921875,3752.867919921875,3752.867919921875,0
2024-06-04 12:57:00+00:00,3763.091064453125,3763.091064453125,3763.091064453125,3763.091064453125,3763.091064453125,112640
2024-06-04 12:58:00+00:00,3759.92138671875,3759.92138671875,3759.92138671875,3759.92138671875,3759.92138671875,14655488
2024-06-04 12:59:00+00:00,3760.40869140625,3760.40869140625,3760.40869140625,3760.40869140625,3760.40869140625,38324224
2024-06-04 13:00:00+00:00,3762.069580078125,3762.069580078125,3762.069580078125,3762.069580078125,3762.069580078125,8887296
2024-06-04 13:01:00+00:00,3764.44970703125,3764.44970703125,3764.44970703125,3764.44970703125,3764.44970703125,0
2024-06-04 13:02:00+00:00,3767.419189453125,3767.419189453125,3767.419189453125,3767.419189453125,3767.419189453125,0
2024-06-04 13:03:00+00:00,3767.97900390625,3767.97900390625,3767.97900390625,3767.97900390625,3767.97900390625,0
2024-06-04 13:04:00+00:00,3769.0244140625,3769.0244140625,3769.0244140625,3769.0244140625,3769.0244140625,0
2024-06-04 13:05:00+00:00,3771.520263671875,3771.520263671875,3771.520263671875,3771.520263671875,3771.520263671875,0
2024-06-04 13:06:00+00:00,3771.915283203125,3771.915283203125,3771.915283203125,3771.915283203125,3771.915283203125,0
2024-06-04 13:07:00+00:00,3769.268798828125,3769.268798828125,3769.268798828125,3769.268798828125,3769.268798828125,1445888
2024-06-04 13:08:00+00:00,3769.189697265625,3769.189697265625,3769.189697265625,3769.189697265625,3769.189697265625,5587968
2024-06-04 13:09:00+00:00,3767.165283203125,3767.165283203125,3767.165283203125,3767.165283203125,3767.165283203125,0
2024-06-04 13:10:00+00:00,3766.5859375,3766.5859375,3766.5859375,3766.5859375,3766.5859375,0
2024-06-04 13:11:00+00:00,3766.444091796875,3766.444091796875,3766.444091796875,3766.444091796875,3766.444091796875,0
2024-06-04 13:12:00+00:00,3766.806640625,3766.806640625,3766.806640625,3766.806640625,3766.806640625,1312768
2024-06-04 13:13:00+00:00,3767.81298828125,3767.81298828125,3767.81298828125,3767.81298828125,3767.81298828125,269312
2024-06-04 13:14:00+00:00,3771.62841796875,3771.62841796875,3771.62841796875,3771.62841796875,3771.62841796875,2157568
2024-06-04 13:15:00+00:00,3773.200927734375,3773.200927734375,3773.200927734375,3773.200927734375,3773.200927734375,3135488
2024-06-04 13:16:00+00:00,3772.974853515625,3772.974853515625,3772.974853515625,3772.974853515625,3772.974853515625,5780480
2024-06-04 13:17:00+00:00,3772.496337890625,3772.496337890625,3772.496337890625,3772.496337890625,3772.496337890625,5519360
2024-06-04 13:18:00+00:00,3771.99560546875,3771.99560546875,3771.99560546875,3771.99560546875,3771.99560546875,5702656
2024-06-04 13:19:00+00:00,3772.983642578125,3772.983642578125,3772.983642578125,3772.983642578125,3772.983642578125,0
2024-06-04 13:20:00+00:00,3775.03466796875,3775.03466796875,3775.03466796875,3775.03466796875,3775.03466796875,15426560
2024-06-04 13:21:00+00:00,3774.916259765625,3774.916259765625,3774.916259765625,3774.916259765625,3774.916259765625,0
2024-06-04 13:22:00+00:00,3776.614990234375,3776.614990234375,3776.614990234375,3776.614990234375,3776.614990234375,4862976
2024-06-04 13:23:00+00:00,3776.8857421875,3776.8857421875,3776.8857421875,3776.8857421875,3776.8857421875,18472960
2024-06-04 13:24:00+00:00,3778.432373046875,3778.432373046875,3778.432373046875,3778.432373046875,3778.432373046875,1758208
2024-06-04 13:25:00+00:00,3778.437255859375,3778.437255859375,3778.437255859375,3778.437255859375,3778.437255859375,452608
2024-06-04 13:26:00+00:00,3777.92236328125,3777.92236328125,3777.92236328125,3777.92236328125,3777.92236328125,12439552
2024-06-04 13:27:00+00:00,3777.90673828125,3777.90673828125,3777.90673828125,3777.90673828125,3777.90673828125,89088
2024-06-04 13:28:00+00:00,3777.058837890625,3777.058837890625,3777.058837890625,3777.058837890625,3777.058837890625,0
2024-06-04 13:29:00+00:00,3778.423828125,3778.423828125,3778.423828125,3778.423828125,3778.423828125,5679104
2024-06-04 13:30:00+00:00,3779.314453125,3779.314453125,3779.314453125,3779.314453125,3779.314453125,1004544
2024-06-04 13:31:00+00:00,3778.93896484375,3778.93896484375,3778.93896484375,3778.93896484375,3778.93896484375,3224576
2024-06-04 13:32:00+00:00,3778.400390625,3778.400390625,3778.400390625,3778.400390625,3778.400390625,18828288
2024-06-04 13:33:00+00:00,3776.417236328125,3776.417236328125,3776.417236328125,3776.417236328125,3776.417236328125,0
2024-06-04 13:34:00+00:00,3772.5302734375,3772.5302734375,3772.5302734375,3772.5302734375,3772.5302734375,0
2024-06-04 13:35:00+00:00,3772.144775390625,3772.144775390625,3772.144775390625,3772.144775390625,3772.144775390625,5435392
2024-06-04 13:36:00+00:00,3769.523193359375,3769.523193359375,3769.523193359375,3769.523193359375,3769.523193359375,0
2024-06-04 13:37:00+00:00,3774.825439453125,3774.825439453125,3774.825439453125,3774.825439453125,3774.825439453125,0
2024-06-04 13:38:00+00:00,3774.2421875,3774.2421875,3774.2421875,3774.2421875,3774.2421875,0
2024-06-04 13:39:00+00:00,3776.66064453125,3776.66064453125,3776.66064453125,3776.66064453125,3776.66064453125,0
2024-06-04 13:40:00+00:00,3779.546875,3779.546875,3779.546875,3779.546875,3779.546875,0
2024-06-04 13:41:00+00:00,3783.7744140625,3783.7744140625,3783.7744140625,3783.7744140625,3783.7744140625,6753280
2024-06-04 13:42:00+00:00,3784.025146484375,3784.025146484375,3784.025146484375,3784.025146484375,3784.025146484375,9239552
2024-06-04 13:43:00+00:00,3782.8857421875,3782.8857421875,3782.8857421875,3782.8857421875,3782.8857421875,1623040
2024-06-04 13:44:00+00:00,3781.6416015625,3781.6416015625,3781.6416015625,3781.6416015625,3781.6416015625,4216832
2024-06-04 13:45:00+00:00,3781.679931640625,3781.679931640625,3781.679931640625,3781.679931640625,3781.679931640625,4247552
2024-06-04 13:46:00+00:00,3784.15234375,3784.15234375,3784.15234375,3784.15234375,3784.15234375,152576
2024-06-04 13:47:00+00:00,3785.63525390625,3785.63525390625,3785.63525390625,3785.63525390625,3785.63525390625,2298880
2024-06-04 13:48:00+00:00,3783.0390625,3783.0390625,3783.0390625,3783.0390625,3783.0390625,0
2024-06-04 13:49:00+00:00,3782.976806640625,3782.976806640625,3782.976806640625,3782.976806640625,3782.976806640625,0
2024-06-04 13:50:00+00:00,3777.2412109375,3777.2412109375,3777.2412109375,3777.2412109375,3777.2412109375,0
2024-06-04 13:51:00+00:00,3780.62646484375,3780.62646484375,3780.62646484375,3780.62646484375,3780.62646484375,0
2024-06-04 13:52:00+00:00,3780.619140625,3780.619140625,3780.619140625,3780.619140625,3780.619140625,0
2024-06-04 13:53:00+00:00,3780.426025390625,3780.426025390625,3780.426025390625,3780.426025390625,3780.426025390625,0
2024-06-04 13:54:00+00:00,3782.408935546875,3782.408935546875,3782.408935546875,3782.408935546875,3782.408935546875,0
2024-06-04 13:55:00+00:00,3782.103759765625,3782.103759765625,3782.103759765625,3782.103759765625,3782.103759765625,0
2024-06-04 13:56:00+00:00,3785.425048828125,3785.425048828125,3785.425048828125,3785.425048828125,3785.425048828125,0
2024-06-04 13:57:00+00:00,3782.53564453125,3782.53564453125,3782.53564453125,3782.53564453125,3782.53564453125,1743872
2024-06-04 13:58:00+00:00,3778.3994140625,3778.3994140625,3778.3994140625,3778.3994140625,3778.3994140625,0
2024-06-04 13:59:00+00:00,3777.813232421875,3777.813232421875,3777.813232421875,3777.813232421875,3777.813232421875,0
2024-06-04 14:00:00+00:00,3776.45751953125,3776.45751953125,3776.45751953125,3776.45751953125,3776.45751953125,0
2024-06-04 14:01:00+00:00,3779.968994140625,3779.968994140625,3779.968994140625,3779.968994140625,3779.968994140625,0
2024-06-04 14:02:00+00:00,3783.91015625,3783.91015625,3783.91015625,3783.91015625,3783.91015625,0
2024-06-04 14:03:00+00:00,3785.567138671875,3785.567138671875,3785.567138671875,3785.567138671875,3785.567138671875,0
2024-06-04 14:04:00+00:00,3782.921142578125,3782.921142578125,3782.921142578125,3782.921142578125,3782.921142578125,0
2024-06-04 14:05:00+00:00,3780.631591796875,3780.631591796875,3780.631591796875,3780.631591796875,3780.631591796875,0
2024-06-04 14:06:00+00:00,3778.617919921875,3778.617919921875,3778.617919921875,3778.617919921875,3778.617919921875,135168
2024-06-04 14:07:00+00:00,3778.9677734375,3778.9677734375,3778.9677734375,3778.9677734375,3778.9677734375,0
2024-06-04 14:08:00+00:00,3783.47314453125,3783.47314453125,3783.47314453125,3783.47314453125,3783.47314453125,0
2024-06-04 14:09:00+00:00,3786.76953125,3786.76953125,3786.76953125,3786.76953125,3786.76953125,1198080
2024-06-04 14:10:00+00:00,3786.712158203125,3786.712158203125,3786.712158203125,3786.712158203125,3786.712158203125,4646912
2024-06-04 14:11:00+00:00,3785.820556640625,3785.820556640625,3785.820556640625,3785.820556640625,3785.820556640625,5185536
2024-06-04 14:12:00+00:00,3784.6044921875,3784.6044921875,3784.6044921875,3784.6044921875,3784.6044921875,14735360
2024-06-04 14:13:00+00:00,3783.422119140625,3783.422119140625,3783.422119140625,3783.422119140625,3783.422119140625,4073472
2024-06-04 14:14:00+00:00,3781.25,3781.25,3781.25,3781.25,3781.25,15505408
2024-06-04 14:15:00+00:00,3779.970947265625,3779.970947265625,3779.970947265625,3779.970947265625,3779.970947265625,829440
2024-06-04 14:16:00+00:00,3783.123779296875,3783.123779296875,3783.123779296875,3783.123779296875,3783.123779296875,0
2024-06-04 14:17:00+00:00,3784.8203125,3784.8203125,3784.8203125,3784.8203125,3784.8203125,0
2024-06-04 14:18:00+00:00,3791.8681640625,3791.8681640625,3791.8681640625,3791.8681640625,3791.8681640625,0
2024-06-04 14:19:00+00:00,3790.33740234375,3790.33740234375,3790.33740234375,3790.33740234375,3790.33740234375,10308608
2024-06-04 14:20:00+00:00,3792.381103515625,3792.381103515625,3792.381103515625,3792.381103515625,3792.381103515625,8979456
2024-06-04 14:21:00+00:00,3791.887939453125,3791.887939453125,3791.887939453125,3791.887939453125,3791.887939453125,7883776
2024-06-04 14:22:00+00:00,3787.12646484375,3787.12646484375,3787.12646484375,3787.12646484375,3787.12646484375,0
2024-06-04 14:23:00+00:00,3789.352783203125,3789.352783203125,3789.352783203125,3789.352783203125,3789.352783203125,7654400
2024-06-04 14:24:00+00:00,3788.026123046875,3788.026123046875,3788.026123046875,3788.026123046875,3788.026123046875,0
2024-06-04 14:25:00+00:00,3785.9482421875,3785.9482421875,3785.9482421875,3785.9482421875,3785.9482421875,0
2024-06-04 14:26:00+00:00,3789.072021484375,3789.072021484375,3789.072021484375,3789.072021484375,3789.072021484375,9808896
2024-06-04 14:27:00+00:00,3786.4931640625,3786.4931640625,3786.4931640625,3786.4931640625,3786.4931640625,0
2024-06-04 14:28:00+00:00,3783.562744140625,3783.562744140625,3783.562744140625,3783.562744140625,3783.562744140625,0
2024-06-04 14:29:00+00:00,3783.494140625,3783.494140625,3783.494140625,3783.494140625,3783.494140625,0
2024-06-04 14:30:00+00:00,3784.200927734375,3784.200927734375,3784.200927734375,3784.200927734375,3784.200927734375,0
2024-06-04 14:31:00+00:00,3782.606689453125,3782.606689453125,3782.606689453125,3782.606689453125,3782.606689453125,0
2024-06-04 14:32:00+00:00,3786.19091796875,3786.19091796875,3786.19091796875,3786.19091796875,3786.19091796875,0
2024-06-04 14:33:00+00:00,3786.460205078125,3786.460205078125,3786.460205078125,3786.460205078125,3786.460205078125,0
2024-06-04 14:34:00+00:00,3783.667724609375,3783.667724609375,3783.667724609375,3783.667724609375,3783.667724609375,0
2024-06-04 14:35:00+00:00,3781.7529296875,3781.7529296875,3781.7529296875,3781.7529296875,3781.7529296875,0
2024-06-04 14:36:00+00:00,3781.59228515625,3781.59228515625,3781.59228515625,3781.59228515625,3781.59228515625,0
2024-06-04 14:37:00+00:00,3778.5283203125,3778.5283203125,3778.5283203125,3778.5283203125,3778.5283203125,0
2024-06-04 14:38:00+00:00,3772.25390625,3772.25390625,3772.25390625,3772.25390625,3772.25390625,0
2024-06-04 14:39:00+00:00,3773.3271484375,3773.3271484375,3773.3271484375,3773.3271484375,3773.3271484375,2530304
2024-06-04 14:40:00+00:00,3772.024658203125,3772.024658203125,3772.024658203125,3772.024658203125,3772.024658203125,0
2024-06-04 14:41:00+00:00,3776.27294921875,3776.27294921875,3776.27294921875,3776.27294921875,3776.27294921875,0
2024-06-04 14:42:00+00:00,3778.562255859375,3778.562255859375,3778.562255859375,3778.562255859375,3778.562255859375,0
2024-06-04 14:43:00+00:00,3776.390380859375,3776.390380859375,3776.390380859375,3776.390380859375,3776.390380859375,0
2024-06-04 14:44:00+00:00,3775.8359375,3775.8359375,3775.8359375,3775.8359375,3775.8359375,0
2024-06-04 14:45:00+00:00,3775.709228515625,3775.709228515625,3775.709228515625,3775.709228515625,3775.709228515625,380928
2024-06-04 14:46:00+00:00,3777.82958984375,3777.82958984375,3777.82958984375,3777.82958984375,3777.82958984375,0
2024-06-04 14:47:00+00:00,3774.19970703125,3774.19970703125,3774.19970703125,3774.19970703125,3774.19970703125,0
2024-06-04 14:48:00+00:00,3769.66015625,3769.66015625,3769.66015625,3769.66015625,3769.66015625,0
2024-06-04 14:49:00+00:00,3769.403076171875,3769.403076171875,3769.403076171875,3769.403076171875,3769.403076171875,0
2024-06-04 14:50:00+00:00,3771.652587890625,3771.652587890625,3771.652587890625,3771.652587890625,3771.652587890625,0
2024-06-04 14:51:00+00:00,3772.427001953125,3772.427001953125,3772.427001953125,3772.427001953125,3772.427001953125,0
2024-06-04 14:52:00+00:00,3773.581787109375,3773.581787109375,3773.581787109375,3773.581787109375,3773.581787109375,0
2024-06-04 14:53:00+00:00,3774.23876953125,3774.23876953125,3774.23876953125,3774.23876953125,3774.23876953125,0
2024-06-04 14:54:00+00:00,3774.03271484375,3774.03271484375,3774.03271484375,3774.03271484375,3774.03271484375,1819648
2024-06-04 14:55:00+00:00,3778.235107421875,3778.235107421875,3778.235107421875,3778.235107421875,3778.235107421875,0
2024-06-04 14:56:00+00:00,3777.544921875,3777.544921875,3777.544921875,3777.544921875,3777.544921875,10812416
2024-06-04 14:57:00+00:00,3776.307373046875,3776.307373046875,3776.307373046875,3776.307373046875,3776.307373046875,0
2024-06-04 14:58:00+00:00,3776.546875,3776.546875,3776.546875,3776.546875,3776.546875,0
2024-06-04 14:59:00+00:00,3777.122802734375,3777.122802734375,3777.122802734375,3777.122802734375,3777.122802734375,0
2024-06-04 15:00:00+00:00,3777.295166015625,3777.295166015625,3777.295166015625,3777.295166015625,3777.295166015625,0
2024-06-04 15:01:00+00:00,3778.19873046875,3778.19873046875,3778.19873046875,3778.19873046875,3778.19873046875,0
2024-06-04 15:02:00+00:00,3779.02685546875,3779.02685546875,3779.02685546875,3779.02685546875,3779.02685546875,0
2024-06-04 15:03:00+00:00,3778.900390625,3778.900390625,3778.900390625,3778.900390625,3778.900390625,0
2024-06-04 15:04:00+00:00,3777.844482421875,3777.844482421875,3777.844482421875,3777.844482421875,3777.844482421875,0
2024-06-04 15:05:00+00:00,3778.2158203125,3778.2158203125,3778.2158203125,3778.2158203125,3778.2158203125,0
2024-06-04 15:06:00+00:00,3775.975341796875,3775.975341796875,3775.975341796875,3775.975341796875,3775.975341796875,0
2024-06-04 15:07:00+00:00,3774.366943359375,3774.366943359375,3774.366943359375,3774.366943359375,3774.366943359375,0
2024-06-04 15:08:00+00:00,3774.395263671875,3774.395263671875,3774.395263671875,3774.395263671875,3774.395263671875,0
2024-06-04 15:09:00+00:00,3774.016357421875,3774.016357421875,3774.016357421875,3774.016357421875,3774.016357421875,0
2024-06-04 15:10:00+00:00,3774.572021484375,3774.572021484375,3774.572021484375,3774.572021484375,3774.572021484375,0
2024-06-04 15:11:00+00:00,3780.039306640625,3780.039306640625,3780.039306640625,3780.039306640625,3780.039306640625,0
2024-06-04 15:12:00+00:00,3782.84326171875,3782.84326171875,3782.84326171875,3782.84326171875,3782.84326171875,0
2024-06-04 15:13:00+00:00,3791.113525390625,3791.113525390625,3791.113525390625,3791.113525390625,3791.113525390625,3977216
2024-06-04 15:14:00+00:00,3794.360107421875,3794.360107421875,3794.360107421875,3794.360107421875,3794.360107421875,0
2024-06-04 15:15:00+00:00,3793.7783203125,3793.7783203125,3793.7783203125,3793.7783203125,3793.7783203125,0
2024-06-04 15:16:00+00:00,3789.89794921875,3789.89794921875,3789.89794921875,3789.89794921875,3789.89794921875,13007872
2024-06-04 15:17:00+00:00,3791.7900390625,3791.7900390625,3791.7900390625,3791.7900390625,3791.7900390625,38694912
2024-06-04 15:18:00+00:00,3795.807373046875,3795.807373046875,3795.807373046875,3795.807373046875,3795.807373046875,6349824
2024-06-04 15:19:00+00:00,3799.98583984375,3799.98583984375,3799.98583984375,3799.98583984375,3799.98583984375,233472
2024-06-04 15:20:00+00:00,3803.67041015625,3803.67041015625,3803.67041015625,3803.67041015625,3803.67041015625,30601216
2024-06-04 15:21:00+00:00,3805.628173828125,3805.628173828125,3805.628173828125,3805.628173828125,3805.628173828125,5903360
2024-06-04 15:22:00+00:00,3803.213134765625,3803.213134765625,3803.213134765625,3803.213134765625,3803.213134765625,10967040
2024-06-04 15:23:00+00:00,3802.22265625,3802.22265625,3802.22265625,3802.22265625,3802.22265625,39764992
2024-06-04 15:24:00+00:00,3803.708740234375,3803.708740234375,3803.708740234375,3803.708740234375,3803.708740234375,1836032
2024-06-04 15:25:00+00:00,3805.018798828125,3805.018798828125,3805.018798828125,3805.018798828125,3805.018798828125,2852864
2024-06-04 15:26:00+00:00,3806.28173828125,3806.28173828125,3806.28173828125,3806.28173828125,3806.28173828125,42779648
2024-06-04 15:27:00+00:00,3802.152099609375,3802.152099609375,3802.152099609375,3802.152099609375,3802.152099609375,5444608
2024-06-04 15:28:00+00:00,3797.650634765625,3797.650634765625,3797.650634765625,3797.650634765625,3797.650634765625,1630208
2024-06-04 15:29:00+00:00,3796.430419921875,3796.430419921875,3796.430419921875,3796.430419921875,3796.430419921875,15283200
2024-06-04 15:30:00+00:00,3796.656494140625,3796.656494140625,3796.656494140625,3796.656494140625,3796.656494140625,1166336
2024-06-04 15:31:00+00:00,3796.744873046875,3796.744873046875,3796.744873046875,3796.744873046875,3796.744873046875,83968
2024-06-04 15:32:00+00:00,3799.46142578125,3799.46142578125,3799.46142578125,3799.46142578125,3799.46142578125,15409152
2024-06-04 15:33:00+00:00,3802.252685546875,3802.252685546875,3802.252685546875,3802.252685546875,3802.252685546875,7196672
2024-06-04 15:34:00+00:00,3798.87744140625,3798.87744140625,3798.87744140625,3798.87744140625,3798.87744140625,15432704
2024-06-04 15:35:00+00:00,3797.567626953125,3797.567626953125,3797.567626953125,3797.567626953125,3797.567626953125,31039488
2024-06-04 15:36:00+00:00,3797.49853515625,3797.49853515625,3797.49853515625,3797.49853515625,3797.49853515625,3619840
2024-06-04 15:37:00+00:00,3795.1748046875,3795.1748046875,3795.1748046875,3795.1748046875,3795.1748046875,0
2024-06-04 15:38:00+00:00,3796.281005859375,3796.281005859375,3796.281005859375,3796.281005859375,3796.281005859375,0
2024-06-04 15:39:00+00:00,3797.979248046875,3797.979248046875,3797.979248046875,3797.979248046875,3797.979248046875,0
2024-06-04 15:40:00+00:00,3797.346435546875,3797.346435546875,3797.346435546875,3797.346435546875,3797.346435546875,5849088
2024-06-04 15:41:00+00:00,3801.440185546875,3801.440185546875,3801.440185546875,3801.440185546875,3801.440185546875,20845568
2024-06-04 15:42:00+00:00,3802.00390625,3802.00390625,3802.00390625,3802.00390625,3802.00390625,1218560
2024-06-04 15:43:00+00:00,3803.9541015625,3803.9541015625,3803.9541015625,3803.9541015625,3803.9541015625,0
2024-06-04 15:44:00+00:00,3801.719482421875,3801.719482421875,3801.719482421875,3801.719482421875,3801.719482421875,10200064
2024-06-04 15:45:00+00:00,3802.02880859375,3802.02880859375,3802.02880859375,3802.02880859375,3802.02880859375,3745792
2024-06-04 15:46:00+00:00,3804.0283203125,3804.0283203125,3804.0283203125,3804.0283203125,3804.0283203125,0
2024-06-04 15:47:00+00:00,3802.19384765625,3802.19384765625,3802.19384765625,3802.19384765625,3802.19384765625,2377728
2024-06-04 15:48:00+00:00,3800.957763671875,3800.957763671875,3800.957763671875,3800.957763671875,3800.957763671875,10006528
2024-06-04 15:49:00+00:00,3801.13623046875,3801.13623046875,3801.13623046875,3801.13623046875,3801.13623046875,1461248
2024-06-04 15:50:00+00:00,3800.919677734375,3800.919677734375,3800.919677734375,3800.919677734375,3800.919677734375,174080
2024-06-04 15:51:00+00:00,3809.824462890625,3809.824462890625,3809.824462890625,3809.824462890625,3809.824462890625,10400768
2024-06-04 15:52:00+00:00,3813.97607421875,3813.97607421875,3813.97607421875,3813.97607421875,3813.97607421875,7943168
2024-06-04 15:53:00+00:00,3815.075927734375,3815.075927734375,3815.075927734375,3815.075927734375,3815.075927734375,45987840
2024-06-04 15:54:00+00:00,3812.55029296875,3812.55029296875,3812.55029296875,3812.55029296875,3812.55029296875,13974528
2024-06-04 15:55:00+00:00,3813.072509765625,3813.072509765625,3813.072509765625,3813.072509765625,3813.072509765625,2988032
2024-06-04 15:56:00+00:00,3813.727783203125,3813.727783203125,3813.727783203125,3813.727783203125,3813.727783203125,27841536
2024-06-04 15:57:00+00:00,3810.75634765625,3810.75634765625,3810.75634765625,3810.75634765625,3810.75634765625,9030656
2024-06-04 15:58:00+00:00,3810.78759765625,3810.78759765625,3810.78759765625,3810.78759765625,3810.78759765625,1705984
2024-06-04 15:59:00+00:00,3810.060791015625,3810.060791015625,3810.060791015625,3810.060791015625,3810.060791015625,29003776
2024-06-04 16:00:00+00:00,3810.262451171875,3810.262451171875,3810.262451171875,3810.262451171875,3810.262451171875,3352576
2024-06-04 16:01:00+00:00,3813.397705078125,3813.397705078125,3813.397705078125,3813.397705078125,3813.397705078125,0
2024-06-04 16:02:00+00:00,3811.892578125,3811.892578125,3811.892578125,3811.892578125,3811.892578125,8724480
2024-06-04 16:03:00+00:00,3813.847900390625,3813.847900390625,3813.847900390625,3813.847900390625,3813.847900390625,0
2024-06-04 16:04:00+00:00,3813.502685546875,3813.502685546875,3813.502685546875,3813.502685546875,3813.502685546875,327680
2024-06-04 16:05:00+00:00,3813.17431640625,3813.17431640625,3813.17431640625,3813.17431640625,3813.17431640625,537600
2024-06-04 16:06:00+00:00,3810.162841796875,3810.162841796875,3810.162841796875,3810.162841796875,3810.162841796875,5469184
2024-06-04 16:07:00+00:00,3805.478515625,3805.478515625,3805.478515625,3805.478515625,3805.478515625,5619712
2024-06-04 16:08:00+00:00,3806.608154296875,3806.608154296875,3806.608154296875,3806.608154296875,3806.608154296875,1524736
2024-06-04 16:09:00+00:00,3807.04638671875,3807.04638671875,3807.04638671875,3807.04638671875,3807.04638671875,5703680
2024-06-04 16:10:00+00:00,3809.579833984375,3809.579833984375,3809.579833984375,3809.579833984375,3809.579833984375,1010688
2024-06-04 16:11:00+00:00,3807.7021484375,3807.7021484375,3807.7021484375,3807.7021484375,3807.7021484375,26962944
2024-06-04 16:12:00+00:00,3809.197998046875,3809.197998046875,3809.197998046875,3809.197998046875,3809.197998046875,4054016
2024-06-04 16:13:00+00:00,3807.72607421875,3807.72607421875,3807.72607421875,3807.72607421875,3807.72607421875,4859904
2024-06-04 16:14:00+00:00,3807.460693359375,3807.460693359375,3807.460693359375,3807.460693359375,3807.460693359375,4974592
2024-06-04 16:15:00+00:00,3806.76220703125,3806.76220703125,3806.76220703125,3806.76220703125,3806.76220703125,25352192
2024-06-04 16:16:00+00:00,3806.964599609375,3806.964599609375,3806.964599609375,3806.964599609375,3806.964599609375,3131392
2024-06-04 16:17:00+00:00,3807.05615234375,3807.05615234375,3807.05615234375,3807.05615234375,3807.05615234375,10882048
2024-06-04 16:18:00+00:00,3810.56103515625,3810.56103515625,3810.56103515625,3810.56103515625,3810.56103515625,5320704
2024-06-04 16:19:00+00:00,3811.33056640625,3811.33056640625,3811.33056640625,3811.33056640625,3811.33056640625,3873792
2024-06-04 16:20:00+00:00,3822.96533203125,3822.96533203125,3822.96533203125,3822.96533203125,3822.96533203125,7515136
2024-06-04 16:21:00+00:00,3823.714111328125,3823.714111328125,3823.714111328125,3823.714111328125,3823.714111328125,35091456
2024-06-04 16:22:00+00:00,3824.860107421875,3824.860107421875,3824.860107421875,3824.860107421875,3824.860107421875,13486080
2024-06-04 16:23:00+00:00,3824.931396484375,3824.931396484375,3824.931396484375,3824.931396484375,3824.931396484375,49746944
2024-06-04 16:24:00+00:00,3823.61474609375,3823.61474609375,3823.61474609375,3823.61474609375,3823.61474609375,5094400
2024-06-04 16:25:00+00:00,3821.11865234375,3821.11865234375,3821.11865234375,3821.11865234375,3821.11865234375,19164160
2024-06-04 16:26:00+00:00,3821.30224609375,3821.30224609375,3821.30224609375,3821.30224609375,3821.30224609375,3225600
2024-06-04 16:27:00+00:00,3817.428955078125,3817.428955078125,3817.428955078125,3817.428955078125,3817.428955078125,8422400
2024-06-04 16:28:00+00:00,3816.829345703125,3816.829345703125,3816.829345703125,3816.829345703125,3816.829345703125,5608448
2024-06-04 16:29:00+00:00,3817.250244140625,3817.250244140625,3817.250244140625,3817.250244140625,3817.250244140625,12386304
2024-06-04 16:30:00+00:00,3816.323486328125,3816.323486328125,3816.323486328125,3816.323486328125,3816.323486328125,4617216
2024-06-04 16:31:00+00:00,3812.98046875,3812.98046875,3812.98046875,3812.98046875,3812.98046875,1083392
2024-06-04 16:32:00+00:00,3811.57177734375,3811.57177734375,3811.57177734375,3811.57177734375,3811.57177734375,18451456
2024-06-04 16:33:00+00:00,3814.53466796875,3814.53466796875,3814.53466796875,3814.53466796875,3814.53466796875,4018176
2024-06-04 16:34:00+00:00,3815.395751953125,3815.395751953125,3815.395751953125,3815.395751953125,3815.395751953125,0
2024-06-04 16:35:00+00:00,3815.641845703125,3815.641845703125,3815.641845703125,3815.641845703125,3815.641845703125,17105920
2024-06-04 16:36:00+00:00,3815.0234375,3815.0234375,3815.0234375,3815.0234375,3815.0234375,0
2024-06-04 16:37:00+00:00,3813.86865234375,3813.86865234375,3813.86865234375,3813.86865234375,3813.86865234375,0
2024-06-04 16:38:00+00:00,3814.0751953125,3814.0751953125,3814.0751953125,3814.0751953125,3814.0751953125,0
2024-06-04 16:39:00+00:00,3814.933837890625,3814.933837890625,3814.933837890625,3814.933837890625,3814.933837890625,0
2024-06-04 16:41:00+00:00,3820.5849609375,3820.5849609375,3820.5849609375,3820.5849609375,3820.5849609375,9184256
2024-06-04 16:42:00+00:00,3822.529541015625,3822.529541015625,3822.529541015625,3822.529541015625,3822.529541015625,5784576
2024-06-04 16:43:00+00:00,3821.28759765625,3821.28759765625,3821.28759765625,3821.28759765625,3821.28759765625,5522432
2024-06-04 16:44:00+00:00,3821.724365234375,3821.724365234375,3821.724365234375,3821.724365234375,3821.724365234375,19174400
2024-06-04 16:45:00+00:00,3822.118408203125,3822.118408203125,3822.118408203125,3822.118408203125,3822.118408203125,1167360
2024-06-04 16:46:00+00:00,3822.28369140625,3822.28369140625,3822.28369140625,3822.28369140625,3822.28369140625,3627008
2024-06-04 16:47:00+00:00,3817.60400390625,3817.60400390625,3817.60400390625,3817.60400390625,3817.60400390625,22103040
2024-06-04 16:48:00+00:00,3818.4541015625,3818.4541015625,3818.4541015625,3818.4541015625,3818.4541015625,3532800
2024-06-04 16:49:00+00:00,3819.376953125,3819.376953125,3819.376953125,3819.376953125,3819.376953125,2563072
2024-06-04 16:50:00+00:00,3819.06396484375,3819.06396484375,3819.06396484375,3819.06396484375,3819.06396484375,6536192
2024-06-04 16:51:00+00:00,3818.8046875,3818.8046875,3818.8046875,3818.8046875,3818.8046875,234496
2024-06-04 16:52:00+00:00,3813.25,3813.25,3813.25,3813.25,3813.25,0
2024-06-04 16:53:00+00:00,3812.885498046875,3812.885498046875,3812.885498046875,3812.885498046875,3812.885498046875,0
2024-06-04 16:54:00+00:00,3814.097900390625,3814.097900390625,3814.097900390625,3814.097900390625,3814.097900390625,116736
2024-06-04 16:55:00+00:00,3814.138916015625,3814.138916015625,3814.138916015625,3814.138916015625,3814.138916015625,0
2024-06-04 16:56:00+00:00,3814.444091796875,3814.444091796875,3814.444091796875,3814.444091796875,3814.444091796875,0
2024-06-04 16:57:00+00:00,3815.43359375,3815.43359375,3815.43359375,3815.43359375,3815.43359375,0
2024-06-04 16:58:00+00:00,3815.348876953125,3815.348876953125,3815.348876953125,3815.348876953125,3815.348876953125,1768448
2024-06-04 16:59:00+00:00,3816.594482421875,3816.594482421875,3816.594482421875,3816.594482421875,3816.594482421875,10466304
2024-06-04 17:00:00+00:00,3817.978515625,3817.978515625,3817.978515625,3817.978515625,3817.978515625,1161216
2024-06-04 17:01:00+00:00,3816.137451171875,3816.137451171875,3816.137451171875,3816.137451171875,3816.137451171875,0
2024-06-04 17:02:00+00:00,3815.906005859375,3815.906005859375,3815.906005859375,3815.906005859375,3815.906005859375,0
2024-06-04 17:03:00+00:00,3814.211181640625,3814.211181640625,3814.211181640625,3814.211181640625,3814.211181640625,0
2024-06-04 17:04:00+00:00,3814.517333984375,3814.517333984375,3814.517333984375,3814.517333984375,3814.517333984375,1417216
2024-06-04 17:05:00+00:00,3814.87841796875,3814.87841796875,3814.87841796875,3814.87841796875,3814.87841796875,0
2024-06-04 17:06:00+00:00,3817.781494140625,3817.781494140625,3817.781494140625,3817.781494140625,3817.781494140625,1484800
2024-06-04 17:07:00+00:00,3816.7333984375,3816.7333984375,3816.7333984375,3816.7333984375,3816.7333984375,0
2024-06-04 17:08:00+00:00,3818.862548828125,3818.862548828125,3818.862548828125,3818.862548828125,3818.862548828125,18669568
2024-06-04 17:09:00+00:00,3816.619140625,3816.619140625,3816.619140625,3816.619140625,3816.619140625,787456
2024-06-04 17:10:00+00:00,3816.8291015625,3816.8291015625,3816.8291015625,3816.8291015625,3816.8291015625,0
2024-06-04 17:11:00+00:00,3819.452880859375,3819.452880859375,3819.452880859375,3819.452880859375,3819.452880859375,7009280
2024-06-04 17:12:00+00:00,3818.52001953125,3818.52001953125,3818.52001953125,3818.52001953125,3818.52001953125,0
2024-06-04 17:13:00+00:00,3822.1162109375,3822.1162109375,3822.1162109375,3822.1162109375,3822.1162109375,0
2024-06-04 17:14:00+00:00,3825.789794921875,3825.789794921875,3825.789794921875,3825.789794921875,3825.789794921875,2899968
2024-06-04 17:15:00+00:00,3827.27001953125,3827.27001953125,3827.27001953125,3827.27001953125,3827.27001953125,4113408
2024-06-04 17:16:00+00:00,3827.03271484375,3827.03271484375,3827.03271484375,3827.03271484375,3827.03271484375,8691712
2024-06-04 17:17:00+00:00,3829.097900390625,3829.097900390625,3829.097900390625,3829.097900390625,3829.097900390625,24947712
2024-06-04 17:18:00+00:00,3831.364990234375,3831.364990234375,3831.364990234375,3831.364990234375,3831.364990234375,4132864
2024-06-04 17:19:00+00:00,3826.72607421875,3826.72607421875,3826.72607421875,3826.72607421875,3826.72607421875,4575232
2024-06-04 17:20:00+00:00,3824.59130859375,3824.59130859375,3824.59130859375,3824.59130859375,3824.59130859375,24641536
2024-06-04 17:21:00+00:00,3825.0830078125,3825.0830078125,3825.0830078125,3825.0830078125,3825.0830078125,1697792
2024-06-04 17:22:00+00:00,3822.26708984375,3822.26708984375,3822.26708984375,3822.26708984375,3822.26708984375,0
2024-06-04 17:23:00+00:00,3818.826416015625,3818.826416015625,3818.826416015625,3818.826416015625,3818.826416015625,22191104
2024-06-04 17:24:00+00:00,3819.263916015625,3819.263916015625,3819.263916015625,3819.263916015625,3819.263916015625,5523456
2024-06-04 17:25:00+00:00,3819.64404296875,3819.64404296875,3819.64404296875,3819.64404296875,3819.64404296875,0
2024-06-04 17:26:00+00:00,3818.528076171875,3818.528076171875,3818.528076171875,3818.528076171875,3818.528076171875,12454912
2024-06-04 17:27:00+00:00,3818.509521484375,3818.509521484375,3818.509521484375,3818.509521484375,3818.509521484375,990208
2024-06-04 17:28:00+00:00,3816.334228515625,3816.334228515625,3816.334228515625,3816.334228515625,3816.334228515625,0
2024-06-04 17:29:00+00:00,3812.684814453125,3812.684814453125,3812.684814453125,3812.684814453125,3812.684814453125,0
2024-06-04 17:30:00+00:00,3812.49853515625,3812.49853515625,3812.49853515625,3812.49853515625,3812.49853515625,1536000
2024-06-04 17:31:00+00:00,3813.107421875,3813.107421875,3813.107421875,3813.107421875,3813.107421875,3495936
2024-06-04 17:32:00+00:00,3813.09765625,3813.09765625,3813.09765625,3813.09765625,3813.09765625,3838976
2024-06-04 17:33:00+00:00,3811.738037109375,3811.738037109375,3811.738037109375,3811.738037109375,3811.738037109375,4898816
2024-06-04 17:34:00+00:00,3810.15380859375,3810.15380859375,3810.15380859375,3810.15380859375,3810.15380859375,1826816
2024-06-04 17:35:00+00:00,3807.915771484375,3807.915771484375,3807.915771484375,3807.915771484375,3807.915771484375,0
2024-06-04 17:36:00+00:00,3807.78466796875,3807.78466796875,3807.78466796875,3807.78466796875,3807.78466796875,996352
2024-06-04 17:37:00+00:00,3806.34033203125,3806.34033203125,3806.34033203125,3806.34033203125,3806.34033203125,3354624
2024-06-04 17:38:00+00:00,3807.68798828125,3807.68798828125,3807.68798828125,3807.68798828125,3807.68798828125,9802752
2024-06-04 17:39:00+00:00,3807.090576171875,3807.090576171875,3807.090576171875,3807.090576171875,3807.090576171875,1315840
2024-06-04 17:40:00+00:00,3805.27978515625,3805.27978515625,3805.27978515625,3805.27978515625,3805.27978515625,206848
2024-06-04 17:41:00+00:00,3805.39599609375,3805.39599609375,3805.39599609375,3805.39599609375,3805.39599609375,13346816
2024-06-04 17:42:00+00:00,3807.383056640625,3807.383056640625,3807.383056640625,3807.383056640625,3807.383056640625,9216
2024-06-04 17:43:00+00:00,3807.986328125,3807.986328125,3807.986328125,3807.986328125,3807.986328125,3276800
2024-06-04 17:44:00+00:00,3807.357177734375,3807.357177734375,3807.357177734375,3807.357177734375,3807.357177734375,9364480
2024-06-04 17:45:00+00:00,3808.542236328125,3808.542236328125,3808.542236328125,3808.542236328125,3808.542236328125,0
2024-06-04 17:46:00+00:00,3807.917724609375,3807.917724609375,3807.917724609375,3807.917724609375,3807.917724609375,0
2024-06-04 17:47:00+00:00,3811.4287109375,3811.4287109375,3811.4287109375,3811.4287109375,3811.4287109375,0
2024-06-04 17:48:00+00:00,3812.837158203125,3812.837158203125,3812.837158203125,3812.837158203125,3812.837158203125,2355200
2024-06-04 17:49:00+00:00,3813.139892578125,3813.139892578125,3813.139892578125,3813.139892578125,3813.139892578125,1068032
2024-06-04 17:50:00+00:00,3814.895263671875,3814.895263671875,3814.895263671875,3814.895263671875,3814.895263671875,1096704
2024-06-04 17:51:00+00:00,3815.791748046875,3815.791748046875,3815.791748046875,3815.791748046875,3815.791748046875,0
2024-06-04 17:52:00+00:00,3816.299072265625,3816.299072265625,3816.299072265625,3816.299072265625,3816.299072265625,2749440
2024-06-04 17:53:00+00:00,3817.287109375,3817.287109375,3817.287109375,3817.287109375,3817.287109375,4921344
2024-06-04 17:54:00+00:00,3816.0693359375,3816.0693359375,3816.0693359375,3816.0693359375,3816.0693359375,1311744
2024-06-04 17:55:00+00:00,3817.117919921875,3817.117919921875,3817.117919921875,3817.117919921875,3817.117919921875,3027968
2024-06-04 17:56:00+00:00,3820.49658203125,3820.49658203125,3820.49658203125,3820.49658203125,3820.49658203125,0
2024-06-04 17:57:00+00:00,3819.038818359375,3819.038818359375,3819.038818359375,3819.038818359375,3819.038818359375,3680256
2024-06-04 17:58:00+00:00,3816.07275390625,3816.07275390625,3816.07275390625,3816.07275390625,3816.07275390625,0
2024-06-04 17:59:00+00:00,3813.59814453125,3813.59814453125,3813.59814453125,3813.59814453125,3813.59814453125,7688192
2024-06-04 18:00:00+00:00,3814.03857421875,3814.03857421875,3814.03857421875,3814.03857421875,3814.03857421875,177152
2024-06-04 18:01:00+00:00,3815.20556640625,3815.20556640625,3815.20556640625,3815.20556640625,3815.20556640625,2028544
2024-06-04 18:02:00+00:00,3816.531982421875,3816.531982421875,3816.531982421875,3816.531982421875,3816.531982421875,0
2024-06-04 18:03:00+00:00,3816.091796875,3816.091796875,3816.091796875,3816.091796875,3816.091796875,1413120
2024-06-04 18:04:00+00:00,3816.9228515625,3816.9228515625,3816.9228515625,3816.9228515625,3816.9228515625,1582080
2024-06-04 18:05:00+00:00,3816.41064453125,3816.41064453125,3816.41064453125,3816.41064453125,3816.41064453125,0
2024-06-04 18:06:00+00:00,3815.741455078125,3815.741455078125,3815.741455078125,3815.741455078125,3815.741455078125,123904
2024-06-04 18:07:00+00:00,3816.400390625,3816.400390625,3816.400390625,3816.400390625,3816.400390625,1466368
2024-06-04 18:08:00+00:00,3814.302978515625,3814.302978515625,3814.302978515625,3814.302978515625,3814.302978515625,14845952
2024-06-04 18:09:00+00:00,3813.906982421875,3813.906982421875,3813.906982421875,3813.906982421875,3813.906982421875,120832
2024-06-04 18:10:00+00:00,3814.095703125,3814.095703125,3814.095703125,3814.095703125,3814.095703125,519168
2024-06-04 18:11:00+00:00,3814.655029296875,3814.655029296875,3814.655029296875,3814.655029296875,3814.655029296875,3809280
2024-06-04 18:12:00+00:00,3814.10888671875,3814.10888671875,3814.10888671875,3814.10888671875,3814.10888671875,0
2024-06-04 18:13:00+00:00,3816.668212890625,3816.668212890625,3816.668212890625,3816.668212890625,3816.668212890625,1160192
2024-06-04 18:14:00+00:00,3816.829345703125,3816.829345703125,3816.829345703125,3816.829345703125,3816.829345703125,0
2024-06-04 18:15:00+00:00,3816.7841796875,3816.7841796875,3816.7841796875,3816.7841796875,3816.7841796875,1537024
2024-06-04 18:16:00+00:00,3817.0458984375,3817.0458984375,3817.0458984375,3817.0458984375,3817.0458984375,6144
2024-06-04 18:17:00+00:00,3816.838623046875,3816.838623046875,3816.838623046875,3816.838623046875,3816.838623046875,19133440
2024-06-04 18:18:00+00:00,3816.564697265625,3816.564697265625,3816.564697265625,3816.564697265625,3816.564697265625,490496
2024-06-04 18:19:00+00:00,3815.679931640625,3815.679931640625,3815.679931640625,3815.679931640625,3815.679931640625,0
2024-06-04 18:20:00+00:00,3816.509033203125,3816.509033203125,3816.509033203125,3816.509033203125,3816.509033203125,0
2024-06-04 18:21:00+00:00,3818.140625,3818.140625,3818.140625,3818.140625,3818.140625,41984
2024-06-04 18:22:00+00:00,3820.355712890625,3820.355712890625,3820.355712890625,3820.355712890625,3820.355712890625,2622464
2024-06-04 18:23:00+00:00,3823.47900390625,3823.47900390625,3823.47900390625,3823.47900390625,3823.47900390625,6834176
2024-06-04 18:24:00+00:00,3823.203369140625,3823.203369140625,3823.203369140625,3823.203369140625,3823.203369140625,4927488
2024-06-04 18:25:00+00:00,3825.01806640625,3825.01806640625,3825.01806640625,3825.01806640625,3825.01806640625,6120448
2024-06-04 18:26:00+00:00,3821.829345703125,3821.829345703125,3821.829345703125,3821.829345703125,3821.829345703125,0
2024-06-04 18:27:00+00:00,3821.576171875,3821.576171875,3821.576171875,3821.576171875,3821.576171875,3764224
2024-06-04 18:28:00+00:00,3823.30126953125,3823.30126953125,3823.30126953125,3823.30126953125,3823.30126953125,1848320
2024-06-04 18:29:00+00:00,3823.587158203125,3823.587158203125,3823.587158203125,3823.587158203125,3823.587158203125,26117120
2024-06-04 18:30:00+00:00,3823.4462890625,3823.4462890625,3823.4462890625,3823.4462890625,3823.4462890625,3776512
2024-06-04 18:31:00+00:00,3822.6708984375,3822.6708984375,3822.6708984375,3822.6708984375,3822.6708984375,2789376
2024-06-04 18:32:00+00:00,3822.928955078125,3822.928955078125,3822.928955078125,3822.928955078125,3822.928955078125,10098688
2024-06-04 18:33:00+00:00,3824.147216796875,3824.147216796875,3824.147216796875,3824.147216796875,3824.147216796875,4480000
2024-06-04 18:34:00+00:00,3822.6591796875,3822.6591796875,3822.6591796875,3822.6591796875,3822.6591796875,0
2024-06-04 18:35:00+00:00,3821.873046875,3821.873046875,3821.873046875,3821.873046875,3821.873046875,5731328
2024-06-04 18:36:00+00:00,3822.299072265625,3822.299072265625,3822.299072265625,3822.299072265625,3822.299072265625,1998848
2024-06-04 18:37:00+00:00,3820.206298828125,3820.206298828125,3820.206298828125,3820.206298828125,3820.206298828125,0
2024-06-04 18:38:00+00:00,3817.11279296875,3817.11279296875,3817.11279296875,3817.11279296875,3817.11279296875,3983360
2024-06-04 18:39:00+00:00,3819.586669921875,3819.586669921875,3819.586669921875,3819.586669921875,3819.586669921875,746496
2024-06-04 18:40:00+00:00,3819.010009765625,3819.010009765625,3819.010009765625,3819.010009765625,3819.010009765625,4240384
2024-06-04 18:41:00+00:00,3818.81494140625,3818.81494140625,3818.81494140625,3818.81494140625,3818.81494140625,3523584
2024-06-04 18:42:00+00:00,3818.1025390625,3818.1025390625,3818.1025390625,3818.1025390625,3818.1025390625,3360768
2024-06-04 18:43:00+00:00,3817.572021484375,3817.572021484375,3817.572021484375,3817.572021484375,3817.572021484375,0
2024-06-04 18:44:00+00:00,3818.1064453125,3818.1064453125,3818.1064453125,3818.1064453125,3818.1064453125,0
2024-06-04 18:45:00+00:00,3816.32470703125,3816.32470703125,3816.32470703125,3816.32470703125,3816.32470703125,355328
2024-06-04 18:46:00+00:00,3815.3818359375,3815.3818359375,3815.3818359375,3815.3818359375,3815.3818359375,2884608
2024-06-04 18:47:00+00:00,3815.067138671875,3815.067138671875,3815.067138671875,3815.067138671875,3815.067138671875,3830784
2024-06-04 18:48:00+00:00,3814.177490234375,3814.177490234375,3814.177490234375,3814.177490234375,3814.177490234375,0
2024-06-04 18:49:00+00:00,3815.794189453125,3815.794189453125,3815.794189453125,3815.794189453125,3815.794189453125,324608
2024-06-04 18:50:00+00:00,3815.960205078125,3815.960205078125,3815.960205078125,3815.960205078125,3815.960205078125,1234944
2024-06-04 18:51:00+00:00,3816.9208984375,3816.9208984375,3816.9208984375,3816.9208984375,3816.9208984375,5335040
2024-06-04 18:52:00+00:00,3816.092529296875,3816.092529296875,3816.092529296875,3816.092529296875,3816.092529296875,300032
2024-06-04 18:53:00+00:00,3815.81787109375,3815.81787109375,3815.81787109375,3815.81787109375,3815.81787109375,0
2024-06-04 18:54:00+00:00,3816.127685546875,3816.127685546875,3816.127685546875,3816.127685546875,3816.127685546875,770048
2024-06-04 18:55:00+00:00,3815.47412109375,3815.47412109375,3815.47412109375,3815.47412109375,3815.47412109375,0
2024-06-04 18:56:00+00:00,3815.903564453125,3815.903564453125,3815.903564453125,3815.903564453125,3815.903564453125,8819712
2024-06-04 18:57:00+00:00,3814.651611328125,3814.651611328125,3814.651611328125,3814.651611328125,3814.651611328125,538624
2024-06-04 18:58:00+00:00,3814.55078125,3814.55078125,3814.55078125,3814.55078125,3814.55078125,1913856
2024-06-04 18:59:00+00:00,3813.770751953125,3813.770751953125,3813.770751953125,3813.770751953125,3813.770751953125,3447808
2024-06-04 19:00:00+00:00,3812.46337890625,3812.46337890625,3812.46337890625,3812.46337890625,3812.46337890625,806912
2024-06-04 19:01:00+00:00,3811.688720703125,3811.688720703125,3811.688720703125,3811.688720703125,3811.688720703125,0
2024-06-04 19:02:00+00:00,3809.391845703125,3809.391845703125,3809.391845703125,3809.391845703125,3809.391845703125,0
2024-06-04 19:03:00+00:00,3808.5380859375,3808.5380859375,3808.5380859375,3808.5380859375,3808.5380859375,634880
2024-06-04 19:04:00+00:00,3808.981201171875,3808.981201171875,3808.981201171875,3808.981201171875,3808.981201171875,2409472
2024-06-04 19:05:00+00:00,3808.9921875,3808.9921875,3808.9921875,3808.9921875,3808.9921875,0
2024-06-04 19:06:00+00:00,3807.177001953125,3807.177001953125,3807.177001953125,3807.177001953125,3807.177001953125,787456
2024-06-04 19:07:00+00:00,3807.93798828125,3807.93798828125,3807.93798828125,3807.93798828125,3807.93798828125,0
2024-06-04 19:08:00+00:00,3805.953369140625,3805.953369140625,3805.953369140625,3805.953369140625,3805.953369140625,0
2024-06-04 19:09:00+00:00,3805.312744140625,3805.312744140625,3805.312744140625,3805.312744140625,3805.312744140625,770048
2024-06-04 19:10:00+00:00,3807.4296875,3807.4296875,3807.4296875,3807.4296875,3807.4296875,0
2024-06-04 19:11:00+00:00,3806.744384765625,3806.744384765625,3806.744384765625,3806.744384765625,3806.744384765625,2199552
2024-06-04 19:12:00+00:00,3805.55029296875,3805.55029296875,3805.55029296875,3805.55029296875,3805.55029296875,1909760
2024-06-04 19:13:00+00:00,3806.880859375,3806.880859375,3806.880859375,3806.880859375,3806.880859375,102400
2024-06-04 19:14:00+00:00,3806.144287109375,3806.144287109375,3806.144287109375,3806.144287109375,3806.144287109375,8633344
2024-06-04 19:15:00+00:00,3804.75927734375,3804.75927734375,3804.75927734375,3804.75927734375,3804.75927734375,1312768
2024-06-04 19:16:00+00:00,3803.752197265625,3803.752197265625,3803.752197265625,3803.752197265625,3803.752197265625,0
2024-06-04 19:17:00+00:00,3803.907958984375,3803.907958984375,3803.907958984375,3803.907958984375,3803.907958984375,10959872
2024-06-04 19:18:00+00:00,3803.768798828125,3803.768798828125,3803.768798828125,3803.768798828125,3803.768798828125,0
2024-06-04 19:19:00+00:00,3803.184326171875,3803.184326171875,3803.184326171875,3803.184326171875,3803.184326171875,1304576
2024-06-04 19:20:00+00:00,3802.49462890625,3802.49462890625,3802.49462890625,3802.49462890625,3802.49462890625,0
2024-06-04 19:21:00+00:00,3802.215087890625,3802.215087890625,3802.215087890625,3802.215087890625,3802.215087890625,2308096
2024-06-04 19:22:00+00:00,3801.997314453125,3801.997314453125,3801.997314453125,3801.997314453125,3801.997314453125,0
2024-06-04 19:23:00+00:00,3802.208984375,3802.208984375,3802.208984375,3802.208984375,3802.208984375,2432000
2024-06-04 19:24:00+00:00,3801.971435546875,3801.971435546875,3801.971435546875,3801.971435546875,3801.971435546875,340992
2024-06-04 19:25:00+00:00,3804.535888671875,3804.535888671875,3804.535888671875,3804.535888671875,3804.535888671875,292864
2024-06-04 19:26:00+00:00,3803.1044921875,3803.1044921875,3803.1044921875,3803.1044921875,3803.1044921875,12296192
2024-06-04 19:27:00+00:00,3803.38037109375,3803.38037109375,3803.38037109375,3803.38037109375,3803.38037109375,744448
2024-06-04 19:28:00+00:00,3802.794677734375,3802.794677734375,3802.794677734375,3802.794677734375,3802.794677734375,0
2024-06-04 19:29:00+00:00,3800.7666015625,3800.7666015625,3800.7666015625,3800.7666015625,3800.7666015625,1217536
2024-06-04 19:30:00+00:00,3800.857177734375,3800.857177734375,3800.857177734375,3800.857177734375,3800.857177734375,1691648
2024-06-04 19:31:00+00:00,3801.105224609375,3801.105224609375,3801.105224609375,3801.105224609375,3801.105224609375,0
2024-06-04 19:32:00+00:00,3799.099609375,3799.099609375,3799.099609375,3799.099609375,3799.099609375,0
2024-06-04 19:33:00+00:00,3797.415771484375,3797.415771484375,3797.415771484375,3797.415771484375,3797.415771484375,0
2024-06-04 19:34:00+00:00,3797.841552734375,3797.841552734375,3797.841552734375,3797.841552734375,3797.841552734375,5495808
2024-06-04 19:35:00+00:00,3796.82421875,3796.82421875,3796.82421875,3796.82421875,3796.82421875,9730048
2024-06-04 19:36:00+00:00,3794.298583984375,3794.298583984375,3794.298583984375,3794.298583984375,3794.298583984375,650240
2024-06-04 19:37:00+00:00,3790.813232421875,3790.813232421875,3790.813232421875,3790.813232421875,3790.813232421875,2875392
2024-06-04 19:38:00+00:00,3783.035400390625,3783.035400390625,3783.035400390625,3783.035400390625,3783.035400390625,0
2024-06-04 19:39:00+00:00,3778.617431640625,3778.617431640625,3778.617431640625,3778.617431640625,3778.617431640625,6325248
2024-06-04 19:40:00+00:00,3780.612548828125,3780.612548828125,3780.612548828125,3780.612548828125,3780.612548828125,2712576
2024-06-04 19:41:00+00:00,3786.45361328125,3786.45361328125,3786.45361328125,3786.45361328125,3786.45361328125,35948544
2024-06-04 19:42:00+00:00,3786.142822265625,3786.142822265625,3786.142822265625,3786.142822265625,3786.142822265625,856064
2024-06-04 19:43:00+00:00,3787.06640625,3787.06640625,3787.06640625,3787.06640625,3787.06640625,3295232
2024-06-04 19:44:00+00:00,3788.037109375,3788.037109375,3788.037109375,3788.037109375,3788.037109375,11152384
2024-06-04 19:45:00+00:00,3790.115478515625,3790.115478515625,3790.115478515625,3790.115478515625,3790.115478515625,14205952
2024-06-04 19:46:00+00:00,3789.3583984375,3789.3583984375,3789.3583984375,3789.3583984375,3789.3583984375,2833408
2024-06-04 19:47:00+00:00,3791.114013671875,3791.114013671875,3791.114013671875,3791.114013671875,3791.114013671875,26859520
2024-06-04 19:48:00+00:00,3794.07568359375,3794.07568359375,3794.07568359375,3794.07568359375,3794.07568359375,2923520
2024-06-04 19:49:00+00:00,3792.451416015625,3792.451416015625,3792.451416015625,3792.451416015625,3792.451416015625,2072576
2024-06-04 19:50:00+00:00,3790.75537109375,3790.75537109375,3790.75537109375,3790.75537109375,3790.75537109375,10694656
2024-06-04 19:51:00+00:00,3790.035400390625,3790.035400390625,3790.035400390625,3790.035400390625,3790.035400390625,0
2024-06-04 19:52:00+00:00,3790.951416015625,3790.951416015625,3790.951416015625,3790.951416015625,3790.951416015625,144384
2024-06-04 19:53:00+00:00,3791.125732421875,3791.125732421875,3791.125732421875,3791.125732421875,3791.125732421875,0
2024-06-04 19:54:00+00:00,3791.983642578125,3791.983642578125,3791.983642578125,3791.983642578125,3791.983642578125,2744320
2024-06-04 19:55:00+00:00,3794.564697265625,3794.564697265625,3794.564697265625,3794.564697265625,3794.564697265625,0
2024-06-04 19:56:00+00:00,3795.341796875,3795.341796875,3795.341796875,3795.341796875,3795.341796875,1351680
2024-06-04 19:57:00+00:00,3796.776611328125,3796.776611328125,3796.776611328125,3796.776611328125,3796.776611328125,1549312
2024-06-04 19:58:00+00:00,3798.655029296875,3798.655029296875,3798.655029296875,3798.655029296875,3798.655029296875,1331200
2024-06-04 19:59:00+00:00,3801.7421875,3801.7421875,3801.7421875,3801.7421875,3801.7421875,4536320
2024-06-04 20:00:00+00:00,3802.0341796875,3802.0341796875,3802.0341796875,3802.0341796875,3802.0341796875,2819072
2024-06-04 20:01:00+00:00,3799.163330078125,3799.163330078125,3799.163330078125,3799.163330078125,3799.163330078125,3820544
2024-06-04 20:02:00+00:00,3796.771240234375,3796.771240234375,3796.771240234375,3796.771240234375,3796.771240234375,3419136
2024-06-04 20:03:00+00:00,3797.9248046875,3797.9248046875,3797.9248046875,3797.9248046875,3797.9248046875,0
2024-06-04 20:04:00+00:00,3798.001220703125,3798.001220703125,3798.001220703125,3798.001220703125,3798.001220703125,0
2024-06-04 20:05:00+00:00,3797.458740234375,3797.458740234375,3797.458740234375,3797.458740234375,3797.458740234375,2026496
2024-06-04 20:06:00+00:00,3794.955810546875,3794.955810546875,3794.955810546875,3794.955810546875,3794.955810546875,0
2024-06-04 20:07:00+00:00,3798.397216796875,3798.397216796875,3798.397216796875,3798.397216796875,3798.397216796875,1124352
2024-06-04 20:08:00+00:00,3797.93017578125,3797.93017578125,3797.93017578125,3797.93017578125,3797.93017578125,0
2024-06-04 20:09:00+00:00,3797.356689453125,3797.356689453125,3797.356689453125,3797.356689453125,3797.356689453125,0
2024-06-04 20:10:00+00:00,3797.98876953125,3797.98876953125,3797.98876953125,3797.98876953125,3797.98876953125,0
2024-06-04 20:11:00+00:00,3798.5048828125,3798.5048828125,3798.5048828125,3798.5048828125,3798.5048828125,6545408
2024-06-04 20:12:00+00:00,3799.376953125,3799.376953125,3799.376953125,3799.376953125,3799.376953125,1931264
2024-06-04 20:13:00+00:00,3798.743896484375,3798.743896484375,3798.743896484375,3798.743896484375,3798.743896484375,0
2024-06-04 20:14:00+00:00,3798.39599609375,3798.39599609375,3798.39599609375,3798.39599609375,3798.39599609375,0
2024-06-04 20:15:00+00:00,3798.265380859375,3798.265380859375,3798.265380859375,3798.265380859375,3798.265380859375,364544
2024-06-04 20:16:00+00:00,3798.489990234375,3798.489990234375,3798.489990234375,3798.489990234375,3798.489990234375,0
2024-06-04 20:17:00+00:00,3798.22021484375,3798.22021484375,3798.22021484375,3798.22021484375,3798.22021484375,0
2024-06-04 20:18:00+00:00,3797.40966796875,3797.40966796875,3797.40966796875,3797.40966796875,3797.40966796875,0
2024-06-04 20:19:00+00:00,3798.124267578125,3798.124267578125,3798.124267578125,3798.124267578125,3798.124267578125,0
2024-06-04 20:20:00+00:00,3798.283203125,3798.283203125,3798.283203125,3798.283203125,3798.283203125,11073536
2024-06-04 20:21:00+00:00,3797.30078125,3797.30078125,3797.30078125,3797.30078125,3797.30078125,0
2024-06-04 20:22:00+00:00,3796.674072265625,3796.674072265625,3796.674072265625,3796.674072265625,3796.674072265625,0
2024-06-04 20:23:00+00:00,3795.380615234375,3795.380615234375,3795.380615234375,3795.380615234375,3795.380615234375,0
2024-06-04 20:24:00+00:00,3793.94970703125,3793.94970703125,3793.94970703125,3793.94970703125,3793.94970703125,0
2024-06-04 20:25:00+00:00,3794.0615234375,3794.0615234375,3794.0615234375,3794.0615234375,3794.0615234375,0
2024-06-04 20:26:00+00:00,3794.791748046875,3794.791748046875,3794.791748046875,3794.791748046875,3794.791748046875,0
2024-06-04 20:27:00+00:00,3795.67919921875,3795.67919921875,3795.67919921875,3795.67919921875,3795.67919921875,1863680
2024-06-04 20:28:00+00:00,3797.869140625,3797.869140625,3797.869140625,3797.869140625,3797.869140625,203776
2024-06-04 20:29:00+00:00,3798.92919921875,3798.92919921875,3798.92919921875,3798.92919921875,3798.92919921875,10171392
2024-06-04 20:30:00+00:00,3798.224853515625,3798.224853515625,3798.224853515625,3798.224853515625,3798.224853515625,2056192
2024-06-04 20:31:00+00:00,3798.81884765625,3798.81884765625,3798.81884765625,3798.81884765625,3798.81884765625,0
2024-06-04 20:32:00+00:00,3799.621826171875,3799.621826171875,3799.621826171875,3799.621826171875,3799.621826171875,3296256
2024-06-04 20:33:00+00:00,3801.94775390625,3801.94775390625,3801.94775390625,3801.94775390625,3801.94775390625,3090432
2024-06-04 20:34:00+00:00,3803.60498046875,3803.60498046875,3803.60498046875,3803.60498046875,3803.60498046875,0
2024-06-04 20:35:00+00:00,3804.619140625,3804.619140625,3804.619140625,3804.619140625,3804.619140625,9899008
2024-06-04 20:36:00+00:00,3802.82568359375,3802.82568359375,3802.82568359375,3802.82568359375,3802.82568359375,4713472
2024-06-04 20:37:00+00:00,3802.324951171875,3802.324951171875,3802.324951171875,3802.324951171875,3802.324951171875,0
2024-06-04 20:38:00+00:00,3803.252685546875,3803.252685546875,3803.252685546875,3803.252685546875,3803.252685546875,0
2024-06-04 20:39:00+00:00,3802.9462890625,3802.9462890625,3802.9462890625,3802.9462890625,3802.9462890625,0
2024-06-04 20:40:00+00:00,3803.14794921875,3803.14794921875,3803.14794921875,3803.14794921875,3803.14794921875,1227776
2024-06-04 20:41:00+00:00,3802.9140625,3802.9140625,3802.9140625,3802.9140625,3802.9140625,3822592
2024-06-04 20:42:00+00:00,3803.74365234375,3803.74365234375,3803.74365234375,3803.74365234375,3803.74365234375,0
2024-06-04 20:43:00+00:00,3804.2578125,3804.2578125,3804.2578125,3804.2578125,3804.2578125,0
2024-06-04 20:44:00+00:00,3804.474365234375,3804.474365234375,3804.474365234375,3804.474365234375,3804.474365234375,0
2024-06-04 20:45:00+00:00,3805.335205078125,3805.335205078125,3805.335205078125,3805.335205078125,3805.335205078125,0
2024-06-04 20:46:00+00:00,3805.28515625,3805.28515625,3805.28515625,3805.28515625,3805.28515625,0
2024-06-04 20:47:00+00:00,3806.191162109375,3806.191162109375,3806.191162109375,3806.191162109375,3806.191162109375,9681920
2024-06-04 20:48:00+00:00,3808.44580078125,3808.44580078125,3808.44580078125,3808.44580078125,3808.44580078125,0
2024-06-04 20:49:00+00:00,3808.254150390625,3808.254150390625,3808.254150390625,3808.254150390625,3808.254150390625,3415040
2024-06-04 20:50:00+00:00,3809.4580078125,3809.4580078125,3809.4580078125,3809.4580078125,3809.4580078125,6939648
2024-06-04 20:51:00+00:00,3809.10546875,3809.10546875,3809.10546875,3809.10546875,3809.10546875,2338816
2024-06-04 20:52:00+00:00,3809.363525390625,3809.363525390625,3809.363525390625,3809.363525390625,3809.363525390625,4037632
2024-06-04 20:53:00+00:00,3810.7119140625,3810.7119140625,3810.7119140625,3810.7119140625,3810.7119140625,4878336
2024-06-04 20:54:00+00:00,3811.356201171875,3811.356201171875,3811.356201171875,3811.356201171875,3811.356201171875,2267136
2024-06-04 20:55:00+00:00,3811.700439453125,3811.700439453125,3811.700439453125,3811.700439453125,3811.700439453125,3188736
2024-06-04 20:56:00+00:00,3810.111083984375,3810.111083984375,3810.111083984375,3810.111083984375,3810.111083984375,10025984
2024-06-04 20:57:00+00:00,3809.6875,3809.6875,3809.6875,3809.6875,3809.6875,491520
2024-06-04 20:58:00+00:00,3808.250244140625,3808.250244140625,3808.250244140625,3808.250244140625,3808.250244140625,1777664
2024-06-04 20:59:00+00:00,3808.301513671875,3808.301513671875,3808.301513671875,3808.301513671875,3808.301513671875,5632000
2024-06-04 21:00:00+00:00,3806.995849609375,3806.995849609375,3806.995849609375,3806.995849609375,3806.995849609375,0
2024-06-04 21:01:00+00:00,3807.362060546875,3807.362060546875,3807.362060546875,3807.362060546875,3807.362060546875,0
2024-06-04 21:02:00+00:00,3806.934814453125,3806.934814453125,3806.934814453125,3806.934814453125,3806.934814453125,0
2024-06-04 21:03:00+00:00,3807.880615234375,3807.880615234375,3807.880615234375,3807.880615234375,3807.880615234375,242688
2024-06-04 21:04:00+00:00,3807.1962890625,3807.1962890625,3807.1962890625,3807.1962890625,3807.1962890625,0
2024-06-04 21:05:00+00:00,3807.2529296875,3807.2529296875,3807.2529296875,3807.2529296875,3807.2529296875,0
2024-06-04 21:06:00+00:00,3808.287353515625,3808.287353515625,3808.287353515625,3808.287353515625,3808.287353515625,0
2024-06-04 21:07:00+00:00,3807.897705078125,3807.897705078125,3807.897705078125,3807.897705078125,3807.897705078125,0
2024-06-04 21:08:00+00:00,3805.90234375,3805.90234375,3805.90234375,3805.90234375,3805.90234375,12209152
2024-06-04 21:09:00+00:00,3805.1123046875,3805.1123046875,3805.1123046875,3805.1123046875,3805.1123046875,2650112
2024-06-04 21:10:00+00:00,3804.476318359375,3804.476318359375,3804.476318359375,3804.476318359375,3804.476318359375,0
2024-06-04 21:11:00+00:00,3805.716552734375,3805.716552734375,3805.716552734375,3805.716552734375,3805.716552734375,0
2024-06-04 21:12:00+00:00,3805.9921875,3805.9921875,3805.9921875,3805.9921875,3805.9921875,2676736
2024-06-04 21:13:00+00:00,3805.90966796875,3805.90966796875,3805.90966796875,3805.90966796875,3805.90966796875,81920
2024-06-04 21:14:00+00:00,3807.872802734375,3807.872802734375,3807.872802734375,3807.872802734375,3807.872802734375,6233088
2024-06-04 21:15:00+00:00,3807.2822265625,3807.2822265625,3807.2822265625,3807.2822265625,3807.2822265625,394240
2024-06-04 21:16:00+00:00,3807.5712890625,3807.5712890625,3807.5712890625,3807.5712890625,3807.5712890625,119808
2024-06-04 21:17:00+00:00,3806.202392578125,3806.202392578125,3806.202392578125,3806.202392578125,3806.202392578125,0
2024-06-04 21:18:00+00:00,3805.342529296875,3805.342529296875,3805.342529296875,3805.342529296875,3805.342529296875,316416
2024-06-04 21:19:00+00:00,3805.76513671875,3805.76513671875,3805.76513671875,3805.76513671875,3805.76513671875,0
2024-06-04 21:20:00+00:00,3806.326416015625,3806.326416015625,3806.326416015625,3806.326416015625,3806.326416015625,3088384
2024-06-04 21:21:00+00:00,3805.64501953125,3805.64501953125,3805.64501953125,3805.64501953125,3805.64501953125,0
2024-06-04 21:22:00+00:00,3805.447021484375,3805.447021484375,3805.447021484375,3805.447021484375,3805.447021484375,1032192
2024-06-04 21:23:00+00:00,3804.82373046875,3804.82373046875,3804.82373046875,3804.82373046875,3804.82373046875,0
2024-06-04 21:24:00+00:00,3804.97314453125,3804.97314453125,3804.97314453125,3804.97314453125,3804.97314453125,0
2024-06-04 21:25:00+00:00,3806.1044921875,3806.1044921875,3806.1044921875,3806.1044921875,3806.1044921875,0
2024-06-04 21:26:00+00:00,3807.491943359375,3807.491943359375,3807.491943359375,3807.491943359375,3807.491943359375,0
2024-06-04 21:27:00+00:00,3811.389892578125,3811.389892578125,3811.389892578125,3811.389892578125,3811.389892578125,0
2024-06-04 21:28:00+00:00,3810.9765625,3810.9765625,3810.9765625,3810.9765625,3810.9765625,0
2024-06-04 21:29:00+00:00,3810.354736328125,3810.354736328125,3810.354736328125,3810.354736328125,3810.354736328125,0
2024-06-04 21:30:00+00:00,3810.904052734375,3810.904052734375,3810.904052734375,3810.904052734375,3810.904052734375,0
2024-06-04 21:31:00+00:00,3811.00146484375,3811.00146484375,3811.00146484375,3811.00146484375,3811.00146484375,0
2024-06-04 21:32:00+00:00,3810.80712890625,3810.80712890625,3810.80712890625,3810.80712890625,3810.80712890625,0
2024-06-04 21:33:00+00:00,3809.529052734375,3809.529052734375,3809.529052734375,3809.529052734375,3809.529052734375,0
2024-06-04 21:34:00+00:00,3810.561767578125,3810.561767578125,3810.561767578125,3810.561767578125,3810.561767578125,0
2024-06-04 21:35:00+00:00,3813.2275390625,3813.2275390625,3813.2275390625,3813.2275390625,3813.2275390625,0
2024-06-04 21:36:00+00:00,3812.865966796875,3812.865966796875,3812.865966796875,3812.865966796875,3812.865966796875,0
2024-06-04 21:37:00+00:00,3814.881591796875,3814.881591796875,3814.881591796875,3814.881591796875,3814.881591796875,4704256
2024-06-04 21:38:00+00:00,3817.65673828125,3817.65673828125,3817.65673828125,3817.65673828125,3817.65673828125,17912832
2024-06-04 21:39:00+00:00,3816.605712890625,3816.605712890625,3816.605712890625,3816.605712890625,3816.605712890625,1775616
2024-06-04 21:40:00+00:00,3815.99658203125,3815.99658203125,3815.99658203125,3815.99658203125,3815.99658203125,11629568
2024-06-04 21:41:00+00:00,3814.711181640625,3814.711181640625,3814.711181640625,3814.711181640625,3814.711181640625,18920448
2024-06-04 21:42:00+00:00,3814.58984375,3814.58984375,3814.58984375,3814.58984375,3814.58984375,16946176
2024-06-04 21:43:00+00:00,3814.301025390625,3814.301025390625,3814.301025390625,3814.301025390625,3814.301025390625,0
2024-06-04 21:44:00+00:00,3814.52392578125,3814.52392578125,3814.52392578125,3814.52392578125,3814.52392578125,4866048
2024-06-04 21:45:00+00:00,3814.4814453125,3814.4814453125,3814.4814453125,3814.4814453125,3814.4814453125,304128
2024-06-04 21:46:00+00:00,3814.740234375,3814.740234375,3814.740234375,3814.740234375,3814.740234375,0
2024-06-04 21:47:00+00:00,3814.88330078125,3814.88330078125,3814.88330078125,3814.88330078125,3814.88330078125,0
2024-06-04 21:48:00+00:00,3814.63525390625,3814.63525390625,3814.63525390625,3814.63525390625,3814.63525390625,0
2024-06-04 21:49:00+00:00,3814.698974609375,3814.698974609375,3814.698974609375,3814.698974609375,3814.698974609375,0
2024-06-04 21:50:00+00:00,3814.84619140625,3814.84619140625,3814.84619140625,3814.84619140625,3814.84619140625,0
2024-06-04 21:51:00+00:00,3815.224609375,3815.224609375,3815.224609375,3815.224609375,3815.224609375,0
2024-06-04 21:52:00+00:00,3815.367919921875,3815.367919921875,3815.367919921875,3815.367919921875,3815.367919921875,1894400
2024-06-04 21:53:00+00:00,3814.94677734375,3814.94677734375,3814.94677734375,3814.94677734375,3814.94677734375,0
2024-06-04 21:54:00+00:00,3815.723876953125,3815.723876953125,3815.723876953125,3815.723876953125,3815.723876953125,1000448
2024-06-04 21:55:00+00:00,3815.246337890625,3815.246337890625,3815.246337890625,3815.246337890625,3815.246337890625,0
2024-06-04 21:56:00+00:00,3814.79541015625,3814.79541015625,3814.79541015625,3814.79541015625,3814.79541015625,0
2024-06-04 21:57:00+00:00,3814.588623046875,3814.588623046875,3814.588623046875,3814.588623046875,3814.588623046875,0
2024-06-04 21:58:00+00:00,3814.3408203125,3814.3408203125,3814.3408203125,3814.3408203125,3814.3408203125,0
2024-06-04 21:59:00+00:00,3813.412109375,3813.412109375,3813.412109375,3813.412109375,3813.412109375,0
2024-06-04 22:00:00+00:00,3813.51025390625,3813.51025390625,3813.51025390625,3813.51025390625,3813.51025390625,1107968
2024-06-04 22:01:00+00:00,3812.955810546875,3812.955810546875,3812.955810546875,3812.955810546875,3812.955810546875,1079296
2024-06-04 22:02:00+00:00,3812.1748046875,3812.1748046875,3812.1748046875,3812.1748046875,3812.1748046875,0
2024-06-04 22:03:00+00:00,3811.052001953125,3811.052001953125,3811.052001953125,3811.052001953125,3811.052001953125,0
2024-06-04 22:04:00+00:00,3811.508544921875,3811.508544921875,3811.508544921875,3811.508544921875,3811.508544921875,4217856
2024-06-04 22:05:00+00:00,3810.988037109375,3810.988037109375,3810.988037109375,3810.988037109375,3810.988037109375,0
2024-06-04 22:06:00+00:00,3810.62841796875,3810.62841796875,3810.62841796875,3810.62841796875,3810.62841796875,0
2024-06-04 22:07:00+00:00,3810.461669921875,3810.461669921875,3810.461669921875,3810.461669921875,3810.461669921875,0
2024-06-04 22:08:00+00:00,3810.240966796875,3810.240966796875,3810.240966796875,3810.240966796875,3810.240966796875,0
2024-06-04 22:09:00+00:00,3809.549072265625,3809.549072265625,3809.549072265625,3809.549072265625,3809.549072265625,0
2024-06-04 22:10:00+00:00,3809.434814453125,3809.434814453125,3809.434814453125,3809.434814453125,3809.434814453125,2087936
2024-06-04 22:11:00+00:00,3810.904296875,3810.904296875,3810.904296875,3810.904296875,3810.904296875,0
2024-06-04 22:12:00+00:00,3811.669189453125,3811.669189453125,3811.669189453125,3811.669189453125,3811.669189453125,1094656
2024-06-04 22:13:00+00:00,3811.692626953125,3811.692626953125,3811.692626953125,3811.692626953125,3811.692626953125,0
2024-06-04 22:14:00+00:00,3812.88720703125,3812.88720703125,3812.88720703125,3812.88720703125,3812.88720703125,3987456
2024-06-04 22:15:00+00:00,3814.313232421875,3814.313232421875,3814.313232421875,3814.313232421875,3814.313232421875,0
2024-06-04 22:16:00+00:00,3815.4833984375,3815.4833984375,3815.4833984375,3815.4833984375,3815.4833984375,0
2024-06-04 22:17:00+00:00,3815.920654296875,3815.920654296875,3815.920654296875,3815.920654296875,3815.920654296875,0
2024-06-04 22:18:00+00:00,3817.78271484375,3817.78271484375,3817.78271484375,3817.78271484375,3817.78271484375,0
2024-06-04 22:19:00+00:00,3817.25048828125,3817.25048828125,3817.25048828125,3817.25048828125,3817.25048828125,0
2024-06-04 22:20:00+00:00,3816.21337890625,3816.21337890625,3816.21337890625,3816.21337890625,3816.21337890625,0
2024-06-04 22:21:00+00:00,3815.891845703125,3815.891845703125,3815.891845703125,3815.891845703125,3815.891845703125,212992
2024-06-04 22:22:00+00:00,3815.7802734375,3815.7802734375,3815.7802734375,3815.7802734375,3815.7802734375,0
2024-06-04 22:23:00+00:00,3815.51708984375,3815.51708984375,3815.51708984375,3815.51708984375,3815.51708984375,6062080
2024-06-04 22:24:00+00:00,3815.466796875,3815.466796875,3815.466796875,3815.466796875,3815.466796875,526336
2024-06-04 22:25:00+00:00,3816.19775390625,3816.19775390625,3816.19775390625,3816.19775390625,3816.19775390625,55296
2024-06-04 22:26:00+00:00,3818.48779296875,3818.48779296875,3818.48779296875,3818.48779296875,3818.48779296875,1039360
2024-06-04 22:27:00+00:00,3820.44580078125,3820.44580078125,3820.44580078125,3820.44580078125,3820.44580078125,0
2024-06-04 22:28:00+00:00,3820.15478515625,3820.15478515625,3820.15478515625,3820.15478515625,3820.15478515625,0
2024-06-04 22:29:00+00:00,3818.89208984375,3818.89208984375,3818.89208984375,3818.89208984375,3818.89208984375,12396544
2024-06-04 22:30:00+00:00,3819.73876953125,3819.73876953125,3819.73876953125,3819.73876953125,3819.73876953125,946176
2024-06-04 22:31:00+00:00,3818.844482421875,3818.844482421875,3818.844482421875,3818.844482421875,3818.844482421875,0
2024-06-04 22:32:00+00:00,3819.537841796875,3819.537841796875,3819.537841796875,3819.537841796875,3819.537841796875,3701760
2024-06-04 22:33:00+00:00,3819.30029296875,3819.30029296875,3819.30029296875,3819.30029296875,3819.30029296875,0
2024-06-04 22:34:00+00:00,3819.049072265625,3819.049072265625,3819.049072265625,3819.049072265625,3819.049072265625,0
2024-06-04 22:35:00+00:00,3818.76171875,3818.76171875,3818.76171875,3818.76171875,3818.76171875,3198976
2024-06-04 22:36:00+00:00,3818.8828125,3818.8828125,3818.8828125,3818.8828125,3818.8828125,0
2024-06-04 22:37:00+00:00,3817.5625,3817.5625,3817.5625,3817.5625,3817.5625,180224
2024-06-04 22:38:00+00:00,3817.319091796875,3817.319091796875,3817.319091796875,3817.319091796875,3817.319091796875,0
2024-06-04 22:39:00+00:00,3816.686767578125,3816.686767578125,3816.686767578125,3816.686767578125,3816.686767578125,450560
2024-06-04 22:40:00+00:00,3817.963134765625,3817.963134765625,3817.963134765625,3817.963134765625,3817.963134765625,491520
2024-06-04 22:41:00+00:00,3817.334228515625,3817.334228515625,3817.334228515625,3817.334228515625,3817.334228515625,0
2024-06-04 22:42:00+00:00,3817.03515625,3817.03515625,3817.03515625,3817.03515625,3817.03515625,0
2024-06-04 22:43:00+00:00,3816.0009765625,3816.0009765625,3816.0009765625,3816.0009765625,3816.0009765625,0
2024-06-04 22:44:00+00:00,3817.226318359375,3817.226318359375,3817.226318359375,3817.226318359375,3817.226318359375,0
2024-06-04 22:45:00+00:00,3816.0,3816.0,3816.0,3816.0,3816.0,0
2024-06-04 22:46:00+00:00,3815.673095703125,3815.673095703125,3815.673095703125,3815.673095703125,3815.673095703125,1553408
2024-06-04 22:47:00+00:00,3815.24658203125,3815.24658203125,3815.24658203125,3815.24658203125,3815.24658203125,2511872
2024-06-04 22:48:00+00:00,3815.931396484375,3815.931396484375,3815.931396484375,3815.931396484375,3815.931396484375,78848
2024-06-04 22:49:00+00:00,3815.9384765625,3815.9384765625,3815.9384765625,3815.9384765625,3815.9384765625,741376
2024-06-04 22:50:00+00:00,3817.706298828125,3817.706298828125,3817.706298828125,3817.706298828125,3817.706298828125,2072576
2024-06-04 22:51:00+00:00,3818.180908203125,3818.180908203125,3818.180908203125,3818.180908203125,3818.180908203125,3243008
2024-06-04 22:52:00+00:00,3817.349609375,3817.349609375,3817.349609375,3817.349609375,3817.349609375,2541568
2024-06-04 22:53:00+00:00,3817.4619140625,3817.4619140625,3817.4619140625,3817.4619140625,3817.4619140625,13102080
2024-06-04 22:54:00+00:00,3817.478271484375,3817.478271484375,3817.478271484375,3817.478271484375,3817.478271484375,1777664
2024-06-04 22:55:00+00:00,3819.675048828125,3819.675048828125,3819.675048828125,3819.675048828125,3819.675048828125,0
2024-06-04 22:56:00+00:00,3817.7666015625,3817.7666015625,3817.7666015625,3817.7666015625,3817.7666015625,2212864
2024-06-04 22:57:00+00:00,3817.62890625,3817.62890625,3817.62890625,3817.62890625,3817.62890625,2665472
2024-06-04 22:58:00+00:00,3817.0830078125,3817.0830078125,3817.0830078125,3817.0830078125,3817.0830078125,479232
2024-06-04 22:59:00+00:00,3814.469970703125,3814.469970703125,3814.469970703125,3814.469970703125,3814.469970703125,24724480
2024-06-04 23:00:00+00:00,3814.54248046875,3814.54248046875,3814.54248046875,3814.54248046875,3814.54248046875,1290240
2024-06-04 23:01:00+00:00,3814.560791015625,3814.560791015625,3814.560791015625,3814.560791015625,3814.560791015625,0
2024-06-04 23:02:00+00:00,3813.187255859375,3813.187255859375,3813.187255859375,3813.187255859375,3813.187255859375,0
2024-06-04 23:03:00+00:00,3813.39013671875,3813.39013671875,3813.39013671875,3813.39013671875,3813.39013671875,2252800
2024-06-04 23:04:00+00:00,3813.41845703125,3813.41845703125,3813.41845703125,3813.41845703125,3813.41845703125,0
2024-06-04 23:05:00+00:00,3814.211181640625,3814.211181640625,3814.211181640625,3814.211181640625,3814.211181640625,0
2024-06-04 23:06:00+00:00,3813.5908203125,3813.5908203125,3813.5908203125,3813.5908203125,3813.5908203125,0
2024-06-04 23:07:00+00:00,3813.212890625,3813.212890625,3813.212890625,3813.212890625,3813.212890625,1922048
2024-06-04 23:08:00+00:00,3813.670166015625,3813.670166015625,3813.670166015625,3813.670166015625,3813.670166015625,2861056
2024-06-04 23:09:00+00:00,3813.8369140625,3813.8369140625,3813.8369140625,3813.8369140625,3813.8369140625,602112
2024-06-04 23:10:00+00:00,3814.09765625,3814.09765625,3814.09765625,3814.09765625,3814.09765625,566272
2024-06-04 23:11:00+00:00,3814.254150390625,3814.254150390625,3814.254150390625,3814.254150390625,3814.254150390625,0
2024-06-04 23:12:00+00:00,3814.254150390625,3814.254150390625,3814.254150390625,3814.254150390625,3814.254150390625,0
2024-06-04 23:13:00+00:00,3814.272705078125,3814.272705078125,3814.272705078125,3814.272705078125,3814.272705078125,0
2024-06-04 23:14:00+00:00,3815.438232421875,3815.438232421875,3815.438232421875,3815.438232421875,3815.438232421875,9724928
2024-06-04 23:15:00+00:00,3815.25,3815.25,3815.25,3815.25,3815.25,1859584
2024-06-04 23:16:00+00:00,3814.06494140625,3814.06494140625,3814.06494140625,3814.06494140625,3814.06494140625,586752
2024-06-04 23:17:00+00:00,3813.878173828125,3813.878173828125,3813.878173828125,3813.878173828125,3813.878173828125,0
2024-06-04 23:18:00+00:00,3813.460693359375,3813.460693359375,3813.460693359375,3813.460693359375,3813.460693359375,0
2024-06-04 23:19:00+00:00,3813.8984375,3813.8984375,3813.8984375,3813.8984375,3813.8984375,506880
2024-06-04 23:20:00+00:00,3813.893310546875,3813.893310546875,3813.893310546875,3813.893310546875,3813.893310546875,3052544
2024-06-04 23:21:00+00:00,3813.024169921875,3813.024169921875,3813.024169921875,3813.024169921875,3813.024169921875,8196096
2024-06-04 23:22:00+00:00,3813.26708984375,3813.26708984375,3813.26708984375,3813.26708984375,3813.26708984375,0
2024-06-04 23:23:00+00:00,3812.12255859375,3812.12255859375,3812.12255859375,3812.12255859375,3812.12255859375,526336
2024-06-04 23:24:00+00:00,3812.950439453125,3812.950439453125,3812.950439453125,3812.950439453125,3812.950439453125,0
2024-06-04 23:25:00+00:00,3812.971435546875,3812.971435546875,3812.971435546875,3812.971435546875,3812.971435546875,0
2024-06-04 23:26:00+00:00,3812.499755859375,3812.499755859375,3812.499755859375,3812.499755859375,3812.499755859375,7627776
2024-06-04 23:27:00+00:00,3812.197998046875,3812.197998046875,3812.197998046875,3812.197998046875,3812.197998046875,295936
2024-06-04 23:28:00+00:00,3812.273681640625,3812.273681640625,3812.273681640625,3812.273681640625,3812.273681640625,1084416
2024-06-04 23:29:00+00:00,3810.098388671875,3810.098388671875,3810.098388671875,3810.098388671875,3810.098388671875,1536000
2024-06-04 23:30:00+00:00,3808.815673828125,3808.815673828125,3808.815673828125,3808.815673828125,3808.815673828125,3255296
2024-06-04 23:31:00+00:00,3810.5146484375,3810.5146484375,3810.5146484375,3810.5146484375,3810.5146484375,0
2024-06-04 23:32:00+00:00,3810.211669921875,3810.211669921875,3810.211669921875,3810.211669921875,3810.211669921875,0
2024-06-04 23:33:00+00:00,3810.465576171875,3810.465576171875,3810.465576171875,3810.465576171875,3810.465576171875,750592
2024-06-04 23:34:00+00:00,3810.765380859375,3810.765380859375,3810.765380859375,3810.765380859375,3810.765380859375,617472
2024-06-04 23:35:00+00:00,3810.875,3810.875,3810.875,3810.875,3810.875,0
2024-06-04 23:36:00+00:00,3810.99609375,3810.99609375,3810.99609375,3810.99609375,3810.99609375,0
2024-06-04 23:37:00+00:00,3810.349365234375,3810.349365234375,3810.349365234375,3810.349365234375,3810.349365234375,0
2024-06-04 23:38:00+00:00,3810.646484375,3810.646484375,3810.646484375,3810.646484375,3810.646484375,0
2024-06-04 23:39:00+00:00,3810.060546875,3810.060546875,3810.060546875,3810.060546875,3810.060546875,0
2024-06-04 23:40:00+00:00,3810.3427734375,3810.3427734375,3810.3427734375,3810.3427734375,3810.3427734375,0
2024-06-04 23:41:00+00:00,3811.006591796875,3811.006591796875,3811.006591796875,3811.006591796875,3811.006591796875,0
2024-06-04 23:42:00+00:00,3812.32763671875,3812.32763671875,3812.32763671875,3812.32763671875,3812.32763671875,0
2024-06-04 23:43:00+00:00,3813.06103515625,3813.06103515625,3813.06103515625,3813.06103515625,3813.06103515625,4114432
2024-06-04 23:44:00+00:00,3813.078369140625,3813.078369140625,3813.078369140625,3813.078369140625,3813.078369140625,0
2024-06-04 23:45:00+00:00,3812.99658203125,3812.99658203125,3812.99658203125,3812.99658203125,3812.99658203125,0
2024-06-04 23:46:00+00:00,3814.6669921875,3814.6669921875,3814.6669921875,3814.6669921875,3814.6669921875,0
2024-06-04 23:47:00+00:00,3813.26953125,3813.26953125,3813.26953125,3813.26953125,3813.26953125,0
2024-06-04 23:48:00+00:00,3812.641357421875,3812.641357421875,3812.641357421875,3812.641357421875,3812.641357421875,16063488
2024-06-04 23:49:00+00:00,3812.0380859375,3812.0380859375,3812.0380859375,3812.0380859375,3812.0380859375,0
2024-06-04 23:50:00+00:00,3813.020751953125,3813.020751953125,3813.020751953125,3813.020751953125,3813.020751953125,183296
2024-06-04 23:51:00+00:00,3814.105224609375,3814.105224609375,3814.105224609375,3814.105224609375,3814.105224609375,0
2024-06-04 23:52:00+00:00,3814.552490234375,3814.552490234375,3814.552490234375,3814.552490234375,3814.552490234375,424960
2024-06-04 23:53:00+00:00,3814.1240234375,3814.1240234375,3814.1240234375,3814.1240234375,3814.1240234375,648192
2024-06-04 23:54:00+00:00,3814.7177734375,3814.7177734375,3814.7177734375,3814.7177734375,3814.7177734375,323584
2024-06-04 23:55:00+00:00,3814.0927734375,3814.0927734375,3814.0927734375,3814.0927734375,3814.0927734375,1741824
2024-06-04 23:56:00+00:00,3814.166015625,3814.166015625,3814.166015625,3814.166015625,3814.166015625,0
2024-06-04 23:57:00+00:00,3813.715087890625,3813.715087890625,3813.715087890625,3813.715087890625,3813.715087890625,564224
2024-06-04 23:58:00+00:00,3813.09375,3813.09375,3813.09375,3813.09375,3813.09375,501760
