Date,Open,High,Low,Close,Adj Close,Volume
2024-01-17 09:30:00-05:00,16.540000915527344,16.739999771118164,16.520000457763672,16.540000915527344,16.540000915527344,79409
2024-01-17 09:31:00-05:00,16.530000686645508,16.559999465942383,16.520000457763672,16.549999237060547,16.549999237060547,11216
2024-01-17 09:32:00-05:00,16.559999465942383,16.6200008392334,16.559999465942383,16.6200008392334,16.6200008392334,9580
2024-01-17 09:33:00-05:00,16.6200008392334,16.639999389648438,16.614999771118164,16.635000228881836,16.635000228881836,7480
2024-01-17 09:34:00-05:00,16.641799926757812,16.641799926757812,16.600000381469727,16.600000381469727,16.600000381469727,6303
2024-01-17 09:35:00-05:00,16.59000015258789,16.604999542236328,16.56999969482422,16.59000015258789,16.59000015258789,4045
2024-01-17 09:36:00-05:00,16.59000015258789,16.6299991607666,16.59000015258789,16.6299991607666,16.6299991607666,2786
2024-01-17 09:37:00-05:00,16.639999389648438,16.649999618530273,16.6299991607666,16.649999618530273,16.649999618530273,3114
2024-01-17 09:38:00-05:00,16.649999618530273,16.65999984741211,16.639999389648438,16.65999984741211,16.65999984741211,1621
2024-01-17 09:39:00-05:00,16.670000076293945,16.68000030517578,16.655000686645508,16.65999984741211,16.65999984741211,1768
2024-01-17 09:40:00-05:00,16.65999984741211,16.670000076293945,16.6299991607666,16.6299991607666,16.6299991607666,7577
2024-01-17 09:41:00-05:00,16.639999389648438,16.649999618530273,16.6299991607666,16.639999389648438,16.639999389648438,4841
2024-01-17 09:42:00-05:00,16.6299991607666,16.649999618530273,16.6299991607666,16.645000457763672,16.645000457763672,4082
2024-01-17 09:43:00-05:00,16.649999618530273,16.68000030517578,16.649999618530273,16.68000030517578,16.68000030517578,3096
2024-01-17 09:44:00-05:00,16.670000076293945,16.670000076293945,16.665000915527344,16.670000076293945,16.670000076293945,2023
2024-01-17 09:45:00-05:00,16.674999237060547,16.68000030517578,16.645000457763672,16.68000030517578,16.68000030517578,3805
2024-01-17 09:47:00-05:00,16.68000030517578,16.690000534057617,16.67099952697754,16.690000534057617,16.690000534057617,8834
2024-01-17 09:48:00-05:00,16.69499969482422,16.700000762939453,16.684999465942383,16.690000534057617,16.690000534057617,10771
2024-01-17 09:49:00-05:00,16.690000534057617,16.719999313354492,16.674999237060547,16.709999084472656,16.709999084472656,5635
2024-01-17 09:50:00-05:00,16.719999313354492,16.725000381469727,16.690000534057617,16.69499969482422,16.69499969482422,7965
2024-01-17 09:51:00-05:00,16.690000534057617,16.719600677490234,16.684999465942383,16.719600677490234,16.719600677490234,9102
2024-01-17 09:52:00-05:00,16.719999313354492,16.719999313354492,16.690000534057617,16.690000534057617,16.690000534057617,5027
2024-01-17 09:53:00-05:00,16.690000534057617,16.75,16.690000534057617,16.725000381469727,16.725000381469727,12862
2024-01-17 09:54:00-05:00,16.719999313354492,16.729999542236328,16.700000762939453,16.700000762939453,16.700000762939453,4247
2024-01-17 09:55:00-05:00,16.700000762939453,16.700000762939453,16.632299423217773,16.645000457763672,16.645000457763672,11194
2024-01-17 09:56:00-05:00,16.639999389648438,16.645000457763672,16.625,16.635000228881836,16.635000228881836,8949
2024-01-17 09:57:00-05:00,16.6299991607666,16.635000228881836,16.625,16.635000228881836,16.635000228881836,3349
2024-01-17 09:58:00-05:00,16.6299991607666,16.6299991607666,16.610000610351562,16.614999771118164,16.614999771118164,3906
2024-01-17 09:59:00-05:00,16.6200008392334,16.649999618530273,16.614999771118164,16.649999618530273,16.649999618530273,13819
2024-01-17 10:00:00-05:00,16.639999389648438,16.649999618530273,16.635000228881836,16.649999618530273,16.649999618530273,5436
2024-01-17 10:01:00-05:00,16.65999984741211,16.68000030517578,16.65999984741211,16.68000030517578,16.68000030517578,4640
2024-01-17 10:02:00-05:00,16.690000534057617,16.709999084472656,16.674999237060547,16.69499969482422,16.69499969482422,9470
2024-01-17 10:03:00-05:00,16.700000762939453,16.704999923706055,16.690000534057617,16.704999923706055,16.704999923706055,6070
2024-01-17 10:04:00-05:00,16.704999923706055,16.71500015258789,16.700000762939453,16.700000762939453,16.700000762939453,3690
2024-01-17 10:05:00-05:00,16.700000762939453,16.71500015258789,16.684999465942383,16.709999084472656,16.709999084472656,18075
2024-01-17 10:06:00-05:00,16.719999313354492,16.729999542236328,16.719999313354492,16.729999542236328,16.729999542236328,9426
2024-01-17 10:07:00-05:00,16.729999542236328,16.739999771118164,16.729999542236328,16.739999771118164,16.739999771118164,1984
2024-01-17 10:08:00-05:00,16.735000610351562,16.7450008392334,16.725000381469727,16.739999771118164,16.739999771118164,9235
2024-01-17 10:09:00-05:00,16.739999771118164,16.7549991607666,16.739999771118164,16.750999450683594,16.750999450683594,10242
2024-01-17 10:10:00-05:00,16.75,16.75,16.725000381469727,16.729999542236328,16.729999542236328,6964
2024-01-17 10:11:00-05:00,16.739999771118164,16.770000457763672,16.735000610351562,16.770000457763672,16.770000457763672,5050
2024-01-17 10:12:00-05:00,16.764999389648438,16.770000457763672,16.7450008392334,16.75,16.75,6986
2024-01-17 10:13:00-05:00,16.7549991607666,16.760000228881836,16.7450008392334,16.7549991607666,16.7549991607666,5555
2024-01-17 10:14:00-05:00,16.760000228881836,16.764999389648438,16.7549991607666,16.760000228881836,16.760000228881836,4505
2024-01-17 10:15:00-05:00,16.760000228881836,16.774999618530273,16.760000228881836,16.760000228881836,16.760000228881836,7220
2024-01-17 10:16:00-05:00,16.760000228881836,16.760000228881836,16.735000610351562,16.739999771118164,16.739999771118164,12754
2024-01-17 10:17:00-05:00,16.730100631713867,16.730100631713867,16.704999923706055,16.71500015258789,16.71500015258789,16310
2024-01-17 10:18:00-05:00,16.71500015258789,16.729999542236328,16.71500015258789,16.719999313354492,16.719999313354492,14047
2024-01-17 10:19:00-05:00,16.725000381469727,16.725000381469727,16.68000030517578,16.684999465942383,16.684999465942383,7686
2024-01-17 10:20:00-05:00,16.68000030517578,16.684999465942383,16.67009925842285,16.67009925842285,16.67009925842285,5552
2024-01-17 10:21:00-05:00,16.68000030517578,16.68000030517578,16.670000076293945,16.674999237060547,16.674999237060547,5064
2024-01-17 10:22:00-05:00,16.674999237060547,16.690000534057617,16.674999237060547,16.684999465942383,16.684999465942383,4337
2024-01-17 10:23:00-05:00,16.68000030517578,16.684999465942383,16.68000030517578,16.68000030517578,16.68000030517578,1333
2024-01-17 10:24:00-05:00,16.68000030517578,16.690000534057617,16.674999237060547,16.674999237060547,16.674999237060547,10140
2024-01-17 10:25:00-05:00,16.68000030517578,16.690000534057617,16.674999237060547,16.68000030517578,16.68000030517578,20170
2024-01-17 10:26:00-05:00,16.68000030517578,16.68000030517578,16.665000915527344,16.674999237060547,16.674999237060547,14635
2024-01-17 10:27:00-05:00,16.68000030517578,16.690000534057617,16.670000076293945,16.684999465942383,16.684999465942383,11110
2024-01-17 10:28:00-05:00,16.684999465942383,16.690000534057617,16.665000915527344,16.670000076293945,16.670000076293945,9511
2024-01-17 10:29:00-05:00,16.65999984741211,16.65999984741211,16.649999618530273,16.649999618530273,16.649999618530273,6204
2024-01-17 10:30:00-05:00,16.649999618530273,16.649999618530273,16.614999771118164,16.614999771118164,16.614999771118164,11117
2024-01-17 10:31:00-05:00,16.6200008392334,16.649999618530273,16.614999771118164,16.649999618530273,16.649999618530273,18799
2024-01-17 10:32:00-05:00,16.645000457763672,16.65999984741211,16.645000457763672,16.649999618530273,16.649999618530273,5197
2024-01-17 10:33:00-05:00,16.645000457763672,16.649999618530273,16.639999389648438,16.645000457763672,16.645000457763672,10791
2024-01-17 10:34:00-05:00,16.645000457763672,16.645000457763672,16.6299991607666,16.635000228881836,16.635000228881836,7377
2024-01-17 10:35:00-05:00,16.6299991607666,16.635000228881836,16.625,16.6299991607666,16.6299991607666,8336
2024-01-17 10:36:00-05:00,16.6299991607666,16.649999618530273,16.6299991607666,16.649999618530273,16.649999618530273,11606
2024-01-17 10:37:00-05:00,16.649999618530273,16.665000915527344,16.645000457763672,16.665000915527344,16.665000915527344,12850
2024-01-17 10:38:00-05:00,16.65999984741211,16.65999984741211,16.649999618530273,16.652999877929688,16.652999877929688,8061
2024-01-17 10:39:00-05:00,16.65399932861328,16.655000686645508,16.639999389648438,16.655000686645508,16.655000686645508,10674
2024-01-17 10:40:00-05:00,16.649999618530273,16.649999618530273,16.645000457763672,16.645000457763672,16.645000457763672,6284
2024-01-17 10:41:00-05:00,16.655000686645508,16.65999984741211,16.645000457763672,16.645000457763672,16.645000457763672,8572
2024-01-17 10:42:00-05:00,16.649999618530273,16.649999618530273,16.639999389648438,16.645000457763672,16.645000457763672,3825
2024-01-17 10:43:00-05:00,16.639999389648438,16.639999389648438,16.6299991607666,16.639999389648438,16.639999389648438,5900
2024-01-17 10:44:00-05:00,16.645000457763672,16.645000457763672,16.635000228881836,16.635000228881836,16.635000228881836,15615
2024-01-17 10:45:00-05:00,16.6299991607666,16.639999389648438,16.6200008392334,16.6299991607666,16.6299991607666,12099
2024-01-17 10:46:00-05:00,16.625,16.649999618530273,16.625,16.645000457763672,16.645000457763672,17017
2024-01-17 10:47:00-05:00,16.645000457763672,16.65999984741211,16.645000457763672,16.655000686645508,16.655000686645508,56447
2024-01-17 10:48:00-05:00,16.649999618530273,16.649999618530273,16.6299991607666,16.635000228881836,16.635000228881836,5817
2024-01-17 10:49:00-05:00,16.635000228881836,16.639999389648438,16.6299991607666,16.63249969482422,16.63249969482422,13149
2024-01-17 10:50:00-05:00,16.63249969482422,16.645000457763672,16.6299991607666,16.645000457763672,16.645000457763672,5934
2024-01-17 10:51:00-05:00,16.645000457763672,16.649999618530273,16.639999389648438,16.639999389648438,16.639999389648438,2724
2024-01-17 10:52:00-05:00,16.645000457763672,16.649999618530273,16.6299991607666,16.6299991607666,16.6299991607666,7408
2024-01-17 10:53:00-05:00,16.6299991607666,16.6299991607666,16.6200008392334,16.6200008392334,16.6200008392334,1852
2024-01-17 10:54:00-05:00,16.6200008392334,16.6299991607666,16.610000610351562,16.614999771118164,16.614999771118164,12551
2024-01-17 10:55:00-05:00,16.610000610351562,16.6200008392334,16.610000610351562,16.610000610351562,16.610000610351562,1793
2024-01-17 10:56:00-05:00,16.610000610351562,16.6200008392334,16.610000610351562,16.610000610351562,16.610000610351562,11425
2024-01-17 10:57:00-05:00,16.610000610351562,16.6200008392334,16.610000610351562,16.6200008392334,16.6200008392334,6038
2024-01-17 10:58:00-05:00,16.6200008392334,16.6200008392334,16.610000610351562,16.610000610351562,16.610000610351562,1756
2024-01-17 10:59:00-05:00,16.610000610351562,16.6200008392334,16.610000610351562,16.6200008392334,16.6200008392334,5210
2024-01-17 11:00:00-05:00,16.6200008392334,16.649999618530273,16.6200008392334,16.649999618530273,16.649999618530273,8753
2024-01-17 11:01:00-05:00,16.649999618530273,16.649999618530273,16.635000228881836,16.635000228881836,16.635000228881836,10956
2024-01-17 11:02:00-05:00,16.635000228881836,16.645000457763672,16.635000228881836,16.639999389648438,16.639999389648438,4712
2024-01-17 11:03:00-05:00,16.639999389648438,16.648799896240234,16.639999389648438,16.639999389648438,16.639999389648438,1189
2024-01-17 11:04:00-05:00,16.645000457763672,16.649999618530273,16.642499923706055,16.649999618530273,16.649999618530273,3561
2024-01-17 11:05:00-05:00,16.649999618530273,16.670000076293945,16.649999618530273,16.670000076293945,16.670000076293945,2764
2024-01-17 11:06:00-05:00,16.670000076293945,16.68000030517578,16.670000076293945,16.68000030517578,16.68000030517578,3632
2024-01-17 11:07:00-05:00,16.674999237060547,16.679899215698242,16.65999984741211,16.665000915527344,16.665000915527344,15093
2024-01-17 11:08:00-05:00,16.65999984741211,16.665000915527344,16.642499923706055,16.649999618530273,16.649999618530273,7723
2024-01-17 11:09:00-05:00,16.649999618530273,16.700000762939453,16.642499923706055,16.69499969482422,16.69499969482422,142511
2024-01-17 11:10:00-05:00,16.700000762939453,16.709999084472656,16.69499969482422,16.700000762939453,16.700000762939453,5336
2024-01-17 11:11:00-05:00,16.704999923706055,16.709999084472656,16.700000762939453,16.704999923706055,16.704999923706055,3989
2024-01-17 11:12:00-05:00,16.700000762939453,16.709999084472656,16.690000534057617,16.700000762939453,16.700000762939453,83647
2024-01-17 11:13:00-05:00,16.700000762939453,16.704999923706055,16.670000076293945,16.670000076293945,16.670000076293945,18629
2024-01-17 11:14:00-05:00,16.670000076293945,16.700000762939453,16.670000076293945,16.69499969482422,16.69499969482422,19499
2024-01-17 11:15:00-05:00,16.690000534057617,16.709999084472656,16.690000534057617,16.709999084472656,16.709999084472656,8217
2024-01-17 11:16:00-05:00,16.709999084472656,16.729999542236328,16.704999923706055,16.729999542236328,16.729999542236328,9309
2024-01-17 11:17:00-05:00,16.725000381469727,16.729999542236328,16.71500015258789,16.71500015258789,16.71500015258789,5641
2024-01-17 11:18:00-05:00,16.719999313354492,16.725000381469727,16.709999084472656,16.71500015258789,16.71500015258789,8035
2024-01-17 11:19:00-05:00,16.71500015258789,16.71500015258789,16.704999923706055,16.71500015258789,16.71500015258789,5333
2024-01-17 11:20:00-05:00,16.709999084472656,16.709999084472656,16.700000762939453,16.704999923706055,16.704999923706055,2941
2024-01-17 11:21:00-05:00,16.709999084472656,16.709999084472656,16.700000762939453,16.704999923706055,16.704999923706055,1904
2024-01-17 11:22:00-05:00,16.709999084472656,16.709999084472656,16.704999923706055,16.704999923706055,16.704999923706055,4281
2024-01-17 11:23:00-05:00,16.704999923706055,16.709999084472656,16.69499969482422,16.704999923706055,16.704999923706055,11510
2024-01-17 11:24:00-05:00,16.704999923706055,16.709999084472656,16.700000762939453,16.709999084472656,16.709999084472656,4048
2024-01-17 11:25:00-05:00,16.704999923706055,16.704999923706055,16.704999923706055,16.704999923706055,16.704999923706055,1390
2024-01-17 11:26:00-05:00,16.709999084472656,16.709999084472656,16.7007999420166,16.704999923706055,16.704999923706055,5304
2024-01-17 11:27:00-05:00,16.704999923706055,16.704999923706055,16.674999237060547,16.674999237060547,16.674999237060547,28325
2024-01-17 11:28:00-05:00,16.670000076293945,16.674999237060547,16.65999984741211,16.665000915527344,16.665000915527344,11156
2024-01-17 11:29:00-05:00,16.665000915527344,16.670000076293945,16.65999984741211,16.65999984741211,16.65999984741211,4120
2024-01-17 11:30:00-05:00,16.65999984741211,16.65999984741211,16.625,16.625,16.625,14472
2024-01-17 11:31:00-05:00,16.610000610351562,16.610000610351562,16.610000610351562,16.610000610351562,16.610000610351562,8660
2024-01-17 11:32:00-05:00,16.6200008392334,16.649999618530273,16.614999771118164,16.649999618530273,16.649999618530273,16610
2024-01-17 11:33:00-05:00,16.649999618530273,16.65999984741211,16.639999389648438,16.645000457763672,16.645000457763672,11859
2024-01-17 11:34:00-05:00,16.639999389648438,16.65999984741211,16.639999389648438,16.655000686645508,16.655000686645508,4546
2024-01-17 11:35:00-05:00,16.649999618530273,16.665000915527344,16.649999618530273,16.665000915527344,16.665000915527344,11105
2024-01-17 11:36:00-05:00,16.665000915527344,16.670000076293945,16.65999984741211,16.665000915527344,16.665000915527344,14162
2024-01-17 11:37:00-05:00,16.670000076293945,16.670000076293945,16.649999618530273,16.65999984741211,16.65999984741211,7190
2024-01-17 11:38:00-05:00,16.665000915527344,16.670000076293945,16.65999984741211,16.665000915527344,16.665000915527344,2399
2024-01-17 11:39:00-05:00,16.65999984741211,16.65999984741211,16.652000427246094,16.652000427246094,16.652000427246094,3442
2024-01-17 11:40:00-05:00,16.65999984741211,16.65999984741211,16.649999618530273,16.649999618530273,16.649999618530273,4298
2024-01-17 11:41:00-05:00,16.65410041809082,16.655000686645508,16.6299991607666,16.645000457763672,16.645000457763672,17726
2024-01-17 11:42:00-05:00,16.645000457763672,16.645000457763672,16.6299991607666,16.6299991607666,16.6299991607666,1762
2024-01-17 11:43:00-05:00,16.630599975585938,16.645000457763672,16.6299991607666,16.635000228881836,16.635000228881836,12699
2024-01-17 11:44:00-05:00,16.635000228881836,16.639999389648438,16.6299991607666,16.635000228881836,16.635000228881836,1822
2024-01-17 11:45:00-05:00,16.6299991607666,16.635000228881836,16.6299991607666,16.6299991607666,16.6299991607666,808
2024-01-17 11:46:00-05:00,16.6299991607666,16.6299991607666,16.6200008392334,16.625,16.625,6915
2024-01-17 11:47:00-05:00,16.6200008392334,16.6200008392334,16.614999771118164,16.6200008392334,16.6200008392334,12560
2024-01-17 11:48:00-05:00,16.6200008392334,16.6200008392334,16.611900329589844,16.611900329589844,16.611900329589844,8336
2024-01-17 11:49:00-05:00,16.6200008392334,16.6200008392334,16.604999542236328,16.604999542236328,16.604999542236328,6493
2024-01-17 11:50:00-05:00,16.600000381469727,16.604999542236328,16.600000381469727,16.600000381469727,16.600000381469727,907
2024-01-17 11:51:00-05:00,16.600000381469727,16.600000381469727,16.594499588012695,16.600000381469727,16.600000381469727,5939
2024-01-17 11:52:00-05:00,16.594999313354492,16.604999542236328,16.594999313354492,16.604999542236328,16.604999542236328,10684
2024-01-17 11:53:00-05:00,16.605499267578125,16.614999771118164,16.604999542236328,16.614999771118164,16.614999771118164,5829
2024-01-17 11:54:00-05:00,16.610000610351562,16.6200008392334,16.610000610351562,16.614999771118164,16.614999771118164,2289
2024-01-17 11:55:00-05:00,16.6200008392334,16.6200008392334,16.614999771118164,16.6200008392334,16.6200008392334,2558
2024-01-17 11:56:00-05:00,16.61750030517578,16.61750030517578,16.604999542236328,16.610000610351562,16.610000610351562,8495
2024-01-17 11:57:00-05:00,16.610000610351562,16.6200008392334,16.610000610351562,16.614999771118164,16.614999771118164,5099
2024-01-17 11:58:00-05:00,16.6200008392334,16.625,16.618900299072266,16.6200008392334,16.6200008392334,4643
2024-01-17 11:59:00-05:00,16.6112003326416,16.614999771118164,16.61009979248047,16.61009979248047,16.61009979248047,5846
2024-01-17 12:00:00-05:00,16.614999771118164,16.625,16.600000381469727,16.604999542236328,16.604999542236328,27840
2024-01-17 12:01:00-05:00,16.604999542236328,16.609899520874023,16.600000381469727,16.601200103759766,16.601200103759766,6562
2024-01-17 12:02:00-05:00,16.604999542236328,16.610000610351562,16.600000381469727,16.610000610351562,16.610000610351562,1937
2024-01-17 12:03:00-05:00,16.600000381469727,16.610000610351562,16.584999084472656,16.59000015258789,16.59000015258789,12933
2024-01-17 12:04:00-05:00,16.579999923706055,16.584999084472656,16.579999923706055,16.579999923706055,16.579999923706055,1324
2024-01-17 12:05:00-05:00,16.59000015258789,16.59000015258789,16.584999084472656,16.59000015258789,16.59000015258789,5200
2024-01-17 12:06:00-05:00,16.59000015258789,16.59000015258789,16.59000015258789,16.59000015258789,16.59000015258789,902
2024-01-17 12:07:00-05:00,16.59000015258789,16.607500076293945,16.59000015258789,16.607500076293945,16.607500076293945,6795
2024-01-17 12:08:00-05:00,16.600000381469727,16.600000381469727,16.594999313354492,16.600000381469727,16.600000381469727,5470
2024-01-17 12:09:00-05:00,16.594999313354492,16.604999542236328,16.594999313354492,16.600000381469727,16.600000381469727,4716
2024-01-17 12:10:00-05:00,16.600000381469727,16.600000381469727,16.59000015258789,16.59000015258789,16.59000015258789,4193
2024-01-17 12:11:00-05:00,16.594999313354492,16.605499267578125,16.594999313354492,16.600000381469727,16.600000381469727,5151
2024-01-17 12:12:00-05:00,16.600000381469727,16.604999542236328,16.600000381469727,16.604999542236328,16.604999542236328,1604
2024-01-17 12:13:00-05:00,16.604999542236328,16.614999771118164,16.604999542236328,16.610000610351562,16.610000610351562,13514
2024-01-17 12:14:00-05:00,16.610000610351562,16.610000610351562,16.59000015258789,16.594999313354492,16.594999313354492,14609
2024-01-17 12:15:00-05:00,16.594999313354492,16.594999313354492,16.59000015258789,16.594999313354492,16.594999313354492,2055
2024-01-17 12:16:00-05:00,16.594999313354492,16.600000381469727,16.594999313354492,16.600000381469727,16.600000381469727,4653
2024-01-17 12:17:00-05:00,16.600000381469727,16.604999542236328,16.600000381469727,16.604999542236328,16.604999542236328,931
2024-01-17 12:18:00-05:00,16.600000381469727,16.610000610351562,16.594999313354492,16.604999542236328,16.604999542236328,9604
2024-01-17 12:19:00-05:00,16.610000610351562,16.610000610351562,16.59000015258789,16.600000381469727,16.600000381469727,8003
2024-01-17 12:20:00-05:00,16.594999313354492,16.610000610351562,16.594999313354492,16.600000381469727,16.600000381469727,6151
2024-01-17 12:21:00-05:00,16.600000381469727,16.610000610351562,16.600000381469727,16.610000610351562,16.610000610351562,1583
2024-01-17 12:22:00-05:00,16.600000381469727,16.604999542236328,16.594999313354492,16.600299835205078,16.600299835205078,6143
2024-01-17 12:23:00-05:00,16.600000381469727,16.605499267578125,16.600000381469727,16.605499267578125,16.605499267578125,3517
2024-01-17 12:24:00-05:00,16.600000381469727,16.604999542236328,16.600000381469727,16.604999542236328,16.604999542236328,2593
2024-01-17 12:25:00-05:00,16.604999542236328,16.604999542236328,16.600000381469727,16.600000381469727,16.600000381469727,992
2024-01-17 12:26:00-05:00,16.604999542236328,16.604999542236328,16.600000381469727,16.600000381469727,16.600000381469727,359
2024-01-17 12:27:00-05:00,16.604999542236328,16.607500076293945,16.594999313354492,16.594999313354492,16.594999313354492,4059
2024-01-17 12:28:00-05:00,16.600000381469727,16.600000381469727,16.59000015258789,16.594999313354492,16.594999313354492,3482
2024-01-17 12:29:00-05:00,16.59000015258789,16.600000381469727,16.59000015258789,16.600000381469727,16.600000381469727,4278
2024-01-17 12:30:00-05:00,16.594999313354492,16.600000381469727,16.584999084472656,16.600000381469727,16.600000381469727,11639
2024-01-17 12:31:00-05:00,16.600000381469727,16.614999771118164,16.600000381469727,16.614999771118164,16.614999771118164,7873
2024-01-17 12:32:00-05:00,16.614999771118164,16.6200008392334,16.610000610351562,16.614999771118164,16.614999771118164,1682
2024-01-17 12:33:00-05:00,16.610000610351562,16.614999771118164,16.610000610351562,16.614999771118164,16.614999771118164,539
2024-01-17 12:34:00-05:00,16.61549949645996,16.6200008392334,16.614999771118164,16.614999771118164,16.614999771118164,7618
2024-01-17 12:35:00-05:00,16.614999771118164,16.6200008392334,16.604999542236328,16.614999771118164,16.614999771118164,9948
2024-01-17 12:36:00-05:00,16.6200008392334,16.6200008392334,16.614999771118164,16.614999771118164,16.614999771118164,3440
2024-01-17 12:37:00-05:00,16.614999771118164,16.614999771118164,16.614999771118164,16.614999771118164,16.614999771118164,1264
2024-01-17 12:38:00-05:00,16.610000610351562,16.614999771118164,16.610000610351562,16.614999771118164,16.614999771118164,1496
2024-01-17 12:39:00-05:00,16.614999771118164,16.614999771118164,16.610000610351562,16.610000610351562,16.610000610351562,1796
2024-01-17 12:40:00-05:00,16.614999771118164,16.6200008392334,16.614999771118164,16.614999771118164,16.614999771118164,2837
2024-01-17 12:41:00-05:00,16.614999771118164,16.639999389648438,16.614999771118164,16.639999389648438,16.639999389648438,8587
2024-01-17 12:42:00-05:00,16.639999389648438,16.639999389648438,16.639999389648438,16.639999389648438,16.639999389648438,3660
2024-01-17 12:43:00-05:00,16.639999389648438,16.639999389648438,16.6299991607666,16.6299991607666,16.6299991607666,13712
2024-01-17 12:44:00-05:00,16.6299991607666,16.649999618530273,16.625,16.645000457763672,16.645000457763672,3157
2024-01-17 12:45:00-05:00,16.639999389648438,16.639999389648438,16.639999389648438,16.639999389648438,16.639999389648438,846
2024-01-17 12:46:00-05:00,16.649999618530273,16.649999618530273,16.639999389648438,16.639999389648438,16.639999389648438,720
2024-01-17 12:47:00-05:00,16.645000457763672,16.655000686645508,16.645000457763672,16.655000686645508,16.655000686645508,4157
2024-01-17 12:48:00-05:00,16.649999618530273,16.65999984741211,16.649999618530273,16.655000686645508,16.655000686645508,5708
2024-01-17 12:49:00-05:00,16.655000686645508,16.655000686645508,16.649999618530273,16.649999618530273,16.649999618530273,482
2024-01-17 12:50:00-05:00,16.649999618530273,16.655000686645508,16.649999618530273,16.655000686645508,16.655000686645508,471
2024-01-17 12:51:00-05:00,16.655000686645508,16.65999984741211,16.649999618530273,16.649999618530273,16.649999618530273,2732
2024-01-17 12:52:00-05:00,16.655000686645508,16.655000686645508,16.655000686645508,16.655000686645508,16.655000686645508,927
2024-01-17 12:53:00-05:00,16.649999618530273,16.655000686645508,16.649999618530273,16.655000686645508,16.655000686645508,1812
2024-01-17 12:54:00-05:00,16.65999984741211,16.670000076293945,16.659000396728516,16.665000915527344,16.665000915527344,8028
2024-01-17 12:55:00-05:00,16.65999984741211,16.65999984741211,16.655000686645508,16.65999984741211,16.65999984741211,5431
2024-01-17 12:56:00-05:00,16.655000686645508,16.65999984741211,16.655000686645508,16.655000686645508,16.655000686645508,4468
2024-01-17 12:57:00-05:00,16.652099609375,16.65999984741211,16.652099609375,16.655000686645508,16.655000686645508,937
2024-01-17 12:58:00-05:00,16.654499053955078,16.655000686645508,16.65329933166504,16.655000686645508,16.655000686645508,2151
2024-01-17 12:59:00-05:00,16.649999618530273,16.649999618530273,16.6299991607666,16.635000228881836,16.635000228881836,20875
2024-01-17 13:00:00-05:00,16.631399154663086,16.631399154663086,16.6299991607666,16.6299991607666,16.6299991607666,579
2024-01-17 13:01:00-05:00,16.6299991607666,16.6299991607666,16.6200008392334,16.6299991607666,16.6299991607666,9210
2024-01-17 13:02:00-05:00,16.635000228881836,16.639999389648438,16.6299991607666,16.635000228881836,16.635000228881836,10887
2024-01-17 13:03:00-05:00,16.635000228881836,16.639999389648438,16.6299991607666,16.6299991607666,16.6299991607666,3598
2024-01-17 13:04:00-05:00,16.6299991607666,16.639999389648438,16.6299991607666,16.635000228881836,16.635000228881836,1976
2024-01-17 13:05:00-05:00,16.635000228881836,16.635000228881836,16.614999771118164,16.614999771118164,16.614999771118164,7156
2024-01-17 13:06:00-05:00,16.610000610351562,16.610000610351562,16.600000381469727,16.600000381469727,16.600000381469727,2773
2024-01-17 13:07:00-05:00,16.600000381469727,16.604999542236328,16.600000381469727,16.600000381469727,16.600000381469727,2837
2024-01-17 13:08:00-05:00,16.604999542236328,16.604999542236328,16.600000381469727,16.600799560546875,16.600799560546875,3090
2024-01-17 13:09:00-05:00,16.600000381469727,16.600000381469727,16.594999313354492,16.600000381469727,16.600000381469727,10630
2024-01-17 13:10:00-05:00,16.600000381469727,16.600000381469727,16.579999923706055,16.58099937438965,16.58099937438965,15920
2024-01-17 13:11:00-05:00,16.584999084472656,16.584999084472656,16.579999923706055,16.579999923706055,16.579999923706055,1056
2024-01-17 13:12:00-05:00,16.584999084472656,16.600000381469727,16.584999084472656,16.600000381469727,16.600000381469727,11655
2024-01-17 13:13:00-05:00,16.600000381469727,16.600000381469727,16.59000015258789,16.594499588012695,16.594499588012695,9044
2024-01-17 13:14:00-05:00,16.59000015258789,16.59000015258789,16.579999923706055,16.579999923706055,16.579999923706055,5194
2024-01-17 13:15:00-05:00,16.579999923706055,16.584999084472656,16.56999969482422,16.579999923706055,16.579999923706055,5576
2024-01-17 13:16:00-05:00,16.575000762939453,16.575000762939453,16.575000762939453,16.575000762939453,16.575000762939453,434
2024-01-17 13:17:00-05:00,16.579999923706055,16.579999923706055,16.575000762939453,16.579999923706055,16.579999923706055,1830
2024-01-17 13:18:00-05:00,16.575000762939453,16.579999923706055,16.575000762939453,16.579999923706055,16.579999923706055,4204
2024-01-17 13:19:00-05:00,16.57939910888672,16.579999923706055,16.56999969482422,16.574499130249023,16.574499130249023,3224
2024-01-17 13:20:00-05:00,16.579999923706055,16.579999923706055,16.565000534057617,16.565000534057617,16.565000534057617,9909
2024-01-17 13:21:00-05:00,16.56999969482422,16.56999969482422,16.550100326538086,16.56060028076172,16.56060028076172,11204
2024-01-17 13:22:00-05:00,16.565000534057617,16.565000534057617,16.549999237060547,16.55500030517578,16.55500030517578,4857
2024-01-17 13:23:00-05:00,16.55500030517578,16.55500030517578,16.549999237060547,16.549999237060547,16.549999237060547,3354
2024-01-17 13:24:00-05:00,16.549999237060547,16.559999465942383,16.545000076293945,16.55500030517578,16.55500030517578,9829
2024-01-17 13:25:00-05:00,16.55500030517578,16.559999465942383,16.55500030517578,16.559999465942383,16.559999465942383,2459
2024-01-17 13:26:00-05:00,16.559999465942383,16.56999969482422,16.559999465942383,16.56999969482422,16.56999969482422,1691
2024-01-17 13:27:00-05:00,16.565000534057617,16.579999923706055,16.565000534057617,16.56999969482422,16.56999969482422,11423
2024-01-17 13:28:00-05:00,16.56999969482422,16.56999969482422,16.559999465942383,16.565000534057617,16.565000534057617,2638
2024-01-17 13:29:00-05:00,16.565000534057617,16.56999969482422,16.565000534057617,16.56999969482422,16.56999969482422,663
2024-01-17 13:30:00-05:00,16.565000534057617,16.56999969482422,16.559999465942383,16.56999969482422,16.56999969482422,1599
2024-01-17 13:31:00-05:00,16.559999465942383,16.559999465942383,16.55500030517578,16.55500030517578,16.55500030517578,6975
2024-01-17 13:32:00-05:00,16.559999465942383,16.559999465942383,16.545000076293945,16.55500030517578,16.55500030517578,9950
2024-01-17 13:33:00-05:00,16.559999465942383,16.559999465942383,16.55500030517578,16.55500030517578,16.55500030517578,2529
2024-01-17 13:34:00-05:00,16.549999237060547,16.549999237060547,16.540000915527344,16.540000915527344,16.540000915527344,5089
2024-01-17 13:35:00-05:00,16.540000915527344,16.540000915527344,16.53499984741211,16.540000915527344,16.540000915527344,6295
2024-01-17 13:36:00-05:00,16.53499984741211,16.549999237060547,16.53499984741211,16.545000076293945,16.545000076293945,4576
2024-01-17 13:37:00-05:00,16.540000915527344,16.540000915527344,16.53499984741211,16.540000915527344,16.540000915527344,5214
2024-01-17 13:38:00-05:00,16.530000686645508,16.53499984741211,16.530000686645508,16.53499984741211,16.53499984741211,2336
2024-01-17 13:39:00-05:00,16.530000686645508,16.53499984741211,16.530000686645508,16.53499984741211,16.53499984741211,923
2024-01-17 13:40:00-05:00,16.530000686645508,16.530000686645508,16.520000457763672,16.524999618530273,16.524999618530273,7117
2024-01-17 13:41:00-05:00,16.524999618530273,16.540000915527344,16.524999618530273,16.53499984741211,16.53499984741211,11935
2024-01-17 13:42:00-05:00,16.530000686645508,16.530000686645508,16.514999389648438,16.520000457763672,16.520000457763672,4007
2024-01-17 13:43:00-05:00,16.517000198364258,16.524999618530273,16.514999389648438,16.520000457763672,16.520000457763672,6777
2024-01-17 13:44:00-05:00,16.530000686645508,16.530000686645508,16.520000457763672,16.530000686645508,16.530000686645508,4262
2024-01-17 13:45:00-05:00,16.530000686645508,16.545000076293945,16.530000686645508,16.545000076293945,16.545000076293945,4809
2024-01-17 13:46:00-05:00,16.540000915527344,16.545000076293945,16.53499984741211,16.53499984741211,16.53499984741211,3424
2024-01-17 13:47:00-05:00,16.53499984741211,16.53499984741211,16.53499984741211,16.53499984741211,16.53499984741211,303
2024-01-17 13:48:00-05:00,16.540000915527344,16.540000915527344,16.530000686645508,16.530000686645508,16.530000686645508,4075
2024-01-17 13:49:00-05:00,16.530000686645508,16.540000915527344,16.530000686645508,16.540000915527344,16.540000915527344,1343
2024-01-17 13:50:00-05:00,16.540000915527344,16.545000076293945,16.538999557495117,16.545000076293945,16.545000076293945,5945
2024-01-17 13:51:00-05:00,16.545000076293945,16.547500610351562,16.530000686645508,16.53499984741211,16.53499984741211,5886
2024-01-17 13:52:00-05:00,16.53499984741211,16.53499984741211,16.530000686645508,16.530000686645508,16.530000686645508,602
2024-01-17 13:53:00-05:00,16.53499984741211,16.540000915527344,16.530000686645508,16.540000915527344,16.540000915527344,6142
2024-01-17 13:54:00-05:00,16.540000915527344,16.559999465942383,16.540000915527344,16.55500030517578,16.55500030517578,7127
2024-01-17 13:55:00-05:00,16.55500030517578,16.559999465942383,16.55500030517578,16.55500030517578,16.55500030517578,2297
2024-01-17 13:56:00-05:00,16.549999237060547,16.55500030517578,16.549999237060547,16.549999237060547,16.549999237060547,4567
2024-01-17 13:57:00-05:00,16.549999237060547,16.549999237060547,16.540000915527344,16.545000076293945,16.545000076293945,7093
2024-01-17 13:58:00-05:00,16.549999237060547,16.559999465942383,16.542400360107422,16.55500030517578,16.55500030517578,8585
2024-01-17 13:59:00-05:00,16.55500030517578,16.55500030517578,16.55500030517578,16.55500030517578,16.55500030517578,870
2024-01-17 14:00:00-05:00,16.55500030517578,16.565500259399414,16.55500030517578,16.565000534057617,16.565000534057617,8098
2024-01-17 14:01:00-05:00,16.559999465942383,16.579999923706055,16.559999465942383,16.579999923706055,16.579999923706055,8909
2024-01-17 14:02:00-05:00,16.579999923706055,16.579999923706055,16.559999465942383,16.559999465942383,16.559999465942383,4450
2024-01-17 14:03:00-05:00,16.559999465942383,16.56999969482422,16.549999237060547,16.549999237060547,16.549999237060547,3329
2024-01-17 14:04:00-05:00,16.549999237060547,16.549999237060547,16.549999237060547,16.549999237060547,16.549999237060547,201
2024-01-17 14:05:00-05:00,16.549999237060547,16.549999237060547,16.549999237060547,16.549999237060547,16.549999237060547,337
2024-01-17 14:06:00-05:00,16.549999237060547,16.555599212646484,16.540000915527344,16.545000076293945,16.545000076293945,9650
2024-01-17 14:07:00-05:00,16.540000915527344,16.540000915527344,16.540000915527344,16.540000915527344,16.540000915527344,1405
2024-01-17 14:08:00-05:00,16.545000076293945,16.55500030517578,16.545000076293945,16.549999237060547,16.549999237060547,14404
2024-01-17 14:09:00-05:00,16.549999237060547,16.549999237060547,16.549999237060547,16.549999237060547,16.549999237060547,194
2024-01-17 14:10:00-05:00,16.549999237060547,16.549999237060547,16.549999237060547,16.549999237060547,16.549999237060547,1111
2024-01-17 14:11:00-05:00,16.549999237060547,16.549999237060547,16.53499984741211,16.540000915527344,16.540000915527344,4525
2024-01-17 14:12:00-05:00,16.53499984741211,16.540000915527344,16.530000686645508,16.530000686645508,16.530000686645508,3619
2024-01-17 14:13:00-05:00,16.531600952148438,16.540000915527344,16.530000686645508,16.53499984741211,16.53499984741211,7077
2024-01-17 14:14:00-05:00,16.530000686645508,16.530000686645508,16.530000686645508,16.530000686645508,16.530000686645508,2659
2024-01-17 14:15:00-05:00,16.53499984741211,16.53499984741211,16.530000686645508,16.530000686645508,16.530000686645508,3667
2024-01-17 14:16:00-05:00,16.530000686645508,16.545000076293945,16.530000686645508,16.545000076293945,16.545000076293945,10136
2024-01-17 14:17:00-05:00,16.540000915527344,16.540000915527344,16.540000915527344,16.540000915527344,16.540000915527344,1416
2024-01-17 14:18:00-05:00,16.540000915527344,16.540000915527344,16.530000686645508,16.530000686645508,16.530000686645508,6709
2024-01-17 14:19:00-05:00,16.530000686645508,16.539899826049805,16.530000686645508,16.53499984741211,16.53499984741211,6147
2024-01-17 14:20:00-05:00,16.53420066833496,16.53499984741211,16.530000686645508,16.530000686645508,16.530000686645508,1305
2024-01-17 14:21:00-05:00,16.53499984741211,16.540000915527344,16.53499984741211,16.540000915527344,16.540000915527344,7630
2024-01-17 14:22:00-05:00,16.545000076293945,16.549999237060547,16.545000076293945,16.549999237060547,16.549999237060547,1240
2024-01-17 14:23:00-05:00,16.545000076293945,16.565000534057617,16.545000076293945,16.565000534057617,16.565000534057617,8078
2024-01-17 14:24:00-05:00,16.559999465942383,16.565000534057617,16.55500030517578,16.565000534057617,16.565000534057617,4719
2024-01-17 14:25:00-05:00,16.559999465942383,16.56999969482422,16.559999465942383,16.565000534057617,16.565000534057617,1631
2024-01-17 14:26:00-05:00,16.569900512695312,16.56999969482422,16.560100555419922,16.565000534057617,16.565000534057617,2211
2024-01-17 14:27:00-05:00,16.565000534057617,16.565000534057617,16.55500030517578,16.565000534057617,16.565000534057617,7415
2024-01-17 14:28:00-05:00,16.565000534057617,16.565000534057617,16.559999465942383,16.559999465942383,16.559999465942383,801
2024-01-17 14:29:00-05:00,16.559999465942383,16.559999465942383,16.55500030517578,16.55500030517578,16.55500030517578,2323
2024-01-17 14:30:00-05:00,16.559999465942383,16.579999923706055,16.559999465942383,16.575000762939453,16.575000762939453,6573
2024-01-17 14:31:00-05:00,16.579999923706055,16.579999923706055,16.575000762939453,16.575000762939453,16.575000762939453,4359
2024-01-17 14:32:00-05:00,16.579999923706055,16.579999923706055,16.56999969482422,16.575000762939453,16.575000762939453,1834
2024-01-17 14:33:00-05:00,16.575000762939453,16.575000762939453,16.565000534057617,16.565000534057617,16.565000534057617,5410
2024-01-17 14:34:00-05:00,16.559999465942383,16.565000534057617,16.55500030517578,16.55500030517578,16.55500030517578,4904
2024-01-17 14:35:00-05:00,16.55500030517578,16.559999465942383,16.55500030517578,16.55500030517578,16.55500030517578,3461
2024-01-17 14:36:00-05:00,16.55500030517578,16.55500030517578,16.549999237060547,16.549999237060547,16.549999237060547,501
2024-01-17 14:37:00-05:00,16.55500030517578,16.559999465942383,16.55500030517578,16.55500030517578,16.55500030517578,6187
2024-01-17 14:38:00-05:00,16.549999237060547,16.55500030517578,16.545000076293945,16.549999237060547,16.549999237060547,9349
2024-01-17 14:39:00-05:00,16.545000076293945,16.549999237060547,16.540000915527344,16.540000915527344,16.540000915527344,3509
2024-01-17 14:40:00-05:00,16.545000076293945,16.549999237060547,16.540000915527344,16.540000915527344,16.540000915527344,2112
2024-01-17 14:41:00-05:00,16.540000915527344,16.545000076293945,16.530000686645508,16.545000076293945,16.545000076293945,10121
2024-01-17 14:42:00-05:00,16.549999237060547,16.55500030517578,16.549999237060547,16.549999237060547,16.549999237060547,5546
2024-01-17 14:43:00-05:00,16.55500030517578,16.559999465942383,16.55500030517578,16.55500030517578,16.55500030517578,8074
2024-01-17 14:44:00-05:00,16.559999465942383,16.559999465942383,16.559999465942383,16.559999465942383,16.559999465942383,3243
2024-01-17 14:45:00-05:00,16.559999465942383,16.565500259399414,16.559999465942383,16.565000534057617,16.565000534057617,3205
2024-01-17 14:46:00-05:00,16.559999465942383,16.565000534057617,16.559999465942383,16.559999465942383,16.559999465942383,2755
2024-01-17 14:48:00-05:00,16.56130027770996,16.56130027770996,16.549999237060547,16.549999237060547,16.549999237060547,5828
2024-01-17 14:49:00-05:00,16.55500030517578,16.55500030517578,16.552000045776367,16.55500030517578,16.55500030517578,1256
2024-01-17 14:50:00-05:00,16.55500030517578,16.55500030517578,16.549999237060547,16.549999237060547,16.549999237060547,750
2024-01-17 14:51:00-05:00,16.55500030517578,16.55500030517578,16.55500030517578,16.55500030517578,16.55500030517578,6220
2024-01-17 14:52:00-05:00,16.55500030517578,16.55500030517578,16.549999237060547,16.549999237060547,16.549999237060547,1511
2024-01-17 14:53:00-05:00,16.55500030517578,16.55500030517578,16.549999237060547,16.55500030517578,16.55500030517578,4695
2024-01-17 14:54:00-05:00,16.549999237060547,16.55500030517578,16.549999237060547,16.55500030517578,16.55500030517578,1996
2024-01-17 14:55:00-05:00,16.549999237060547,16.55500030517578,16.549999237060547,16.549999237060547,16.549999237060547,1082
2024-01-17 14:56:00-05:00,16.55500030517578,16.55500030517578,16.540000915527344,16.545000076293945,16.545000076293945,9382
2024-01-17 14:57:00-05:00,16.549999237060547,16.549999237060547,16.540000915527344,16.540000915527344,16.540000915527344,11049
2024-01-17 14:58:00-05:00,16.545000076293945,16.55500030517578,16.540000915527344,16.549999237060547,16.549999237060547,13145
2024-01-17 14:59:00-05:00,16.550500869750977,16.559999465942383,16.549999237060547,16.549999237060547,16.549999237060547,5231
2024-01-17 15:00:00-05:00,16.549999237060547,16.549999237060547,16.540000915527344,16.540000915527344,16.540000915527344,17547
2024-01-17 15:01:00-05:00,16.530000686645508,16.53499984741211,16.520000457763672,16.520000457763672,16.520000457763672,3041
2024-01-17 15:02:00-05:00,16.520000457763672,16.520000457763672,16.510000228881836,16.514999389648438,16.514999389648438,12134
2024-01-17 15:03:00-05:00,16.510000228881836,16.524999618530273,16.510000228881836,16.524999618530273,16.524999618530273,17441
2024-01-17 15:04:00-05:00,16.530000686645508,16.54199981689453,16.524999618530273,16.54199981689453,16.54199981689453,7858
2024-01-17 15:05:00-05:00,16.549999237060547,16.549999237060547,16.540000915527344,16.540000915527344,16.540000915527344,7798
2024-01-17 15:06:00-05:00,16.540000915527344,16.559999465942383,16.540000915527344,16.559999465942383,16.559999465942383,13207
2024-01-17 15:07:00-05:00,16.55500030517578,16.55500030517578,16.55500030517578,16.55500030517578,16.55500030517578,113
2024-01-17 15:08:00-05:00,16.549999237060547,16.55500030517578,16.549999237060547,16.550100326538086,16.550100326538086,6683
2024-01-17 15:09:00-05:00,16.549999237060547,16.56999969482422,16.549999237060547,16.56999969482422,16.56999969482422,8511
2024-01-17 15:10:00-05:00,16.565000534057617,16.579999923706055,16.565000534057617,16.579999923706055,16.579999923706055,11947
2024-01-17 15:11:00-05:00,16.575000762939453,16.579999923706055,16.56999969482422,16.579999923706055,16.579999923706055,2521
2024-01-17 15:12:00-05:00,16.575000762939453,16.59000015258789,16.565000534057617,16.59000015258789,16.59000015258789,32968
2024-01-17 15:13:00-05:00,16.59000015258789,16.59000015258789,16.584999084472656,16.584999084472656,16.584999084472656,2237
2024-01-17 15:14:00-05:00,16.579999923706055,16.584999084472656,16.56999969482422,16.575000762939453,16.575000762939453,11968
2024-01-17 15:15:00-05:00,16.579999923706055,16.59000015258789,16.570100784301758,16.59000015258789,16.59000015258789,15453
2024-01-17 15:16:00-05:00,16.59000015258789,16.595300674438477,16.582000732421875,16.595300674438477,16.595300674438477,7374
2024-01-17 15:17:00-05:00,16.59000015258789,16.594999313354492,16.59000015258789,16.594999313354492,16.594999313354492,1898
2024-01-17 15:18:00-05:00,16.600000381469727,16.610000610351562,16.600000381469727,16.610000610351562,16.610000610351562,10672
2024-01-17 15:19:00-05:00,16.610000610351562,16.614999771118164,16.610000610351562,16.610000610351562,16.610000610351562,4253
2024-01-17 15:20:00-05:00,16.614999771118164,16.614999771118164,16.600000381469727,16.604999542236328,16.604999542236328,9223
2024-01-17 15:21:00-05:00,16.604999542236328,16.604999542236328,16.600000381469727,16.604999542236328,16.604999542236328,6098
2024-01-17 15:22:00-05:00,16.604999542236328,16.610000610351562,16.604999542236328,16.604999542236328,16.604999542236328,5936
2024-01-17 15:23:00-05:00,16.604999542236328,16.614999771118164,16.600000381469727,16.610000610351562,16.610000610351562,26686
2024-01-17 15:24:00-05:00,16.610000610351562,16.610000610351562,16.600000381469727,16.600000381469727,16.600000381469727,14887
2024-01-17 15:25:00-05:00,16.600000381469727,16.610000610351562,16.600000381469727,16.600000381469727,16.600000381469727,3364
2024-01-17 15:26:00-05:00,16.604999542236328,16.610000610351562,16.604999542236328,16.604999542236328,16.604999542236328,3210
2024-01-17 15:27:00-05:00,16.610000610351562,16.610000610351562,16.600000381469727,16.600000381469727,16.600000381469727,4226
2024-01-17 15:28:00-05:00,16.604999542236328,16.604999542236328,16.600000381469727,16.600000381469727,16.600000381469727,4753
2024-01-17 15:29:00-05:00,16.610000610351562,16.610000610351562,16.600000381469727,16.600000381469727,16.600000381469727,7086
2024-01-17 15:30:00-05:00,16.607500076293945,16.610000610351562,16.600000381469727,16.604999542236328,16.604999542236328,12239
2024-01-17 15:31:00-05:00,16.604999542236328,16.6200008392334,16.600000381469727,16.610000610351562,16.610000610351562,18572
2024-01-17 15:32:00-05:00,16.614999771118164,16.6200008392334,16.610000610351562,16.614999771118164,16.614999771118164,4378
2024-01-17 15:33:00-05:00,16.610000610351562,16.614999771118164,16.604999542236328,16.604999542236328,16.604999542236328,21249
2024-01-17 15:34:00-05:00,16.610000610351562,16.6200008392334,16.610000610351562,16.610000610351562,16.610000610351562,9401
2024-01-17 15:35:00-05:00,16.614999771118164,16.6200008392334,16.610000610351562,16.614999771118164,16.614999771118164,9755
2024-01-17 15:36:00-05:00,16.614999771118164,16.6299991607666,16.614999771118164,16.6200008392334,16.6200008392334,8297
2024-01-17 15:37:00-05:00,16.6200008392334,16.6299991607666,16.6200008392334,16.6299991607666,16.6299991607666,7313
2024-01-17 15:38:00-05:00,16.6299991607666,16.639999389648438,16.6299991607666,16.6299991607666,16.6299991607666,12186
2024-01-17 15:39:00-05:00,16.6299991607666,16.635000228881836,16.6200008392334,16.625,16.625,17768
2024-01-17 15:40:00-05:00,16.6299991607666,16.6299991607666,16.6299991607666,16.6299991607666,16.6299991607666,2856
2024-01-17 15:41:00-05:00,16.6299991607666,16.6299991607666,16.6200008392334,16.625,16.625,14351
2024-01-17 15:42:00-05:00,16.625,16.6299991607666,16.625,16.6299991607666,16.6299991607666,8688
2024-01-17 15:43:00-05:00,16.625,16.6299991607666,16.6200008392334,16.6299991607666,16.6299991607666,4780
2024-01-17 15:44:00-05:00,16.625,16.6299991607666,16.6200008392334,16.6299991607666,16.6299991607666,12684
2024-01-17 15:45:00-05:00,16.625,16.639999389648438,16.625,16.639999389648438,16.639999389648438,25573
2024-01-17 15:46:00-05:00,16.639999389648438,16.649999618530273,16.6299991607666,16.635000228881836,16.635000228881836,24844
2024-01-17 15:47:00-05:00,16.635000228881836,16.635000228881836,16.614999771118164,16.614999771118164,16.614999771118164,44969
2024-01-17 15:48:00-05:00,16.6200008392334,16.6299991607666,16.614999771118164,16.625,16.625,26281
2024-01-17 15:49:00-05:00,16.625,16.6299991607666,16.6200008392334,16.625,16.625,20214
2024-01-17 15:50:00-05:00,16.6299991607666,16.649999618530273,16.6200008392334,16.649999618530273,16.649999618530273,48923
2024-01-17 15:51:00-05:00,16.649999618530273,16.649999618530273,16.631900787353516,16.639999389648438,16.639999389648438,63091
2024-01-17 15:52:00-05:00,16.635000228881836,16.657499313354492,16.635000228881836,16.649999618530273,16.649999618530273,48183
2024-01-17 15:53:00-05:00,16.655000686645508,16.65999984741211,16.649999618530273,16.655000686645508,16.655000686645508,20393
2024-01-17 15:54:00-05:00,16.65999984741211,16.65999984741211,16.645000457763672,16.645000457763672,16.645000457763672,52587
2024-01-17 15:55:00-05:00,16.645000457763672,16.649999618530273,16.645000457763672,16.649999618530273,16.649999618530273,33399
2024-01-17 15:56:00-05:00,16.645000457763672,16.65999984741211,16.639999389648438,16.655000686645508,16.655000686645508,66769
2024-01-17 15:57:00-05:00,16.655000686645508,16.65999984741211,16.649999618530273,16.65999984741211,16.65999984741211,42752
2024-01-17 15:58:00-05:00,16.655000686645508,16.65999984741211,16.649999618530273,16.65999984741211,16.65999984741211,68129
2024-01-17 15:59:00-05:00,16.65999984741211,16.670000076293945,16.649999618530273,16.655000686645508,16.655000686645508,155462
