Date,Open,High,Low,Close,Adj Close,Volume
2023-10-18 09:00:00+02:00,65.0,65.05999755859375,64.93000030517578,65.0,65.0,0
2023-10-18 09:01:00+02:00,65.06999969482422,65.06999969482422,64.95999908447266,65.02999877929688,65.02999877929688,3564
2023-10-18 09:02:00+02:00,65.06999969482422,65.06999969482422,65.01000213623047,65.04000091552734,65.04000091552734,2144
2023-10-18 09:03:00+02:00,65.0,65.0199966430664,64.94999694824219,64.94999694824219,64.94999694824219,2985
2023-10-18 09:04:00+02:00,64.94000244140625,64.9800033569336,64.94000244140625,64.97000122070312,64.97000122070312,641
2023-10-18 09:05:00+02:00,64.94000244140625,64.9800033569336,64.93000030517578,64.94000244140625,64.94000244140625,1589
2023-10-18 09:06:00+02:00,64.93000030517578,64.98999786376953,64.93000030517578,64.98999786376953,64.98999786376953,1673
2023-10-18 09:07:00+02:00,65.0,65.04000091552734,65.0,65.0,65.0,3484
2023-10-18 09:08:00+02:00,65.0,65.0,65.0,65.0,65.0,2000
2023-10-18 09:09:00+02:00,65.0999984741211,65.11000061035156,65.08000183105469,65.0999984741211,65.0999984741211,6359
2023-10-18 09:10:00+02:00,65.0999984741211,65.0999984741211,65.05000305175781,65.05000305175781,65.05000305175781,1584
2023-10-18 09:11:00+02:00,65.0199966430664,65.05000305175781,64.9800033569336,64.9800033569336,64.9800033569336,1282
2023-10-18 09:13:00+02:00,65.04000091552734,65.04000091552734,65.02999877929688,65.02999877929688,65.02999877929688,162
2023-10-18 09:14:00+02:00,65.02999877929688,65.04000091552734,65.01000213623047,65.04000091552734,65.04000091552734,1150
2023-10-18 09:15:00+02:00,65.04000091552734,65.05000305175781,65.04000091552734,65.05000305175781,65.05000305175781,874
2023-10-18 09:17:00+02:00,65.12000274658203,65.16999816894531,65.11000061035156,65.11000061035156,65.11000061035156,9870
2023-10-18 09:18:00+02:00,65.06999969482422,65.06999969482422,65.04000091552734,65.05000305175781,65.05000305175781,1457
2023-10-18 09:19:00+02:00,65.05000305175781,65.05000305175781,65.01000213623047,65.01000213623047,65.01000213623047,1190
2023-10-18 09:20:00+02:00,65.02999877929688,65.02999877929688,64.9800033569336,64.9800033569336,64.9800033569336,2342
2023-10-18 09:21:00+02:00,64.91999816894531,64.98999786376953,64.91999816894531,64.94000244140625,64.94000244140625,7776
2023-10-18 09:22:00+02:00,64.91000366210938,64.94999694824219,64.91000366210938,64.91999816894531,64.91999816894531,1158
2023-10-18 09:23:00+02:00,64.91000366210938,64.93000030517578,64.9000015258789,64.93000030517578,64.93000030517578,1039
2023-10-18 09:24:00+02:00,64.93000030517578,64.93000030517578,64.9000015258789,64.9000015258789,64.9000015258789,791
2023-10-18 09:25:00+02:00,64.9000015258789,64.94000244140625,64.87999725341797,64.88999938964844,64.88999938964844,2887
2023-10-18 09:26:00+02:00,64.91000366210938,64.95999908447266,64.91000366210938,64.94999694824219,64.94999694824219,728
2023-10-18 09:27:00+02:00,64.95999908447266,64.95999908447266,64.91999816894531,64.94000244140625,64.94000244140625,3190
2023-10-18 09:28:00+02:00,64.91999816894531,64.94000244140625,64.91000366210938,64.94000244140625,64.94000244140625,1151
2023-10-18 09:29:00+02:00,64.95999908447266,64.97000122070312,64.95999908447266,64.97000122070312,64.97000122070312,2402
2023-10-18 09:30:00+02:00,64.95999908447266,64.97000122070312,64.95999908447266,64.97000122070312,64.97000122070312,321
2023-10-18 09:31:00+02:00,65.01000213623047,65.01000213623047,64.9800033569336,64.9800033569336,64.9800033569336,5622
2023-10-18 09:32:00+02:00,64.97000122070312,64.97000122070312,64.94000244140625,64.94999694824219,64.94999694824219,3245
2023-10-18 09:33:00+02:00,64.95999908447266,64.95999908447266,64.94000244140625,64.94999694824219,64.94999694824219,2040
2023-10-18 09:34:00+02:00,64.94999694824219,65.06999969482422,64.94000244140625,65.05000305175781,65.05000305175781,4669
2023-10-18 09:35:00+02:00,65.05999755859375,65.0999984741211,65.05999755859375,65.0999984741211,65.0999984741211,6081
2023-10-18 09:36:00+02:00,65.0999984741211,65.0999984741211,65.04000091552734,65.05000305175781,65.05000305175781,2041
2023-10-18 09:37:00+02:00,65.08000183105469,65.08000183105469,65.06999969482422,65.06999969482422,65.06999969482422,914
2023-10-18 09:38:00+02:00,65.08000183105469,65.08999633789062,65.08000183105469,65.08999633789062,65.08999633789062,817
2023-10-18 09:39:00+02:00,65.11000061035156,65.13999938964844,65.11000061035156,65.12999725341797,65.12999725341797,3315
2023-10-18 09:40:00+02:00,65.12999725341797,65.12999725341797,65.08999633789062,65.08999633789062,65.08999633789062,2247
2023-10-18 09:41:00+02:00,65.08000183105469,65.08000183105469,65.08000183105469,65.08000183105469,65.08000183105469,582
2023-10-18 09:42:00+02:00,65.12000274658203,65.12000274658203,65.11000061035156,65.11000061035156,65.11000061035156,1616
2023-10-18 09:43:00+02:00,65.08999633789062,65.12000274658203,65.08999633789062,65.12000274658203,65.12000274658203,1182
2023-10-18 09:44:00+02:00,65.12000274658203,65.12999725341797,65.12000274658203,65.12999725341797,65.12999725341797,300
2023-10-18 09:45:00+02:00,65.12999725341797,65.1500015258789,65.12999725341797,65.1500015258789,65.1500015258789,5463
2023-10-18 09:46:00+02:00,65.16000366210938,65.16999816894531,65.16000366210938,65.16999816894531,65.16999816894531,1279
2023-10-18 09:47:00+02:00,65.18000030517578,65.2300033569336,65.18000030517578,65.20999908447266,65.20999908447266,4614
2023-10-18 09:48:00+02:00,65.2300033569336,65.23999786376953,65.2300033569336,65.2300033569336,65.2300033569336,1478
2023-10-18 09:49:00+02:00,65.20999908447266,65.22000122070312,65.18000030517578,65.18000030517578,65.18000030517578,1686
2023-10-18 09:50:00+02:00,65.16999816894531,65.16999816894531,65.0999984741211,65.0999984741211,65.0999984741211,2367
2023-10-18 09:51:00+02:00,65.13999938964844,65.1500015258789,65.11000061035156,65.11000061035156,65.11000061035156,1937
2023-10-18 09:52:00+02:00,65.11000061035156,65.11000061035156,65.04000091552734,65.04000091552734,65.04000091552734,3164
2023-10-18 09:53:00+02:00,65.05000305175781,65.08999633789062,65.02999877929688,65.08999633789062,65.08999633789062,2999
2023-10-18 09:54:00+02:00,65.0999984741211,65.11000061035156,65.0999984741211,65.11000061035156,65.11000061035156,1037
2023-10-18 09:55:00+02:00,65.12999725341797,65.1500015258789,65.12999725341797,65.1500015258789,65.1500015258789,1655
2023-10-18 09:56:00+02:00,65.13999938964844,65.1500015258789,65.13999938964844,65.1500015258789,65.1500015258789,901
2023-10-18 09:57:00+02:00,65.0999984741211,65.0999984741211,65.08999633789062,65.0999984741211,65.0999984741211,376
2023-10-18 09:58:00+02:00,65.0999984741211,65.0999984741211,65.0999984741211,65.0999984741211,65.0999984741211,278
2023-10-18 09:59:00+02:00,65.12000274658203,65.12000274658203,65.11000061035156,65.11000061035156,65.11000061035156,1392
2023-10-18 10:00:00+02:00,65.06999969482422,65.08999633789062,65.06999969482422,65.08999633789062,65.08999633789062,643
2023-10-18 10:01:00+02:00,65.08000183105469,65.08000183105469,65.01000213623047,65.01000213623047,65.01000213623047,2952
2023-10-18 10:02:00+02:00,65.04000091552734,65.05999755859375,65.04000091552734,65.05999755859375,65.05999755859375,373
2023-10-18 10:03:00+02:00,65.08000183105469,65.08000183105469,65.08000183105469,65.08000183105469,65.08000183105469,337
2023-10-18 10:04:00+02:00,65.05999755859375,65.05999755859375,65.05999755859375,65.05999755859375,65.05999755859375,286
2023-10-18 10:05:00+02:00,65.06999969482422,65.06999969482422,65.05999755859375,65.05999755859375,65.05999755859375,1045
2023-10-18 10:06:00+02:00,65.05000305175781,65.08000183105469,65.04000091552734,65.06999969482422,65.06999969482422,1322
2023-10-18 10:07:00+02:00,65.06999969482422,65.11000061035156,65.06999969482422,65.08999633789062,65.08999633789062,2156
2023-10-18 10:08:00+02:00,65.08000183105469,65.08000183105469,65.06999969482422,65.08000183105469,65.08000183105469,2231
2023-10-18 10:09:00+02:00,65.08000183105469,65.0999984741211,65.08000183105469,65.08999633789062,65.08999633789062,1969
2023-10-18 10:10:00+02:00,65.12000274658203,65.16000366210938,65.12000274658203,65.16000366210938,65.16000366210938,5613
2023-10-18 10:11:00+02:00,65.16999816894531,65.16999816894531,65.12999725341797,65.12999725341797,65.12999725341797,1635
2023-10-18 10:12:00+02:00,65.16000366210938,65.16999816894531,65.13999938964844,65.13999938964844,65.13999938964844,2040
2023-10-18 10:13:00+02:00,65.13999938964844,65.13999938964844,65.12000274658203,65.12000274658203,65.12000274658203,761
2023-10-18 10:14:00+02:00,65.12000274658203,65.12000274658203,65.11000061035156,65.12000274658203,65.12000274658203,2230
2023-10-18 10:15:00+02:00,65.12999725341797,65.12999725341797,65.08999633789062,65.12000274658203,65.12000274658203,2538
2023-10-18 10:16:00+02:00,65.12000274658203,65.1500015258789,65.12000274658203,65.1500015258789,65.1500015258789,2831
2023-10-18 10:17:00+02:00,65.16000366210938,65.16000366210938,65.0999984741211,65.16000366210938,65.16000366210938,18879
2023-10-18 10:18:00+02:00,65.1500015258789,65.1500015258789,65.08999633789062,65.08999633789062,65.08999633789062,2731
2023-10-18 10:19:00+02:00,65.06999969482422,65.06999969482422,65.05000305175781,65.06999969482422,65.06999969482422,1113
2023-10-18 10:20:00+02:00,65.06999969482422,65.11000061035156,65.06999969482422,65.08999633789062,65.08999633789062,4709
2023-10-18 10:21:00+02:00,65.0199966430664,65.05000305175781,65.0199966430664,65.05000305175781,65.05000305175781,462
2023-10-18 10:22:00+02:00,65.04000091552734,65.04000091552734,64.97000122070312,64.97000122070312,64.97000122070312,3333
2023-10-18 10:23:00+02:00,64.98999786376953,65.01000213623047,64.97000122070312,65.01000213623047,65.01000213623047,1182
2023-10-18 10:24:00+02:00,65.02999877929688,65.02999877929688,65.0199966430664,65.0199966430664,65.0199966430664,403
2023-10-18 10:26:00+02:00,65.01000213623047,65.01000213623047,64.98999786376953,65.0,65.0,1010
2023-10-18 10:27:00+02:00,64.98999786376953,65.0,64.98999786376953,64.98999786376953,64.98999786376953,588
2023-10-18 10:28:00+02:00,65.01000213623047,65.01000213623047,65.0,65.0,65.0,692
2023-10-18 10:29:00+02:00,65.01000213623047,65.04000091552734,65.01000213623047,65.04000091552734,65.04000091552734,2129
2023-10-18 10:30:00+02:00,65.04000091552734,65.06999969482422,65.04000091552734,65.06999969482422,65.06999969482422,2898
2023-10-18 10:31:00+02:00,65.05999755859375,65.06999969482422,65.05000305175781,65.05000305175781,65.05000305175781,225
2023-10-18 10:32:00+02:00,65.04000091552734,65.04000091552734,65.02999877929688,65.04000091552734,65.04000091552734,210
2023-10-18 10:33:00+02:00,65.01000213623047,65.02999877929688,65.0,65.0,65.0,1149
2023-10-18 10:34:00+02:00,65.0199966430664,65.02999877929688,65.0199966430664,65.02999877929688,65.02999877929688,1112
2023-10-18 10:35:00+02:00,65.02999877929688,65.02999877929688,64.98999786376953,65.01000213623047,65.01000213623047,959
2023-10-18 10:36:00+02:00,65.04000091552734,65.05000305175781,65.04000091552734,65.04000091552734,65.04000091552734,1103
2023-10-18 10:37:00+02:00,65.02999877929688,65.05000305175781,65.02999877929688,65.05000305175781,65.05000305175781,2987
2023-10-18 10:38:00+02:00,65.06999969482422,65.12000274658203,65.06999969482422,65.12000274658203,65.12000274658203,755
2023-10-18 10:39:00+02:00,65.12999725341797,65.16000366210938,65.12999725341797,65.1500015258789,65.1500015258789,1393
2023-10-18 10:40:00+02:00,65.1500015258789,65.1500015258789,65.12000274658203,65.13999938964844,65.13999938964844,2298
2023-10-18 10:41:00+02:00,65.12999725341797,65.12999725341797,65.0999984741211,65.0999984741211,65.0999984741211,776
2023-10-18 10:42:00+02:00,65.12000274658203,65.12000274658203,65.12000274658203,65.12000274658203,65.12000274658203,383
2023-10-18 10:43:00+02:00,65.0999984741211,65.0999984741211,65.08999633789062,65.08999633789062,65.08999633789062,2078
2023-10-18 10:44:00+02:00,65.0999984741211,65.11000061035156,65.0999984741211,65.11000061035156,65.11000061035156,709
2023-10-18 10:45:00+02:00,65.12999725341797,65.1500015258789,65.12999725341797,65.1500015258789,65.1500015258789,2013
2023-10-18 10:46:00+02:00,65.1500015258789,65.1500015258789,65.13999938964844,65.13999938964844,65.13999938964844,1309
2023-10-18 10:47:00+02:00,65.1500015258789,65.1500015258789,65.1500015258789,65.1500015258789,65.1500015258789,205
2023-10-18 10:48:00+02:00,65.16000366210938,65.19999694824219,65.16000366210938,65.19999694824219,65.19999694824219,3289
2023-10-18 10:49:00+02:00,65.19999694824219,65.20999908447266,65.19000244140625,65.20999908447266,65.20999908447266,795
2023-10-18 10:50:00+02:00,65.22000122070312,65.25,65.22000122070312,65.23999786376953,65.23999786376953,422
2023-10-18 10:51:00+02:00,65.23999786376953,65.23999786376953,65.2300033569336,65.2300033569336,65.2300033569336,3900
2023-10-18 10:52:00+02:00,65.23999786376953,65.27999877929688,65.23999786376953,65.27999877929688,65.27999877929688,1827
2023-10-18 10:53:00+02:00,65.2699966430664,65.2699966430664,65.23999786376953,65.23999786376953,65.23999786376953,2840
2023-10-18 10:54:00+02:00,65.23999786376953,65.2699966430664,65.23999786376953,65.26000213623047,65.26000213623047,3870
2023-10-18 10:55:00+02:00,65.25,65.25,65.23999786376953,65.23999786376953,65.23999786376953,196
2023-10-18 10:56:00+02:00,65.26000213623047,65.26000213623047,65.22000122070312,65.22000122070312,65.22000122070312,1224
2023-10-18 10:57:00+02:00,65.2300033569336,65.23999786376953,65.2300033569336,65.23999786376953,65.23999786376953,294
2023-10-18 10:58:00+02:00,65.22000122070312,65.22000122070312,65.19999694824219,65.19999694824219,65.19999694824219,969
2023-10-18 10:59:00+02:00,65.22000122070312,65.22000122070312,65.22000122070312,65.22000122070312,65.22000122070312,218
2023-10-18 11:00:00+02:00,65.20999908447266,65.20999908447266,65.19000244140625,65.19000244140625,65.19000244140625,680
2023-10-18 11:01:00+02:00,65.18000030517578,65.18000030517578,65.18000030517578,65.18000030517578,65.18000030517578,0
2023-10-18 11:02:00+02:00,65.19000244140625,65.22000122070312,65.19000244140625,65.22000122070312,65.22000122070312,282604
2023-10-18 11:03:00+02:00,65.19000244140625,65.19000244140625,65.1500015258789,65.1500015258789,65.1500015258789,637
2023-10-18 11:04:00+02:00,65.13999938964844,65.13999938964844,65.11000061035156,65.12000274658203,65.12000274658203,1145
2023-10-18 11:05:00+02:00,65.12999725341797,65.20999908447266,65.12999725341797,65.16999816894531,65.16999816894531,3136
2023-10-18 11:06:00+02:00,65.18000030517578,65.19999694824219,65.18000030517578,65.18000030517578,65.18000030517578,799
2023-10-18 11:07:00+02:00,65.16999816894531,65.18000030517578,65.16999816894531,65.18000030517578,65.18000030517578,2194
2023-10-18 11:08:00+02:00,65.16999816894531,65.16999816894531,65.1500015258789,65.16000366210938,65.16000366210938,710
2023-10-18 11:09:00+02:00,65.1500015258789,65.16999816894531,65.1500015258789,65.16000366210938,65.16000366210938,7697
2023-10-18 11:10:00+02:00,65.16999816894531,65.18000030517578,65.16999816894531,65.18000030517578,65.18000030517578,4577
2023-10-18 11:11:00+02:00,65.19999694824219,65.2300033569336,65.19000244140625,65.2300033569336,65.2300033569336,5645
2023-10-18 11:12:00+02:00,65.23999786376953,65.23999786376953,65.2300033569336,65.23999786376953,65.23999786376953,5039
2023-10-18 11:13:00+02:00,65.23999786376953,65.23999786376953,65.23999786376953,65.23999786376953,65.23999786376953,1249
2023-10-18 11:14:00+02:00,65.18000030517578,65.19000244140625,65.18000030517578,65.19000244140625,65.19000244140625,167
2023-10-18 11:15:00+02:00,65.19999694824219,65.22000122070312,65.19999694824219,65.20999908447266,65.20999908447266,1561
2023-10-18 11:16:00+02:00,65.19999694824219,65.20999908447266,65.19999694824219,65.20999908447266,65.20999908447266,868
2023-10-18 11:17:00+02:00,65.23999786376953,65.27999877929688,65.23999786376953,65.27999877929688,65.27999877929688,1438
2023-10-18 11:18:00+02:00,65.29000091552734,65.29000091552734,65.27999877929688,65.27999877929688,65.27999877929688,850
2023-10-18 11:19:00+02:00,65.27999877929688,65.27999877929688,65.26000213623047,65.26000213623047,65.26000213623047,1496
2023-10-18 11:20:00+02:00,65.27999877929688,65.29000091552734,65.27999877929688,65.27999877929688,65.27999877929688,274
2023-10-18 11:21:00+02:00,65.27999877929688,65.27999877929688,65.25,65.25,65.25,2456
2023-10-18 11:22:00+02:00,65.25,65.26000213623047,65.23999786376953,65.23999786376953,65.23999786376953,988
2023-10-18 11:23:00+02:00,65.26000213623047,65.27999877929688,65.25,65.2699966430664,65.2699966430664,1303
2023-10-18 11:24:00+02:00,65.26000213623047,65.2699966430664,65.26000213623047,65.26000213623047,65.26000213623047,1964
2023-10-18 11:25:00+02:00,65.26000213623047,65.29000091552734,65.2300033569336,65.2300033569336,65.2300033569336,9758
2023-10-18 11:26:00+02:00,65.23999786376953,65.23999786376953,65.19999694824219,65.2300033569336,65.2300033569336,17236
2023-10-18 11:27:00+02:00,65.23999786376953,65.2699966430664,65.23999786376953,65.25,65.25,9125
2023-10-18 11:28:00+02:00,65.23999786376953,65.26000213623047,65.23999786376953,65.26000213623047,65.26000213623047,438
2023-10-18 11:29:00+02:00,65.26000213623047,65.26000213623047,65.23999786376953,65.25,65.25,359
2023-10-18 11:30:00+02:00,65.23999786376953,65.23999786376953,65.20999908447266,65.20999908447266,65.20999908447266,1257
2023-10-18 11:31:00+02:00,65.20999908447266,65.20999908447266,65.16000366210938,65.16000366210938,65.16000366210938,3087
2023-10-18 11:32:00+02:00,65.16999816894531,65.18000030517578,65.16000366210938,65.16000366210938,65.16000366210938,1519
2023-10-18 11:33:00+02:00,65.1500015258789,65.1500015258789,65.1500015258789,65.1500015258789,65.1500015258789,841
2023-10-18 11:34:00+02:00,65.1500015258789,65.16999816894531,65.1500015258789,65.16999816894531,65.16999816894531,2190
2023-10-18 11:35:00+02:00,65.18000030517578,65.19000244140625,65.16999816894531,65.16999816894531,65.16999816894531,2012
2023-10-18 11:36:00+02:00,65.19000244140625,65.20999908447266,65.19000244140625,65.19000244140625,65.19000244140625,724
2023-10-18 11:38:00+02:00,65.16999816894531,65.16999816894531,65.16999816894531,65.16999816894531,65.16999816894531,111
2023-10-18 11:39:00+02:00,65.16000366210938,65.16000366210938,65.12999725341797,65.12999725341797,65.12999725341797,160
2023-10-18 11:41:00+02:00,65.11000061035156,65.12999725341797,65.11000061035156,65.12000274658203,65.12000274658203,6049
2023-10-18 11:42:00+02:00,65.12000274658203,65.12000274658203,65.06999969482422,65.08000183105469,65.08000183105469,1423
2023-10-18 11:43:00+02:00,65.0999984741211,65.0999984741211,65.08000183105469,65.08000183105469,65.08000183105469,845
2023-10-18 11:44:00+02:00,65.08000183105469,65.08000183105469,65.08000183105469,65.08000183105469,65.08000183105469,145
2023-10-18 11:45:00+02:00,65.05000305175781,65.05000305175781,65.05000305175781,65.05000305175781,65.05000305175781,575
2023-10-18 11:46:00+02:00,65.05999755859375,65.06999969482422,65.04000091552734,65.05000305175781,65.05000305175781,636
2023-10-18 11:47:00+02:00,65.04000091552734,65.05999755859375,65.02999877929688,65.05999755859375,65.05999755859375,4025
2023-10-18 11:48:00+02:00,65.05999755859375,65.05999755859375,65.05000305175781,65.05999755859375,65.05999755859375,287
2023-10-18 11:49:00+02:00,65.01000213623047,65.0199966430664,65.0,65.0199966430664,65.0199966430664,726
2023-10-18 11:50:00+02:00,65.02999877929688,65.04000091552734,65.02999877929688,65.04000091552734,65.04000091552734,1214
2023-10-18 11:52:00+02:00,65.0,65.01000213623047,65.0,65.01000213623047,65.01000213623047,486
2023-10-18 11:53:00+02:00,65.0199966430664,65.0199966430664,65.0,65.0199966430664,65.0199966430664,2509
2023-10-18 11:54:00+02:00,65.02999877929688,65.02999877929688,65.01000213623047,65.01000213623047,65.01000213623047,1823
2023-10-18 11:55:00+02:00,65.01000213623047,65.01000213623047,65.0,65.0,65.0,1504
2023-10-18 11:56:00+02:00,65.0,65.0,64.98999786376953,65.0,65.0,143
2023-10-18 11:57:00+02:00,64.95999908447266,64.95999908447266,64.95999908447266,64.95999908447266,64.95999908447266,842
2023-10-18 11:58:00+02:00,64.91999816894531,64.94000244140625,64.91999816894531,64.94000244140625,64.94000244140625,393
2023-10-18 11:59:00+02:00,64.91000366210938,64.94000244140625,64.91000366210938,64.93000030517578,64.93000030517578,769
2023-10-18 12:00:00+02:00,64.91999816894531,64.94000244140625,64.91999816894531,64.91999816894531,64.91999816894531,2691
2023-10-18 12:01:00+02:00,64.9800033569336,64.98999786376953,64.9800033569336,64.98999786376953,64.98999786376953,2891
2023-10-18 12:02:00+02:00,64.9800033569336,64.9800033569336,64.97000122070312,64.97000122070312,64.97000122070312,1139
2023-10-18 12:03:00+02:00,64.9800033569336,64.9800033569336,64.9800033569336,64.9800033569336,64.9800033569336,197
2023-10-18 12:04:00+02:00,64.97000122070312,64.9800033569336,64.97000122070312,64.97000122070312,64.97000122070312,442
2023-10-18 12:05:00+02:00,64.97000122070312,64.97000122070312,64.94000244140625,64.94999694824219,64.94999694824219,1578
2023-10-18 12:06:00+02:00,64.94000244140625,64.94000244140625,64.93000030517578,64.93000030517578,64.93000030517578,404
2023-10-18 12:07:00+02:00,64.93000030517578,64.94000244140625,64.93000030517578,64.94000244140625,64.94000244140625,723
2023-10-18 12:08:00+02:00,64.94999694824219,64.98999786376953,64.93000030517578,64.97000122070312,64.97000122070312,1348
2023-10-18 12:09:00+02:00,64.95999908447266,64.97000122070312,64.95999908447266,64.97000122070312,64.97000122070312,1795
2023-10-18 12:10:00+02:00,64.97000122070312,64.97000122070312,64.97000122070312,64.97000122070312,64.97000122070312,401
2023-10-18 12:11:00+02:00,64.95999908447266,64.95999908447266,64.94999694824219,64.94999694824219,64.94999694824219,319
2023-10-18 12:12:00+02:00,64.93000030517578,64.94000244140625,64.91000366210938,64.91000366210938,64.91000366210938,1497
2023-10-18 12:13:00+02:00,64.91000366210938,64.91000366210938,64.9000015258789,64.9000015258789,64.9000015258789,1004
2023-10-18 12:14:00+02:00,64.91999816894531,64.91999816894531,64.91999816894531,64.91999816894531,64.91999816894531,42
2023-10-18 12:15:00+02:00,64.9000015258789,64.9000015258789,64.9000015258789,64.9000015258789,64.9000015258789,131
2023-10-18 12:16:00+02:00,64.91000366210938,64.91999816894531,64.9000015258789,64.9000015258789,64.9000015258789,637
2023-10-18 12:17:00+02:00,64.91999816894531,64.95999908447266,64.91999816894531,64.95999908447266,64.95999908447266,520
2023-10-18 12:18:00+02:00,64.94000244140625,64.94000244140625,64.93000030517578,64.93000030517578,64.93000030517578,430
2023-10-18 12:19:00+02:00,64.94999694824219,64.94999694824219,64.94000244140625,64.94000244140625,64.94000244140625,513
2023-10-18 12:20:00+02:00,64.93000030517578,64.93000030517578,64.9000015258789,64.9000015258789,64.9000015258789,846
2023-10-18 12:21:00+02:00,64.9000015258789,64.9000015258789,64.87000274658203,64.87000274658203,64.87000274658203,1121
2023-10-18 12:22:00+02:00,64.86000061035156,64.87000274658203,64.83999633789062,64.8499984741211,64.8499984741211,1622
2023-10-18 12:23:00+02:00,64.86000061035156,64.86000061035156,64.83999633789062,64.8499984741211,64.8499984741211,1895
2023-10-18 12:24:00+02:00,64.86000061035156,64.86000061035156,64.81999969482422,64.83000183105469,64.83000183105469,1083
2023-10-18 12:25:00+02:00,64.83999633789062,64.83999633789062,64.7699966430664,64.7699966430664,64.7699966430664,2900
2023-10-18 12:26:00+02:00,64.7699966430664,64.80999755859375,64.76000213623047,64.79000091552734,64.79000091552734,6107
2023-10-18 12:27:00+02:00,64.77999877929688,64.77999877929688,64.73999786376953,64.7699966430664,64.7699966430664,819
2023-10-18 12:28:00+02:00,64.80000305175781,64.80000305175781,64.80000305175781,64.80000305175781,64.80000305175781,390
2023-10-18 12:29:00+02:00,64.80999755859375,64.80999755859375,64.79000091552734,64.79000091552734,64.79000091552734,1465
2023-10-18 12:31:00+02:00,64.77999877929688,64.80000305175781,64.77999877929688,64.80000305175781,64.80000305175781,6516
2023-10-18 12:32:00+02:00,64.80999755859375,64.83999633789062,64.80999755859375,64.83000183105469,64.83000183105469,4294
2023-10-18 12:33:00+02:00,64.83000183105469,64.83999633789062,64.83000183105469,64.83999633789062,64.83999633789062,520
2023-10-18 12:34:00+02:00,64.83999633789062,64.83999633789062,64.80999755859375,64.81999969482422,64.81999969482422,585
2023-10-18 12:35:00+02:00,64.81999969482422,64.81999969482422,64.80999755859375,64.80999755859375,64.80999755859375,1023
2023-10-18 12:36:00+02:00,64.80000305175781,64.83000183105469,64.80000305175781,64.83000183105469,64.83000183105469,310
2023-10-18 12:37:00+02:00,64.8499984741211,64.8499984741211,64.8499984741211,64.8499984741211,64.8499984741211,967
2023-10-18 12:38:00+02:00,64.83999633789062,64.8499984741211,64.83000183105469,64.83000183105469,64.83000183105469,739
2023-10-18 12:39:00+02:00,64.81999969482422,64.81999969482422,64.80000305175781,64.80000305175781,64.80000305175781,463
2023-10-18 12:40:00+02:00,64.80000305175781,64.80000305175781,64.79000091552734,64.80000305175781,64.80000305175781,561
2023-10-18 12:41:00+02:00,64.79000091552734,64.81999969482422,64.79000091552734,64.81999969482422,64.81999969482422,1448
2023-10-18 12:42:00+02:00,64.80000305175781,64.80999755859375,64.79000091552734,64.79000091552734,64.79000091552734,1137
2023-10-18 12:43:00+02:00,64.77999877929688,64.77999877929688,64.76000213623047,64.77999877929688,64.77999877929688,1761
2023-10-18 12:44:00+02:00,64.79000091552734,64.80000305175781,64.79000091552734,64.80000305175781,64.80000305175781,828
2023-10-18 12:45:00+02:00,64.79000091552734,64.79000091552734,64.7699966430664,64.7699966430664,64.7699966430664,1018
2023-10-18 12:46:00+02:00,64.79000091552734,64.79000091552734,64.76000213623047,64.76000213623047,64.76000213623047,1532
2023-10-18 12:47:00+02:00,64.76000213623047,64.76000213623047,64.7300033569336,64.7300033569336,64.7300033569336,5813
2023-10-18 12:48:00+02:00,64.73999786376953,64.73999786376953,64.7300033569336,64.73999786376953,64.73999786376953,1130
2023-10-18 12:49:00+02:00,64.7300033569336,64.75,64.7300033569336,64.73999786376953,64.73999786376953,283
2023-10-18 12:50:00+02:00,64.7300033569336,64.77999877929688,64.7300033569336,64.77999877929688,64.77999877929688,1722
2023-10-18 12:51:00+02:00,64.7699966430664,64.77999877929688,64.76000213623047,64.7699966430664,64.7699966430664,1409
2023-10-18 12:52:00+02:00,64.7699966430664,64.7699966430664,64.73999786376953,64.73999786376953,64.73999786376953,704
2023-10-18 12:53:00+02:00,64.7300033569336,64.75,64.7300033569336,64.75,64.75,287
2023-10-18 12:54:00+02:00,64.75,64.77999877929688,64.75,64.77999877929688,64.77999877929688,1707
2023-10-18 12:55:00+02:00,64.7699966430664,64.7699966430664,64.75,64.75,64.75,425
2023-10-18 12:56:00+02:00,64.73999786376953,64.73999786376953,64.7300033569336,64.7300033569336,64.7300033569336,599
2023-10-18 12:57:00+02:00,64.7300033569336,64.76000213623047,64.7300033569336,64.76000213623047,64.76000213623047,2150
2023-10-18 12:58:00+02:00,64.76000213623047,64.7699966430664,64.76000213623047,64.7699966430664,64.7699966430664,889
2023-10-18 12:59:00+02:00,64.77999877929688,64.77999877929688,64.7699966430664,64.7699966430664,64.7699966430664,2214
2023-10-18 13:02:00+02:00,64.69999694824219,64.76000213623047,64.69999694824219,64.76000213623047,64.76000213623047,4972
2023-10-18 13:03:00+02:00,64.76000213623047,64.7699966430664,64.76000213623047,64.7699966430664,64.7699966430664,987
2023-10-18 13:04:00+02:00,64.76000213623047,64.77999877929688,64.76000213623047,64.77999877929688,64.77999877929688,2219
2023-10-18 13:05:00+02:00,64.7699966430664,64.7699966430664,64.76000213623047,64.76000213623047,64.76000213623047,540
2023-10-18 13:06:00+02:00,64.7699966430664,64.80000305175781,64.7699966430664,64.80000305175781,64.80000305175781,4024
2023-10-18 13:07:00+02:00,64.77999877929688,64.80000305175781,64.7699966430664,64.80000305175781,64.80000305175781,2037
2023-10-18 13:08:00+02:00,64.80999755859375,64.80999755859375,64.77999877929688,64.77999877929688,64.77999877929688,2055
2023-10-18 13:09:00+02:00,64.77999877929688,64.80000305175781,64.77999877929688,64.80000305175781,64.80000305175781,1482
2023-10-18 13:10:00+02:00,64.80000305175781,64.80999755859375,64.79000091552734,64.79000091552734,64.79000091552734,3282
2023-10-18 13:11:00+02:00,64.79000091552734,64.80000305175781,64.77999877929688,64.77999877929688,64.77999877929688,2008
2023-10-18 13:12:00+02:00,64.73999786376953,64.76000213623047,64.73999786376953,64.75,64.75,3582
2023-10-18 13:13:00+02:00,64.75,64.7699966430664,64.73999786376953,64.76000213623047,64.76000213623047,3956
2023-10-18 13:14:00+02:00,64.76000213623047,64.76000213623047,64.75,64.75,64.75,592
2023-10-18 13:15:00+02:00,64.76000213623047,64.76000213623047,64.73999786376953,64.75,64.75,1690
2023-10-18 13:16:00+02:00,64.7300033569336,64.73999786376953,64.7300033569336,64.73999786376953,64.73999786376953,136
2023-10-18 13:17:00+02:00,64.73999786376953,64.73999786376953,64.7300033569336,64.73999786376953,64.73999786376953,903
2023-10-18 13:18:00+02:00,64.72000122070312,64.72000122070312,64.72000122070312,64.72000122070312,64.72000122070312,147
2023-10-18 13:19:00+02:00,64.69999694824219,64.70999908447266,64.69999694824219,64.70999908447266,64.70999908447266,660
2023-10-18 13:20:00+02:00,64.70999908447266,64.72000122070312,64.70999908447266,64.72000122070312,64.72000122070312,515
2023-10-18 13:21:00+02:00,64.69999694824219,64.72000122070312,64.69000244140625,64.69999694824219,64.69999694824219,10050
2023-10-18 13:22:00+02:00,64.70999908447266,64.72000122070312,64.70999908447266,64.72000122070312,64.72000122070312,279
2023-10-18 13:23:00+02:00,64.7300033569336,64.7300033569336,64.7300033569336,64.7300033569336,64.7300033569336,1948
2023-10-18 13:24:00+02:00,64.7300033569336,64.7300033569336,64.69999694824219,64.70999908447266,64.70999908447266,1671
2023-10-18 13:25:00+02:00,64.72000122070312,64.75,64.72000122070312,64.75,64.75,1562
2023-10-18 13:26:00+02:00,64.7300033569336,64.73999786376953,64.7300033569336,64.73999786376953,64.73999786376953,1233
2023-10-18 13:27:00+02:00,64.7300033569336,64.7300033569336,64.7300033569336,64.7300033569336,64.7300033569336,667
2023-10-18 13:28:00+02:00,64.73999786376953,64.73999786376953,64.73999786376953,64.73999786376953,64.73999786376953,95
2023-10-18 13:29:00+02:00,64.76000213623047,64.76000213623047,64.76000213623047,64.76000213623047,64.76000213623047,1135
2023-10-18 13:30:00+02:00,64.76000213623047,64.7699966430664,64.76000213623047,64.7699966430664,64.7699966430664,887
2023-10-18 13:31:00+02:00,64.77999877929688,64.77999877929688,64.77999877929688,64.77999877929688,64.77999877929688,150
2023-10-18 13:32:00+02:00,64.80000305175781,64.80000305175781,64.80000305175781,64.80000305175781,64.80000305175781,295
2023-10-18 13:33:00+02:00,64.83000183105469,64.83000183105469,64.81999969482422,64.81999969482422,64.81999969482422,2647
2023-10-18 13:34:00+02:00,64.80999755859375,64.80999755859375,64.80000305175781,64.80999755859375,64.80999755859375,1445
2023-10-18 13:35:00+02:00,64.81999969482422,64.86000061035156,64.81999969482422,64.86000061035156,64.86000061035156,895
2023-10-18 13:36:00+02:00,64.87000274658203,64.88999938964844,64.87000274658203,64.88999938964844,64.88999938964844,1552
2023-10-18 13:37:00+02:00,64.87999725341797,64.87999725341797,64.8499984741211,64.86000061035156,64.86000061035156,4731
2023-10-18 13:38:00+02:00,64.87000274658203,64.87999725341797,64.87000274658203,64.87999725341797,64.87999725341797,1404
2023-10-18 13:39:00+02:00,64.87999725341797,64.87999725341797,64.87999725341797,64.87999725341797,64.87999725341797,110
2023-10-18 13:40:00+02:00,64.87000274658203,64.87000274658203,64.8499984741211,64.8499984741211,64.8499984741211,1878
2023-10-18 13:41:00+02:00,64.86000061035156,64.86000061035156,64.8499984741211,64.8499984741211,64.8499984741211,1026
2023-10-18 13:42:00+02:00,64.8499984741211,64.87000274658203,64.83999633789062,64.83999633789062,64.83999633789062,1506
2023-10-18 13:43:00+02:00,64.83000183105469,64.83000183105469,64.83000183105469,64.83000183105469,64.83000183105469,133
2023-10-18 13:44:00+02:00,64.8499984741211,64.8499984741211,64.8499984741211,64.8499984741211,64.8499984741211,648
2023-10-18 13:45:00+02:00,64.83999633789062,64.8499984741211,64.83999633789062,64.8499984741211,64.8499984741211,428
2023-10-18 13:46:00+02:00,64.83999633789062,64.83999633789062,64.83999633789062,64.83999633789062,64.83999633789062,45
2023-10-18 13:47:00+02:00,64.8499984741211,64.86000061035156,64.8499984741211,64.86000061035156,64.86000061035156,168
2023-10-18 13:48:00+02:00,64.87000274658203,64.87000274658203,64.8499984741211,64.8499984741211,64.8499984741211,2220
2023-10-18 13:49:00+02:00,64.83999633789062,64.83999633789062,64.83000183105469,64.83000183105469,64.83000183105469,300
2023-10-18 13:50:00+02:00,64.81999969482422,64.83999633789062,64.81999969482422,64.83000183105469,64.83000183105469,3394
2023-10-18 13:51:00+02:00,64.83999633789062,64.86000061035156,64.83999633789062,64.86000061035156,64.86000061035156,2039
2023-10-18 13:52:00+02:00,64.87000274658203,64.88999938964844,64.86000061035156,64.87999725341797,64.87999725341797,2441
2023-10-18 13:53:00+02:00,64.87999725341797,64.87999725341797,64.87999725341797,64.87999725341797,64.87999725341797,150
2023-10-18 13:54:00+02:00,64.88999938964844,64.9000015258789,64.88999938964844,64.9000015258789,64.9000015258789,1898
2023-10-18 13:55:00+02:00,64.87999725341797,64.9000015258789,64.87000274658203,64.88999938964844,64.88999938964844,896
2023-10-18 13:56:00+02:00,64.9000015258789,64.91000366210938,64.9000015258789,64.91000366210938,64.91000366210938,717
2023-10-18 13:57:00+02:00,64.91000366210938,64.91000366210938,64.9000015258789,64.9000015258789,64.9000015258789,483
2023-10-18 13:59:00+02:00,64.86000061035156,64.86000061035156,64.86000061035156,64.86000061035156,64.86000061035156,128
2023-10-18 14:00:00+02:00,64.88999938964844,64.88999938964844,64.87000274658203,64.87000274658203,64.87000274658203,685
2023-10-18 14:01:00+02:00,64.86000061035156,64.86000061035156,64.86000061035156,64.86000061035156,64.86000061035156,82
2023-10-18 14:02:00+02:00,64.86000061035156,64.87999725341797,64.86000061035156,64.87999725341797,64.87999725341797,2241
2023-10-18 14:03:00+02:00,64.88999938964844,64.88999938964844,64.87999725341797,64.87999725341797,64.87999725341797,783
2023-10-18 14:04:00+02:00,64.87000274658203,64.87999725341797,64.86000061035156,64.87000274658203,64.87000274658203,2030
2023-10-18 14:05:00+02:00,64.88999938964844,64.91999816894531,64.88999938964844,64.91999816894531,64.91999816894531,951
2023-10-18 14:06:00+02:00,64.91000366210938,64.91000366210938,64.9000015258789,64.9000015258789,64.9000015258789,1722
2023-10-18 14:07:00+02:00,64.91000366210938,64.93000030517578,64.91000366210938,64.91999816894531,64.91999816894531,1764
2023-10-18 14:08:00+02:00,64.91999816894531,64.91999816894531,64.91999816894531,64.91999816894531,64.91999816894531,112
2023-10-18 14:09:00+02:00,64.91000366210938,64.91999816894531,64.91000366210938,64.91999816894531,64.91999816894531,240
2023-10-18 14:10:00+02:00,64.93000030517578,64.94999694824219,64.91999816894531,64.91999816894531,64.91999816894531,4160
2023-10-18 14:11:00+02:00,64.91999816894531,64.91999816894531,64.91999816894531,64.91999816894531,64.91999816894531,137
2023-10-18 14:13:00+02:00,64.9000015258789,64.9000015258789,64.9000015258789,64.9000015258789,64.9000015258789,7649
2023-10-18 14:14:00+02:00,64.9000015258789,64.93000030517578,64.9000015258789,64.93000030517578,64.93000030517578,1694
2023-10-18 14:15:00+02:00,64.93000030517578,64.93000030517578,64.93000030517578,64.93000030517578,64.93000030517578,512
2023-10-18 14:16:00+02:00,64.94000244140625,64.94000244140625,64.94000244140625,64.94000244140625,64.94000244140625,739
2023-10-18 14:17:00+02:00,64.91999816894531,64.94000244140625,64.91999816894531,64.94000244140625,64.94000244140625,2205
2023-10-18 14:18:00+02:00,64.94999694824219,64.97000122070312,64.94999694824219,64.97000122070312,64.97000122070312,1238
2023-10-18 14:19:00+02:00,64.95999908447266,64.9800033569336,64.95999908447266,64.9800033569336,64.9800033569336,2022
2023-10-18 14:20:00+02:00,64.97000122070312,64.97000122070312,64.97000122070312,64.97000122070312,64.97000122070312,45
2023-10-18 14:21:00+02:00,64.9800033569336,64.9800033569336,64.9800033569336,64.9800033569336,64.9800033569336,472
2023-10-18 14:22:00+02:00,64.9800033569336,64.9800033569336,64.9800033569336,64.9800033569336,64.9800033569336,589
2023-10-18 14:23:00+02:00,64.94000244140625,64.94999694824219,64.94000244140625,64.94999694824219,64.94999694824219,301
2023-10-18 14:24:00+02:00,64.93000030517578,64.93000030517578,64.91999816894531,64.93000030517578,64.93000030517578,275
2023-10-18 14:25:00+02:00,64.94000244140625,64.94000244140625,64.94000244140625,64.94000244140625,64.94000244140625,120
2023-10-18 14:26:00+02:00,64.94000244140625,64.94000244140625,64.93000030517578,64.93000030517578,64.93000030517578,1655
2023-10-18 14:27:00+02:00,64.91999816894531,64.94000244140625,64.91999816894531,64.91999816894531,64.91999816894531,1113
2023-10-18 14:28:00+02:00,64.91000366210938,64.91000366210938,64.91000366210938,64.91000366210938,64.91000366210938,1334
2023-10-18 14:30:00+02:00,64.9000015258789,64.9000015258789,64.87999725341797,64.87999725341797,64.87999725341797,1912
2023-10-18 14:31:00+02:00,64.87000274658203,64.93000030517578,64.87000274658203,64.91999816894531,64.91999816894531,1392
2023-10-18 14:32:00+02:00,64.88999938964844,64.91000366210938,64.88999938964844,64.9000015258789,64.9000015258789,1671
2023-10-18 14:34:00+02:00,64.87999725341797,64.87999725341797,64.87999725341797,64.87999725341797,64.87999725341797,401
2023-10-18 14:35:00+02:00,64.87000274658203,64.88999938964844,64.87000274658203,64.88999938964844,64.88999938964844,548
2023-10-18 14:36:00+02:00,64.87000274658203,64.87000274658203,64.86000061035156,64.87000274658203,64.87000274658203,340
2023-10-18 14:37:00+02:00,64.87000274658203,64.87999725341797,64.87000274658203,64.87999725341797,64.87999725341797,1563
2023-10-18 14:38:00+02:00,64.8499984741211,64.8499984741211,64.83000183105469,64.83999633789062,64.83999633789062,692
2023-10-18 14:39:00+02:00,64.81999969482422,64.81999969482422,64.79000091552734,64.79000091552734,64.79000091552734,128
2023-10-18 14:40:00+02:00,64.80999755859375,64.80999755859375,64.80999755859375,64.80999755859375,64.80999755859375,139
2023-10-18 14:41:00+02:00,64.77999877929688,64.80999755859375,64.77999877929688,64.80000305175781,64.80000305175781,613
2023-10-18 14:42:00+02:00,64.77999877929688,64.77999877929688,64.76000213623047,64.76000213623047,64.76000213623047,460
2023-10-18 14:43:00+02:00,64.73999786376953,64.79000091552734,64.73999786376953,64.79000091552734,64.79000091552734,3968
2023-10-18 14:44:00+02:00,64.77999877929688,64.77999877929688,64.7699966430664,64.7699966430664,64.7699966430664,1110
2023-10-18 14:45:00+02:00,64.76000213623047,64.76000213623047,64.76000213623047,64.76000213623047,64.76000213623047,40
2023-10-18 14:46:00+02:00,64.7300033569336,64.7300033569336,64.7300033569336,64.7300033569336,64.7300033569336,3285
2023-10-18 14:47:00+02:00,64.69999694824219,64.69999694824219,64.69999694824219,64.69999694824219,64.69999694824219,270
2023-10-18 14:48:00+02:00,64.68000030517578,64.69000244140625,64.68000030517578,64.68000030517578,64.68000030517578,1212
2023-10-18 14:49:00+02:00,64.69000244140625,64.69000244140625,64.69000244140625,64.69000244140625,64.69000244140625,501
2023-10-18 14:50:00+02:00,64.68000030517578,64.68000030517578,64.68000030517578,64.68000030517578,64.68000030517578,130
2023-10-18 14:51:00+02:00,64.66000366210938,64.66000366210938,64.6500015258789,64.6500015258789,64.6500015258789,117
2023-10-18 14:52:00+02:00,64.63999938964844,64.63999938964844,64.62999725341797,64.63999938964844,64.63999938964844,480
2023-10-18 14:53:00+02:00,64.62000274658203,64.62999725341797,64.61000061035156,64.61000061035156,64.61000061035156,2273
2023-10-18 14:54:00+02:00,64.62000274658203,64.62000274658203,64.5999984741211,64.5999984741211,64.5999984741211,716
2023-10-18 14:55:00+02:00,64.5999984741211,64.62999725341797,64.5999984741211,64.62000274658203,64.62000274658203,2206
2023-10-18 14:56:00+02:00,64.62000274658203,64.62999725341797,64.5999984741211,64.62999725341797,64.62999725341797,2664
2023-10-18 14:57:00+02:00,64.62999725341797,64.62999725341797,64.62999725341797,64.62999725341797,64.62999725341797,94
2023-10-18 14:58:00+02:00,64.62999725341797,64.63999938964844,64.62999725341797,64.63999938964844,64.63999938964844,608
2023-10-18 14:59:00+02:00,64.66000366210938,64.66000366210938,64.6500015258789,64.6500015258789,64.6500015258789,492
2023-10-18 15:00:00+02:00,64.62000274658203,64.62999725341797,64.62000274658203,64.62999725341797,64.62999725341797,193
2023-10-18 15:01:00+02:00,64.63999938964844,64.66000366210938,64.63999938964844,64.66000366210938,64.66000366210938,1817
2023-10-18 15:02:00+02:00,64.66999816894531,64.66999816894531,64.66999816894531,64.66999816894531,64.66999816894531,4152
2023-10-18 15:03:00+02:00,64.68000030517578,64.68000030517578,64.66000366210938,64.66999816894531,64.66999816894531,3896
2023-10-18 15:04:00+02:00,64.66999816894531,64.69999694824219,64.66999816894531,64.66999816894531,64.66999816894531,8117
2023-10-18 15:05:00+02:00,64.69000244140625,64.70999908447266,64.69000244140625,64.70999908447266,64.70999908447266,1225
2023-10-18 15:06:00+02:00,64.7300033569336,64.7300033569336,64.69999694824219,64.69999694824219,64.69999694824219,972
2023-10-18 15:07:00+02:00,64.66999816894531,64.66999816894531,64.6500015258789,64.6500015258789,64.6500015258789,630
2023-10-18 15:08:00+02:00,64.6500015258789,64.66000366210938,64.6500015258789,64.66000366210938,64.66000366210938,163
2023-10-18 15:09:00+02:00,64.66999816894531,64.66999816894531,64.66000366210938,64.66000366210938,64.66000366210938,2179
2023-10-18 15:10:00+02:00,64.69000244140625,64.69000244140625,64.66000366210938,64.66999816894531,64.66999816894531,1926
2023-10-18 15:11:00+02:00,64.66000366210938,64.66000366210938,64.66000366210938,64.66000366210938,64.66000366210938,436
2023-10-18 15:12:00+02:00,64.63999938964844,64.6500015258789,64.63999938964844,64.6500015258789,64.6500015258789,629
2023-10-18 15:13:00+02:00,64.63999938964844,64.63999938964844,64.62999725341797,64.62999725341797,64.62999725341797,652
2023-10-18 15:14:00+02:00,64.63999938964844,64.66000366210938,64.63999938964844,64.66000366210938,64.66000366210938,2703
2023-10-18 15:15:00+02:00,64.66000366210938,64.66000366210938,64.63999938964844,64.63999938964844,64.63999938964844,658
2023-10-18 15:19:00+02:00,64.58999633789062,64.61000061035156,64.58999633789062,64.5999984741211,64.5999984741211,10507
2023-10-18 15:20:00+02:00,64.58999633789062,64.58999633789062,64.55999755859375,64.55999755859375,64.55999755859375,380
2023-10-18 15:21:00+02:00,64.55999755859375,64.55999755859375,64.55000305175781,64.55000305175781,64.55000305175781,3050
2023-10-18 15:22:00+02:00,64.56999969482422,64.58000183105469,64.56999969482422,64.58000183105469,64.58000183105469,2664
2023-10-18 15:23:00+02:00,64.58999633789062,64.58999633789062,64.58000183105469,64.58000183105469,64.58000183105469,485
2023-10-18 15:24:00+02:00,64.58999633789062,64.61000061035156,64.58999633789062,64.61000061035156,64.61000061035156,1569
2023-10-18 15:25:00+02:00,64.58999633789062,64.58999633789062,64.56999969482422,64.56999969482422,64.56999969482422,208
2023-10-18 15:26:00+02:00,64.56999969482422,64.56999969482422,64.56999969482422,64.56999969482422,64.56999969482422,141
2023-10-18 15:28:00+02:00,64.56999969482422,64.56999969482422,64.56999969482422,64.56999969482422,64.56999969482422,82
2023-10-18 15:29:00+02:00,64.55000305175781,64.55000305175781,64.52999877929688,64.55000305175781,64.55000305175781,1996
2023-10-18 15:30:00+02:00,64.54000091552734,64.54000091552734,64.5,64.5199966430664,64.5199966430664,3338
2023-10-18 15:31:00+02:00,64.5199966430664,64.5199966430664,64.48999786376953,64.48999786376953,64.48999786376953,1575
2023-10-18 15:32:00+02:00,64.47000122070312,64.5,64.45999908447266,64.45999908447266,64.45999908447266,2394
2023-10-18 15:33:00+02:00,64.44999694824219,64.5199966430664,64.44999694824219,64.5199966430664,64.5199966430664,4427
2023-10-18 15:34:00+02:00,64.55000305175781,64.55000305175781,64.51000213623047,64.51000213623047,64.51000213623047,1304
2023-10-18 15:35:00+02:00,64.48999786376953,64.5,64.45999908447266,64.45999908447266,64.45999908447266,2495
2023-10-18 15:36:00+02:00,64.44000244140625,64.47000122070312,64.44000244140625,64.44000244140625,64.44000244140625,729
2023-10-18 15:37:00+02:00,64.43000030517578,64.47000122070312,64.41000366210938,64.41999816894531,64.41999816894531,5739
2023-10-18 15:38:00+02:00,64.43000030517578,64.43000030517578,64.41000366210938,64.43000030517578,64.43000030517578,1734
2023-10-18 15:39:00+02:00,64.41999816894531,64.44000244140625,64.41000366210938,64.44000244140625,64.44000244140625,2165
2023-10-18 15:40:00+02:00,64.43000030517578,64.43000030517578,64.41000366210938,64.41000366210938,64.41000366210938,1558
2023-10-18 15:41:00+02:00,64.36000061035156,64.37999725341797,64.33999633789062,64.36000061035156,64.36000061035156,1932
2023-10-18 15:42:00+02:00,64.33999633789062,64.3499984741211,64.33999633789062,64.3499984741211,64.3499984741211,1528
2023-10-18 15:43:00+02:00,64.37000274658203,64.37000274658203,64.31999969482422,64.33000183105469,64.33000183105469,1334
2023-10-18 15:44:00+02:00,64.31999969482422,64.33999633789062,64.31999969482422,64.33999633789062,64.33999633789062,869
2023-10-18 15:45:00+02:00,64.31999969482422,64.33999633789062,64.30000305175781,64.33999633789062,64.33999633789062,1079
2023-10-18 15:46:00+02:00,64.33000183105469,64.3499984741211,64.30999755859375,64.3499984741211,64.3499984741211,2142
2023-10-18 15:47:00+02:00,64.33999633789062,64.38999938964844,64.33999633789062,64.38999938964844,64.38999938964844,5194
2023-10-18 15:48:00+02:00,64.37999725341797,64.37999725341797,64.3499984741211,64.3499984741211,64.3499984741211,1085
2023-10-18 15:49:00+02:00,64.3499984741211,64.4000015258789,64.3499984741211,64.4000015258789,64.4000015258789,5282
2023-10-18 15:50:00+02:00,64.38999938964844,64.4000015258789,64.38999938964844,64.38999938964844,64.38999938964844,6481
2023-10-18 15:51:00+02:00,64.37000274658203,64.38999938964844,64.37000274658203,64.38999938964844,64.38999938964844,1273
2023-10-18 15:52:00+02:00,64.37000274658203,64.37999725341797,64.37000274658203,64.37000274658203,64.37000274658203,2188
2023-10-18 15:53:00+02:00,64.36000061035156,64.37999725341797,64.36000061035156,64.37999725341797,64.37999725341797,991
2023-10-18 15:54:00+02:00,64.38999938964844,64.38999938964844,64.37999725341797,64.38999938964844,64.38999938964844,2456
2023-10-18 15:55:00+02:00,64.38999938964844,64.41999816894531,64.37999725341797,64.41999816894531,64.41999816894531,1176
2023-10-18 15:56:00+02:00,64.4000015258789,64.4000015258789,64.3499984741211,64.4000015258789,64.4000015258789,15172
2023-10-18 15:57:00+02:00,64.41000366210938,64.43000030517578,64.4000015258789,64.41999816894531,64.41999816894531,10160
2023-10-18 15:58:00+02:00,64.41999816894531,64.41999816894531,64.33000183105469,64.33000183105469,64.33000183105469,6099
2023-10-18 15:59:00+02:00,64.31999969482422,64.3499984741211,64.31999969482422,64.3499984741211,64.3499984741211,1129
2023-10-18 16:00:00+02:00,64.33999633789062,64.36000061035156,64.2699966430664,64.2699966430664,64.2699966430664,3764
2023-10-18 16:01:00+02:00,64.2699966430664,64.2699966430664,64.2300033569336,64.26000213623047,64.26000213623047,1762
2023-10-18 16:02:00+02:00,64.27999877929688,64.29000091552734,64.2699966430664,64.2699966430664,64.2699966430664,3012
2023-10-18 16:03:00+02:00,64.25,64.26000213623047,64.23999786376953,64.23999786376953,64.23999786376953,1025
2023-10-18 16:04:00+02:00,64.25,64.2699966430664,64.23999786376953,64.2699966430664,64.2699966430664,3518
2023-10-18 16:05:00+02:00,64.29000091552734,64.30000305175781,64.27999877929688,64.29000091552734,64.29000091552734,2511
2023-10-18 16:06:00+02:00,64.2699966430664,64.36000061035156,64.26000213623047,64.36000061035156,64.36000061035156,5878
2023-10-18 16:07:00+02:00,64.37000274658203,64.41000366210938,64.37000274658203,64.37000274658203,64.37000274658203,8935
2023-10-18 16:08:00+02:00,64.33999633789062,64.37000274658203,64.33999633789062,64.36000061035156,64.36000061035156,3917
2023-10-18 16:09:00+02:00,64.33000183105469,64.33000183105469,64.26000213623047,64.26000213623047,64.26000213623047,3106
2023-10-18 16:10:00+02:00,64.2699966430664,64.27999877929688,64.22000122070312,64.25,64.25,2426
2023-10-18 16:11:00+02:00,64.23999786376953,64.23999786376953,64.20999908447266,64.22000122070312,64.22000122070312,1473
2023-10-18 16:12:00+02:00,64.22000122070312,64.22000122070312,64.19000244140625,64.20999908447266,64.20999908447266,2884
2023-10-18 16:13:00+02:00,64.19999694824219,64.2699966430664,64.19999694824219,64.23999786376953,64.23999786376953,3527
2023-10-18 16:14:00+02:00,64.23999786376953,64.26000213623047,64.23999786376953,64.26000213623047,64.26000213623047,1034
2023-10-18 16:15:00+02:00,64.25,64.26000213623047,64.22000122070312,64.22000122070312,64.22000122070312,2036
2023-10-18 16:16:00+02:00,64.20999908447266,64.26000213623047,64.20999908447266,64.26000213623047,64.26000213623047,2081
2023-10-18 16:17:00+02:00,64.23999786376953,64.27999877929688,64.23999786376953,64.2699966430664,64.2699966430664,2597
2023-10-18 16:18:00+02:00,64.25,64.31999969482422,64.25,64.31999969482422,64.31999969482422,1133
2023-10-18 16:19:00+02:00,64.33000183105469,64.43000030517578,64.33000183105469,64.43000030517578,64.43000030517578,2775
2023-10-18 16:20:00+02:00,64.44000244140625,64.5,64.44000244140625,64.48999786376953,64.48999786376953,1634
2023-10-18 16:21:00+02:00,64.4800033569336,64.4800033569336,64.44999694824219,64.44999694824219,64.44999694824219,3924
2023-10-18 16:22:00+02:00,64.43000030517578,64.44999694824219,64.41999816894531,64.44999694824219,64.44999694824219,581
2023-10-18 16:23:00+02:00,64.44999694824219,64.45999908447266,64.44000244140625,64.44999694824219,64.44999694824219,916
2023-10-18 16:24:00+02:00,64.44000244140625,64.4800033569336,64.44000244140625,64.47000122070312,64.47000122070312,1801
2023-10-18 16:25:00+02:00,64.43000030517578,64.43000030517578,64.37000274658203,64.37999725341797,64.37999725341797,2734
2023-10-18 16:26:00+02:00,64.37999725341797,64.38999938964844,64.30000305175781,64.30000305175781,64.30000305175781,7405
2023-10-18 16:27:00+02:00,64.30999755859375,64.3499984741211,64.30999755859375,64.31999969482422,64.31999969482422,3280
2023-10-18 16:28:00+02:00,64.33999633789062,64.36000061035156,64.33000183105469,64.33999633789062,64.33999633789062,3399
2023-10-18 16:29:00+02:00,64.30999755859375,64.30999755859375,64.27999877929688,64.27999877929688,64.27999877929688,2772
2023-10-18 16:30:00+02:00,64.2699966430664,64.29000091552734,64.2699966430664,64.27999877929688,64.27999877929688,4126
2023-10-18 16:31:00+02:00,64.2699966430664,64.31999969482422,64.2699966430664,64.30999755859375,64.30999755859375,3844
2023-10-18 16:32:00+02:00,64.30999755859375,64.33000183105469,64.30999755859375,64.33000183105469,64.33000183105469,1681
2023-10-18 16:33:00+02:00,64.30999755859375,64.31999969482422,64.29000091552734,64.29000091552734,64.29000091552734,2091
2023-10-18 16:34:00+02:00,64.29000091552734,64.29000091552734,64.27999877929688,64.29000091552734,64.29000091552734,1610
2023-10-18 16:35:00+02:00,64.30000305175781,64.30000305175781,64.25,64.25,64.25,1180
2023-10-18 16:36:00+02:00,64.25,64.25,64.22000122070312,64.25,64.25,7548
2023-10-18 16:37:00+02:00,64.23999786376953,64.25,64.2300033569336,64.2300033569336,64.2300033569336,1020
2023-10-18 16:38:00+02:00,64.2300033569336,64.2699966430664,64.2300033569336,64.26000213623047,64.26000213623047,1549
2023-10-18 16:39:00+02:00,64.2300033569336,64.25,64.2300033569336,64.25,64.25,1790
2023-10-18 16:40:00+02:00,64.23999786376953,64.23999786376953,64.2300033569336,64.2300033569336,64.2300033569336,1671
2023-10-18 16:41:00+02:00,64.23999786376953,64.26000213623047,64.23999786376953,64.23999786376953,64.23999786376953,2462
2023-10-18 16:42:00+02:00,64.2300033569336,64.25,64.22000122070312,64.25,64.25,2340
2023-10-18 16:43:00+02:00,64.2699966430664,64.27999877929688,64.2699966430664,64.27999877929688,64.27999877929688,623
2023-10-18 16:44:00+02:00,64.29000091552734,64.30999755859375,64.29000091552734,64.30999755859375,64.30999755859375,814
2023-10-18 16:45:00+02:00,64.30000305175781,64.33999633789062,64.30000305175781,64.33999633789062,64.33999633789062,1816
2023-10-18 16:46:00+02:00,64.33999633789062,64.33999633789062,64.30999755859375,64.31999969482422,64.31999969482422,2137
2023-10-18 16:47:00+02:00,64.30999755859375,64.36000061035156,64.30000305175781,64.30999755859375,64.30999755859375,5291
2023-10-18 16:48:00+02:00,64.30000305175781,64.3499984741211,64.30000305175781,64.33999633789062,64.33999633789062,2445
2023-10-18 16:49:00+02:00,64.30000305175781,64.30999755859375,64.30000305175781,64.30999755859375,64.30999755859375,946
2023-10-18 16:50:00+02:00,64.30999755859375,64.30999755859375,64.27999877929688,64.27999877929688,64.27999877929688,4086
2023-10-18 16:51:00+02:00,64.27999877929688,64.27999877929688,64.19000244140625,64.20999908447266,64.20999908447266,3093
2023-10-18 16:52:00+02:00,64.22000122070312,64.2300033569336,64.22000122070312,64.2300033569336,64.2300033569336,654
2023-10-18 16:53:00+02:00,64.20999908447266,64.20999908447266,64.18000030517578,64.20999908447266,64.20999908447266,1654
2023-10-18 16:54:00+02:00,64.19000244140625,64.19000244140625,64.18000030517578,64.18000030517578,64.18000030517578,1041
2023-10-18 16:55:00+02:00,64.19000244140625,64.19999694824219,64.18000030517578,64.19000244140625,64.19000244140625,1563
2023-10-18 16:56:00+02:00,64.19999694824219,64.23999786376953,64.19999694824219,64.2300033569336,64.2300033569336,1432
2023-10-18 16:57:00+02:00,64.22000122070312,64.25,64.22000122070312,64.25,64.25,1497
2023-10-18 16:58:00+02:00,64.26000213623047,64.26000213623047,64.23999786376953,64.23999786376953,64.23999786376953,946
2023-10-18 16:59:00+02:00,64.25,64.25,64.25,64.25,64.25,951
2023-10-18 17:00:00+02:00,64.25,64.2699966430664,64.2300033569336,64.25,64.25,1497
2023-10-18 17:01:00+02:00,64.23999786376953,64.25,64.2300033569336,64.25,64.25,1601
2023-10-18 17:08:00+02:00,64.27999877929688,64.30000305175781,64.27999877929688,64.30000305175781,64.30000305175781,36566
2023-10-18 17:09:00+02:00,64.29000091552734,64.29000091552734,64.26000213623047,64.2699966430664,64.2699966430664,2330
2023-10-18 17:10:00+02:00,64.2699966430664,64.2699966430664,64.23999786376953,64.23999786376953,64.23999786376953,5932
2023-10-18 17:11:00+02:00,64.2300033569336,64.2699966430664,64.2300033569336,64.23999786376953,64.23999786376953,1485
2023-10-18 17:12:00+02:00,64.23999786376953,64.25,64.19999694824219,64.25,64.25,3551
2023-10-18 17:13:00+02:00,64.25,64.26000213623047,64.2300033569336,64.25,64.25,1317
2023-10-18 17:14:00+02:00,64.23999786376953,64.23999786376953,64.19999694824219,64.19999694824219,64.19999694824219,5593
2023-10-18 17:15:00+02:00,64.19999694824219,64.23999786376953,64.19999694824219,64.23999786376953,64.23999786376953,4292
2023-10-18 17:16:00+02:00,64.25,64.2699966430664,64.25,64.26000213623047,64.26000213623047,5779
2023-10-18 17:17:00+02:00,64.2699966430664,64.27999877929688,64.2699966430664,64.27999877929688,64.27999877929688,3914
2023-10-18 17:18:00+02:00,64.29000091552734,64.33999633789062,64.29000091552734,64.33999633789062,64.33999633789062,3430
2023-10-18 17:19:00+02:00,64.33999633789062,64.3499984741211,64.30999755859375,64.33000183105469,64.33000183105469,5947
2023-10-18 17:20:00+02:00,64.33000183105469,64.36000061035156,64.30999755859375,64.36000061035156,64.36000061035156,5017
2023-10-18 17:21:00+02:00,64.36000061035156,64.37000274658203,64.30999755859375,64.30999755859375,64.30999755859375,13271
2023-10-18 17:22:00+02:00,64.30999755859375,64.30999755859375,64.29000091552734,64.30000305175781,64.30000305175781,5058
2023-10-18 17:23:00+02:00,64.29000091552734,64.31999969482422,64.29000091552734,64.30999755859375,64.30999755859375,5960
2023-10-18 17:24:00+02:00,64.30000305175781,64.31999969482422,64.29000091552734,64.30999755859375,64.30999755859375,5661
2023-10-18 17:25:00+02:00,64.33000183105469,64.3499984741211,64.33000183105469,64.3499984741211,64.3499984741211,3410
2023-10-18 17:26:00+02:00,64.36000061035156,64.37000274658203,64.33999633789062,64.37000274658203,64.37000274658203,11513
2023-10-18 17:27:00+02:00,64.37999725341797,64.38999938964844,64.36000061035156,64.38999938964844,64.38999938964844,8465
2023-10-18 17:28:00+02:00,64.37000274658203,64.37000274658203,64.3499984741211,64.3499984741211,64.3499984741211,10536
2023-10-18 17:29:00+02:00,64.33999633789062,64.3499984741211,64.33000183105469,64.33000183105469,64.33000183105469,7058
