Date,Open,High,Low,Close,Adj Close,Volume
2024-05-15 09:00:00+02:00,69.5,69.55999755859375,69.4000015258789,69.51000213623047,69.51000213623047,0
2024-05-15 09:01:00+02:00,69.48999786376953,69.55999755859375,69.4800033569336,69.4800033569336,69.4800033569336,6960
2024-05-15 09:02:00+02:00,69.45999908447266,69.51000213623047,69.44999694824219,69.48999786376953,69.48999786376953,3619
2024-05-15 09:03:00+02:00,69.47000122070312,69.51000213623047,69.44999694824219,69.44999694824219,69.44999694824219,2732
2024-05-15 09:04:00+02:00,69.43000030517578,69.47000122070312,69.43000030517578,69.43000030517578,69.43000030517578,4021
2024-05-15 09:05:00+02:00,69.44000244140625,69.47000122070312,69.41999816894531,69.43000030517578,69.43000030517578,2377
2024-05-15 09:06:00+02:00,69.44999694824219,69.45999908447266,69.41999816894531,69.45999908447266,69.45999908447266,3918
2024-05-15 09:07:00+02:00,69.48999786376953,69.51000213623047,69.4800033569336,69.5,69.5,7288
2024-05-15 09:08:00+02:00,69.5199966430664,69.52999877929688,69.44000244140625,69.44000244140625,69.44000244140625,5672
2024-05-15 09:09:00+02:00,69.41999816894531,69.41999816894531,69.36000061035156,69.37000274658203,69.37000274658203,2842
2024-05-15 09:10:00+02:00,69.37999725341797,69.37999725341797,69.30000305175781,69.30999755859375,69.30999755859375,3755
2024-05-15 09:11:00+02:00,69.29000091552734,69.29000091552734,69.25,69.25,69.25,585
2024-05-15 09:12:00+02:00,69.23999786376953,69.27999877929688,69.20999908447266,69.27999877929688,69.27999877929688,7991
2024-05-15 09:13:00+02:00,69.23999786376953,69.33000183105469,69.23999786376953,69.31999969482422,69.31999969482422,5637
2024-05-15 09:14:00+02:00,69.30000305175781,69.31999969482422,69.2699966430664,69.31999969482422,69.31999969482422,4749
2024-05-15 09:15:00+02:00,69.31999969482422,69.33999633789062,69.31999969482422,69.33999633789062,69.33999633789062,1809
2024-05-15 09:16:00+02:00,69.33000183105469,69.36000061035156,69.33000183105469,69.33999633789062,69.33999633789062,371
2024-05-15 09:17:00+02:00,69.31999969482422,69.41000366210938,69.31999969482422,69.41000366210938,69.41000366210938,3281
2024-05-15 09:18:00+02:00,69.44000244140625,69.44000244140625,69.4000015258789,69.4000015258789,69.4000015258789,36762
2024-05-15 09:19:00+02:00,69.4000015258789,69.44000244140625,69.4000015258789,69.41000366210938,69.41000366210938,8519
2024-05-15 09:20:00+02:00,69.41000366210938,69.43000030517578,69.41000366210938,69.43000030517578,69.43000030517578,5001
2024-05-15 09:21:00+02:00,69.44999694824219,69.45999908447266,69.33000183105469,69.33999633789062,69.33999633789062,7025
2024-05-15 09:22:00+02:00,69.30999755859375,69.33000183105469,69.30000305175781,69.30999755859375,69.30999755859375,6864
2024-05-15 09:23:00+02:00,69.33000183105469,69.33000183105469,69.25,69.29000091552734,69.29000091552734,5769
2024-05-15 09:24:00+02:00,69.29000091552734,69.29000091552734,69.2699966430664,69.27999877929688,69.27999877929688,2191
2024-05-15 09:25:00+02:00,69.29000091552734,69.29000091552734,69.19999694824219,69.2300033569336,69.2300033569336,33607
2024-05-15 09:26:00+02:00,69.22000122070312,69.22000122070312,69.18000030517578,69.18000030517578,69.18000030517578,16755
2024-05-15 09:27:00+02:00,69.19999694824219,69.22000122070312,69.16000366210938,69.20999908447266,69.20999908447266,15594
2024-05-15 09:28:00+02:00,69.20999908447266,69.20999908447266,69.16999816894531,69.19000244140625,69.19000244140625,4607
2024-05-15 09:29:00+02:00,69.19000244140625,69.19000244140625,69.16000366210938,69.18000030517578,69.18000030517578,2613
2024-05-15 09:30:00+02:00,69.19000244140625,69.22000122070312,69.13999938964844,69.13999938964844,69.13999938964844,12592
2024-05-15 09:31:00+02:00,69.13999938964844,69.16000366210938,69.13999938964844,69.1500015258789,69.1500015258789,5487
2024-05-15 09:32:00+02:00,69.1500015258789,69.16999816894531,69.13999938964844,69.16999816894531,69.16999816894531,4675
2024-05-15 09:33:00+02:00,69.16999816894531,69.18000030517578,69.16000366210938,69.18000030517578,69.18000030517578,7689
2024-05-15 09:34:00+02:00,69.18000030517578,69.19999694824219,69.1500015258789,69.16000366210938,69.16000366210938,11107
2024-05-15 09:35:00+02:00,69.16000366210938,69.18000030517578,69.1500015258789,69.1500015258789,69.1500015258789,2976
2024-05-15 09:36:00+02:00,69.1500015258789,69.1500015258789,69.08999633789062,69.0999984741211,69.0999984741211,6264
2024-05-15 09:37:00+02:00,69.11000061035156,69.13999938964844,69.11000061035156,69.12000274658203,69.12000274658203,6743
2024-05-15 09:38:00+02:00,69.12000274658203,69.12000274658203,69.06999969482422,69.0999984741211,69.0999984741211,6683
2024-05-15 09:39:00+02:00,69.11000061035156,69.12000274658203,69.11000061035156,69.12000274658203,69.12000274658203,2837
2024-05-15 09:40:00+02:00,69.12000274658203,69.16000366210938,69.11000061035156,69.1500015258789,69.1500015258789,10076
2024-05-15 09:41:00+02:00,69.16000366210938,69.23999786376953,69.16000366210938,69.2300033569336,69.2300033569336,7598
2024-05-15 09:42:00+02:00,69.2300033569336,69.2300033569336,69.19999694824219,69.20999908447266,69.20999908447266,8712
2024-05-15 09:43:00+02:00,69.19999694824219,69.22000122070312,69.19999694824219,69.20999908447266,69.20999908447266,3594
2024-05-15 09:44:00+02:00,69.20999908447266,69.2300033569336,69.20999908447266,69.2300033569336,69.2300033569336,3698
2024-05-15 09:45:00+02:00,69.2300033569336,69.2300033569336,69.16000366210938,69.16999816894531,69.16999816894531,7281
2024-05-15 09:46:00+02:00,69.18000030517578,69.18000030517578,69.1500015258789,69.16999816894531,69.16999816894531,6863
2024-05-15 09:48:00+02:00,69.16000366210938,69.16999816894531,69.1500015258789,69.16999816894531,69.16999816894531,4742
2024-05-15 09:49:00+02:00,69.16999816894531,69.16999816894531,69.12000274658203,69.1500015258789,69.1500015258789,11292
2024-05-15 09:50:00+02:00,69.1500015258789,69.16999816894531,69.13999938964844,69.1500015258789,69.1500015258789,5741
2024-05-15 09:51:00+02:00,69.1500015258789,69.1500015258789,69.1500015258789,69.1500015258789,69.1500015258789,1109
2024-05-15 09:52:00+02:00,69.1500015258789,69.19000244140625,69.1500015258789,69.16999816894531,69.16999816894531,11934
2024-05-15 09:53:00+02:00,69.18000030517578,69.22000122070312,69.18000030517578,69.22000122070312,69.22000122070312,5945
2024-05-15 09:54:00+02:00,69.23999786376953,69.2699966430664,69.23999786376953,69.2699966430664,69.2699966430664,10452
2024-05-15 09:55:00+02:00,69.26000213623047,69.30000305175781,69.25,69.29000091552734,69.29000091552734,11064
2024-05-15 09:56:00+02:00,69.30000305175781,69.33000183105469,69.29000091552734,69.33000183105469,69.33000183105469,3280
2024-05-15 09:57:00+02:00,69.31999969482422,69.36000061035156,69.30999755859375,69.36000061035156,69.36000061035156,7483
2024-05-15 09:58:00+02:00,69.3499984741211,69.36000061035156,69.33999633789062,69.3499984741211,69.3499984741211,5847
2024-05-15 09:59:00+02:00,69.36000061035156,69.36000061035156,69.33999633789062,69.33999633789062,69.33999633789062,3818
2024-05-15 10:00:00+02:00,69.33000183105469,69.33999633789062,69.30000305175781,69.31999969482422,69.31999969482422,9777
2024-05-15 10:01:00+02:00,69.30999755859375,69.33000183105469,69.30000305175781,69.30999755859375,69.30999755859375,6754
2024-05-15 10:02:00+02:00,69.31999969482422,69.38999938964844,69.31999969482422,69.37999725341797,69.37999725341797,4772
2024-05-15 10:03:00+02:00,69.38999938964844,69.38999938964844,69.37999725341797,69.38999938964844,69.38999938964844,2840
2024-05-15 10:04:00+02:00,69.38999938964844,69.38999938964844,69.37000274658203,69.38999938964844,69.38999938964844,5119
2024-05-15 10:05:00+02:00,69.38999938964844,69.38999938964844,69.38999938964844,69.38999938964844,69.38999938964844,596
2024-05-15 10:06:00+02:00,69.4000015258789,69.43000030517578,69.4000015258789,69.41999816894531,69.41999816894531,6455
2024-05-15 10:07:00+02:00,69.43000030517578,69.44999694824219,69.43000030517578,69.44999694824219,69.44999694824219,4037
2024-05-15 10:08:00+02:00,69.45999908447266,69.48999786376953,69.45999908447266,69.48999786376953,69.48999786376953,2929
2024-05-15 10:09:00+02:00,69.48999786376953,69.51000213623047,69.48999786376953,69.51000213623047,69.51000213623047,5852
2024-05-15 10:10:00+02:00,69.5199966430664,69.52999877929688,69.5199966430664,69.5199966430664,69.5199966430664,6853
2024-05-15 10:11:00+02:00,69.5199966430664,69.5199966430664,69.51000213623047,69.51000213623047,69.51000213623047,3646
2024-05-15 10:12:00+02:00,69.5,69.5,69.44999694824219,69.48999786376953,69.48999786376953,6877
2024-05-15 10:13:00+02:00,69.48999786376953,69.52999877929688,69.4800033569336,69.52999877929688,69.52999877929688,4859
2024-05-15 10:14:00+02:00,69.54000091552734,69.55000305175781,69.5199966430664,69.55000305175781,69.55000305175781,9313
2024-05-15 10:15:00+02:00,69.55000305175781,69.55000305175781,69.55000305175781,69.55000305175781,69.55000305175781,2958
2024-05-15 10:16:00+02:00,69.55000305175781,69.56999969482422,69.55000305175781,69.55000305175781,69.55000305175781,4560
2024-05-15 10:17:00+02:00,69.54000091552734,69.54000091552734,69.52999877929688,69.52999877929688,69.52999877929688,4885
2024-05-15 10:18:00+02:00,69.5199966430664,69.5199966430664,69.51000213623047,69.51000213623047,69.51000213623047,2962
2024-05-15 10:19:00+02:00,69.51000213623047,69.51000213623047,69.5,69.5,69.5,1947
2024-05-15 10:20:00+02:00,69.48999786376953,69.55000305175781,69.48999786376953,69.54000091552734,69.54000091552734,8362
2024-05-15 10:21:00+02:00,69.55999755859375,69.62000274658203,69.55999755859375,69.5999984741211,69.5999984741211,3667
2024-05-15 10:22:00+02:00,69.5999984741211,69.61000061035156,69.58999633789062,69.5999984741211,69.5999984741211,7114
2024-05-15 10:23:00+02:00,69.58000183105469,69.61000061035156,69.58000183105469,69.61000061035156,69.61000061035156,5032
2024-05-15 10:24:00+02:00,69.62000274658203,69.66999816894531,69.62000274658203,69.66999816894531,69.66999816894531,3094
2024-05-15 10:25:00+02:00,69.66000366210938,69.69999694824219,69.66000366210938,69.69999694824219,69.69999694824219,6041
2024-05-15 10:26:00+02:00,69.70999908447266,69.72000122070312,69.70999908447266,69.72000122070312,69.72000122070312,1774
2024-05-15 10:27:00+02:00,69.70999908447266,69.72000122070312,69.69999694824219,69.72000122070312,69.72000122070312,5569
2024-05-15 10:28:00+02:00,69.72000122070312,69.72000122070312,69.6500015258789,69.6500015258789,69.6500015258789,8474
2024-05-15 10:29:00+02:00,69.63999938964844,69.66000366210938,69.63999938964844,69.66000366210938,69.66000366210938,5892
2024-05-15 10:30:00+02:00,69.66999816894531,69.7300033569336,69.66999816894531,69.7300033569336,69.7300033569336,6534
2024-05-15 10:31:00+02:00,69.73999786376953,69.77999877929688,69.73999786376953,69.77999877929688,69.77999877929688,7452
2024-05-15 10:32:00+02:00,69.7699966430664,69.7699966430664,69.72000122070312,69.72000122070312,69.72000122070312,4432
2024-05-15 10:33:00+02:00,69.7300033569336,69.75,69.69999694824219,69.73999786376953,69.73999786376953,7767
2024-05-15 10:34:00+02:00,69.75,69.75,69.75,69.75,69.75,441
2024-05-15 10:35:00+02:00,69.7300033569336,69.7300033569336,69.7300033569336,69.7300033569336,69.7300033569336,3401
2024-05-15 10:36:00+02:00,69.72000122070312,69.7300033569336,69.69999694824219,69.69999694824219,69.69999694824219,11187
2024-05-15 10:37:00+02:00,69.69999694824219,69.72000122070312,69.69999694824219,69.70999908447266,69.70999908447266,4153
2024-05-15 10:38:00+02:00,69.72000122070312,69.7300033569336,69.68000030517578,69.69000244140625,69.69000244140625,5271
2024-05-15 10:39:00+02:00,69.69999694824219,69.75,69.69999694824219,69.75,69.75,3458
2024-05-15 10:40:00+02:00,69.73999786376953,69.73999786376953,69.69000244140625,69.69000244140625,69.69000244140625,7061
2024-05-15 10:41:00+02:00,69.68000030517578,69.69000244140625,69.66999816894531,69.68000030517578,69.68000030517578,2079
2024-05-15 10:42:00+02:00,69.69000244140625,69.69000244140625,69.63999938964844,69.63999938964844,69.63999938964844,3092
2024-05-15 10:43:00+02:00,69.62000274658203,69.63999938964844,69.62000274658203,69.62999725341797,69.62999725341797,2683
2024-05-15 10:44:00+02:00,69.62999725341797,69.63999938964844,69.58999633789062,69.58999633789062,69.58999633789062,5183
2024-05-15 10:45:00+02:00,69.58000183105469,69.58000183105469,69.55000305175781,69.55000305175781,69.55000305175781,8006
2024-05-15 10:46:00+02:00,69.55000305175781,69.56999969482422,69.55000305175781,69.55999755859375,69.55999755859375,2851
2024-05-15 10:47:00+02:00,69.56999969482422,69.63999938964844,69.54000091552734,69.62999725341797,69.62999725341797,8827
2024-05-15 10:48:00+02:00,69.62000274658203,69.62999725341797,69.61000061035156,69.61000061035156,69.61000061035156,2707
2024-05-15 10:49:00+02:00,69.62999725341797,69.66000366210938,69.62999725341797,69.63999938964844,69.63999938964844,4655
2024-05-15 10:50:00+02:00,69.62999725341797,69.63999938964844,69.62999725341797,69.62999725341797,69.62999725341797,3136
2024-05-15 10:51:00+02:00,69.62999725341797,69.63999938964844,69.62000274658203,69.63999938964844,69.63999938964844,4019
2024-05-15 10:52:00+02:00,69.62999725341797,69.63999938964844,69.62000274658203,69.63999938964844,69.63999938964844,3924
2024-05-15 10:53:00+02:00,69.62000274658203,69.62000274658203,69.61000061035156,69.62000274658203,69.62000274658203,2242
2024-05-15 10:54:00+02:00,69.62000274658203,69.62999725341797,69.62000274658203,69.62999725341797,69.62999725341797,6094
2024-05-15 10:55:00+02:00,69.63999938964844,69.66000366210938,69.63999938964844,69.6500015258789,69.6500015258789,4185
2024-05-15 10:56:00+02:00,69.63999938964844,69.63999938964844,69.62000274658203,69.62000274658203,69.62000274658203,1440
2024-05-15 10:57:00+02:00,69.61000061035156,69.62000274658203,69.58999633789062,69.58999633789062,69.58999633789062,6612
2024-05-15 10:58:00+02:00,69.58000183105469,69.5999984741211,69.58000183105469,69.5999984741211,69.5999984741211,2203
2024-05-15 10:59:00+02:00,69.5999984741211,69.5999984741211,69.56999969482422,69.58000183105469,69.58000183105469,4953
2024-05-15 11:00:00+02:00,69.58000183105469,69.58000183105469,69.58000183105469,69.58000183105469,69.58000183105469,888
2024-05-15 11:01:00+02:00,69.58999633789062,69.62999725341797,69.58999633789062,69.62999725341797,69.62999725341797,7101
2024-05-15 11:02:00+02:00,69.63999938964844,69.66999816894531,69.62999725341797,69.6500015258789,69.6500015258789,7124
2024-05-15 11:03:00+02:00,69.66000366210938,69.66000366210938,69.66000366210938,69.66000366210938,69.66000366210938,1325
2024-05-15 11:04:00+02:00,69.66000366210938,69.68000030517578,69.66000366210938,69.68000030517578,69.68000030517578,5989
2024-05-15 11:05:00+02:00,69.66999816894531,69.68000030517578,69.66000366210938,69.66999816894531,69.66999816894531,4397
2024-05-15 11:06:00+02:00,69.66999816894531,69.70999908447266,69.66999816894531,69.70999908447266,69.70999908447266,3983
2024-05-15 11:07:00+02:00,69.72000122070312,69.76000213623047,69.70999908447266,69.76000213623047,69.76000213623047,16015
2024-05-15 11:08:00+02:00,69.73999786376953,69.77999877929688,69.73999786376953,69.7699966430664,69.7699966430664,8467
2024-05-15 11:09:00+02:00,69.77999877929688,69.77999877929688,69.76000213623047,69.76000213623047,69.76000213623047,6512
2024-05-15 11:10:00+02:00,69.75,69.76000213623047,69.73999786376953,69.75,69.75,6569
2024-05-15 11:11:00+02:00,69.7699966430664,69.81999969482422,69.7699966430664,69.81999969482422,69.81999969482422,11773
2024-05-15 11:12:00+02:00,69.80999755859375,69.81999969482422,69.80000305175781,69.81999969482422,69.81999969482422,9989
2024-05-15 11:13:00+02:00,69.80999755859375,69.80999755859375,69.7699966430664,69.7699966430664,69.7699966430664,8636
2024-05-15 11:14:00+02:00,69.7699966430664,69.80999755859375,69.76000213623047,69.80999755859375,69.80999755859375,5819
2024-05-15 11:15:00+02:00,69.83000183105469,69.88999938964844,69.83000183105469,69.88999938964844,69.88999938964844,9809
2024-05-15 11:16:00+02:00,69.88999938964844,69.91000366210938,69.88999938964844,69.91000366210938,69.91000366210938,2201
2024-05-15 11:17:00+02:00,69.91999816894531,69.94000244140625,69.91999816894531,69.94000244140625,69.94000244140625,2314
2024-05-15 11:18:00+02:00,69.94000244140625,69.94999694824219,69.93000030517578,69.94000244140625,69.94000244140625,7589
2024-05-15 11:19:00+02:00,69.93000030517578,69.93000030517578,69.9000015258789,69.9000015258789,69.9000015258789,6562
2024-05-15 11:20:00+02:00,69.88999938964844,69.9000015258789,69.87000274658203,69.88999938964844,69.88999938964844,4929
2024-05-15 11:21:00+02:00,69.9000015258789,69.93000030517578,69.9000015258789,69.93000030517578,69.93000030517578,6149
2024-05-15 11:22:00+02:00,69.91999816894531,69.91999816894531,69.83999633789062,69.83999633789062,69.83999633789062,12662
2024-05-15 11:23:00+02:00,69.83999633789062,69.86000061035156,69.83999633789062,69.8499984741211,69.8499984741211,5210
2024-05-15 11:24:00+02:00,69.83999633789062,69.83999633789062,69.80999755859375,69.80999755859375,69.80999755859375,8860
2024-05-15 11:25:00+02:00,69.80000305175781,69.81999969482422,69.79000091552734,69.80999755859375,69.80999755859375,3951
2024-05-15 11:26:00+02:00,69.81999969482422,69.81999969482422,69.81999969482422,69.81999969482422,69.81999969482422,1495
2024-05-15 11:27:00+02:00,69.83000183105469,69.88999938964844,69.83000183105469,69.88999938964844,69.88999938964844,3080
2024-05-15 11:28:00+02:00,69.87999725341797,69.95999908447266,69.86000061035156,69.95999908447266,69.95999908447266,3755
2024-05-15 11:29:00+02:00,69.94999694824219,69.95999908447266,69.94000244140625,69.94999694824219,69.94999694824219,3393
2024-05-15 11:30:00+02:00,69.94999694824219,69.95999908447266,69.93000030517578,69.95999908447266,69.95999908447266,6495
2024-05-15 11:31:00+02:00,69.94999694824219,69.97000122070312,69.93000030517578,69.94000244140625,69.94000244140625,6750
2024-05-15 11:32:00+02:00,69.94000244140625,69.94000244140625,69.94000244140625,69.94000244140625,69.94000244140625,378
2024-05-15 11:33:00+02:00,69.94999694824219,70.0199966430664,69.94999694824219,70.01000213623047,70.01000213623047,30496
2024-05-15 11:34:00+02:00,70.01000213623047,70.01000213623047,69.9800033569336,69.9800033569336,69.9800033569336,7708
2024-05-15 11:35:00+02:00,69.97000122070312,69.9800033569336,69.97000122070312,69.9800033569336,69.9800033569336,3029
2024-05-15 11:36:00+02:00,69.95999908447266,69.95999908447266,69.93000030517578,69.94000244140625,69.94000244140625,3300
2024-05-15 11:37:00+02:00,69.94000244140625,69.95999908447266,69.91999816894531,69.95999908447266,69.95999908447266,4615
2024-05-15 11:38:00+02:00,69.97000122070312,70.04000091552734,69.97000122070312,70.0,70.0,20241
2024-05-15 11:39:00+02:00,70.0,70.05000305175781,70.0,70.04000091552734,70.04000091552734,8089
2024-05-15 11:40:00+02:00,70.04000091552734,70.04000091552734,70.0,70.0,70.0,6221
2024-05-15 11:41:00+02:00,70.01000213623047,70.01000213623047,69.98999786376953,69.98999786376953,69.98999786376953,2473
2024-05-15 11:42:00+02:00,69.98999786376953,70.0199966430664,69.98999786376953,70.0199966430664,70.0199966430664,2089
2024-05-15 11:43:00+02:00,70.0199966430664,70.0199966430664,70.01000213623047,70.01000213623047,70.01000213623047,3385
2024-05-15 11:44:00+02:00,70.0199966430664,70.0199966430664,70.01000213623047,70.01000213623047,70.01000213623047,964
2024-05-15 11:45:00+02:00,70.01000213623047,70.02999877929688,70.01000213623047,70.02999877929688,70.02999877929688,4286
2024-05-15 11:46:00+02:00,70.02999877929688,70.05999755859375,70.02999877929688,70.05999755859375,70.05999755859375,4165
2024-05-15 11:47:00+02:00,70.05999755859375,70.06999969482422,70.0199966430664,70.02999877929688,70.02999877929688,6374
2024-05-15 11:48:00+02:00,70.02999877929688,70.06999969482422,70.02999877929688,70.06999969482422,70.06999969482422,1332
2024-05-15 11:49:00+02:00,70.06999969482422,70.08000183105469,70.05999755859375,70.06999969482422,70.06999969482422,8790
2024-05-15 11:50:00+02:00,70.06999969482422,70.08000183105469,70.05999755859375,70.05999755859375,70.05999755859375,2912
2024-05-15 11:51:00+02:00,70.05000305175781,70.06999969482422,70.04000091552734,70.05000305175781,70.05000305175781,4927
2024-05-15 11:52:00+02:00,70.04000091552734,70.04000091552734,70.0199966430664,70.02999877929688,70.02999877929688,1932
2024-05-15 11:53:00+02:00,70.04000091552734,70.05000305175781,69.97000122070312,69.98999786376953,69.98999786376953,15026
2024-05-15 11:54:00+02:00,70.0,70.0,69.97000122070312,70.0,70.0,6466
2024-05-15 11:55:00+02:00,69.98999786376953,70.0,69.98999786376953,69.98999786376953,69.98999786376953,3365
2024-05-15 11:56:00+02:00,69.98999786376953,70.04000091552734,69.98999786376953,70.0199966430664,70.0199966430664,8350
2024-05-15 11:57:00+02:00,70.01000213623047,70.04000091552734,70.01000213623047,70.04000091552734,70.04000091552734,2396
2024-05-15 11:58:00+02:00,70.05000305175781,70.05999755859375,70.05000305175781,70.05999755859375,70.05999755859375,4261
2024-05-15 11:59:00+02:00,70.05999755859375,70.06999969482422,70.04000091552734,70.05999755859375,70.05999755859375,3723
2024-05-15 12:00:00+02:00,70.05999755859375,70.08999633789062,70.05999755859375,70.08000183105469,70.08000183105469,6172
2024-05-15 12:01:00+02:00,70.08999633789062,70.08999633789062,70.05000305175781,70.05000305175781,70.05000305175781,5467
2024-05-15 12:02:00+02:00,70.04000091552734,70.04000091552734,70.0199966430664,70.0199966430664,70.0199966430664,3695
2024-05-15 12:03:00+02:00,70.02999877929688,70.02999877929688,70.02999877929688,70.02999877929688,70.02999877929688,3484
2024-05-15 12:04:00+02:00,70.04000091552734,70.05000305175781,70.02999877929688,70.05000305175781,70.05000305175781,4200
2024-05-15 12:05:00+02:00,70.04000091552734,70.04000091552734,70.0199966430664,70.0199966430664,70.0199966430664,5966
2024-05-15 12:06:00+02:00,70.01000213623047,70.01000213623047,69.98999786376953,69.98999786376953,69.98999786376953,1141
2024-05-15 12:07:00+02:00,69.9800033569336,69.9800033569336,69.9800033569336,69.9800033569336,69.9800033569336,2141
2024-05-15 12:08:00+02:00,69.9800033569336,69.9800033569336,69.95999908447266,69.97000122070312,69.97000122070312,2763
2024-05-15 12:09:00+02:00,69.95999908447266,69.95999908447266,69.95999908447266,69.95999908447266,69.95999908447266,3084
2024-05-15 12:10:00+02:00,69.95999908447266,69.95999908447266,69.94000244140625,69.94999694824219,69.94999694824219,2155
2024-05-15 12:11:00+02:00,69.95999908447266,69.95999908447266,69.95999908447266,69.95999908447266,69.95999908447266,1325
2024-05-15 12:12:00+02:00,69.97000122070312,69.9800033569336,69.94999694824219,69.94999694824219,69.94999694824219,5474
2024-05-15 12:13:00+02:00,69.93000030517578,69.93000030517578,69.91000366210938,69.93000030517578,69.93000030517578,1708
2024-05-15 12:14:00+02:00,69.93000030517578,69.94999694824219,69.93000030517578,69.94999694824219,69.94999694824219,1574
2024-05-15 12:15:00+02:00,69.94999694824219,69.94999694824219,69.94999694824219,69.94999694824219,69.94999694824219,3047
2024-05-15 12:16:00+02:00,69.95999908447266,69.95999908447266,69.94000244140625,69.95999908447266,69.95999908447266,6610
2024-05-15 12:17:00+02:00,69.94999694824219,69.97000122070312,69.94999694824219,69.97000122070312,69.97000122070312,3487
2024-05-15 12:18:00+02:00,69.94999694824219,69.95999908447266,69.94999694824219,69.95999908447266,69.95999908447266,1386
2024-05-15 12:19:00+02:00,69.94999694824219,69.97000122070312,69.94999694824219,69.97000122070312,69.97000122070312,3368
2024-05-15 12:20:00+02:00,69.97000122070312,70.0199966430664,69.97000122070312,70.0199966430664,70.0199966430664,32392
2024-05-15 12:21:00+02:00,70.01000213623047,70.02999877929688,70.01000213623047,70.0199966430664,70.0199966430664,3617
2024-05-15 12:22:00+02:00,70.0199966430664,70.02999877929688,70.0199966430664,70.0199966430664,70.0199966430664,1972
2024-05-15 12:23:00+02:00,70.0199966430664,70.02999877929688,70.0,70.0,70.0,6187
2024-05-15 12:24:00+02:00,69.98999786376953,70.01000213623047,69.98999786376953,70.0,70.0,2533
2024-05-15 12:25:00+02:00,70.01000213623047,70.01000213623047,69.9800033569336,69.9800033569336,69.9800033569336,2654
2024-05-15 12:26:00+02:00,69.97000122070312,69.97000122070312,69.95999908447266,69.95999908447266,69.95999908447266,2032
2024-05-15 12:27:00+02:00,69.97000122070312,69.97000122070312,69.97000122070312,69.97000122070312,69.97000122070312,1915
2024-05-15 12:28:00+02:00,69.9800033569336,70.0,69.9800033569336,69.98999786376953,69.98999786376953,6509
2024-05-15 12:29:00+02:00,69.9800033569336,69.9800033569336,69.94999694824219,69.94999694824219,69.94999694824219,2669
2024-05-15 12:30:00+02:00,69.94000244140625,69.95999908447266,69.93000030517578,69.95999908447266,69.95999908447266,3854
2024-05-15 12:31:00+02:00,69.97000122070312,69.97000122070312,69.93000030517578,69.93000030517578,69.93000030517578,4818
2024-05-15 12:32:00+02:00,69.93000030517578,69.94000244140625,69.93000030517578,69.94000244140625,69.94000244140625,3062
2024-05-15 12:33:00+02:00,69.93000030517578,69.94000244140625,69.93000030517578,69.93000030517578,69.93000030517578,1339
2024-05-15 12:34:00+02:00,69.94999694824219,69.94999694824219,69.94999694824219,69.94999694824219,69.94999694824219,1459
2024-05-15 12:35:00+02:00,69.94999694824219,69.94999694824219,69.94000244140625,69.94999694824219,69.94999694824219,1961
2024-05-15 12:36:00+02:00,69.94000244140625,69.94000244140625,69.94000244140625,69.94000244140625,69.94000244140625,300
2024-05-15 12:37:00+02:00,69.94000244140625,69.95999908447266,69.91999816894531,69.91999816894531,69.91999816894531,9996
2024-05-15 12:38:00+02:00,69.93000030517578,69.93000030517578,69.91999816894531,69.93000030517578,69.93000030517578,3418
2024-05-15 12:39:00+02:00,69.94000244140625,69.94000244140625,69.93000030517578,69.94000244140625,69.94000244140625,2333
2024-05-15 12:40:00+02:00,69.94000244140625,69.94000244140625,69.93000030517578,69.94000244140625,69.94000244140625,2662
2024-05-15 12:41:00+02:00,69.94000244140625,69.94000244140625,69.91999816894531,69.93000030517578,69.93000030517578,2426
2024-05-15 12:42:00+02:00,69.93000030517578,69.94999694824219,69.93000030517578,69.94999694824219,69.94999694824219,5232
2024-05-15 12:43:00+02:00,69.95999908447266,69.9800033569336,69.94999694824219,69.95999908447266,69.95999908447266,6305
2024-05-15 12:44:00+02:00,69.94000244140625,69.94000244140625,69.91999816894531,69.93000030517578,69.93000030517578,5186
2024-05-15 12:45:00+02:00,69.94000244140625,69.95999908447266,69.94000244140625,69.95999908447266,69.95999908447266,5804
2024-05-15 12:46:00+02:00,69.97000122070312,69.98999786376953,69.97000122070312,69.98999786376953,69.98999786376953,1729
2024-05-15 12:47:00+02:00,69.98999786376953,69.98999786376953,69.98999786376953,69.98999786376953,69.98999786376953,2825
2024-05-15 12:48:00+02:00,70.0,70.0,69.98999786376953,69.98999786376953,69.98999786376953,4725
2024-05-15 12:49:00+02:00,70.0,70.01000213623047,69.97000122070312,69.97000122070312,69.97000122070312,5148
2024-05-15 12:50:00+02:00,69.9800033569336,69.9800033569336,69.97000122070312,69.97000122070312,69.97000122070312,6653
2024-05-15 12:51:00+02:00,69.97000122070312,70.0,69.97000122070312,70.0,70.0,1670
2024-05-15 12:52:00+02:00,69.98999786376953,69.98999786376953,69.9800033569336,69.9800033569336,69.9800033569336,2439
2024-05-15 12:53:00+02:00,69.9800033569336,69.9800033569336,69.97000122070312,69.9800033569336,69.9800033569336,4032
2024-05-15 12:54:00+02:00,69.98999786376953,70.0199966430664,69.98999786376953,70.01000213623047,70.01000213623047,2838
2024-05-15 12:55:00+02:00,70.0199966430664,70.02999877929688,70.0199966430664,70.02999877929688,70.02999877929688,1664
2024-05-15 12:56:00+02:00,70.0199966430664,70.0199966430664,70.0199966430664,70.0199966430664,70.0199966430664,869
2024-05-15 12:57:00+02:00,70.01000213623047,70.0199966430664,70.01000213623047,70.01000213623047,70.01000213623047,5835
2024-05-15 12:58:00+02:00,70.0199966430664,70.0199966430664,70.0199966430664,70.0199966430664,70.0199966430664,1591
2024-05-15 12:59:00+02:00,70.01000213623047,70.0199966430664,70.01000213623047,70.01000213623047,70.01000213623047,1573
2024-05-15 13:02:00+02:00,70.04000091552734,70.04000091552734,70.01000213623047,70.02999877929688,70.02999877929688,15682
2024-05-15 13:03:00+02:00,70.0199966430664,70.04000091552734,70.0199966430664,70.04000091552734,70.04000091552734,1728
2024-05-15 13:04:00+02:00,70.04000091552734,70.04000091552734,70.02999877929688,70.02999877929688,70.02999877929688,6442
2024-05-15 13:05:00+02:00,70.0199966430664,70.0199966430664,70.01000213623047,70.0199966430664,70.0199966430664,1925
2024-05-15 13:06:00+02:00,70.02999877929688,70.04000091552734,70.0199966430664,70.04000091552734,70.04000091552734,9132
2024-05-15 13:07:00+02:00,70.0199966430664,70.02999877929688,70.01000213623047,70.02999877929688,70.02999877929688,6753
2024-05-15 13:08:00+02:00,70.01000213623047,70.01000213623047,70.01000213623047,70.01000213623047,70.01000213623047,500
2024-05-15 13:09:00+02:00,70.0199966430664,70.0199966430664,69.95999908447266,69.95999908447266,69.95999908447266,8796
2024-05-15 13:10:00+02:00,69.97000122070312,70.05999755859375,69.97000122070312,70.05999755859375,70.05999755859375,7842
2024-05-15 13:11:00+02:00,70.05999755859375,70.05999755859375,70.05999755859375,70.05999755859375,70.05999755859375,1023
2024-05-15 13:12:00+02:00,70.06999969482422,70.12999725341797,70.06999969482422,70.12000274658203,70.12000274658203,11058
2024-05-15 13:13:00+02:00,70.11000061035156,70.11000061035156,70.08999633789062,70.08999633789062,70.08999633789062,2835
2024-05-15 13:14:00+02:00,70.0999984741211,70.12000274658203,70.0999984741211,70.12000274658203,70.12000274658203,8267
2024-05-15 13:15:00+02:00,70.12000274658203,70.12000274658203,70.0999984741211,70.0999984741211,70.0999984741211,5887
2024-05-15 13:16:00+02:00,70.0999984741211,70.0999984741211,70.0999984741211,70.0999984741211,70.0999984741211,717
2024-05-15 13:17:00+02:00,70.08999633789062,70.08999633789062,70.08000183105469,70.08000183105469,70.08000183105469,1457
2024-05-15 13:18:00+02:00,70.08000183105469,70.08000183105469,70.05999755859375,70.06999969482422,70.06999969482422,4537
2024-05-15 13:19:00+02:00,70.08000183105469,70.11000061035156,70.08000183105469,70.08999633789062,70.08999633789062,2137
2024-05-15 13:20:00+02:00,70.08999633789062,70.0999984741211,70.06999969482422,70.06999969482422,70.06999969482422,3808
2024-05-15 13:21:00+02:00,70.08000183105469,70.08000183105469,70.05000305175781,70.05000305175781,70.05000305175781,4199
2024-05-15 13:22:00+02:00,70.05000305175781,70.05000305175781,70.04000091552734,70.05000305175781,70.05000305175781,1221
2024-05-15 13:23:00+02:00,70.08000183105469,70.08999633789062,70.08000183105469,70.08999633789062,70.08999633789062,1409
2024-05-15 13:24:00+02:00,70.08999633789062,70.08999633789062,70.08000183105469,70.08999633789062,70.08999633789062,2670
2024-05-15 13:25:00+02:00,70.0999984741211,70.0999984741211,70.06999969482422,70.06999969482422,70.06999969482422,2225
2024-05-15 13:26:00+02:00,70.08000183105469,70.08999633789062,70.08000183105469,70.08000183105469,70.08000183105469,2085
2024-05-15 13:27:00+02:00,70.08000183105469,70.08999633789062,70.06999969482422,70.08999633789062,70.08999633789062,1125
2024-05-15 13:28:00+02:00,70.08999633789062,70.08999633789062,70.08999633789062,70.08999633789062,70.08999633789062,862
2024-05-15 13:29:00+02:00,70.0999984741211,70.0999984741211,70.08999633789062,70.08999633789062,70.08999633789062,554
2024-05-15 13:30:00+02:00,70.08999633789062,70.08999633789062,70.01000213623047,70.0199966430664,70.0199966430664,19698
2024-05-15 13:31:00+02:00,70.01000213623047,70.0199966430664,69.98999786376953,70.0199966430664,70.0199966430664,6215
2024-05-15 13:32:00+02:00,70.0,70.0199966430664,70.0,70.0199966430664,70.0199966430664,5574
2024-05-15 13:33:00+02:00,70.02999877929688,70.02999877929688,70.0199966430664,70.0199966430664,70.0199966430664,3057
2024-05-15 13:34:00+02:00,70.01000213623047,70.01000213623047,69.98999786376953,70.0,70.0,3150
2024-05-15 13:35:00+02:00,70.0,70.0199966430664,70.0,70.01000213623047,70.01000213623047,3191
2024-05-15 13:36:00+02:00,70.0199966430664,70.0199966430664,69.98999786376953,69.98999786376953,69.98999786376953,2382
2024-05-15 13:37:00+02:00,69.9800033569336,69.9800033569336,69.95999908447266,69.95999908447266,69.95999908447266,5138
2024-05-15 13:38:00+02:00,69.94999694824219,69.95999908447266,69.94999694824219,69.94999694824219,69.94999694824219,2760
2024-05-15 13:39:00+02:00,69.94000244140625,69.94999694824219,69.94000244140625,69.94999694824219,69.94999694824219,1323
2024-05-15 13:40:00+02:00,69.94999694824219,69.94999694824219,69.91999816894531,69.91999816894531,69.91999816894531,3749
2024-05-15 13:41:00+02:00,69.91999816894531,69.91999816894531,69.9000015258789,69.9000015258789,69.9000015258789,1415
2024-05-15 13:42:00+02:00,69.87000274658203,69.87999725341797,69.86000061035156,69.86000061035156,69.86000061035156,727
2024-05-15 13:43:00+02:00,69.86000061035156,69.87999725341797,69.8499984741211,69.87999725341797,69.87999725341797,4286
2024-05-15 13:44:00+02:00,69.9000015258789,69.9000015258789,69.88999938964844,69.88999938964844,69.88999938964844,1322
2024-05-15 13:45:00+02:00,69.87999725341797,69.87999725341797,69.87999725341797,69.87999725341797,69.87999725341797,1044
2024-05-15 13:46:00+02:00,69.88999938964844,69.9000015258789,69.86000061035156,69.87999725341797,69.87999725341797,6395
2024-05-15 13:47:00+02:00,69.87999725341797,69.87999725341797,69.83999633789062,69.83999633789062,69.83999633789062,11255
2024-05-15 13:48:00+02:00,69.8499984741211,69.8499984741211,69.8499984741211,69.8499984741211,69.8499984741211,2846
2024-05-15 13:49:00+02:00,69.87000274658203,69.87000274658203,69.87000274658203,69.87000274658203,69.87000274658203,2604
2024-05-15 13:50:00+02:00,69.8499984741211,69.8499984741211,69.79000091552734,69.81999969482422,69.81999969482422,36321
2024-05-15 13:51:00+02:00,69.81999969482422,69.81999969482422,69.81999969482422,69.81999969482422,69.81999969482422,3101
2024-05-15 13:52:00+02:00,69.83000183105469,69.83000183105469,69.83000183105469,69.83000183105469,69.83000183105469,283
2024-05-15 13:53:00+02:00,69.81999969482422,69.8499984741211,69.81999969482422,69.83999633789062,69.83999633789062,2974
2024-05-15 13:54:00+02:00,69.8499984741211,69.86000061035156,69.8499984741211,69.86000061035156,69.86000061035156,2255
2024-05-15 13:55:00+02:00,69.86000061035156,69.86000061035156,69.8499984741211,69.8499984741211,69.8499984741211,2707
2024-05-15 13:56:00+02:00,69.83999633789062,69.83999633789062,69.83999633789062,69.83999633789062,69.83999633789062,1082
2024-05-15 13:57:00+02:00,69.83000183105469,69.83000183105469,69.80000305175781,69.80000305175781,69.80000305175781,4276
2024-05-15 13:58:00+02:00,69.79000091552734,69.81999969482422,69.79000091552734,69.81999969482422,69.81999969482422,9264
2024-05-15 13:59:00+02:00,69.83000183105469,69.83000183105469,69.7699966430664,69.7699966430664,69.7699966430664,4191
2024-05-15 14:00:00+02:00,69.76000213623047,69.76000213623047,69.75,69.76000213623047,69.76000213623047,1331
2024-05-15 14:01:00+02:00,69.76000213623047,69.77999877929688,69.76000213623047,69.77999877929688,69.77999877929688,6099
2024-05-15 14:02:00+02:00,69.81999969482422,69.83000183105469,69.81999969482422,69.83000183105469,69.83000183105469,2003
2024-05-15 14:03:00+02:00,69.8499984741211,69.86000061035156,69.83999633789062,69.83999633789062,69.83999633789062,2926
2024-05-15 14:04:00+02:00,69.81999969482422,69.8499984741211,69.81999969482422,69.83999633789062,69.83999633789062,2919
2024-05-15 14:05:00+02:00,69.80999755859375,69.81999969482422,69.80000305175781,69.81999969482422,69.81999969482422,5335
2024-05-15 14:06:00+02:00,69.81999969482422,69.81999969482422,69.77999877929688,69.77999877929688,69.77999877929688,1294
2024-05-15 14:07:00+02:00,69.7699966430664,69.77999877929688,69.7699966430664,69.77999877929688,69.77999877929688,2375
2024-05-15 14:08:00+02:00,69.77999877929688,69.77999877929688,69.76000213623047,69.76000213623047,69.76000213623047,1556
2024-05-15 14:09:00+02:00,69.75,69.75,69.75,69.75,69.75,322
2024-05-15 14:10:00+02:00,69.75,69.76000213623047,69.72000122070312,69.72000122070312,69.72000122070312,7018
2024-05-15 14:11:00+02:00,69.70999908447266,69.70999908447266,69.70999908447266,69.70999908447266,69.70999908447266,134
2024-05-15 14:12:00+02:00,69.72000122070312,69.72000122070312,69.69999694824219,69.70999908447266,69.70999908447266,3790
2024-05-15 14:13:00+02:00,69.7300033569336,69.7300033569336,69.72000122070312,69.7300033569336,69.7300033569336,4606
2024-05-15 14:14:00+02:00,69.7300033569336,69.79000091552734,69.7300033569336,69.76000213623047,69.76000213623047,7107
2024-05-15 14:15:00+02:00,69.75,69.75,69.72000122070312,69.73999786376953,69.73999786376953,7373
2024-05-15 14:16:00+02:00,69.75,69.75,69.70999908447266,69.70999908447266,69.70999908447266,4650
2024-05-15 14:17:00+02:00,69.69999694824219,69.70999908447266,69.69999694824219,69.70999908447266,69.70999908447266,17188
2024-05-15 14:18:00+02:00,69.72000122070312,69.72000122070312,69.70999908447266,69.72000122070312,69.72000122070312,5663
2024-05-15 14:19:00+02:00,69.69999694824219,69.72000122070312,69.69999694824219,69.72000122070312,69.72000122070312,1743
2024-05-15 14:20:00+02:00,69.70999908447266,69.70999908447266,69.69999694824219,69.70999908447266,69.70999908447266,2406
2024-05-15 14:21:00+02:00,69.72000122070312,69.72000122070312,69.69999694824219,69.69999694824219,69.69999694824219,5240
2024-05-15 14:22:00+02:00,69.70999908447266,69.72000122070312,69.70999908447266,69.72000122070312,69.72000122070312,1162
2024-05-15 14:23:00+02:00,69.7300033569336,69.7300033569336,69.72000122070312,69.7300033569336,69.7300033569336,4261
2024-05-15 14:24:00+02:00,69.73999786376953,69.73999786376953,69.72000122070312,69.72000122070312,69.72000122070312,2841
2024-05-15 14:25:00+02:00,69.7300033569336,69.7300033569336,69.72000122070312,69.7300033569336,69.7300033569336,2677
2024-05-15 14:26:00+02:00,69.7300033569336,69.7699966430664,69.7300033569336,69.7699966430664,69.7699966430664,6666
2024-05-15 14:27:00+02:00,69.76000213623047,69.76000213623047,69.76000213623047,69.76000213623047,69.76000213623047,238
2024-05-15 14:28:00+02:00,69.7699966430664,69.7699966430664,69.7699966430664,69.7699966430664,69.7699966430664,2752
2024-05-15 14:29:00+02:00,69.7699966430664,69.77999877929688,69.69999694824219,69.70999908447266,69.70999908447266,7751
2024-05-15 14:30:00+02:00,69.70999908447266,70.06999969482422,69.69000244140625,70.06999969482422,70.06999969482422,26092
2024-05-15 14:31:00+02:00,70.05999755859375,70.0999984741211,70.0,70.02999877929688,70.02999877929688,12906
2024-05-15 14:32:00+02:00,70.01000213623047,70.0199966430664,69.91999816894531,69.94999694824219,69.94999694824219,10776
2024-05-15 14:33:00+02:00,69.91999816894531,70.01000213623047,69.91999816894531,69.9800033569336,69.9800033569336,5829
2024-05-15 14:34:00+02:00,69.94999694824219,69.95999908447266,69.87000274658203,69.87999725341797,69.87999725341797,5945
2024-05-15 14:35:00+02:00,69.87999725341797,69.94999694824219,69.87000274658203,69.94999694824219,69.94999694824219,4539
2024-05-15 14:36:00+02:00,69.94999694824219,69.97000122070312,69.94999694824219,69.97000122070312,69.97000122070312,3812
2024-05-15 14:37:00+02:00,69.97000122070312,70.0199966430664,69.95999908447266,70.0199966430664,70.0199966430664,3904
2024-05-15 14:38:00+02:00,70.0199966430664,70.0199966430664,69.94999694824219,69.9800033569336,69.9800033569336,4803
2024-05-15 14:39:00+02:00,69.9800033569336,69.9800033569336,69.93000030517578,69.97000122070312,69.97000122070312,3090
2024-05-15 14:40:00+02:00,69.95999908447266,69.98999786376953,69.94000244140625,69.94000244140625,69.94000244140625,6008
2024-05-15 14:41:00+02:00,69.91999816894531,69.91999816894531,69.86000061035156,69.9000015258789,69.9000015258789,8996
2024-05-15 14:42:00+02:00,69.86000061035156,69.87999725341797,69.80999755859375,69.86000061035156,69.86000061035156,30445
2024-05-15 14:43:00+02:00,69.87000274658203,69.93000030517578,69.86000061035156,69.91999816894531,69.91999816894531,3072
2024-05-15 14:44:00+02:00,69.91999816894531,69.93000030517578,69.9000015258789,69.91000366210938,69.91000366210938,3891
2024-05-15 14:45:00+02:00,69.94999694824219,69.94999694824219,69.9000015258789,69.91000366210938,69.91000366210938,25852
2024-05-15 14:46:00+02:00,69.93000030517578,69.93000030517578,69.9000015258789,69.9000015258789,69.9000015258789,3486
2024-05-15 14:47:00+02:00,69.88999938964844,69.9000015258789,69.87000274658203,69.9000015258789,69.9000015258789,2988
2024-05-15 14:48:00+02:00,69.91000366210938,69.94000244140625,69.91000366210938,69.91999816894531,69.91999816894531,3674
2024-05-15 14:49:00+02:00,69.91999816894531,69.94000244140625,69.87999725341797,69.87999725341797,69.87999725341797,6338
2024-05-15 14:50:00+02:00,69.88999938964844,69.93000030517578,69.87000274658203,69.93000030517578,69.93000030517578,4785
2024-05-15 14:51:00+02:00,69.93000030517578,69.93000030517578,69.9000015258789,69.9000015258789,69.9000015258789,3312
2024-05-15 14:52:00+02:00,69.91000366210938,69.93000030517578,69.9000015258789,69.93000030517578,69.93000030517578,12207
2024-05-15 14:53:00+02:00,69.91000366210938,69.91999816894531,69.88999938964844,69.9000015258789,69.9000015258789,7263
2024-05-15 14:54:00+02:00,69.9000015258789,69.9000015258789,69.87999725341797,69.87999725341797,69.87999725341797,4350
2024-05-15 14:55:00+02:00,69.87999725341797,69.87999725341797,69.81999969482422,69.83999633789062,69.83999633789062,6352
2024-05-15 14:56:00+02:00,69.83999633789062,69.83999633789062,69.79000091552734,69.80999755859375,69.80999755859375,5860
2024-05-15 14:57:00+02:00,69.79000091552734,69.79000091552734,69.7300033569336,69.7300033569336,69.7300033569336,4714
2024-05-15 14:58:00+02:00,69.73999786376953,69.76000213623047,69.72000122070312,69.72000122070312,69.72000122070312,4877
2024-05-15 14:59:00+02:00,69.7300033569336,69.75,69.7300033569336,69.75,69.75,2598
2024-05-15 15:00:00+02:00,69.75,69.75,69.7300033569336,69.7300033569336,69.7300033569336,2961
2024-05-15 15:01:00+02:00,69.73999786376953,69.73999786376953,69.7300033569336,69.73999786376953,69.73999786376953,2433
2024-05-15 15:02:00+02:00,69.7699966430664,69.7699966430664,69.73999786376953,69.75,69.75,3075
2024-05-15 15:03:00+02:00,69.73999786376953,69.76000213623047,69.73999786376953,69.76000213623047,69.76000213623047,5657
2024-05-15 15:04:00+02:00,69.75,69.77999877929688,69.75,69.77999877929688,69.77999877929688,5083
2024-05-15 15:05:00+02:00,69.77999877929688,69.80000305175781,69.77999877929688,69.80000305175781,69.80000305175781,3491
2024-05-15 15:06:00+02:00,69.80000305175781,69.80000305175781,69.76000213623047,69.76000213623047,69.76000213623047,2595
2024-05-15 15:07:00+02:00,69.7699966430664,69.7699966430664,69.73999786376953,69.75,69.75,3111
2024-05-15 15:08:00+02:00,69.77999877929688,69.80999755859375,69.77999877929688,69.80000305175781,69.80000305175781,3786
2024-05-15 15:09:00+02:00,69.77999877929688,69.81999969482422,69.77999877929688,69.81999969482422,69.81999969482422,3076
2024-05-15 15:10:00+02:00,69.81999969482422,69.83000183105469,69.81999969482422,69.81999969482422,69.81999969482422,4821
2024-05-15 15:11:00+02:00,69.81999969482422,69.81999969482422,69.76000213623047,69.7699966430664,69.7699966430664,3448
2024-05-15 15:12:00+02:00,69.77999877929688,69.79000091552734,69.7699966430664,69.79000091552734,69.79000091552734,3904
2024-05-15 15:13:00+02:00,69.80999755859375,69.80999755859375,69.79000091552734,69.79000091552734,69.79000091552734,2175
2024-05-15 15:14:00+02:00,69.79000091552734,69.79000091552734,69.73999786376953,69.75,69.75,6006
2024-05-15 15:15:00+02:00,69.73999786376953,69.73999786376953,69.66999816894531,69.66999816894531,69.66999816894531,8430
2024-05-15 15:16:00+02:00,69.66999816894531,69.69000244140625,69.66999816894531,69.69000244140625,69.69000244140625,1773
2024-05-15 15:17:00+02:00,69.69999694824219,69.72000122070312,69.69999694824219,69.72000122070312,69.72000122070312,2646
2024-05-15 15:18:00+02:00,69.70999908447266,69.7300033569336,69.70999908447266,69.7300033569336,69.7300033569336,2251
2024-05-15 15:19:00+02:00,69.72000122070312,69.7300033569336,69.72000122070312,69.7300033569336,69.7300033569336,3445
2024-05-15 15:20:00+02:00,69.73999786376953,69.73999786376953,69.70999908447266,69.70999908447266,69.70999908447266,5028
2024-05-15 15:21:00+02:00,69.69999694824219,69.69999694824219,69.69000244140625,69.69000244140625,69.69000244140625,2362
2024-05-15 15:22:00+02:00,69.68000030517578,69.68000030517578,69.66000366210938,69.66000366210938,69.66000366210938,1080
2024-05-15 15:23:00+02:00,69.6500015258789,69.66000366210938,69.6500015258789,69.66000366210938,69.66000366210938,7065
2024-05-15 15:24:00+02:00,69.6500015258789,69.68000030517578,69.6500015258789,69.66000366210938,69.66000366210938,7847
2024-05-15 15:25:00+02:00,69.6500015258789,69.6500015258789,69.58999633789062,69.58999633789062,69.58999633789062,5349
2024-05-15 15:26:00+02:00,69.58999633789062,69.61000061035156,69.55999755859375,69.55999755859375,69.55999755859375,7054
2024-05-15 15:27:00+02:00,69.55000305175781,69.58000183105469,69.55000305175781,69.58000183105469,69.58000183105469,8726
2024-05-15 15:28:00+02:00,69.58999633789062,69.61000061035156,69.58999633789062,69.5999984741211,69.5999984741211,1502
2024-05-15 15:29:00+02:00,69.5999984741211,69.63999938964844,69.5999984741211,69.63999938964844,69.63999938964844,4351
2024-05-15 15:30:00+02:00,69.63999938964844,69.68000030517578,69.62999725341797,69.66999816894531,69.66999816894531,7734
2024-05-15 15:31:00+02:00,69.68000030517578,69.68000030517578,69.5999984741211,69.62000274658203,69.62000274658203,5349
2024-05-15 15:32:00+02:00,69.58999633789062,69.58999633789062,69.56999969482422,69.58000183105469,69.58000183105469,7708
2024-05-15 15:33:00+02:00,69.56999969482422,69.58000183105469,69.56999969482422,69.58000183105469,69.58000183105469,3576
2024-05-15 15:34:00+02:00,69.56999969482422,69.58000183105469,69.52999877929688,69.52999877929688,69.52999877929688,5514
2024-05-15 15:35:00+02:00,69.5199966430664,69.5199966430664,69.47000122070312,69.4800033569336,69.4800033569336,17506
2024-05-15 15:36:00+02:00,69.47000122070312,69.47000122070312,69.41000366210938,69.43000030517578,69.43000030517578,10602
2024-05-15 15:37:00+02:00,69.43000030517578,69.45999908447266,69.43000030517578,69.43000030517578,69.43000030517578,5637
2024-05-15 15:38:00+02:00,69.44000244140625,69.47000122070312,69.44000244140625,69.44999694824219,69.44999694824219,4776
2024-05-15 15:39:00+02:00,69.44999694824219,69.47000122070312,69.44999694824219,69.47000122070312,69.47000122070312,3766
2024-05-15 15:40:00+02:00,69.47000122070312,69.47000122070312,69.43000030517578,69.44000244140625,69.44000244140625,5070
2024-05-15 15:41:00+02:00,69.44999694824219,69.48999786376953,69.44999694824219,69.48999786376953,69.48999786376953,2503
2024-05-15 15:42:00+02:00,69.48999786376953,69.5199966430664,69.48999786376953,69.5199966430664,69.5199966430664,3503
2024-05-15 15:43:00+02:00,69.5199966430664,69.5199966430664,69.45999908447266,69.47000122070312,69.47000122070312,9605
2024-05-15 15:44:00+02:00,69.47000122070312,69.48999786376953,69.45999908447266,69.48999786376953,69.48999786376953,6101
2024-05-15 15:45:00+02:00,69.5,69.51000213623047,69.47000122070312,69.48999786376953,69.48999786376953,3786
2024-05-15 15:46:00+02:00,69.44999694824219,69.48999786376953,69.44999694824219,69.48999786376953,69.48999786376953,3069
2024-05-15 15:47:00+02:00,69.47000122070312,69.48999786376953,69.47000122070312,69.48999786376953,69.48999786376953,4602
2024-05-15 15:48:00+02:00,69.4800033569336,69.5,69.4800033569336,69.5,69.5,7224
2024-05-15 15:49:00+02:00,69.5,69.5,69.4000015258789,69.4000015258789,69.4000015258789,8299
2024-05-15 15:50:00+02:00,69.37999725341797,69.41999816894531,69.37000274658203,69.41000366210938,69.41000366210938,14672
2024-05-15 15:51:00+02:00,69.4000015258789,69.4000015258789,69.37999725341797,69.38999938964844,69.38999938964844,3551
2024-05-15 15:52:00+02:00,69.37999725341797,69.37999725341797,69.33999633789062,69.37000274658203,69.37000274658203,8267
2024-05-15 15:53:00+02:00,69.37999725341797,69.41999816894531,69.3499984741211,69.37999725341797,69.37999725341797,11530
2024-05-15 15:54:00+02:00,69.38999938964844,69.38999938964844,69.3499984741211,69.37000274658203,69.37000274658203,10071
2024-05-15 15:55:00+02:00,69.37999725341797,69.38999938964844,69.3499984741211,69.3499984741211,69.3499984741211,3939
2024-05-15 15:56:00+02:00,69.33999633789062,69.37999725341797,69.33999633789062,69.37999725341797,69.37999725341797,2379
2024-05-15 15:57:00+02:00,69.37000274658203,69.37000274658203,69.3499984741211,69.3499984741211,69.3499984741211,6010
2024-05-15 15:58:00+02:00,69.36000061035156,69.36000061035156,69.33999633789062,69.33999633789062,69.33999633789062,5219
2024-05-15 15:59:00+02:00,69.33999633789062,69.33999633789062,69.30000305175781,69.30000305175781,69.30000305175781,5374
2024-05-15 16:00:00+02:00,69.30000305175781,69.30999755859375,69.29000091552734,69.29000091552734,69.29000091552734,5744
2024-05-15 16:01:00+02:00,69.27999877929688,69.33999633789062,69.2699966430664,69.29000091552734,69.29000091552734,9173
2024-05-15 16:02:00+02:00,69.27999877929688,69.27999877929688,69.23999786376953,69.25,69.25,5715
2024-05-15 16:03:00+02:00,69.23999786376953,69.25,69.23999786376953,69.23999786376953,69.23999786376953,3082
2024-05-15 16:04:00+02:00,69.23999786376953,69.2699966430664,69.22000122070312,69.22000122070312,69.22000122070312,18189
2024-05-15 16:05:00+02:00,69.2300033569336,69.30000305175781,69.2300033569336,69.30000305175781,69.30000305175781,8018
2024-05-15 16:06:00+02:00,69.27999877929688,69.29000091552734,69.27999877929688,69.29000091552734,69.29000091552734,4374
2024-05-15 16:07:00+02:00,69.27999877929688,69.27999877929688,69.25,69.25,69.25,3465
2024-05-15 16:08:00+02:00,69.2699966430664,69.29000091552734,69.2699966430664,69.27999877929688,69.27999877929688,3701
2024-05-15 16:09:00+02:00,69.2699966430664,69.2699966430664,69.26000213623047,69.26000213623047,69.26000213623047,4922
2024-05-15 16:10:00+02:00,69.26000213623047,69.26000213623047,69.23999786376953,69.23999786376953,69.23999786376953,5654
2024-05-15 16:11:00+02:00,69.2300033569336,69.2300033569336,69.19999694824219,69.20999908447266,69.20999908447266,5854
2024-05-15 16:12:00+02:00,69.19999694824219,69.19999694824219,69.18000030517578,69.18000030517578,69.18000030517578,2699
2024-05-15 16:13:00+02:00,69.1500015258789,69.16999816894531,69.12000274658203,69.12999725341797,69.12999725341797,5864
2024-05-15 16:14:00+02:00,69.13999938964844,69.13999938964844,69.12000274658203,69.12999725341797,69.12999725341797,3818
2024-05-15 16:15:00+02:00,69.13999938964844,69.13999938964844,69.12999725341797,69.13999938964844,69.13999938964844,3704
2024-05-15 16:16:00+02:00,69.13999938964844,69.16999816894531,69.13999938964844,69.16999816894531,69.16999816894531,6550
2024-05-15 16:17:00+02:00,69.16000366210938,69.16000366210938,69.1500015258789,69.1500015258789,69.1500015258789,1705
2024-05-15 16:18:00+02:00,69.1500015258789,69.1500015258789,69.1500015258789,69.1500015258789,69.1500015258789,2122
2024-05-15 16:19:00+02:00,69.12999725341797,69.1500015258789,69.12999725341797,69.12999725341797,69.12999725341797,7352
2024-05-15 16:20:00+02:00,69.13999938964844,69.16000366210938,69.13999938964844,69.16000366210938,69.16000366210938,5766
2024-05-15 16:21:00+02:00,69.12999725341797,69.12999725341797,69.12999725341797,69.12999725341797,69.12999725341797,703
2024-05-15 16:22:00+02:00,69.12000274658203,69.12000274658203,69.11000061035156,69.11000061035156,69.11000061035156,4010
2024-05-15 16:23:00+02:00,69.11000061035156,69.12000274658203,69.11000061035156,69.12000274658203,69.12000274658203,3485
2024-05-15 16:24:00+02:00,69.12000274658203,69.12999725341797,69.12000274658203,69.12000274658203,69.12000274658203,1471
2024-05-15 16:25:00+02:00,69.0999984741211,69.11000061035156,69.0999984741211,69.11000061035156,69.11000061035156,2538
2024-05-15 16:26:00+02:00,69.0999984741211,69.0999984741211,69.06999969482422,69.06999969482422,69.06999969482422,7072
2024-05-15 16:27:00+02:00,69.08000183105469,69.08000183105469,69.08000183105469,69.08000183105469,69.08000183105469,2577
2024-05-15 16:28:00+02:00,69.08999633789062,69.0999984741211,69.08000183105469,69.0999984741211,69.0999984741211,3676
2024-05-15 16:29:00+02:00,69.11000061035156,69.11000061035156,69.08999633789062,69.08999633789062,69.08999633789062,3242
2024-05-15 16:30:00+02:00,69.08000183105469,69.08000183105469,69.06999969482422,69.06999969482422,69.06999969482422,2189
2024-05-15 16:31:00+02:00,69.08999633789062,69.0999984741211,69.08000183105469,69.0999984741211,69.0999984741211,4349
2024-05-15 16:32:00+02:00,69.0999984741211,69.0999984741211,69.08999633789062,69.0999984741211,69.0999984741211,6474
2024-05-15 16:33:00+02:00,69.0999984741211,69.0999984741211,69.05999755859375,69.05999755859375,69.05999755859375,8977
2024-05-15 16:34:00+02:00,69.05999755859375,69.08000183105469,69.05999755859375,69.05999755859375,69.05999755859375,4323
2024-05-15 16:35:00+02:00,69.06999969482422,69.08000183105469,69.05000305175781,69.08000183105469,69.08000183105469,5824
2024-05-15 16:36:00+02:00,69.08999633789062,69.1500015258789,69.08999633789062,69.12999725341797,69.12999725341797,5774
2024-05-15 16:37:00+02:00,69.13999938964844,69.16999816894531,69.13999938964844,69.1500015258789,69.1500015258789,5436
2024-05-15 16:38:00+02:00,69.13999938964844,69.16000366210938,69.13999938964844,69.16000366210938,69.16000366210938,3150
2024-05-15 16:39:00+02:00,69.16000366210938,69.18000030517578,69.16000366210938,69.18000030517578,69.18000030517578,2977
2024-05-15 16:40:00+02:00,69.19000244140625,69.2300033569336,69.18000030517578,69.22000122070312,69.22000122070312,6347
2024-05-15 16:41:00+02:00,69.20999908447266,69.23999786376953,69.20999908447266,69.2300033569336,69.2300033569336,11670
2024-05-15 16:42:00+02:00,69.22000122070312,69.2300033569336,69.19999694824219,69.19999694824219,69.19999694824219,5493
2024-05-15 16:43:00+02:00,69.19000244140625,69.20999908447266,69.18000030517578,69.18000030517578,69.18000030517578,9417
2024-05-15 16:44:00+02:00,69.18000030517578,69.2300033569336,69.18000030517578,69.2300033569336,69.2300033569336,8773
2024-05-15 16:45:00+02:00,69.22000122070312,69.22000122070312,69.19999694824219,69.19999694824219,69.19999694824219,3226
2024-05-15 16:46:00+02:00,69.19000244140625,69.19999694824219,69.18000030517578,69.19999694824219,69.19999694824219,4190
2024-05-15 16:47:00+02:00,69.19000244140625,69.20999908447266,69.19000244140625,69.19999694824219,69.19999694824219,2556
2024-05-15 16:48:00+02:00,69.19999694824219,69.20999908447266,69.18000030517578,69.19999694824219,69.19999694824219,3944
2024-05-15 16:49:00+02:00,69.19999694824219,69.19999694824219,69.19000244140625,69.19999694824219,69.19999694824219,2398
2024-05-15 16:50:00+02:00,69.19000244140625,69.19999694824219,69.18000030517578,69.18000030517578,69.18000030517578,1899
2024-05-15 16:53:00+02:00,69.19999694824219,69.22000122070312,69.19000244140625,69.22000122070312,69.22000122070312,10139
2024-05-15 16:54:00+02:00,69.22000122070312,69.26000213623047,69.22000122070312,69.2300033569336,69.2300033569336,7454
2024-05-15 16:55:00+02:00,69.25,69.25,69.25,69.25,69.25,1191
2024-05-15 16:56:00+02:00,69.25,69.26000213623047,69.25,69.26000213623047,69.26000213623047,1993
2024-05-15 16:57:00+02:00,69.25,69.27999877929688,69.25,69.25,69.25,7876
2024-05-15 16:58:00+02:00,69.25,69.25,69.2300033569336,69.2300033569336,69.2300033569336,2513
2024-05-15 16:59:00+02:00,69.2300033569336,69.23999786376953,69.2300033569336,69.2300033569336,69.2300033569336,5180
2024-05-15 17:00:00+02:00,69.23999786376953,69.27999877929688,69.23999786376953,69.27999877929688,69.27999877929688,2793
2024-05-15 17:01:00+02:00,69.30000305175781,69.30999755859375,69.30000305175781,69.30999755859375,69.30999755859375,4360
2024-05-15 17:02:00+02:00,69.30000305175781,69.30000305175781,69.26000213623047,69.26000213623047,69.26000213623047,4774
2024-05-15 17:03:00+02:00,69.26000213623047,69.26000213623047,69.23999786376953,69.23999786376953,69.23999786376953,2752
2024-05-15 17:04:00+02:00,69.2300033569336,69.2300033569336,69.19000244140625,69.19999694824219,69.19999694824219,7302
2024-05-15 17:05:00+02:00,69.16999816894531,69.18000030517578,69.16999816894531,69.18000030517578,69.18000030517578,2330
2024-05-15 17:06:00+02:00,69.16999816894531,69.19999694824219,69.16999816894531,69.19999694824219,69.19999694824219,4422
2024-05-15 17:07:00+02:00,69.20999908447266,69.20999908447266,69.20999908447266,69.20999908447266,69.20999908447266,0
2024-05-15 17:08:00+02:00,69.20999908447266,69.23999786376953,69.20999908447266,69.23999786376953,69.23999786376953,2617131
2024-05-15 17:09:00+02:00,69.23999786376953,69.23999786376953,69.2300033569336,69.23999786376953,69.23999786376953,3358
2024-05-15 17:10:00+02:00,69.23999786376953,69.25,69.23999786376953,69.25,69.25,8669
2024-05-15 17:11:00+02:00,69.25,69.25,69.25,69.25,69.25,184
2024-05-15 17:12:00+02:00,69.23999786376953,69.26000213623047,69.23999786376953,69.26000213623047,69.26000213623047,4746
2024-05-15 17:13:00+02:00,69.25,69.26000213623047,69.2300033569336,69.2300033569336,69.2300033569336,9115
2024-05-15 17:14:00+02:00,69.23999786376953,69.23999786376953,69.23999786376953,69.23999786376953,69.23999786376953,2678
2024-05-15 17:15:00+02:00,69.23999786376953,69.23999786376953,69.23999786376953,69.23999786376953,69.23999786376953,1705
2024-05-15 17:16:00+02:00,69.25,69.26000213623047,69.22000122070312,69.22000122070312,69.22000122070312,9428
2024-05-15 17:17:00+02:00,69.22000122070312,69.22000122070312,69.19999694824219,69.19999694824219,69.19999694824219,3079
2024-05-15 17:18:00+02:00,69.19000244140625,69.22000122070312,69.19000244140625,69.22000122070312,69.22000122070312,6912
2024-05-15 17:19:00+02:00,69.2300033569336,69.23999786376953,69.22000122070312,69.2300033569336,69.2300033569336,4799
2024-05-15 17:20:00+02:00,69.22000122070312,69.2300033569336,69.20999908447266,69.22000122070312,69.22000122070312,10226
2024-05-15 17:21:00+02:00,69.2300033569336,69.2300033569336,69.2300033569336,69.2300033569336,69.2300033569336,2098
2024-05-15 17:22:00+02:00,69.2300033569336,69.25,69.22000122070312,69.25,69.25,10848
2024-05-15 17:23:00+02:00,69.23999786376953,69.23999786376953,69.2300033569336,69.2300033569336,69.2300033569336,3047
2024-05-15 17:24:00+02:00,69.22000122070312,69.2300033569336,69.20999908447266,69.22000122070312,69.22000122070312,7705
2024-05-15 17:25:00+02:00,69.2300033569336,69.2300033569336,69.22000122070312,69.2300033569336,69.2300033569336,15747
2024-05-15 17:26:00+02:00,69.2300033569336,69.23999786376953,69.20999908447266,69.20999908447266,69.20999908447266,25493
2024-05-15 17:27:00+02:00,69.19999694824219,69.20999908447266,69.1500015258789,69.1500015258789,69.1500015258789,25609
2024-05-15 17:28:00+02:00,69.1500015258789,69.16000366210938,69.12999725341797,69.16000366210938,69.16000366210938,10156
2024-05-15 17:29:00+02:00,69.16999816894531,69.19000244140625,69.1500015258789,69.1500015258789,69.1500015258789,15105
