Date,Open,High,Low,Close,Adj Close,Volume
2024-01-11 09:30:00-05:00,142.94000244140625,142.94000244140625,142.68499755859375,142.68499755859375,142.68499755859375,3730
2024-01-11 09:31:00-05:00,142.86500549316406,142.86500549316406,142.86500549316406,142.86500549316406,142.86500549316406,182
2024-01-11 09:33:00-05:00,142.52000427246094,142.85000610351562,142.35499572753906,142.5,142.5,2388
2024-01-11 09:35:00-05:00,142.55999755859375,142.6300048828125,142.375,142.6300048828125,142.6300048828125,1629
2024-01-11 09:36:00-05:00,142.43499755859375,142.43499755859375,142.43499755859375,142.43499755859375,142.43499755859375,245
2024-01-11 09:37:00-05:00,142.4949951171875,142.7899932861328,142.4949951171875,142.5050048828125,142.5050048828125,853
2024-01-11 09:38:00-05:00,142.52999877929688,142.5500030517578,142.52999877929688,142.5500030517578,142.5500030517578,1119
2024-01-11 09:39:00-05:00,142.56500244140625,142.59500122070312,142.56500244140625,142.59500122070312,142.59500122070312,470
2024-01-11 09:40:00-05:00,142.77000427246094,142.91000366210938,142.76499938964844,142.85000610351562,142.85000610351562,1966
2024-01-11 09:41:00-05:00,143.08999633789062,143.10499572753906,142.8800048828125,143.10499572753906,143.10499572753906,3773
2024-01-11 09:42:00-05:00,143.11000061035156,143.11000061035156,142.86000061035156,143.00999450683594,143.00999450683594,1467
2024-01-11 09:43:00-05:00,143.0,143.0,143.0,143.0,143.0,805
2024-01-11 09:44:00-05:00,142.97500610351562,142.9949951171875,142.97500610351562,142.9949951171875,142.9949951171875,470
2024-01-11 09:45:00-05:00,142.86000061035156,142.99000549316406,142.86000061035156,142.99000549316406,142.99000549316406,483
2024-01-11 09:46:00-05:00,143.1199951171875,143.13499450683594,143.05999755859375,143.05999755859375,143.05999755859375,1479
2024-01-11 09:48:00-05:00,142.88999938964844,142.88999938964844,142.72000122070312,142.72000122070312,142.72000122070312,1099
2024-01-11 09:49:00-05:00,142.5800018310547,142.5800018310547,142.5800018310547,142.5800018310547,142.5800018310547,162
2024-01-11 09:50:00-05:00,142.5399932861328,142.5399932861328,142.50999450683594,142.50999450683594,142.50999450683594,699
2024-01-11 09:51:00-05:00,142.42999267578125,142.42999267578125,142.3000030517578,142.3000030517578,142.3000030517578,275
2024-01-11 09:52:00-05:00,142.3300018310547,142.4499969482422,142.3300018310547,142.3300018310547,142.3300018310547,396
2024-01-11 09:53:00-05:00,142.32000732421875,142.32000732421875,142.30999755859375,142.30999755859375,142.30999755859375,433
2024-01-11 09:54:00-05:00,142.43499755859375,142.43499755859375,142.30999755859375,142.42999267578125,142.42999267578125,936
2024-01-11 09:55:00-05:00,142.3000030517578,142.30029296875,142.26499938964844,142.26499938964844,142.26499938964844,633
2024-01-11 09:56:00-05:00,142.27000427246094,142.42999267578125,142.27000427246094,142.4199981689453,142.4199981689453,1604
2024-01-11 09:58:00-05:00,142.30999755859375,142.30999755859375,142.3000030517578,142.3000030517578,142.3000030517578,547
2024-01-11 09:59:00-05:00,142.1999969482422,142.2100067138672,142.1999969482422,142.2100067138672,142.2100067138672,477
2024-01-11 10:00:00-05:00,142.22999572753906,142.22999572753906,141.8000030517578,141.8000030517578,141.8000030517578,1662
2024-01-11 10:01:00-05:00,141.7050018310547,141.7050018310547,141.61000061035156,141.61000061035156,141.61000061035156,406
2024-01-11 10:02:00-05:00,141.8000030517578,141.89999389648438,141.7949981689453,141.89999389648438,141.89999389648438,1568
2024-01-11 10:03:00-05:00,141.77999877929688,141.77999877929688,141.72000122070312,141.72000122070312,141.72000122070312,514
2024-01-11 10:04:00-05:00,141.6300048828125,141.6300048828125,141.42999267578125,141.42999267578125,141.42999267578125,1491
2024-01-11 10:06:00-05:00,141.44000244140625,141.44000244140625,141.30999755859375,141.30999755859375,141.30999755859375,680
2024-01-11 10:07:00-05:00,141.42999267578125,141.47000122070312,141.38999938964844,141.47000122070312,141.47000122070312,1206
2024-01-11 10:08:00-05:00,141.36000061035156,141.39999389648438,141.36000061035156,141.39999389648438,141.39999389648438,726
2024-01-11 10:09:00-05:00,141.43499755859375,141.43499755859375,141.36000061035156,141.36000061035156,141.36000061035156,635
2024-01-11 10:10:00-05:00,141.31500244140625,141.31500244140625,141.31500244140625,141.31500244140625,141.31500244140625,983
2024-01-11 10:12:00-05:00,141.5,141.5,141.49000549316406,141.49000549316406,141.49000549316406,271
2024-01-11 10:13:00-05:00,141.32000732421875,141.4949951171875,141.32000732421875,141.4949951171875,141.4949951171875,1106
2024-01-11 10:15:00-05:00,141.42999267578125,141.52000427246094,141.42999267578125,141.52000427246094,141.52000427246094,250
2024-01-11 10:16:00-05:00,141.52499389648438,141.52499389648438,141.52499389648438,141.52499389648438,141.52499389648438,647
2024-01-11 10:18:00-05:00,141.6699981689453,141.6699981689453,141.64999389648438,141.64999389648438,141.64999389648438,574
2024-01-11 10:19:00-05:00,141.72000122070312,141.7899932861328,141.6999969482422,141.7550048828125,141.7550048828125,1586
2024-01-11 10:20:00-05:00,141.7899932861328,141.82000732421875,141.7100067138672,141.7100067138672,141.7100067138672,1479
2024-01-11 10:21:00-05:00,141.7899932861328,141.7899932861328,141.7899932861328,141.7899932861328,141.7899932861328,262
2024-01-11 10:22:00-05:00,141.75,141.75,141.75,141.75,141.75,140
2024-01-11 10:23:00-05:00,141.80999755859375,141.80999755859375,141.80999755859375,141.80999755859375,141.80999755859375,283
2024-01-11 10:25:00-05:00,141.61000061035156,141.61000061035156,141.61000061035156,141.61000061035156,141.61000061035156,199
2024-01-11 10:26:00-05:00,141.60000610351562,141.60000610351562,141.5316925048828,141.5800018310547,141.5800018310547,551
2024-01-11 10:27:00-05:00,141.52999877929688,141.52999877929688,141.4199981689453,141.47999572753906,141.47999572753906,1124
2024-01-11 10:29:00-05:00,141.38999938964844,141.4499969482422,141.38999938964844,141.4199981689453,141.4199981689453,797
2024-01-11 10:30:00-05:00,141.50999450683594,141.7100067138672,141.50999450683594,141.7100067138672,141.7100067138672,2023
2024-01-11 10:31:00-05:00,141.86000061035156,141.86000061035156,141.86000061035156,141.86000061035156,141.86000061035156,487
2024-01-11 10:32:00-05:00,141.80999755859375,141.80999755859375,141.75999450683594,141.75999450683594,141.75999450683594,982
2024-01-11 10:33:00-05:00,141.69000244140625,141.69000244140625,141.69000244140625,141.69000244140625,141.69000244140625,634
2024-01-11 10:34:00-05:00,141.6199951171875,141.6199951171875,141.52000427246094,141.5749969482422,141.5749969482422,1300
2024-01-11 10:35:00-05:00,141.72999572753906,141.72999572753906,141.72999572753906,141.72999572753906,141.72999572753906,127
2024-01-11 10:37:00-05:00,141.7949981689453,141.7949981689453,141.72999572753906,141.72999572753906,141.72999572753906,519
2024-01-11 10:38:00-05:00,141.72999572753906,141.72999572753906,141.66000366210938,141.66000366210938,141.66000366210938,619
2024-01-11 10:39:00-05:00,141.75,141.75,141.6199951171875,141.6199951171875,141.6199951171875,794
2024-01-11 10:40:00-05:00,141.6999969482422,141.77000427246094,141.69000244140625,141.77000427246094,141.77000427246094,1745
2024-01-11 10:41:00-05:00,141.64999389648438,141.69000244140625,141.55999755859375,141.55999755859375,141.55999755859375,1295
2024-01-11 10:43:00-05:00,141.4600067138672,141.52000427246094,141.41000366210938,141.47500610351562,141.47500610351562,2984
2024-01-11 10:44:00-05:00,141.51499938964844,141.51499938964844,141.51499938964844,141.51499938964844,141.51499938964844,496
2024-01-11 10:45:00-05:00,141.44000244140625,141.44000244140625,141.44000244140625,141.44000244140625,141.44000244140625,484
2024-01-11 10:46:00-05:00,141.47999572753906,141.48500061035156,141.4499969482422,141.48500061035156,141.48500061035156,591
2024-01-11 10:47:00-05:00,141.4499969482422,141.4499969482422,141.41000366210938,141.41000366210938,141.41000366210938,524
2024-01-11 10:48:00-05:00,141.39999389648438,141.43499755859375,141.39999389648438,141.43499755859375,141.43499755859375,683
2024-01-11 10:49:00-05:00,141.35000610351562,141.36000061035156,141.14999389648438,141.3000030517578,141.3000030517578,2221
2024-01-11 10:50:00-05:00,141.28500366210938,141.28500366210938,141.25,141.25,141.25,733
2024-01-11 10:51:00-05:00,141.17999267578125,141.17999267578125,141.17999267578125,141.17999267578125,141.17999267578125,145
2024-01-11 10:52:00-05:00,141.19500732421875,141.19500732421875,141.14999389648438,141.18499755859375,141.18499755859375,1510
2024-01-11 10:53:00-05:00,141.1699981689453,141.1699981689453,141.10000610351562,141.1199951171875,141.1199951171875,975
2024-01-11 10:54:00-05:00,141.1199951171875,141.25,141.1199951171875,141.1999969482422,141.1999969482422,1263
2024-01-11 10:55:00-05:00,141.1750030517578,141.1750030517578,141.1750030517578,141.1750030517578,141.1750030517578,685
2024-01-11 10:56:00-05:00,141.25999450683594,141.2899932861328,141.22500610351562,141.22500610351562,141.22500610351562,1937
2024-01-11 10:57:00-05:00,141.1999969482422,141.1999969482422,141.1999969482422,141.1999969482422,141.1999969482422,121
2024-01-11 10:58:00-05:00,141.2100067138672,141.2100067138672,141.2100067138672,141.2100067138672,141.2100067138672,229
2024-01-11 10:59:00-05:00,141.13999938964844,141.1699981689453,141.1300048828125,141.1300048828125,141.1300048828125,748
2024-01-11 11:00:00-05:00,141.1699981689453,141.22999572753906,141.16000366210938,141.18499755859375,141.18499755859375,2169
2024-01-11 11:01:00-05:00,141.1199951171875,141.1199951171875,141.05999755859375,141.07000732421875,141.07000732421875,1463
2024-01-11 11:02:00-05:00,141.0749969482422,141.0749969482422,141.0749969482422,141.0749969482422,141.0749969482422,785
2024-01-11 11:04:00-05:00,141.0,141.0,141.0,141.0,141.0,316
2024-01-11 11:05:00-05:00,141.08999633789062,141.125,141.0399932861328,141.125,141.125,2032
2024-01-11 11:06:00-05:00,141.02000427246094,141.02000427246094,141.02000427246094,141.02000427246094,141.02000427246094,121
2024-01-11 11:07:00-05:00,141.0500030517578,141.0500030517578,141.0399932861328,141.0500030517578,141.0500030517578,439
2024-01-11 11:08:00-05:00,141.0050048828125,141.0050048828125,141.0050048828125,141.0050048828125,141.0050048828125,250
2024-01-11 11:09:00-05:00,141.03500366210938,141.0850067138672,141.03500366210938,141.0850067138672,141.0850067138672,1252
2024-01-11 11:11:00-05:00,141.2100067138672,141.2100067138672,141.2100067138672,141.2100067138672,141.2100067138672,516
2024-01-11 11:12:00-05:00,141.1699981689453,141.1699981689453,141.1699981689453,141.1699981689453,141.1699981689453,1253
2024-01-11 11:13:00-05:00,141.10000610351562,141.10000610351562,141.0399932861328,141.0800018310547,141.0800018310547,1682
2024-01-11 11:14:00-05:00,141.05999755859375,141.05999755859375,141.02000427246094,141.02000427246094,141.02000427246094,708
2024-01-11 11:15:00-05:00,140.94000244140625,140.94000244140625,140.94000244140625,140.94000244140625,140.94000244140625,574
2024-01-11 11:16:00-05:00,140.97000122070312,140.97000122070312,140.97000122070312,140.97000122070312,140.97000122070312,308
2024-01-11 11:17:00-05:00,140.9199981689453,140.97000122070312,140.91000366210938,140.91000366210938,140.91000366210938,1029
2024-01-11 11:18:00-05:00,140.72000122070312,140.85499572753906,140.72000122070312,140.85499572753906,140.85499572753906,1133
2024-01-11 11:19:00-05:00,140.7899932861328,140.80999755859375,140.77999877929688,140.77999877929688,140.77999877929688,771
2024-01-11 11:20:00-05:00,140.7949981689453,140.7949981689453,140.7949981689453,140.7949981689453,140.7949981689453,295
2024-01-11 11:21:00-05:00,140.8000030517578,140.8000030517578,140.8000030517578,140.8000030517578,140.8000030517578,298
2024-01-11 11:22:00-05:00,140.8000030517578,140.8000030517578,140.7899932861328,140.7899932861328,140.7899932861328,545
2024-01-11 11:23:00-05:00,140.85499572753906,140.99000549316406,140.85499572753906,140.99000549316406,140.99000549316406,4749
2024-01-11 11:24:00-05:00,140.9499969482422,140.9499969482422,140.9499969482422,140.9499969482422,140.9499969482422,793
2024-01-11 11:25:00-05:00,141.11000061035156,141.11000061035156,141.0800018310547,141.0800018310547,141.0800018310547,814
2024-01-11 11:26:00-05:00,141.1300048828125,141.1300048828125,141.00999450683594,141.00999450683594,141.00999450683594,1052
2024-01-11 11:28:00-05:00,141.0050048828125,141.00999450683594,140.92999267578125,141.0,141.0,1892
2024-01-11 11:30:00-05:00,140.9199981689453,140.9199981689453,140.91000366210938,140.91000366210938,140.91000366210938,392
2024-01-11 11:31:00-05:00,140.9199981689453,140.94000244140625,140.9199981689453,140.94000244140625,140.94000244140625,239
2024-01-11 11:32:00-05:00,140.8699951171875,140.8699951171875,140.82000732421875,140.82000732421875,140.82000732421875,908
2024-01-11 11:33:00-05:00,140.80999755859375,140.92999267578125,140.80999755859375,140.9199981689453,140.9199981689453,1301
2024-01-11 11:34:00-05:00,141.02000427246094,141.07000732421875,140.94000244140625,141.05999755859375,141.05999755859375,1040
2024-01-11 11:35:00-05:00,141.1300048828125,141.1300048828125,141.02999877929688,141.02999877929688,141.02999877929688,1752
2024-01-11 11:36:00-05:00,141.0399932861328,141.25999450683594,141.0399932861328,141.25999450683594,141.25999450683594,1269
2024-01-11 11:37:00-05:00,141.3300018310547,141.3300018310547,141.3300018310547,141.3300018310547,141.3300018310547,103
2024-01-11 11:38:00-05:00,141.2100067138672,141.2100067138672,141.19000244140625,141.2050018310547,141.2050018310547,1791
2024-01-11 11:39:00-05:00,141.14500427246094,141.14500427246094,141.14500427246094,141.14500427246094,141.14500427246094,138
2024-01-11 11:40:00-05:00,141.0800018310547,141.15499877929688,141.0800018310547,141.15499877929688,141.15499877929688,403
2024-01-11 11:41:00-05:00,141.0800018310547,141.0800018310547,141.0800018310547,141.0800018310547,141.0800018310547,523
2024-01-11 11:43:00-05:00,141.0,141.0050048828125,141.0,141.0050048828125,141.0050048828125,666
2024-01-11 11:44:00-05:00,141.02999877929688,141.02999877929688,140.96009826660156,140.96009826660156,140.96009826660156,327
2024-01-11 11:45:00-05:00,140.9600067138672,141.0800018310547,140.9600067138672,140.97000122070312,140.97000122070312,476
2024-01-11 11:46:00-05:00,140.9499969482422,141.08999633789062,140.9499969482422,141.08999633789062,141.08999633789062,1131
2024-01-11 11:47:00-05:00,141.16000366210938,141.30999755859375,141.1199951171875,141.30999755859375,141.30999755859375,744
2024-01-11 11:48:00-05:00,141.35499572753906,141.35499572753906,141.24000549316406,141.24000549316406,141.24000549316406,532
2024-01-11 11:49:00-05:00,141.2100067138672,141.2949981689453,141.2100067138672,141.2949981689453,141.2949981689453,601
2024-01-11 11:50:00-05:00,141.30499267578125,141.36000061035156,141.27000427246094,141.36000061035156,141.36000061035156,1750
2024-01-11 11:51:00-05:00,141.32000732421875,141.32000732421875,141.24000549316406,141.24000549316406,141.24000549316406,1329
2024-01-11 11:53:00-05:00,141.0399932861328,141.0399932861328,140.9600067138672,140.9600067138672,140.9600067138672,716
2024-01-11 11:54:00-05:00,141.02999877929688,141.02999877929688,140.9499969482422,140.9499969482422,140.9499969482422,421
2024-01-11 11:55:00-05:00,140.91000366210938,140.91000366210938,140.91000366210938,140.91000366210938,140.91000366210938,175
2024-01-11 11:56:00-05:00,140.9199981689453,140.9199981689453,140.86000061035156,140.9149932861328,140.9149932861328,928
2024-01-11 11:57:00-05:00,140.9600067138672,140.99000549316406,140.9600067138672,140.99000549316406,140.99000549316406,2228
2024-01-11 11:58:00-05:00,141.02000427246094,141.02999877929688,141.00999450683594,141.00999450683594,141.00999450683594,715
2024-01-11 11:59:00-05:00,141.05999755859375,141.05999755859375,141.02999877929688,141.02999877929688,141.02999877929688,1235
2024-01-11 12:01:00-05:00,141.06500244140625,141.13999938964844,141.06500244140625,141.08999633789062,141.08999633789062,1779
2024-01-11 12:02:00-05:00,141.07000732421875,141.07000732421875,141.07000732421875,141.07000732421875,141.07000732421875,1136
2024-01-11 12:03:00-05:00,141.0500030517578,141.2100067138672,141.0500030517578,141.2100067138672,141.2100067138672,2150
2024-01-11 12:06:00-05:00,141.19500732421875,141.19500732421875,141.19500732421875,141.19500732421875,141.19500732421875,445
2024-01-11 12:09:00-05:00,141.22999572753906,141.25999450683594,141.22999572753906,141.25999450683594,141.25999450683594,1110
2024-01-11 12:11:00-05:00,141.30999755859375,141.32000732421875,141.30999755859375,141.32000732421875,141.32000732421875,613
2024-01-11 12:12:00-05:00,141.3300018310547,141.3300018310547,141.3300018310547,141.3300018310547,141.3300018310547,508
2024-01-11 12:13:00-05:00,141.3000030517578,141.3000030517578,141.3000030517578,141.3000030517578,141.3000030517578,219
2024-01-11 12:14:00-05:00,141.27000427246094,141.27999877929688,141.27000427246094,141.27999877929688,141.27999877929688,707
2024-01-11 12:15:00-05:00,141.2899932861328,141.2899932861328,141.1999969482422,141.1999969482422,141.1999969482422,996
2024-01-11 12:16:00-05:00,141.25,141.25,141.25,141.25,141.25,581
2024-01-11 12:17:00-05:00,141.32000732421875,141.32000732421875,141.27000427246094,141.27000427246094,141.27000427246094,734
2024-01-11 12:18:00-05:00,141.25999450683594,141.25999450683594,141.25999450683594,141.25999450683594,141.25999450683594,403
2024-01-11 12:20:00-05:00,141.24000549316406,141.3300018310547,141.22000122070312,141.32000732421875,141.32000732421875,2250
2024-01-11 12:21:00-05:00,141.27000427246094,141.27000427246094,141.27000427246094,141.27000427246094,141.27000427246094,466
2024-01-11 12:22:00-05:00,141.2100067138672,141.2100067138672,141.1699981689453,141.19000244140625,141.19000244140625,583
2024-01-11 12:23:00-05:00,141.24000549316406,141.25999450683594,141.24000549316406,141.24000549316406,141.24000549316406,756
2024-01-11 12:24:00-05:00,141.27000427246094,141.3000030517578,141.27000427246094,141.3000030517578,141.3000030517578,902
2024-01-11 12:25:00-05:00,141.3300018310547,141.3300018310547,141.3300018310547,141.3300018310547,141.3300018310547,1030
2024-01-11 12:28:00-05:00,141.3300018310547,141.35000610351562,141.32000732421875,141.32000732421875,141.32000732421875,1995
2024-01-11 12:29:00-05:00,141.3300018310547,141.39999389648438,141.3000030517578,141.3000030517578,141.3000030517578,1625
2024-01-11 12:31:00-05:00,141.33999633789062,141.33999633789062,141.33999633789062,141.33999633789062,141.33999633789062,163
2024-01-11 12:32:00-05:00,141.38999938964844,141.38999938964844,141.38999938964844,141.38999938964844,141.38999938964844,170
2024-01-11 12:33:00-05:00,141.35000610351562,141.35000610351562,141.3300018310547,141.34500122070312,141.34500122070312,573
2024-01-11 12:34:00-05:00,141.3300018310547,141.3300018310547,141.3300018310547,141.3300018310547,141.3300018310547,185
2024-01-11 12:35:00-05:00,141.4199981689453,141.4199981689453,141.3249969482422,141.3249969482422,141.3249969482422,642
2024-01-11 12:36:00-05:00,141.2899932861328,141.30999755859375,141.2899932861328,141.30999755859375,141.30999755859375,860
2024-01-11 12:37:00-05:00,141.24000549316406,141.24000549316406,141.24000549316406,141.24000549316406,141.24000549316406,383
2024-01-11 12:38:00-05:00,141.27999877929688,141.3000030517578,141.25,141.3000030517578,141.3000030517578,1259
2024-01-11 12:39:00-05:00,141.3350067138672,141.3350067138672,141.3350067138672,141.3350067138672,141.3350067138672,495
2024-01-11 12:40:00-05:00,141.3699951171875,141.39999389648438,141.3699951171875,141.39999389648438,141.39999389648438,1259
2024-01-11 12:41:00-05:00,141.47000122070312,141.48500061035156,141.47000122070312,141.48500061035156,141.48500061035156,426
2024-01-11 12:43:00-05:00,141.5749969482422,141.5749969482422,141.5399932861328,141.5399932861328,141.5399932861328,298
2024-01-11 12:44:00-05:00,141.6300048828125,141.6300048828125,141.5800018310547,141.5800018310547,141.5800018310547,868
2024-01-11 12:45:00-05:00,141.5800018310547,141.5800018310547,141.5800018310547,141.5800018310547,141.5800018310547,243
2024-01-11 12:47:00-05:00,141.57000732421875,141.5800018310547,141.5500030517578,141.5500030517578,141.5500030517578,1175
2024-01-11 12:49:00-05:00,141.5850067138672,141.6199951171875,141.5850067138672,141.6199951171875,141.6199951171875,1294
2024-01-11 12:50:00-05:00,141.69000244140625,141.69000244140625,141.69000244140625,141.69000244140625,141.69000244140625,1833
2024-01-11 12:53:00-05:00,141.67999267578125,141.67999267578125,141.63999938964844,141.63999938964844,141.63999938964844,809
2024-01-11 12:54:00-05:00,141.66000366210938,141.67999267578125,141.6300048828125,141.67999267578125,141.67999267578125,695
2024-01-11 12:55:00-05:00,141.6300048828125,141.6300048828125,141.5800018310547,141.5800018310547,141.5800018310547,706
2024-01-11 12:56:00-05:00,141.57000732421875,141.57000732421875,141.57000732421875,141.57000732421875,141.57000732421875,483
2024-01-11 12:57:00-05:00,141.52999877929688,141.52999877929688,141.52999877929688,141.52999877929688,141.52999877929688,345
2024-01-11 12:58:00-05:00,141.5399932861328,141.5749969482422,141.5399932861328,141.5749969482422,141.5749969482422,539
2024-01-11 12:59:00-05:00,141.60000610351562,141.69000244140625,141.60000610351562,141.6699981689453,141.6699981689453,1569
2024-01-11 13:00:00-05:00,141.69000244140625,141.6999969482422,141.69000244140625,141.6999969482422,141.6999969482422,594
2024-01-11 13:01:00-05:00,141.67999267578125,141.67999267578125,141.67999267578125,141.67999267578125,141.67999267578125,1591
2024-01-11 13:03:00-05:00,141.72999572753906,141.72999572753906,141.72999572753906,141.72999572753906,141.72999572753906,307
2024-01-11 13:04:00-05:00,141.69000244140625,141.69000244140625,141.69000244140625,141.69000244140625,141.69000244140625,281
2024-01-11 13:05:00-05:00,141.72000122070312,141.7550048828125,141.72000122070312,141.7550048828125,141.7550048828125,477
2024-01-11 13:06:00-05:00,141.77000427246094,141.8300018310547,141.77000427246094,141.8300018310547,141.8300018310547,774
2024-01-11 13:07:00-05:00,141.66000366210938,141.66000366210938,141.63999938964844,141.63999938964844,141.63999938964844,749
2024-01-11 13:08:00-05:00,141.74000549316406,141.74000549316406,141.72999572753906,141.72999572753906,141.72999572753906,387
2024-01-11 13:09:00-05:00,141.75,141.75,141.72000122070312,141.72000122070312,141.72000122070312,752
2024-01-11 13:10:00-05:00,141.8000030517578,141.8000030517578,141.8000030517578,141.8000030517578,141.8000030517578,635
2024-01-11 13:12:00-05:00,141.76499938964844,141.76499938964844,141.76499938964844,141.76499938964844,141.76499938964844,316
2024-01-11 13:14:00-05:00,141.72000122070312,141.7270050048828,141.72000122070312,141.7270050048828,141.7270050048828,606
2024-01-11 13:15:00-05:00,141.76499938964844,141.76499938964844,141.76499938964844,141.76499938964844,141.76499938964844,193
2024-01-11 13:16:00-05:00,141.80999755859375,141.83999633789062,141.80999755859375,141.83999633789062,141.83999633789062,1346
2024-01-11 13:18:00-05:00,141.94000244140625,141.9600067138672,141.94000244140625,141.9600067138672,141.9600067138672,347
2024-01-11 13:19:00-05:00,141.88999938964844,141.88999938964844,141.86000061035156,141.86000061035156,141.86000061035156,545
2024-01-11 13:20:00-05:00,141.85000610351562,141.85000610351562,141.85000610351562,141.85000610351562,141.85000610351562,384
2024-01-11 13:21:00-05:00,141.8300018310547,141.8800048828125,141.8300018310547,141.8800048828125,141.8800048828125,685
2024-01-11 13:22:00-05:00,141.8249969482422,141.8300018310547,141.8249969482422,141.8300018310547,141.8300018310547,410
2024-01-11 13:23:00-05:00,141.7899932861328,141.7899932861328,141.7899932861328,141.7899932861328,141.7899932861328,125
2024-01-11 13:25:00-05:00,141.8000030517578,141.8000030517578,141.8000030517578,141.8000030517578,141.8000030517578,320
2024-01-11 13:26:00-05:00,141.8000030517578,141.8800048828125,141.8000030517578,141.8800048828125,141.8800048828125,2593
2024-01-11 13:27:00-05:00,141.89999389648438,141.91000366210938,141.89999389648438,141.91000366210938,141.91000366210938,333
2024-01-11 13:28:00-05:00,141.94000244140625,141.97000122070312,141.94000244140625,141.9600067138672,141.9600067138672,1188
2024-01-11 13:29:00-05:00,141.92999267578125,141.92999267578125,141.91000366210938,141.91000366210938,141.91000366210938,1077
2024-01-11 13:30:00-05:00,141.86000061035156,141.86000061035156,141.86000061035156,141.86000061035156,141.86000061035156,138
2024-01-11 13:31:00-05:00,141.83999633789062,141.83999633789062,141.83999633789062,141.83999633789062,141.83999633789062,197
2024-01-11 13:32:00-05:00,141.88999938964844,141.88999938964844,141.88999938964844,141.88999938964844,141.88999938964844,228
2024-01-11 13:33:00-05:00,141.8800048828125,141.8800048828125,141.77999877929688,141.77999877929688,141.77999877929688,1117
2024-01-11 13:35:00-05:00,141.80999755859375,141.80999755859375,141.7899932861328,141.7899932861328,141.7899932861328,885
2024-01-11 13:36:00-05:00,141.72999572753906,141.72999572753906,141.72999572753906,141.72999572753906,141.72999572753906,321
2024-01-11 13:38:00-05:00,141.72999572753906,141.72999572753906,141.72999572753906,141.72999572753906,141.72999572753906,270
2024-01-11 13:40:00-05:00,141.72999572753906,141.75,141.66000366210938,141.7100067138672,141.7100067138672,1884
2024-01-11 13:41:00-05:00,141.7100067138672,141.7100067138672,141.7100067138672,141.7100067138672,141.7100067138672,447
2024-01-11 13:43:00-05:00,141.67999267578125,141.75,141.67999267578125,141.75,141.75,2023
2024-01-11 13:44:00-05:00,141.69000244140625,141.69000244140625,141.69000244140625,141.69000244140625,141.69000244140625,468
2024-01-11 13:45:00-05:00,141.6300048828125,141.6300048828125,141.6300048828125,141.6300048828125,141.6300048828125,333
2024-01-11 13:46:00-05:00,141.6300048828125,141.6300048828125,141.60000610351562,141.60000610351562,141.60000610351562,488
2024-01-11 13:47:00-05:00,141.60000610351562,141.60000610351562,141.60000610351562,141.60000610351562,141.60000610351562,401
2024-01-11 13:49:00-05:00,141.5800018310547,141.60000610351562,141.5800018310547,141.60000610351562,141.60000610351562,500
2024-01-11 13:50:00-05:00,141.5399932861328,141.5399932861328,141.50999450683594,141.50999450683594,141.50999450683594,874
2024-01-11 13:51:00-05:00,141.5,141.6199951171875,141.5,141.60000610351562,141.60000610351562,1968
2024-01-11 13:52:00-05:00,141.67999267578125,141.75,141.67999267578125,141.7100067138672,141.7100067138672,1096
2024-01-11 13:53:00-05:00,141.74000549316406,141.8000030517578,141.74000549316406,141.8000030517578,141.8000030517578,950
2024-01-11 13:54:00-05:00,141.82000732421875,141.8300018310547,141.82000732421875,141.8300018310547,141.8300018310547,380
2024-01-11 13:55:00-05:00,141.97000122070312,141.97000122070312,141.97000122070312,141.97000122070312,141.97000122070312,133
2024-01-11 13:56:00-05:00,141.96499633789062,141.96499633789062,141.96499633789062,141.96499633789062,141.96499633789062,215
2024-01-11 13:57:00-05:00,141.97500610351562,141.99000549316406,141.97500610351562,141.99000549316406,141.99000549316406,515
2024-01-11 13:59:00-05:00,142.0050048828125,142.0050048828125,142.0050048828125,142.0050048828125,142.0050048828125,286
2024-01-11 14:00:00-05:00,142.0050048828125,142.08999633789062,141.97999572753906,141.97999572753906,141.97999572753906,4897
2024-01-11 14:01:00-05:00,141.91000366210938,141.92999267578125,141.91000366210938,141.92999267578125,141.92999267578125,372
2024-01-11 14:02:00-05:00,141.9499969482422,141.9499969482422,141.9199981689453,141.9199981689453,141.9199981689453,492
2024-01-11 14:03:00-05:00,141.97000122070312,141.97000122070312,141.97000122070312,141.97000122070312,141.97000122070312,306
2024-01-11 14:04:00-05:00,141.9199981689453,141.9199981689453,141.88999938964844,141.88999938964844,141.88999938964844,945
2024-01-11 14:05:00-05:00,141.85000610351562,141.85000610351562,141.8000030517578,141.80999755859375,141.80999755859375,1347
2024-01-11 14:07:00-05:00,141.85000610351562,141.85000610351562,141.85000610351562,141.85000610351562,141.85000610351562,235
2024-01-11 14:08:00-05:00,141.86500549316406,141.86500549316406,141.7949981689453,141.7949981689453,141.7949981689453,1348
2024-01-11 14:10:00-05:00,141.75,141.75,141.75,141.75,141.75,123
2024-01-11 14:11:00-05:00,141.78500366210938,141.8300018310547,141.78500366210938,141.82000732421875,141.82000732421875,766
2024-01-11 14:12:00-05:00,141.85000610351562,141.92999267578125,141.85000610351562,141.92999267578125,141.92999267578125,911
2024-01-11 14:14:00-05:00,141.90499877929688,141.92999267578125,141.90499877929688,141.92999267578125,141.92999267578125,717
2024-01-11 14:19:00-05:00,141.97999572753906,141.99839782714844,141.9499969482422,141.99839782714844,141.99839782714844,2871
2024-01-11 14:20:00-05:00,141.97000122070312,142.08999633789062,141.97000122070312,142.08999633789062,142.08999633789062,2116
2024-01-11 14:21:00-05:00,142.0500030517578,142.0500030517578,141.99000549316406,141.99000549316406,141.99000549316406,2112
2024-01-11 14:22:00-05:00,142.05999755859375,142.05999755859375,141.96499633789062,141.96499633789062,141.96499633789062,712
2024-01-11 14:23:00-05:00,142.00999450683594,142.05999755859375,141.9600067138672,141.9600067138672,141.9600067138672,1822
2024-01-11 14:25:00-05:00,141.92999267578125,141.9949951171875,141.91000366210938,141.9949951171875,141.9949951171875,1581
2024-01-11 14:28:00-05:00,142.0399932861328,142.07000732421875,142.0399932861328,142.07000732421875,142.07000732421875,1633
2024-01-11 14:29:00-05:00,142.10000610351562,142.1699981689453,142.10000610351562,142.10000610351562,142.10000610351562,2590
2024-01-11 14:31:00-05:00,142.1699981689453,142.1699981689453,142.1699981689453,142.1699981689453,142.1699981689453,282
2024-01-11 14:33:00-05:00,142.08999633789062,142.08999633789062,141.99000549316406,141.99000549316406,141.99000549316406,1373
2024-01-11 14:34:00-05:00,142.00999450683594,142.0500030517578,142.00999450683594,142.0225067138672,142.0225067138672,1045
2024-01-11 14:35:00-05:00,142.0399932861328,142.0399932861328,142.0399932861328,142.0399932861328,142.0399932861328,306
2024-01-11 14:36:00-05:00,142.0800018310547,142.0800018310547,142.0800018310547,142.0800018310547,142.0800018310547,532
2024-01-11 14:37:00-05:00,142.02000427246094,142.0500030517578,141.99000549316406,142.0,142.0,1459
2024-01-11 14:38:00-05:00,141.97000122070312,141.97000122070312,141.97000122070312,141.97000122070312,141.97000122070312,194
2024-01-11 14:39:00-05:00,142.00999450683594,142.0399932861328,142.0,142.0399932861328,142.0399932861328,1432
2024-01-11 14:40:00-05:00,142.0500030517578,142.0500030517578,142.0500030517578,142.0500030517578,142.0500030517578,189
2024-01-11 14:41:00-05:00,142.06500244140625,142.06500244140625,142.06500244140625,142.06500244140625,142.06500244140625,272
2024-01-11 14:42:00-05:00,142.07000732421875,142.07000732421875,142.07000732421875,142.07000732421875,142.07000732421875,153
2024-01-11 14:43:00-05:00,142.0399932861328,142.0399932861328,142.00999450683594,142.00999450683594,142.00999450683594,934
2024-01-11 14:44:00-05:00,142.0449981689453,142.0800018310547,142.00999450683594,142.00999450683594,142.00999450683594,845
2024-01-11 14:45:00-05:00,142.0500030517578,142.0800018310547,142.0500030517578,142.0800018310547,142.0800018310547,1509
2024-01-11 14:46:00-05:00,142.10000610351562,142.10000610351562,142.0800018310547,142.10000610351562,142.10000610351562,1205
2024-01-11 14:47:00-05:00,142.0800018310547,142.0850067138672,142.02999877929688,142.0500030517578,142.0500030517578,1538
2024-01-11 14:48:00-05:00,142.0399932861328,142.0399932861328,141.97999572753906,142.0399932861328,142.0399932861328,1853
2024-01-11 14:49:00-05:00,142.02000427246094,142.02000427246094,142.02000427246094,142.02000427246094,142.02000427246094,282
2024-01-11 14:50:00-05:00,142.02999877929688,142.1199951171875,142.02999877929688,142.10000610351562,142.10000610351562,1631
2024-01-11 14:51:00-05:00,142.13999938964844,142.19000244140625,142.13999938964844,142.19000244140625,142.19000244140625,1553
2024-01-11 14:52:00-05:00,142.1699981689453,142.1999969482422,142.1699981689453,142.1999969482422,142.1999969482422,691
2024-01-11 14:55:00-05:00,142.22000122070312,142.24000549316406,142.22000122070312,142.24000549316406,142.24000549316406,972
2024-01-11 14:56:00-05:00,142.25999450683594,142.32000732421875,142.25999450683594,142.32000732421875,142.32000732421875,2549
2024-01-11 14:58:00-05:00,142.31500244140625,142.31500244140625,142.30999755859375,142.30999755859375,142.30999755859375,481
2024-01-11 14:59:00-05:00,142.2899932861328,142.2899932861328,142.28500366210938,142.28500366210938,142.28500366210938,888
2024-01-11 15:00:00-05:00,142.30999755859375,142.33999633789062,142.25,142.25,142.25,2778
2024-01-11 15:01:00-05:00,142.25,142.25,142.2100067138672,142.22000122070312,142.22000122070312,1396
2024-01-11 15:02:00-05:00,142.17999267578125,142.17999267578125,142.1699981689453,142.1750030517578,142.1750030517578,1601
2024-01-11 15:03:00-05:00,142.2100067138672,142.2100067138672,142.1999969482422,142.1999969482422,142.1999969482422,423
2024-01-11 15:04:00-05:00,142.14999389648438,142.2100067138672,142.14999389648438,142.2100067138672,142.2100067138672,1432
2024-01-11 15:05:00-05:00,142.2050018310547,142.2050018310547,142.2050018310547,142.2050018310547,142.2050018310547,417
2024-01-11 15:06:00-05:00,142.1699981689453,142.1699981689453,142.1699981689453,142.1699981689453,142.1699981689453,296
2024-01-11 15:07:00-05:00,142.13999938964844,142.13999938964844,142.125,142.125,142.125,1034
2024-01-11 15:08:00-05:00,142.05999755859375,142.05999755859375,141.99000549316406,141.99000549316406,141.99000549316406,698
2024-01-11 15:09:00-05:00,142.07000732421875,142.11500549316406,142.05999755859375,142.11500549316406,142.11500549316406,1973
2024-01-11 15:10:00-05:00,142.02999877929688,142.0749969482422,141.97999572753906,142.0500030517578,142.0500030517578,1700
2024-01-11 15:11:00-05:00,142.0800018310547,142.0800018310547,142.07000732421875,142.0800018310547,142.0800018310547,1055
2024-01-11 15:12:00-05:00,142.13999938964844,142.16000366210938,142.08999633789062,142.10000610351562,142.10000610351562,1934
2024-01-11 15:13:00-05:00,142.0800018310547,142.0800018310547,142.0800018310547,142.0800018310547,142.0800018310547,264
2024-01-11 15:15:00-05:00,142.0800018310547,142.0800018310547,142.00999450683594,142.0500030517578,142.0500030517578,1170
2024-01-11 15:16:00-05:00,142.0050048828125,142.0050048828125,142.0050048828125,142.0050048828125,142.0050048828125,533
2024-01-11 15:17:00-05:00,141.9600067138672,141.9600067138672,141.92999267578125,141.92999267578125,141.92999267578125,1111
2024-01-11 15:18:00-05:00,141.97999572753906,141.97999572753906,141.94000244140625,141.94000244140625,141.94000244140625,1363
2024-01-11 15:19:00-05:00,141.99000549316406,142.0449981689453,141.97999572753906,142.0449981689453,142.0449981689453,1723
2024-01-11 15:20:00-05:00,142.07000732421875,142.19000244140625,142.07000732421875,142.1300048828125,142.1300048828125,1442
2024-01-11 15:21:00-05:00,142.13999938964844,142.1699981689453,142.1199951171875,142.1300048828125,142.1300048828125,1530
2024-01-11 15:22:00-05:00,142.13999938964844,142.16000366210938,142.13999938964844,142.13999938964844,142.13999938964844,311
2024-01-11 15:23:00-05:00,142.1300048828125,142.1300048828125,142.05999755859375,142.08999633789062,142.08999633789062,1071
2024-01-11 15:24:00-05:00,142.10000610351562,142.10000610351562,142.05999755859375,142.05999755859375,142.05999755859375,1367
2024-01-11 15:25:00-05:00,142.10000610351562,142.19000244140625,142.0850067138672,142.19000244140625,142.19000244140625,6372
2024-01-11 15:26:00-05:00,142.1699981689453,142.18409729003906,142.1699981689453,142.18409729003906,142.18409729003906,632
2024-01-11 15:27:00-05:00,142.13999938964844,142.15699768066406,142.13999938964844,142.15699768066406,142.15699768066406,1607
2024-01-11 15:28:00-05:00,142.16000366210938,142.16000366210938,142.05999755859375,142.05999755859375,142.05999755859375,1614
2024-01-11 15:29:00-05:00,142.0500030517578,142.05999755859375,142.02000427246094,142.0399932861328,142.0399932861328,1038
2024-01-11 15:30:00-05:00,142.05999755859375,142.08999633789062,142.02999877929688,142.0449981689453,142.0449981689453,4437
2024-01-11 15:31:00-05:00,142.0800018310547,142.13999938964844,142.05999755859375,142.1300048828125,142.1300048828125,4082
2024-01-11 15:32:00-05:00,142.14500427246094,142.1790008544922,142.14500427246094,142.1790008544922,142.1790008544922,598
2024-01-11 15:33:00-05:00,142.14500427246094,142.14999389648438,142.1199951171875,142.14999389648438,142.14999389648438,506
2024-01-11 15:34:00-05:00,142.1699981689453,142.1699981689453,142.1300048828125,142.14500427246094,142.14500427246094,2780
2024-01-11 15:35:00-05:00,142.1300048828125,142.1300048828125,142.0800018310547,142.09500122070312,142.09500122070312,8017
2024-01-11 15:36:00-05:00,142.1199951171875,142.14999389648438,142.10000610351562,142.11000061035156,142.11000061035156,3842
2024-01-11 15:37:00-05:00,142.10000610351562,142.18499755859375,142.0500030517578,142.18499755859375,142.18499755859375,4203
2024-01-11 15:38:00-05:00,142.1699981689453,142.1959991455078,142.1699981689453,142.1959991455078,142.1959991455078,1564
2024-01-11 15:39:00-05:00,142.17999267578125,142.18499755859375,142.16000366210938,142.18499755859375,142.18499755859375,943
2024-01-11 15:40:00-05:00,142.19000244140625,142.19000244140625,142.1199951171875,142.13499450683594,142.13499450683594,2338
2024-01-11 15:41:00-05:00,142.13999938964844,142.14500427246094,142.11000061035156,142.1300048828125,142.1300048828125,1625
2024-01-11 15:42:00-05:00,142.15499877929688,142.15499877929688,142.1300048828125,142.13499450683594,142.13499450683594,945
2024-01-11 15:43:00-05:00,142.13499450683594,142.14700317382812,142.10000610351562,142.1300048828125,142.1300048828125,4251
2024-01-11 15:44:00-05:00,142.14999389648438,142.16000366210938,142.05999755859375,142.05999755859375,142.05999755859375,4864
2024-01-11 15:45:00-05:00,142.07000732421875,142.08999633789062,142.0500030517578,142.0500030517578,142.0500030517578,3117
2024-01-11 15:46:00-05:00,142.07000732421875,142.0800018310547,142.0399932861328,142.06500244140625,142.06500244140625,5093
2024-01-11 15:47:00-05:00,142.07000732421875,142.1300048828125,142.07000732421875,142.1179962158203,142.1179962158203,4331
2024-01-11 15:48:00-05:00,142.1199951171875,142.17999267578125,142.11000061035156,142.17999267578125,142.17999267578125,5953
2024-01-11 15:49:00-05:00,142.19500732421875,142.20700073242188,142.08999633789062,142.09500122070312,142.09500122070312,5438
2024-01-11 15:50:00-05:00,142.07000732421875,142.14999389648438,142.07000732421875,142.1300048828125,142.1300048828125,9371
2024-01-11 15:51:00-05:00,142.1199951171875,142.1199951171875,142.0,142.00999450683594,142.00999450683594,6542
2024-01-11 15:52:00-05:00,142.02999877929688,142.12899780273438,141.97000122070312,142.12899780273438,142.12899780273438,8998
2024-01-11 15:53:00-05:00,142.13999938964844,142.19000244140625,142.13999938964844,142.13999938964844,142.13999938964844,8668
2024-01-11 15:54:00-05:00,142.1199951171875,142.22000122070312,142.11000061035156,142.19000244140625,142.19000244140625,11004
2024-01-11 15:55:00-05:00,142.24000549316406,142.31500244140625,142.24000549316406,142.3000030517578,142.3000030517578,6544
2024-01-11 15:56:00-05:00,142.30999755859375,142.32000732421875,142.25999450683594,142.25999450683594,142.25999450683594,10666
2024-01-11 15:57:00-05:00,142.27000427246094,142.39500427246094,142.25999450683594,142.39500427246094,142.39500427246094,10432
2024-01-11 15:58:00-05:00,142.38999938964844,142.52999877929688,142.38999938964844,142.52999877929688,142.52999877929688,14973
2024-01-11 15:59:00-05:00,142.5500030517578,142.5500030517578,142.44500732421875,142.5500030517578,142.5500030517578,33464
