Date,Open,High,Low,Close,Adj Close,Volume
2024-01-17 09:30:00-05:00,375.20001220703125,375.7099914550781,374.510009765625,375.70001220703125,375.70001220703125,57145
2024-01-17 09:31:00-05:00,375.70989990234375,378.7099914550781,375.3949890136719,378.6099853515625,378.6099853515625,10674
2024-01-17 09:32:00-05:00,378.8450012207031,379.94000244140625,378.32000732421875,379.92999267578125,379.92999267578125,14803
2024-01-17 09:33:00-05:00,379.92999267578125,380.20001220703125,378.70001220703125,379.0,379.0,33490
2024-01-17 09:34:00-05:00,379.0799865722656,380.19000244140625,379.0,379.5498962402344,379.5498962402344,22212
2024-01-17 09:35:00-05:00,379.1600036621094,379.5,378.30999755859375,378.8500061035156,378.8500061035156,9261
2024-01-17 09:36:00-05:00,378.9100036621094,379.3999938964844,378.45001220703125,378.6099853515625,378.6099853515625,15157
2024-01-17 09:37:00-05:00,378.6600036621094,379.2900085449219,377.95001220703125,378.95001220703125,378.95001220703125,11269
2024-01-17 09:38:00-05:00,378.69000244140625,378.69000244140625,378.1300048828125,378.3900146484375,378.3900146484375,7824
2024-01-17 09:39:00-05:00,378.4599914550781,379.6199951171875,378.4599914550781,379.6199951171875,379.6199951171875,10513
2024-01-17 09:40:00-05:00,379.55999755859375,379.55999755859375,378.3399963378906,378.3399963378906,378.3399963378906,10322
2024-01-17 09:41:00-05:00,378.5299987792969,378.5400085449219,378.19500732421875,378.3399963378906,378.3399963378906,3109
2024-01-17 09:42:00-05:00,378.29998779296875,378.45001220703125,378.0,378.1412048339844,378.1412048339844,10459
2024-01-17 09:43:00-05:00,378.2799987792969,379.0,378.2799987792969,378.7900085449219,378.7900085449219,8529
2024-01-17 09:44:00-05:00,378.7900085449219,379.0799865722656,378.6000061035156,378.6000061035156,378.6000061035156,6045
2024-01-17 09:45:00-05:00,378.7900085449219,378.80499267578125,377.8999938964844,378.43499755859375,378.43499755859375,11792
2024-01-17 09:46:00-05:00,379.1000061035156,379.1000061035156,379.1000061035156,379.1000061035156,379.1000061035156,7016
2024-01-17 09:47:00-05:00,378.989990234375,379.5249938964844,378.7200012207031,379.4599914550781,379.4599914550781,6975
2024-01-17 09:48:00-05:00,379.4599914550781,379.55499267578125,379.1499938964844,379.4100036621094,379.4100036621094,7781
2024-01-17 09:49:00-05:00,379.4100036621094,379.9200134277344,379.3900146484375,379.82501220703125,379.82501220703125,12890
2024-01-17 09:50:00-05:00,379.92999267578125,379.9700012207031,379.260009765625,379.260009765625,379.260009765625,10217
2024-01-17 09:51:00-05:00,379.260009765625,379.82501220703125,379.2200012207031,379.82501220703125,379.82501220703125,3957
2024-01-17 09:52:00-05:00,379.8999938964844,379.8999938964844,379.239990234375,379.3399963378906,379.3399963378906,11740
2024-01-17 09:53:00-05:00,379.3800048828125,380.04998779296875,379.3299865722656,379.3399963378906,379.3399963378906,13100
2024-01-17 09:54:00-05:00,379.489990234375,379.5799865722656,379.2900085449219,379.2950134277344,379.2950134277344,3155
2024-01-17 09:55:00-05:00,379.57000732421875,379.57000732421875,378.885009765625,378.9800109863281,378.9800109863281,7368
2024-01-17 09:56:00-05:00,379.30999755859375,379.49560546875,378.8999938964844,379.3500061035156,379.3500061035156,4938
2024-01-17 09:57:00-05:00,379.3450012207031,379.54998779296875,379.1700134277344,379.1700134277344,379.1700134277344,3156
2024-01-17 09:58:00-05:00,379.1600036621094,379.1600036621094,378.760009765625,379.0400085449219,379.0400085449219,4318
2024-01-17 09:59:00-05:00,379.04998779296875,379.07000732421875,378.739990234375,379.07000732421875,379.07000732421875,5719
2024-01-17 10:00:00-05:00,378.8800048828125,379.0400085449219,378.29998779296875,379.0,379.0,7781
2024-01-17 10:01:00-05:00,379.0249938964844,379.1700134277344,378.75,378.9200134277344,378.9200134277344,11141
2024-01-17 10:02:00-05:00,378.9049987792969,379.3599853515625,378.7900085449219,379.2200012207031,379.2200012207031,7661
2024-01-17 10:03:00-05:00,379.2300109863281,379.3699951171875,379.0201110839844,379.30999755859375,379.30999755859375,5298
2024-01-17 10:04:00-05:00,379.29998779296875,379.5199890136719,379.29998779296875,379.3500061035156,379.3500061035156,5225
2024-01-17 10:05:00-05:00,379.17999267578125,379.25,378.9800109863281,379.1199951171875,379.1199951171875,6339
2024-01-17 10:06:00-05:00,379.3800048828125,379.7349853515625,379.3399963378906,379.55999755859375,379.55999755859375,6160
2024-01-17 10:07:00-05:00,379.4700012207031,379.739990234375,379.4700012207031,379.6700134277344,379.6700134277344,4660
2024-01-17 10:08:00-05:00,379.75,379.7950134277344,379.5101013183594,379.7699890136719,379.7699890136719,4826
2024-01-17 10:09:00-05:00,379.56500244140625,379.56500244140625,378.9800109863281,379.2550048828125,379.2550048828125,3449
2024-01-17 10:10:00-05:00,379.0899963378906,379.2300109863281,378.9200134277344,379.1499938964844,379.1499938964844,4947
2024-01-17 10:11:00-05:00,379.18011474609375,379.6499938964844,379.18011474609375,379.6499938964844,379.6499938964844,5324
2024-01-17 10:12:00-05:00,379.8599853515625,379.9200134277344,379.6000061035156,379.8399963378906,379.8399963378906,6530
2024-01-17 10:13:00-05:00,379.8500061035156,379.9100036621094,379.6499938964844,379.697509765625,379.697509765625,3697
2024-01-17 10:14:00-05:00,379.75,380.0,379.5400085449219,379.5799865722656,379.5799865722656,8484
2024-01-17 10:15:00-05:00,379.6600036621094,379.92999267578125,379.54998779296875,379.625,379.625,4425
2024-01-17 10:16:00-05:00,379.4800109863281,379.4800109863281,379.0202941894531,379.0380859375,379.0380859375,5516
2024-01-17 10:17:00-05:00,379.0,379.2900085449219,378.8699951171875,379.2699890136719,379.2699890136719,9058
2024-01-17 10:18:00-05:00,379.3800048828125,379.44500732421875,379.19000244140625,379.42999267578125,379.42999267578125,4983
2024-01-17 10:19:00-05:00,379.2900085449219,379.3800048828125,378.67999267578125,378.7300109863281,378.7300109863281,7308
2024-01-17 10:20:00-05:00,378.7200012207031,378.75,378.45001220703125,378.75,378.75,2407
2024-01-17 10:21:00-05:00,378.5715026855469,378.8785095214844,378.3399963378906,378.760009765625,378.760009765625,7361
2024-01-17 10:22:00-05:00,378.7799987792969,378.8299865722656,378.489990234375,378.7900085449219,378.7900085449219,6434
2024-01-17 10:23:00-05:00,378.8299865722656,378.8599853515625,378.67999267578125,378.67999267578125,378.67999267578125,2709
2024-01-17 10:24:00-05:00,378.68499755859375,378.8699951171875,378.55999755859375,378.8699951171875,378.8699951171875,4122
2024-01-17 10:25:00-05:00,378.7699890136719,379.2300109863281,378.7699890136719,379.1050109863281,379.1050109863281,5379
2024-01-17 10:26:00-05:00,378.989990234375,379.0799865722656,378.6600036621094,379.0799865722656,379.0799865722656,6055
2024-01-17 10:27:00-05:00,378.9599914550781,379.2200012207031,378.8699951171875,379.1300048828125,379.1300048828125,3666
2024-01-17 10:28:00-05:00,379.2650146484375,379.3699951171875,378.69000244140625,378.8500061035156,378.8500061035156,5212
2024-01-17 10:29:00-05:00,378.8500061035156,378.9700012207031,378.6499938964844,378.7799987792969,378.7799987792969,11994
2024-01-17 10:30:00-05:00,378.7749938964844,378.7749938964844,378.3699951171875,378.5299987792969,378.5299987792969,5932
2024-01-17 10:31:00-05:00,378.6600036621094,378.93499755859375,378.6199951171875,378.93499755859375,378.93499755859375,3479
2024-01-17 10:32:00-05:00,378.885009765625,379.0400085449219,378.6099853515625,378.70001220703125,378.70001220703125,10308
2024-01-17 10:33:00-05:00,378.5899963378906,378.6700134277344,378.5400085449219,378.5799865722656,378.5799865722656,4817
2024-01-17 10:34:00-05:00,378.5450134277344,378.75,378.4200134277344,378.6700134277344,378.6700134277344,6370
2024-01-17 10:35:00-05:00,378.7650146484375,378.7650146484375,378.5014953613281,378.5014953613281,378.5014953613281,5757
2024-01-17 10:36:00-05:00,378.5299987792969,378.8900146484375,378.5199890136719,378.8900146484375,378.8900146484375,6195
2024-01-17 10:37:00-05:00,378.8450012207031,379.07000732421875,378.8450012207031,379.06500244140625,379.06500244140625,4177
2024-01-17 10:38:00-05:00,379.1099853515625,379.1099853515625,378.32000732421875,378.45001220703125,378.45001220703125,7972
2024-01-17 10:39:00-05:00,378.42999267578125,378.5899963378906,378.2101135253906,378.5350036621094,378.5350036621094,3061
2024-01-17 10:40:00-05:00,378.6000061035156,378.7300109863281,378.17999267578125,378.6600036621094,378.6600036621094,8679
2024-01-17 10:41:00-05:00,378.6600036621094,378.89990234375,378.6600036621094,378.69500732421875,378.69500732421875,3425
2024-01-17 10:42:00-05:00,378.760009765625,378.8581848144531,378.6549987792969,378.80999755859375,378.80999755859375,3323
2024-01-17 10:43:00-05:00,378.81500244140625,378.875,378.5000915527344,378.8299865722656,378.8299865722656,5254
2024-01-17 10:44:00-05:00,379.1000061035156,379.1000061035156,378.94000244140625,379.0799865722656,379.0799865722656,7753
2024-01-17 10:45:00-05:00,379.18218994140625,379.18218994140625,378.7900085449219,378.8999938964844,378.8999938964844,7136
2024-01-17 10:46:00-05:00,378.80999755859375,378.8800048828125,378.54998779296875,378.75,378.75,7370
2024-01-17 10:47:00-05:00,378.8599853515625,378.95001220703125,378.7349853515625,378.760009765625,378.760009765625,3337
2024-01-17 10:48:00-05:00,378.6300048828125,378.7232971191406,378.3800048828125,378.38140869140625,378.38140869140625,3137
2024-01-17 10:49:00-05:00,378.5199890136719,378.69000244140625,378.3999938964844,378.69000244140625,378.69000244140625,4090
2024-01-17 10:50:00-05:00,378.7699890136719,378.7799987792969,378.54998779296875,378.739990234375,378.739990234375,5335
2024-01-17 10:51:00-05:00,378.7099914550781,378.9100036621094,378.6499938964844,378.8399963378906,378.8399963378906,3239
2024-01-17 10:52:00-05:00,378.8299865722656,378.8399963378906,378.6499938964844,378.8399963378906,378.8399963378906,2409
2024-01-17 10:53:00-05:00,378.6499938964844,378.8800048828125,378.6499938964844,378.80499267578125,378.80499267578125,2076
2024-01-17 10:54:00-05:00,378.8800048828125,378.95001220703125,378.75,378.9200134277344,378.9200134277344,5882
2024-01-17 10:55:00-05:00,378.7749938964844,378.8900146484375,378.5400085449219,378.8900146484375,378.8900146484375,5009
2024-01-17 10:56:00-05:00,378.82000732421875,378.8500061035156,378.3900146484375,378.3999938964844,378.3999938964844,3722
2024-01-17 10:57:00-05:00,378.4700012207031,378.5799865722656,378.1300048828125,378.36761474609375,378.36761474609375,4142
2024-01-17 10:58:00-05:00,378.3800048828125,378.5050048828125,378.3800048828125,378.5050048828125,378.5050048828125,3065
2024-01-17 10:59:00-05:00,378.4800109863281,378.489990234375,378.3900146484375,378.3900146484375,378.3900146484375,2088
2024-01-17 11:00:00-05:00,378.2900085449219,378.9100036621094,378.2900085449219,378.7502136230469,378.7502136230469,6360
2024-01-17 11:01:00-05:00,378.7300109863281,378.760009765625,378.6650085449219,378.760009765625,378.760009765625,1586
2024-01-17 11:02:00-05:00,378.7900085449219,378.94610595703125,378.75,378.8599853515625,378.8599853515625,3601
2024-01-17 11:03:00-05:00,378.9200134277344,378.9200134277344,378.6600036621094,378.69000244140625,378.69000244140625,2936
2024-01-17 11:04:00-05:00,378.69000244140625,379.07000732421875,378.69000244140625,378.9049987792969,378.9049987792969,7733
2024-01-17 11:05:00-05:00,378.9200134277344,379.0350036621094,378.82000732421875,378.8800048828125,378.8800048828125,3073
2024-01-17 11:06:00-05:00,379.20001220703125,379.20001220703125,379.1199951171875,379.1549987792969,379.1549987792969,2091
2024-01-17 11:07:00-05:00,379.1199951171875,379.2300109863281,379.07000732421875,379.177490234375,379.177490234375,5539
2024-01-17 11:08:00-05:00,379.20001220703125,379.20001220703125,378.75,378.75,378.75,4224
2024-01-17 11:09:00-05:00,378.7925109863281,378.8399963378906,378.75,378.7799987792969,378.7799987792969,3084
2024-01-17 11:10:00-05:00,378.8900146484375,379.04998779296875,378.8900146484375,378.9599914550781,378.9599914550781,1531
2024-01-17 11:11:00-05:00,378.8399963378906,378.875,378.69000244140625,378.8550109863281,378.8550109863281,3503
2024-01-17 11:12:00-05:00,378.92999267578125,378.92999267578125,378.75,378.80499267578125,378.80499267578125,3066
2024-01-17 11:13:00-05:00,378.7650146484375,378.79998779296875,378.42999267578125,378.4649963378906,378.4649963378906,7858
2024-01-17 11:14:00-05:00,378.3399963378906,378.5,378.3399963378906,378.489990234375,378.489990234375,2777
2024-01-17 11:15:00-05:00,378.45001220703125,378.7449951171875,378.45001220703125,378.6600036621094,378.6600036621094,3823
2024-01-17 11:16:00-05:00,378.5899963378906,378.6600036621094,378.3800048828125,378.4700012207031,378.4700012207031,6988
2024-01-17 11:17:00-05:00,378.5400085449219,378.5400085449219,378.260009765625,378.4100036621094,378.4100036621094,3992
2024-01-17 11:18:00-05:00,378.4100036621094,378.4100036621094,378.2099914550781,378.3236999511719,378.3236999511719,4404
2024-01-17 11:19:00-05:00,378.32501220703125,378.3299865722656,378.25,378.3299865722656,378.3299865722656,1306
2024-01-17 11:20:00-05:00,378.2799987792969,378.3515930175781,378.1300048828125,378.20001220703125,378.20001220703125,5080
2024-01-17 11:21:00-05:00,378.2799987792969,378.2900085449219,378.04998779296875,378.04998779296875,378.04998779296875,3974
2024-01-17 11:22:00-05:00,378.1199951171875,378.20001220703125,378.1199951171875,378.18499755859375,378.18499755859375,2635
2024-01-17 11:23:00-05:00,378.1300048828125,378.2781982421875,377.9599914550781,378.26470947265625,378.26470947265625,7933
2024-01-17 11:24:00-05:00,378.1300048828125,378.69000244140625,378.0,378.42999267578125,378.42999267578125,30453
2024-01-17 11:25:00-05:00,378.42999267578125,378.4700012207031,378.42999267578125,378.4700012207031,378.4700012207031,334
2024-01-17 11:26:00-05:00,378.4599914550781,378.57000732421875,378.3999938964844,378.3999938964844,378.3999938964844,2953
2024-01-17 11:27:00-05:00,378.3999938964844,378.3999938964844,378.30999755859375,378.3900146484375,378.3900146484375,2954
2024-01-17 11:28:00-05:00,378.4200134277344,378.55999755859375,378.4200134277344,378.5,378.5,3155
2024-01-17 11:29:00-05:00,378.510009765625,378.55999755859375,378.2900085449219,378.3900146484375,378.3900146484375,7004
2024-01-17 11:30:00-05:00,378.2900085449219,378.32000732421875,378.1499938964844,378.20001220703125,378.20001220703125,3602
2024-01-17 11:31:00-05:00,378.1700134277344,378.1700134277344,378.1700134277344,378.1700134277344,378.1700134277344,2383
2024-01-17 11:32:00-05:00,378.20001220703125,378.3800048828125,378.1099853515625,378.375,378.375,5910
2024-01-17 11:33:00-05:00,378.30999755859375,378.4100036621094,378.2200012207031,378.2300109863281,378.2300109863281,9720
2024-01-17 11:34:00-05:00,378.2300109863281,378.32000732421875,378.2099914550781,378.30499267578125,378.30499267578125,5741
2024-01-17 11:35:00-05:00,378.30499267578125,378.44500732421875,378.239990234375,378.44500732421875,378.44500732421875,3623
2024-01-17 11:36:00-05:00,378.5249938964844,378.5249938964844,378.260009765625,378.260009765625,378.260009765625,3358
2024-01-17 11:37:00-05:00,378.3599853515625,378.57000732421875,378.2300109863281,378.4800109863281,378.4800109863281,3385
2024-01-17 11:38:00-05:00,378.5450134277344,378.5450134277344,378.2300109863281,378.25,378.25,14335
2024-01-17 11:39:00-05:00,378.2099914550781,378.260009765625,378.10211181640625,378.1239929199219,378.1239929199219,4037
2024-01-17 11:40:00-05:00,378.17999267578125,378.239990234375,377.94000244140625,378.1099853515625,378.1099853515625,5777
2024-01-17 11:41:00-05:00,378.0486145019531,378.0486145019531,377.8399963378906,377.8900146484375,377.8900146484375,4948
2024-01-17 11:42:00-05:00,378.0400085449219,378.0450134277344,377.9350891113281,377.9599914550781,377.9599914550781,3359
2024-01-17 11:43:00-05:00,378.0249938964844,378.04998779296875,377.94000244140625,377.9599914550781,377.9599914550781,2039
2024-01-17 11:44:00-05:00,377.8999938964844,378.1000061035156,377.84490966796875,377.9949951171875,377.9949951171875,3668
2024-01-17 11:45:00-05:00,377.9700012207031,377.9939880371094,377.95001220703125,377.95001220703125,377.95001220703125,1289
2024-01-17 11:46:00-05:00,377.8900146484375,377.8900146484375,377.6499938964844,377.6499938964844,377.6499938964844,3235
2024-01-17 11:47:00-05:00,377.6000061035156,377.70001220703125,377.5,377.57000732421875,377.57000732421875,3246
2024-01-17 11:48:00-05:00,377.6199951171875,377.70001220703125,377.57000732421875,377.70001220703125,377.70001220703125,1538
2024-01-17 11:49:00-05:00,377.67999267578125,377.75,377.5187072753906,377.5187072753906,377.5187072753906,1783
2024-01-17 11:50:00-05:00,377.4515075683594,377.4700012207031,377.3399963378906,377.4595031738281,377.4595031738281,3238
2024-01-17 11:51:00-05:00,377.2099914550781,377.29998779296875,377.0799865722656,377.29998779296875,377.29998779296875,4022
2024-01-17 11:52:00-05:00,377.17999267578125,377.3699951171875,377.17999267578125,377.3599853515625,377.3599853515625,2578
2024-01-17 11:53:00-05:00,377.4599914550781,377.4800109863281,377.3699951171875,377.4100036621094,377.4100036621094,1745
2024-01-17 11:54:00-05:00,377.3999938964844,377.42999267578125,377.30499267578125,377.30499267578125,377.30499267578125,3508
2024-01-17 11:55:00-05:00,377.29998779296875,377.32000732421875,377.2149963378906,377.32000732421875,377.32000732421875,2978
2024-01-17 11:56:00-05:00,377.30499267578125,377.4599914550781,377.28009033203125,377.3699951171875,377.3699951171875,2880
2024-01-17 11:57:00-05:00,377.35211181640625,377.3900146484375,377.35211181640625,377.3699951171875,377.3699951171875,2140
2024-01-17 11:58:00-05:00,377.44000244140625,377.67999267578125,377.44000244140625,377.4949951171875,377.4949951171875,4748
2024-01-17 11:59:00-05:00,377.4800109863281,377.5,377.32000732421875,377.5,377.5,3230
2024-01-17 12:00:00-05:00,377.4599914550781,377.5,377.32501220703125,377.32501220703125,377.32501220703125,2053
2024-01-17 12:01:00-05:00,377.3900146484375,377.45001220703125,377.1700134277344,377.25,377.25,1343
2024-01-17 12:02:00-05:00,377.1600036621094,377.19000244140625,377.0199890136719,377.0199890136719,377.0199890136719,4635
2024-01-17 12:03:00-05:00,376.9599914550781,377.010009765625,376.6300048828125,376.6300048828125,376.6300048828125,2570
2024-01-17 12:04:00-05:00,376.5799865722656,376.5799865722656,376.5799865722656,376.5799865722656,376.5799865722656,863
2024-01-17 12:05:00-05:00,376.4800109863281,376.6600036621094,376.44000244140625,376.6600036621094,376.6600036621094,3499
2024-01-17 12:06:00-05:00,376.6449890136719,376.6449890136719,376.57000732421875,376.6000061035156,376.6000061035156,1616
2024-01-17 12:07:00-05:00,376.7099914550781,376.760009765625,376.6700134277344,376.7099914550781,376.7099914550781,3035
2024-01-17 12:08:00-05:00,376.5199890136719,376.5199890136719,376.2699890136719,376.2699890136719,376.2699890136719,479
2024-01-17 12:09:00-05:00,376.3299865722656,376.3299865722656,376.2200012207031,376.2200012207031,376.2200012207031,1460
2024-01-17 12:10:00-05:00,376.2925109863281,376.2925109863281,376.1549987792969,376.2900085449219,376.2900085449219,984
2024-01-17 12:11:00-05:00,376.20001220703125,376.3599853515625,376.17999267578125,376.17999267578125,376.17999267578125,2178
2024-01-17 12:12:00-05:00,376.1000061035156,376.19000244140625,376.05999755859375,376.1099853515625,376.1099853515625,3038
2024-01-17 12:13:00-05:00,376.3399963378906,376.69000244140625,376.3299865722656,376.69000244140625,376.69000244140625,3893
2024-01-17 12:14:00-05:00,376.6099853515625,376.69000244140625,376.3399963378906,376.3999938964844,376.3999938964844,5185
2024-01-17 12:15:00-05:00,376.42999267578125,376.5,376.260009765625,376.364990234375,376.364990234375,2952
2024-01-17 12:16:00-05:00,376.4800109863281,376.4800109863281,376.3800048828125,376.4800109863281,376.4800109863281,2208
2024-01-17 12:17:00-05:00,376.510009765625,376.5400085449219,376.510009765625,376.5400085449219,376.5400085449219,2043
2024-01-17 12:18:00-05:00,376.4599914550781,376.4599914550781,376.2799987792969,376.3599853515625,376.3599853515625,4817
2024-01-17 12:19:00-05:00,376.42999267578125,376.42999267578125,376.20001220703125,376.2900085449219,376.2900085449219,5657
2024-01-17 12:20:00-05:00,376.42999267578125,376.42999267578125,376.20001220703125,376.2200012207031,376.2200012207031,4128
2024-01-17 12:21:00-05:00,376.2099914550781,376.2200012207031,376.0450134277344,376.0450134277344,376.0450134277344,2812
2024-01-17 12:22:00-05:00,376.1400146484375,376.1400146484375,375.9530029296875,375.9599914550781,375.9599914550781,3633
2024-01-17 12:23:00-05:00,375.9200134277344,376.0168151855469,375.760009765625,375.8320007324219,375.8320007324219,2683
2024-01-17 12:24:00-05:00,375.82000732421875,375.94000244140625,375.8116149902344,375.81451416015625,375.81451416015625,4363
2024-01-17 12:25:00-05:00,375.7449951171875,375.8399963378906,375.7449951171875,375.75,375.75,1689
2024-01-17 12:26:00-05:00,375.7200012207031,375.94000244140625,375.7200012207031,375.8900146484375,375.8900146484375,4910
2024-01-17 12:28:00-05:00,375.8399963378906,375.8399963378906,375.739990234375,375.80499267578125,375.80499267578125,2387
2024-01-17 12:29:00-05:00,375.75,375.8299865722656,375.75,375.82000732421875,375.82000732421875,2002
2024-01-17 12:30:00-05:00,375.739990234375,375.7699890136719,375.66009521484375,375.7099914550781,375.7099914550781,1915
2024-01-17 12:31:00-05:00,375.6600036621094,375.7250061035156,375.6199951171875,375.7250061035156,375.7250061035156,1471
2024-01-17 12:32:00-05:00,375.5899963378906,375.6300048828125,375.5751037597656,375.6199951171875,375.6199951171875,2358
2024-01-17 12:33:00-05:00,375.69970703125,375.69970703125,375.5,375.5350036621094,375.5350036621094,4606
2024-01-17 12:34:00-05:00,375.56500244140625,375.56500244140625,375.4800109863281,375.510009765625,375.510009765625,3203
2024-01-17 12:35:00-05:00,375.4100036621094,375.5,375.3949890136719,375.5,375.5,3441
2024-01-17 12:36:00-05:00,375.32501220703125,375.4200134277344,375.25,375.4200134277344,375.4200134277344,1880
2024-01-17 12:37:00-05:00,375.2099914550781,375.3682861328125,375.2099914550781,375.2799987792969,375.2799987792969,2787
2024-01-17 12:38:00-05:00,375.17999267578125,375.2950134277344,375.17999267578125,375.2900085449219,375.2900085449219,915
2024-01-17 12:39:00-05:00,375.19000244140625,375.2200012207031,375.1199951171875,375.18499755859375,375.18499755859375,3594
2024-01-17 12:40:00-05:00,375.194091796875,375.25,375.1600036621094,375.239990234375,375.239990234375,2665
2024-01-17 12:41:00-05:00,375.30499267578125,375.4700012207031,375.2699890136719,375.4700012207031,375.4700012207031,4889
2024-01-17 12:42:00-05:00,375.3949890136719,375.44000244140625,375.2200012207031,375.44000244140625,375.44000244140625,7578
2024-01-17 12:43:00-05:00,375.32000732421875,375.32000732421875,375.0799865722656,375.1300048828125,375.1300048828125,6693
2024-01-17 12:44:00-05:00,375.09820556640625,375.5400085449219,375.07000732421875,375.5400085449219,375.5400085449219,5027
2024-01-17 12:45:00-05:00,375.4800109863281,375.96990966796875,375.4800109863281,375.8349914550781,375.8349914550781,3509
2024-01-17 12:46:00-05:00,375.7300109863281,375.75,375.6300048828125,375.70001220703125,375.70001220703125,2273
2024-01-17 12:47:00-05:00,375.6000061035156,375.8800048828125,375.6000061035156,375.8800048828125,375.8800048828125,3393
2024-01-17 12:48:00-05:00,376.010009765625,376.010009765625,375.7149963378906,375.760009765625,375.760009765625,3638
2024-01-17 12:49:00-05:00,375.8450012207031,375.8599853515625,375.7099914550781,375.8299865722656,375.8299865722656,2970
2024-01-17 12:50:00-05:00,375.8500061035156,376.0299987792969,375.7300109863281,375.9100036621094,375.9100036621094,9686
2024-01-17 12:51:00-05:00,375.8500061035156,375.94158935546875,375.82000732421875,375.82000732421875,375.82000732421875,2163
2024-01-17 12:52:00-05:00,376.0199890136719,376.17498779296875,376.0199890136719,376.17498779296875,376.17498779296875,1524
2024-01-17 12:53:00-05:00,376.1650085449219,376.3599853515625,376.1650085449219,376.3299865722656,376.3299865722656,2816
2024-01-17 12:54:00-05:00,376.4599914550781,376.4599914550781,376.260009765625,376.260009765625,376.260009765625,3830
2024-01-17 12:55:00-05:00,376.3599853515625,376.45001220703125,376.2200012207031,376.45001220703125,376.45001220703125,4078
2024-01-17 12:56:00-05:00,376.385009765625,376.385009765625,376.3399963378906,376.3467102050781,376.3467102050781,1843
2024-01-17 12:57:00-05:00,376.3999938964844,376.54998779296875,376.3599853515625,376.44000244140625,376.44000244140625,3510
2024-01-17 12:58:00-05:00,376.3900146484375,376.45001220703125,376.2200012207031,376.2200012207031,376.2200012207031,3102
2024-01-17 12:59:00-05:00,376.2200012207031,376.2799987792969,376.1000061035156,376.1000061035156,376.1000061035156,1563
2024-01-17 13:00:00-05:00,376.0,376.2099914550781,376.0,376.1700134277344,376.1700134277344,3019
2024-01-17 13:01:00-05:00,376.1199951171875,376.1199951171875,375.94000244140625,376.0,376.0,6201
2024-01-17 13:02:00-05:00,376.1300048828125,376.1300048828125,376.0899963378906,376.0899963378906,376.0899963378906,1045
2024-01-17 13:03:00-05:00,376.0950012207031,376.0950012207031,376.04998779296875,376.04998779296875,376.04998779296875,739
2024-01-17 13:04:00-05:00,376.05889892578125,376.1600036621094,376.05889892578125,376.1600036621094,376.1600036621094,1774
2024-01-17 13:05:00-05:00,376.1199951171875,376.20001220703125,376.0799865722656,376.0799865722656,376.0799865722656,3704
2024-01-17 13:06:00-05:00,376.07000732421875,376.17999267578125,375.989990234375,376.1099853515625,376.1099853515625,3168
2024-01-17 13:07:00-05:00,376.0535888671875,376.05999755859375,375.8699951171875,375.92999267578125,375.92999267578125,4538
2024-01-17 13:08:00-05:00,376.1578063964844,376.1578063964844,375.9700012207031,375.9700012207031,375.9700012207031,1410
2024-01-17 13:09:00-05:00,375.989990234375,376.0400085449219,375.989990234375,376.0,376.0,1455
2024-01-17 13:10:00-05:00,376.0299987792969,376.05999755859375,375.7099914550781,375.79998779296875,375.79998779296875,3833
2024-01-17 13:11:00-05:00,375.82000732421875,375.8900146484375,375.65008544921875,375.65008544921875,375.65008544921875,1505
2024-01-17 13:12:00-05:00,375.9100036621094,375.9599914550781,375.9100036621094,375.9599914550781,375.9599914550781,1163
2024-01-17 13:13:00-05:00,375.8699951171875,375.9200134277344,375.8299865722656,375.8999938964844,375.8999938964844,1362
2024-01-17 13:14:00-05:00,375.8399963378906,375.8500061035156,375.6700134277344,375.7749938964844,375.7749938964844,3513
2024-01-17 13:15:00-05:00,375.7749938964844,375.7799987792969,375.5,375.6050109863281,375.6050109863281,4621
2024-01-17 13:16:00-05:00,375.5400085449219,375.6099853515625,375.45001220703125,375.5224914550781,375.5224914550781,2515
2024-01-17 13:17:00-05:00,375.4400939941406,375.54998779296875,375.4400939941406,375.51251220703125,375.51251220703125,6065
2024-01-17 13:18:00-05:00,375.42999267578125,375.44000244140625,374.8299865722656,374.95001220703125,374.95001220703125,10529
2024-01-17 13:19:00-05:00,374.9800109863281,375.25,374.9750061035156,375.239990234375,375.239990234375,4393
2024-01-17 13:20:00-05:00,375.17999267578125,375.25,375.1000061035156,375.1000061035156,375.1000061035156,2225
2024-01-17 13:21:00-05:00,375.135009765625,375.2300109863281,374.9549865722656,375.2049865722656,375.2049865722656,2957
2024-01-17 13:22:00-05:00,375.0799865722656,375.0799865722656,374.92999267578125,375.0,375.0,3912
2024-01-17 13:23:00-05:00,375.0,375.0199890136719,374.739990234375,374.739990234375,374.739990234375,4633
2024-01-17 13:24:00-05:00,374.79998779296875,375.0,374.7900085449219,374.9849853515625,374.9849853515625,4936
2024-01-17 13:25:00-05:00,375.04998779296875,375.04998779296875,374.9849853515625,375.0400085449219,375.0400085449219,1789
2024-01-17 13:26:00-05:00,375.2698974609375,375.2699890136719,375.1050109863281,375.25,375.25,3560
2024-01-17 13:27:00-05:00,375.2049865722656,375.2799987792969,375.17999267578125,375.2799987792969,375.2799987792969,3262
2024-01-17 13:28:00-05:00,375.19000244140625,375.32000732421875,375.1499938964844,375.2200012207031,375.2200012207031,4188
2024-01-17 13:29:00-05:00,375.1000061035156,375.1650085449219,375.05499267578125,375.05499267578125,375.05499267578125,1733
2024-01-17 13:30:00-05:00,375.0299987792969,375.1449890136719,374.9800109863281,375.1199951171875,375.1199951171875,2500
2024-01-17 13:31:00-05:00,375.1050109863281,375.239990234375,374.989990234375,374.989990234375,374.989990234375,4500
2024-01-17 13:32:00-05:00,375.0,375.07000732421875,374.8999938964844,375.07000732421875,375.07000732421875,4759
2024-01-17 13:33:00-05:00,375.05999755859375,375.2049865722656,375.04998779296875,375.04998779296875,375.04998779296875,2925
2024-01-17 13:34:00-05:00,375.0849914550781,375.0849914550781,374.8599853515625,374.8599853515625,374.8599853515625,5102
2024-01-17 13:35:00-05:00,374.8599853515625,374.9150085449219,374.8299865722656,374.8800048828125,374.8800048828125,3142
2024-01-17 13:36:00-05:00,374.875,374.875,374.6499938964844,374.6600036621094,374.6600036621094,5370
2024-01-17 13:37:00-05:00,374.6499938964844,374.7099914550781,374.20001220703125,374.2300109863281,374.2300109863281,29131
2024-01-17 13:38:00-05:00,374.25,374.30999755859375,374.1300048828125,374.239990234375,374.239990234375,9129
2024-01-17 13:39:00-05:00,374.2200012207031,374.3299865722656,374.1700134277344,374.2449951171875,374.2449951171875,2417
2024-01-17 13:40:00-05:00,374.2449951171875,374.44000244140625,374.2449951171875,374.44000244140625,374.44000244140625,2959
2024-01-17 13:41:00-05:00,374.4200134277344,374.5799865722656,374.3900146484375,374.3900146484375,374.3900146484375,3209
2024-01-17 13:42:00-05:00,374.4599914550781,374.4599914550781,374.3900146484375,374.4599914550781,374.4599914550781,3278
2024-01-17 13:43:00-05:00,374.4700012207031,374.6050109863281,374.4700012207031,374.54620361328125,374.54620361328125,1586
2024-01-17 13:44:00-05:00,374.47100830078125,374.6099853515625,374.47100830078125,374.6099853515625,374.6099853515625,2415
2024-01-17 13:45:00-05:00,374.7300109863281,374.79998779296875,374.6499938964844,374.7200012207031,374.7200012207031,2657
2024-01-17 13:46:00-05:00,374.67999267578125,374.67999267578125,374.4800109863281,374.5899963378906,374.5899963378906,5893
2024-01-17 13:47:00-05:00,374.5799865722656,374.6400146484375,374.5799865722656,374.6400146484375,374.6400146484375,2294
2024-01-17 13:48:00-05:00,374.6400146484375,374.83990478515625,374.54998779296875,374.57000732421875,374.57000732421875,5131
2024-01-17 13:49:00-05:00,374.45001220703125,374.7099914550781,374.45001220703125,374.6199951171875,374.6199951171875,5145
2024-01-17 13:50:00-05:00,374.5950012207031,374.8500061035156,374.5199890136719,374.8500061035156,374.8500061035156,2469
2024-01-17 13:51:00-05:00,374.7300109863281,374.7300109863281,374.54998779296875,374.5921936035156,374.5921936035156,2040
2024-01-17 13:52:00-05:00,374.5199890136719,374.6199951171875,374.3599853515625,374.3599853515625,374.3599853515625,2528
2024-01-17 13:53:00-05:00,374.5199890136719,374.6400146484375,374.5199890136719,374.6400146484375,374.6400146484375,881
2024-01-17 13:54:00-05:00,374.69000244140625,375.1499938964844,374.69000244140625,375.1499938964844,375.1499938964844,6492
2024-01-17 13:55:00-05:00,375.1400146484375,375.1650085449219,375.0299987792969,375.1650085449219,375.1650085449219,2909
2024-01-17 13:56:00-05:00,375.07000732421875,375.1099853515625,375.0400085449219,375.1099853515625,375.1099853515625,1380
2024-01-17 13:57:00-05:00,375.0299987792969,375.0899963378906,374.8800048828125,375.0899963378906,375.0899963378906,2651
2024-01-17 13:58:00-05:00,375.1499938964844,375.4700012207031,375.1499938964844,375.4599914550781,375.4599914550781,3466
2024-01-17 13:59:00-05:00,375.3999938964844,375.45001220703125,375.3299865722656,375.3599853515625,375.3599853515625,1892
2024-01-17 14:00:00-05:00,375.385009765625,375.3900146484375,375.32000732421875,375.364990234375,375.364990234375,1657
2024-01-17 14:01:00-05:00,375.25,375.55999755859375,375.25,375.5199890136719,375.5199890136719,4386
2024-01-17 14:02:00-05:00,375.4700012207031,375.6400146484375,375.32000732421875,375.32000732421875,375.32000732421875,4764
2024-01-17 14:03:00-05:00,375.45001220703125,375.45001220703125,375.20001220703125,375.3599853515625,375.3599853515625,3031
2024-01-17 14:04:00-05:00,375.29998779296875,375.4200134277344,375.2699890136719,375.4200134277344,375.4200134277344,2023
2024-01-17 14:05:00-05:00,375.32000732421875,375.4043884277344,375.32000732421875,375.32000732421875,375.32000732421875,2396
2024-01-17 14:06:00-05:00,375.3240051269531,375.3240051269531,375.17999267578125,375.30999755859375,375.30999755859375,5082
2024-01-17 14:07:00-05:00,375.3500061035156,375.45001220703125,375.32000732421875,375.45001220703125,375.45001220703125,3063
2024-01-17 14:08:00-05:00,375.3999938964844,375.3999938964844,375.26629638671875,375.3500061035156,375.3500061035156,1694
2024-01-17 14:09:00-05:00,375.3399963378906,375.3500061035156,375.3399963378906,375.3500061035156,375.3500061035156,1498
2024-01-17 14:10:00-05:00,375.3800048828125,375.3900146484375,375.2799987792969,375.2799987792969,375.2799987792969,1691
2024-01-17 14:11:00-05:00,375.2850036621094,375.2850036621094,375.0899963378906,375.1000061035156,375.1000061035156,4108
2024-01-17 14:12:00-05:00,375.2200012207031,375.260009765625,375.1199951171875,375.2200012207031,375.2200012207031,1362
2024-01-17 14:13:00-05:00,375.17498779296875,375.239990234375,375.1400146484375,375.239990234375,375.239990234375,2878
2024-01-17 14:14:00-05:00,375.20001220703125,375.260009765625,375.1400146484375,375.1700134277344,375.1700134277344,2085
2024-01-17 14:15:00-05:00,375.1700134277344,375.1700134277344,375.07000732421875,375.135009765625,375.135009765625,3328
2024-01-17 14:16:00-05:00,375.1300048828125,375.3500061035156,375.1130065917969,375.3500061035156,375.3500061035156,2763
2024-01-17 14:17:00-05:00,375.3299865722656,375.3299865722656,375.260009765625,375.260009765625,375.260009765625,2616
2024-01-17 14:18:00-05:00,375.2200012207031,375.30999755859375,375.17999267578125,375.30999755859375,375.30999755859375,3045
2024-01-17 14:19:00-05:00,375.2850036621094,375.2850036621094,375.17999267578125,375.2300109863281,375.2300109863281,2526
2024-01-17 14:20:00-05:00,375.2799987792969,375.2799987792969,375.1600036621094,375.1700134277344,375.1700134277344,2110
2024-01-17 14:21:00-05:00,375.260009765625,375.3900146484375,375.2200012207031,375.3299865722656,375.3299865722656,3435
2024-01-17 14:22:00-05:00,375.2749938964844,375.3800048828125,375.2749938964844,375.3399963378906,375.3399963378906,1604
2024-01-17 14:23:00-05:00,375.3900146484375,375.70001220703125,375.3699951171875,375.70001220703125,375.70001220703125,5049
2024-01-17 14:24:00-05:00,375.69000244140625,375.69000244140625,375.5849914550781,375.6650085449219,375.6650085449219,1890
2024-01-17 14:25:00-05:00,375.6650085449219,375.7099914550781,375.54998779296875,375.54998779296875,375.54998779296875,3031
2024-01-17 14:26:00-05:00,375.5799865722656,375.7300109863281,375.5799865722656,375.7300109863281,375.7300109863281,4191
2024-01-17 14:27:00-05:00,375.70001220703125,375.7049865722656,375.5,375.5299987792969,375.5299987792969,2441
2024-01-17 14:28:00-05:00,375.5799865722656,375.7099914550781,375.5799865722656,375.6499938964844,375.6499938964844,2266
2024-01-17 14:29:00-05:00,375.5799865722656,375.760009765625,375.5799865722656,375.760009765625,375.760009765625,2927
2024-01-17 14:30:00-05:00,375.7900085449219,375.989990234375,375.7900085449219,375.9200134277344,375.9200134277344,4302
2024-01-17 14:31:00-05:00,375.989990234375,376.06988525390625,375.8900146484375,376.06988525390625,376.06988525390625,3650
2024-01-17 14:32:00-05:00,375.94500732421875,375.94500732421875,375.55999755859375,375.67999267578125,375.67999267578125,10241
2024-01-17 14:33:00-05:00,375.6700134277344,375.6700134277344,375.5899963378906,375.5899963378906,375.5899963378906,1656
2024-01-17 14:34:00-05:00,375.5899963378906,375.5899963378906,375.4700012207031,375.4700012207031,375.4700012207031,1019
2024-01-17 14:35:00-05:00,375.42999267578125,375.56500244140625,375.4150085449219,375.54998779296875,375.54998779296875,2955
2024-01-17 14:36:00-05:00,375.5,375.57000732421875,375.4010009765625,375.4100036621094,375.4100036621094,2176
2024-01-17 14:37:00-05:00,375.5199890136719,375.5199890136719,375.5,375.5,375.5,1031
2024-01-17 14:38:00-05:00,375.4100036621094,375.4100036621094,375.3900146484375,375.3900146484375,375.3900146484375,1069
2024-01-17 14:39:00-05:00,375.44000244140625,375.5299987792969,375.3999938964844,375.5299987792969,375.5299987792969,2055
2024-01-17 14:40:00-05:00,375.5400085449219,375.55999755859375,375.489990234375,375.489990234375,375.489990234375,2354
2024-01-17 14:41:00-05:00,375.45001220703125,375.6199951171875,375.45001220703125,375.5899963378906,375.5899963378906,2779
2024-01-17 14:42:00-05:00,375.6099853515625,375.6099853515625,375.6099853515625,375.6099853515625,375.6099853515625,485
2024-01-17 14:43:00-05:00,375.7699890136719,375.79998779296875,375.67999267578125,375.7898864746094,375.7898864746094,2773
2024-01-17 14:44:00-05:00,375.739990234375,375.80999755859375,375.7200012207031,375.7699890136719,375.7699890136719,2946
2024-01-17 14:45:00-05:00,375.760009765625,375.7900085449219,375.67999267578125,375.7200012207031,375.7200012207031,2776
2024-01-17 14:46:00-05:00,375.7200012207031,375.7200012207031,375.6050109863281,375.67510986328125,375.67510986328125,1752
2024-01-17 14:47:00-05:00,375.6520080566406,375.75,375.6520080566406,375.67999267578125,375.67999267578125,6879
2024-01-17 14:48:00-05:00,375.6400146484375,375.6400146484375,375.4700012207031,375.4700012207031,375.4700012207031,1556
2024-01-17 14:49:00-05:00,375.510009765625,375.510009765625,375.4849853515625,375.4849853515625,375.4849853515625,1373
2024-01-17 14:50:00-05:00,375.55999755859375,375.6700134277344,375.54998779296875,375.6700134277344,375.6700134277344,2778
2024-01-17 14:51:00-05:00,375.54998779296875,375.5799865722656,375.3999938964844,375.42498779296875,375.42498779296875,3407
2024-01-17 14:52:00-05:00,375.4649963378906,375.57000732421875,375.30999755859375,375.30999755859375,375.30999755859375,1962
2024-01-17 14:53:00-05:00,375.31500244140625,375.4877014160156,375.30999755859375,375.3800048828125,375.3800048828125,1795
2024-01-17 14:54:00-05:00,375.3999938964844,375.42999267578125,375.29998779296875,375.29998779296875,375.29998779296875,2277
2024-01-17 14:55:00-05:00,375.2900085449219,375.2900085449219,375.19500732421875,375.2900085449219,375.2900085449219,2878
2024-01-17 14:56:00-05:00,375.2699890136719,375.29998779296875,375.17999267578125,375.260009765625,375.260009765625,4252
2024-01-17 14:57:00-05:00,375.3399963378906,375.3900146484375,375.3399963378906,375.3900146484375,375.3900146484375,1312
2024-01-17 14:58:00-05:00,375.3599853515625,375.50390625,375.3599853515625,375.5,375.5,3111
2024-01-17 14:59:00-05:00,375.4599914550781,375.5,375.3399963378906,375.3599853515625,375.3599853515625,2718
2024-01-17 15:00:00-05:00,375.4200134277344,375.4700012207031,375.4200134277344,375.4200134277344,375.4200134277344,2541
2024-01-17 15:01:00-05:00,375.3349914550781,375.3349914550781,375.17999267578125,375.25,375.25,1704
2024-01-17 15:02:00-05:00,375.260009765625,375.4100036621094,375.260009765625,375.3800048828125,375.3800048828125,3531
2024-01-17 15:03:00-05:00,375.4700012207031,375.489990234375,375.3800048828125,375.489990234375,375.489990234375,2051
2024-01-17 15:04:00-05:00,375.4200134277344,375.510009765625,375.3599853515625,375.510009765625,375.510009765625,3231
2024-01-17 15:05:00-05:00,375.4800109863281,375.489990234375,375.4800109863281,375.4800109863281,375.4800109863281,829
2024-01-17 15:06:00-05:00,375.5400085449219,375.5400085449219,375.45001220703125,375.510009765625,375.510009765625,1889
2024-01-17 15:07:00-05:00,375.4100036621094,375.42999267578125,375.32000732421875,375.42999267578125,375.42999267578125,4069
2024-01-17 15:08:00-05:00,375.4599914550781,375.4700012207031,375.3301086425781,375.3301086425781,375.3301086425781,2880
2024-01-17 15:09:00-05:00,375.3999938964844,375.3999938964844,375.3500061035156,375.3998107910156,375.3998107910156,3216
2024-01-17 15:10:00-05:00,375.29998779296875,375.32000732421875,375.2200012207031,375.30999755859375,375.30999755859375,3350
2024-01-17 15:11:00-05:00,375.25,375.2799987792969,375.0799865722656,375.1099853515625,375.1099853515625,3611
2024-01-17 15:12:00-05:00,375.07000732421875,375.2200012207031,375.0639953613281,375.1300048828125,375.1300048828125,4138
2024-01-17 15:13:00-05:00,375.0299987792969,375.0899963378906,374.94000244140625,375.04998779296875,375.04998779296875,3179
2024-01-17 15:14:00-05:00,374.94000244140625,374.9800109863281,374.8999938964844,374.8999938964844,374.8999938964844,2274
2024-01-17 15:15:00-05:00,374.989990234375,375.19000244140625,374.989990234375,375.18499755859375,375.18499755859375,3001
2024-01-17 15:16:00-05:00,375.17999267578125,375.30999755859375,375.1099853515625,375.30999755859375,375.30999755859375,4832
2024-01-17 15:17:00-05:00,375.29998779296875,375.29998779296875,375.17999267578125,375.260009765625,375.260009765625,2602
2024-01-17 15:18:00-05:00,375.30999755859375,375.4700012207031,375.30999755859375,375.44000244140625,375.44000244140625,2772
2024-01-17 15:19:00-05:00,375.5299987792969,375.5299987792969,375.4700012207031,375.4949951171875,375.4949951171875,2550
2024-01-17 15:20:00-05:00,375.489990234375,375.5299987792969,375.3599853515625,375.3599853515625,375.3599853515625,3593
2024-01-17 15:21:00-05:00,375.3399963378906,375.42999267578125,375.29998779296875,375.42999267578125,375.42999267578125,1752
2024-01-17 15:22:00-05:00,375.4599914550781,375.5,375.3518981933594,375.4200134277344,375.4200134277344,4439
2024-01-17 15:23:00-05:00,375.3999938964844,375.5199890136719,375.3999938964844,375.4715881347656,375.4715881347656,2994
2024-01-17 15:24:00-05:00,375.4599914550781,375.4700012207031,375.32000732421875,375.3299865722656,375.3299865722656,3041
2024-01-17 15:25:00-05:00,375.3800048828125,375.42999267578125,375.3399963378906,375.4200134277344,375.4200134277344,4612
2024-01-17 15:26:00-05:00,375.5,375.5299987792969,375.4700012207031,375.489990234375,375.489990234375,2737
2024-01-17 15:27:00-05:00,375.4949951171875,375.4949951171875,375.4200134277344,375.4549865722656,375.4549865722656,3044
2024-01-17 15:28:00-05:00,375.3900146484375,375.4750061035156,375.3900146484375,375.44000244140625,375.44000244140625,3500
2024-01-17 15:29:00-05:00,375.3699951171875,375.4200134277344,375.3399963378906,375.3399963378906,375.3399963378906,1669
2024-01-17 15:30:00-05:00,375.2799987792969,375.45001220703125,375.2799987792969,375.42999267578125,375.42999267578125,4957
2024-01-17 15:31:00-05:00,375.4599914550781,375.8656921386719,375.4599914550781,375.8656921386719,375.8656921386719,7024
2024-01-17 15:32:00-05:00,375.8500061035156,376.1199951171875,375.80999755859375,376.07000732421875,376.07000732421875,7251
2024-01-17 15:33:00-05:00,376.0400085449219,376.1000061035156,376.0,376.0400085449219,376.0400085449219,7851
2024-01-17 15:34:00-05:00,376.07000732421875,376.2598876953125,376.0379943847656,376.0899963378906,376.0899963378906,6752
2024-01-17 15:35:00-05:00,376.1099853515625,376.6000061035156,376.1099853515625,376.5199890136719,376.5199890136719,16691
2024-01-17 15:36:00-05:00,376.489990234375,376.67999267578125,376.489990234375,376.54998779296875,376.54998779296875,10510
2024-01-17 15:37:00-05:00,376.69000244140625,376.739990234375,376.6400146484375,376.6400146484375,376.6400146484375,2651
2024-01-17 15:38:00-05:00,376.82000732421875,377.0799865722656,376.82000732421875,377.0799865722656,377.0799865722656,6014
2024-01-17 15:39:00-05:00,377.0704040527344,377.0704040527344,376.760009765625,376.92498779296875,376.92498779296875,8426
2024-01-17 15:40:00-05:00,376.9200134277344,377.0199890136719,376.8800048828125,376.989990234375,376.989990234375,5647
2024-01-17 15:41:00-05:00,376.95001220703125,376.95001220703125,376.8345947265625,376.95001220703125,376.95001220703125,9283
2024-01-17 15:42:00-05:00,376.95001220703125,376.9700012207031,376.7699890136719,376.82000732421875,376.82000732421875,10990
2024-01-17 15:43:00-05:00,376.79998779296875,376.81500244140625,376.6600036621094,376.6600036621094,376.6600036621094,6925
2024-01-17 15:44:00-05:00,376.6759948730469,376.7699890136719,376.6300048828125,376.6752014160156,376.6752014160156,6703
2024-01-17 15:45:00-05:00,376.760009765625,376.9700012207031,376.739990234375,376.94000244140625,376.94000244140625,12160
2024-01-17 15:46:00-05:00,377.0,377.1099853515625,376.9100036621094,377.1000061035156,377.1000061035156,6762
2024-01-17 15:47:00-05:00,377.1099853515625,377.2950134277344,377.0299987792969,377.260009765625,377.260009765625,24106
2024-01-17 15:48:00-05:00,377.2900085449219,377.3599853515625,377.260009765625,377.3599853515625,377.3599853515625,7876
2024-01-17 15:49:00-05:00,377.3559875488281,377.3559875488281,376.9100036621094,376.989990234375,376.989990234375,23711
2024-01-17 15:50:00-05:00,376.8900146484375,377.5299987792969,376.8599853515625,377.5150146484375,377.5150146484375,12383
2024-01-17 15:51:00-05:00,377.510009765625,377.510009765625,377.31500244140625,377.45111083984375,377.45111083984375,13647
2024-01-17 15:52:00-05:00,377.4574890136719,377.54998779296875,377.3900146484375,377.4949951171875,377.4949951171875,11207
2024-01-17 15:53:00-05:00,377.42999267578125,377.4700012207031,377.30999755859375,377.32000732421875,377.32000732421875,14179
2024-01-17 15:54:00-05:00,377.31500244140625,377.510009765625,377.2300109863281,377.510009765625,377.510009765625,18158
2024-01-17 15:55:00-05:00,377.5400085449219,377.6000061035156,377.4100036621094,377.45001220703125,377.45001220703125,13744
2024-01-17 15:56:00-05:00,377.4200134277344,377.7699890136719,377.30999755859375,377.57000732421875,377.57000732421875,25373
2024-01-17 15:57:00-05:00,377.56500244140625,377.7149963378906,377.56500244140625,377.6199951171875,377.6199951171875,27104
2024-01-17 15:58:00-05:00,377.6300048828125,377.69000244140625,377.44000244140625,377.44000244140625,377.44000244140625,24131
2024-01-17 15:59:00-05:00,377.4599914550781,377.4700012207031,376.9200134277344,377.2799987792969,377.2799987792969,68030
