Date,Open,High,Low,Close,Adj Close,Volume
2023-11-27 09:30:00-05:00,186.55999755859375,186.6199951171875,186.5500030517578,186.6199951171875,186.6199951171875,12663
2023-11-27 09:31:00-05:00,186.2100067138672,186.2100067138672,186.2100067138672,186.2100067138672,186.2100067138672,248
2023-11-27 09:32:00-05:00,186.63999938964844,186.67999267578125,186.375,186.375,186.375,1034
2023-11-27 09:34:00-05:00,186.36500549316406,186.3699951171875,186.34500122070312,186.3699951171875,186.3699951171875,825
2023-11-27 09:35:00-05:00,186.3699951171875,186.3699951171875,186.1300048828125,186.3249969482422,186.3249969482422,1131
2023-11-27 09:36:00-05:00,186.3000030517578,186.60000610351562,186.3000030517578,186.55999755859375,186.55999755859375,4778
2023-11-27 09:37:00-05:00,186.60000610351562,186.6699981689453,186.60000610351562,186.6699981689453,186.6699981689453,2598
2023-11-27 09:38:00-05:00,186.6750030517578,186.6750030517578,186.6750030517578,186.6750030517578,186.6750030517578,315
2023-11-27 09:39:00-05:00,186.69000244140625,186.69000244140625,186.69000244140625,186.69000244140625,186.69000244140625,418
2023-11-27 09:40:00-05:00,186.72000122070312,186.72000122070312,186.6199951171875,186.6199951171875,186.6199951171875,572
2023-11-27 09:41:00-05:00,186.72999572753906,186.72999572753906,186.72999572753906,186.72999572753906,186.72999572753906,765
2023-11-27 09:42:00-05:00,186.7899932861328,187.0800018310547,186.77000427246094,187.0800018310547,187.0800018310547,3529
2023-11-27 09:43:00-05:00,187.25,187.25,187.25,187.25,187.25,608
2023-11-27 09:44:00-05:00,187.49000549316406,187.49000549316406,187.36500549316406,187.36500549316406,187.36500549316406,772
2023-11-27 09:45:00-05:00,187.36000061035156,187.36000061035156,187.25,187.25,187.25,2416
2023-11-27 09:46:00-05:00,187.33999633789062,187.36000061035156,187.27999877929688,187.27999877929688,187.27999877929688,974
2023-11-27 09:47:00-05:00,187.3800048828125,187.39500427246094,187.3300018310547,187.3300018310547,187.3300018310547,929
2023-11-27 09:48:00-05:00,187.375,187.375,187.36500549316406,187.375,187.375,655
2023-11-27 09:49:00-05:00,187.32000732421875,187.38499450683594,187.24000549316406,187.24000549316406,187.24000549316406,4510
2023-11-27 09:50:00-05:00,187.30499267578125,187.31500244140625,187.30499267578125,187.31500244140625,187.31500244140625,863
2023-11-27 09:51:00-05:00,187.22999572753906,187.2449951171875,187.13999938964844,187.2449951171875,187.2449951171875,1368
2023-11-27 09:52:00-05:00,187.25999450683594,187.25999450683594,187.16000366210938,187.16000366210938,187.16000366210938,1101
2023-11-27 09:53:00-05:00,187.16000366210938,187.23500061035156,187.16000366210938,187.23500061035156,187.23500061035156,436
2023-11-27 09:54:00-05:00,187.32000732421875,187.32000732421875,187.14999389648438,187.14999389648438,187.14999389648438,3451
2023-11-27 09:55:00-05:00,187.14999389648438,187.25999450683594,187.14999389648438,187.25999450683594,187.25999450683594,982
2023-11-27 09:56:00-05:00,187.25999450683594,187.26499938964844,187.19500732421875,187.25999450683594,187.25999450683594,2106
2023-11-27 09:58:00-05:00,187.44000244140625,187.61000061035156,187.44000244140625,187.61000061035156,187.61000061035156,1454
2023-11-27 09:59:00-05:00,187.44500732421875,187.44500732421875,187.44500732421875,187.44500732421875,187.44500732421875,931
2023-11-27 10:00:00-05:00,187.36000061035156,187.4499969482422,187.36000061035156,187.43499755859375,187.43499755859375,715
2023-11-27 10:01:00-05:00,187.4600067138672,187.4600067138672,187.43499755859375,187.43499755859375,187.43499755859375,225
2023-11-27 10:02:00-05:00,187.43499755859375,187.43499755859375,187.33999633789062,187.41000366210938,187.41000366210938,4258
2023-11-27 10:03:00-05:00,187.3227996826172,187.3227996826172,187.3227996826172,187.3227996826172,187.3227996826172,191
2023-11-27 10:04:00-05:00,187.40499877929688,187.40499877929688,187.40499877929688,187.40499877929688,187.40499877929688,247
2023-11-27 10:05:00-05:00,187.40499877929688,187.50999450683594,187.40499877929688,187.50999450683594,187.50999450683594,283
2023-11-27 10:06:00-05:00,187.40499877929688,187.40499877929688,187.40499877929688,187.40499877929688,187.40499877929688,3353
2023-11-27 10:07:00-05:00,187.40499877929688,187.61000061035156,187.40499877929688,187.61000061035156,187.61000061035156,1534
2023-11-27 10:08:00-05:00,187.75999450683594,187.89999389648438,187.7100067138672,187.75,187.75,4006
2023-11-27 10:09:00-05:00,187.74400329589844,187.75,187.74400329589844,187.75,187.75,794
2023-11-27 10:10:00-05:00,187.80999755859375,187.80999755859375,187.7949981689453,187.7949981689453,187.7949981689453,613
2023-11-27 10:11:00-05:00,187.89999389648438,187.89999389648438,187.85000610351562,187.85000610351562,187.85000610351562,418
2023-11-27 10:12:00-05:00,187.85000610351562,187.85000610351562,187.8350067138672,187.8350067138672,187.8350067138672,646
2023-11-27 10:13:00-05:00,187.8300018310547,187.8300018310547,187.8300018310547,187.8300018310547,187.8300018310547,100
2023-11-27 10:14:00-05:00,187.8300018310547,188.0,187.58999633789062,187.80999755859375,187.80999755859375,17002
2023-11-27 10:15:00-05:00,187.89999389648438,187.94000244140625,187.8699951171875,187.8800048828125,187.8800048828125,2072
2023-11-27 10:16:00-05:00,187.875,187.91000366210938,187.8699951171875,187.91000366210938,187.91000366210938,676
2023-11-27 10:17:00-05:00,188.0,188.0,187.94000244140625,187.94000244140625,187.94000244140625,314
2023-11-27 10:18:00-05:00,187.85000610351562,187.85000610351562,187.6999969482422,187.6999969482422,187.6999969482422,2498
2023-11-27 10:19:00-05:00,187.64999389648438,187.99000549316406,187.64999389648438,187.99000549316406,187.99000549316406,2044
2023-11-27 10:20:00-05:00,187.9499969482422,187.9499969482422,187.875,187.875,187.875,321
2023-11-27 10:21:00-05:00,187.97000122070312,187.97000122070312,187.6999969482422,187.72000122070312,187.72000122070312,1518
2023-11-27 10:23:00-05:00,187.67999267578125,187.67999267578125,187.64999389648438,187.64999389648438,187.64999389648438,669
2023-11-27 10:24:00-05:00,187.67999267578125,187.67999267578125,187.63999938964844,187.67999267578125,187.67999267578125,1567
2023-11-27 10:26:00-05:00,187.88999938964844,187.88999938964844,187.83999633789062,187.83999633789062,187.83999633789062,447
2023-11-27 10:28:00-05:00,187.86000061035156,187.86000061035156,187.82000732421875,187.82000732421875,187.82000732421875,269
2023-11-27 10:29:00-05:00,187.86000061035156,188.0,187.85000610351562,188.0,188.0,2175
2023-11-27 10:30:00-05:00,187.7899932861328,188.0399932861328,187.7899932861328,188.0399932861328,188.0399932861328,2814
2023-11-27 10:31:00-05:00,187.9774932861328,187.9774932861328,187.9774932861328,187.9774932861328,187.9774932861328,201
2023-11-27 10:32:00-05:00,188.0,188.0,187.97000122070312,187.97000122070312,187.97000122070312,665
2023-11-27 10:33:00-05:00,188.02000427246094,188.11000061035156,188.02000427246094,188.11000061035156,188.11000061035156,729
2023-11-27 10:34:00-05:00,188.10000610351562,188.19000244140625,188.05999755859375,188.17999267578125,188.17999267578125,3422
2023-11-27 10:35:00-05:00,188.11500549316406,188.17999267578125,188.11500549316406,188.17999267578125,188.17999267578125,718
2023-11-27 10:36:00-05:00,188.11500549316406,188.1199951171875,188.05999755859375,188.05999755859375,188.05999755859375,1999
2023-11-27 10:37:00-05:00,188.10000610351562,188.10000610351562,188.00999450683594,188.00999450683594,188.00999450683594,4021
2023-11-27 10:38:00-05:00,187.99000549316406,187.99000549316406,187.94000244140625,187.96499633789062,187.96499633789062,2101
2023-11-27 10:39:00-05:00,188.0,188.0,187.96730041503906,187.96730041503906,187.96730041503906,821
2023-11-27 10:40:00-05:00,187.97999572753906,187.97999572753906,187.94500732421875,187.94500732421875,187.94500732421875,551
2023-11-27 10:41:00-05:00,188.0,188.0,187.99249267578125,187.99249267578125,187.99249267578125,926
2023-11-27 10:43:00-05:00,188.0,188.0,188.0,188.0,188.0,936
2023-11-27 10:44:00-05:00,188.0,188.0500030517578,188.0,188.0500030517578,188.0500030517578,1249
2023-11-27 10:45:00-05:00,187.99000549316406,187.99000549316406,187.99000549316406,187.99000549316406,187.99000549316406,514
2023-11-27 10:46:00-05:00,188.0500030517578,188.0500030517578,188.0,188.0,188.0,381
2023-11-27 10:47:00-05:00,187.99000549316406,188.0,187.99000549316406,188.0,188.0,834
2023-11-27 10:48:00-05:00,188.0399932861328,188.13999938964844,188.0399932861328,188.13999938964844,188.13999938964844,1901
2023-11-27 10:50:00-05:00,188.06500244140625,188.14999389648438,188.06500244140625,188.14999389648438,188.14999389648438,518
2023-11-27 10:51:00-05:00,188.1199951171875,188.1199951171875,188.06500244140625,188.06500244140625,188.06500244140625,773
2023-11-27 10:52:00-05:00,188.05499267578125,188.11000061035156,188.05499267578125,188.11000061035156,188.11000061035156,594
2023-11-27 10:53:00-05:00,188.1300048828125,188.25999450683594,188.1300048828125,188.25999450683594,188.25999450683594,1803
2023-11-27 10:54:00-05:00,188.3000030517578,188.38999938964844,188.27999877929688,188.38999938964844,188.38999938964844,1984
2023-11-27 10:55:00-05:00,188.44000244140625,188.4499969482422,188.44000244140625,188.4499969482422,188.4499969482422,676
2023-11-27 10:57:00-05:00,188.39500427246094,188.4499969482422,188.39500427246094,188.4499969482422,188.4499969482422,1126
2023-11-27 10:58:00-05:00,188.39500427246094,188.39500427246094,188.3000030517578,188.3000030517578,188.3000030517578,3375
2023-11-27 10:59:00-05:00,188.3350067138672,188.3350067138672,188.1999969482422,188.22000122070312,188.22000122070312,1665
2023-11-27 11:00:00-05:00,188.24000549316406,188.24000549316406,188.21499633789062,188.24000549316406,188.24000549316406,977
2023-11-27 11:01:00-05:00,188.10000610351562,188.10499572753906,188.0,188.0399932861328,188.0399932861328,997
2023-11-27 11:02:00-05:00,187.92999267578125,187.9499969482422,187.92999267578125,187.92999267578125,187.92999267578125,1235
2023-11-27 11:03:00-05:00,187.8300018310547,188.00999450683594,187.8300018310547,188.00999450683594,188.00999450683594,632
2023-11-27 11:04:00-05:00,187.9499969482422,187.9499969482422,187.9499969482422,187.9499969482422,187.9499969482422,677
2023-11-27 11:05:00-05:00,187.94000244140625,187.94000244140625,187.8300018310547,187.91000366210938,187.91000366210938,817
2023-11-27 11:06:00-05:00,187.99000549316406,188.11000061035156,187.99000549316406,188.11000061035156,188.11000061035156,1170
2023-11-27 11:07:00-05:00,188.13999938964844,188.24000549316406,188.13999938964844,188.24000549316406,188.24000549316406,1158
2023-11-27 11:08:00-05:00,188.25999450683594,188.3800048828125,188.25999450683594,188.3800048828125,188.3800048828125,455
2023-11-27 11:09:00-05:00,188.3800048828125,188.3800048828125,188.27999877929688,188.27999877929688,188.27999877929688,538
2023-11-27 11:10:00-05:00,188.3699951171875,188.3699951171875,188.3699951171875,188.3699951171875,188.3699951171875,442
2023-11-27 11:11:00-05:00,188.27000427246094,188.27000427246094,188.27000427246094,188.27000427246094,188.27000427246094,421
2023-11-27 11:12:00-05:00,188.1999969482422,188.1999969482422,188.05999755859375,188.05999755859375,188.05999755859375,2134
2023-11-27 11:14:00-05:00,188.0500030517578,188.0500030517578,188.0500030517578,188.0500030517578,188.0500030517578,887
2023-11-27 11:16:00-05:00,188.14999389648438,188.14999389648438,188.14999389648438,188.14999389648438,188.14999389648438,651
2023-11-27 11:19:00-05:00,188.33999633789062,188.33999633789062,188.33999633789062,188.33999633789062,188.33999633789062,245
2023-11-27 11:20:00-05:00,188.33999633789062,188.33999633789062,188.33999633789062,188.33999633789062,188.33999633789062,1161
2023-11-27 11:21:00-05:00,188.35000610351562,188.42999267578125,188.35000610351562,188.42999267578125,188.42999267578125,1523
2023-11-27 11:22:00-05:00,188.4949951171875,188.4949951171875,188.4949951171875,188.4949951171875,188.4949951171875,533
2023-11-27 11:23:00-05:00,188.33999633789062,188.33999633789062,188.32000732421875,188.32000732421875,188.32000732421875,1881
2023-11-27 11:24:00-05:00,188.33999633789062,188.36000061035156,188.3249969482422,188.3249969482422,188.3249969482422,591
2023-11-27 11:25:00-05:00,188.2899932861328,188.2899932861328,188.2899932861328,188.2899932861328,188.2899932861328,479
2023-11-27 11:26:00-05:00,188.36000061035156,188.36000061035156,188.36000061035156,188.36000061035156,188.36000061035156,202
2023-11-27 11:27:00-05:00,188.41000366210938,188.4499969482422,188.41000366210938,188.4199981689453,188.4199981689453,840
2023-11-27 11:28:00-05:00,188.3800048828125,188.49000549316406,188.3800048828125,188.49000549316406,188.49000549316406,852
2023-11-27 11:29:00-05:00,188.47000122070312,188.5800018310547,188.47000122070312,188.5800018310547,188.5800018310547,553
2023-11-27 11:30:00-05:00,188.4987030029297,188.5800018310547,188.41000366210938,188.41000366210938,188.41000366210938,2282
2023-11-27 11:31:00-05:00,188.4199981689453,188.43499755859375,188.4199981689453,188.43499755859375,188.43499755859375,620
2023-11-27 11:33:00-05:00,188.49000549316406,188.5399932861328,188.49000549316406,188.52999877929688,188.52999877929688,1694
2023-11-27 11:34:00-05:00,188.45550537109375,188.52999877929688,188.4550018310547,188.52999877929688,188.52999877929688,924
2023-11-27 11:35:00-05:00,188.5800018310547,188.5800018310547,188.5800018310547,188.5800018310547,188.5800018310547,1238
2023-11-27 11:36:00-05:00,188.5590057373047,188.5590057373047,188.5590057373047,188.5590057373047,188.5590057373047,131
2023-11-27 11:37:00-05:00,188.6300048828125,188.6300048828125,188.6300048828125,188.6300048828125,188.6300048828125,335
2023-11-27 11:38:00-05:00,188.65260314941406,188.65260314941406,188.5800018310547,188.6096954345703,188.6096954345703,1028
2023-11-27 11:39:00-05:00,188.5800018310547,188.5800018310547,188.52999877929688,188.52999877929688,188.52999877929688,1168
2023-11-27 11:40:00-05:00,188.57000732421875,188.58999633789062,188.57000732421875,188.58999633789062,188.58999633789062,721
2023-11-27 11:41:00-05:00,188.64999389648438,188.64999389648438,188.64999389648438,188.64999389648438,188.64999389648438,218
2023-11-27 11:42:00-05:00,188.63999938964844,188.63999938964844,188.63999938964844,188.63999938964844,188.63999938964844,125
2023-11-27 11:43:00-05:00,188.57000732421875,188.57000732421875,188.42999267578125,188.4600067138672,188.4600067138672,5100
2023-11-27 11:44:00-05:00,188.4676971435547,188.49000549316406,188.4499969482422,188.4499969482422,188.4499969482422,2556
2023-11-27 11:45:00-05:00,188.39999389648438,188.39999389648438,188.38999938964844,188.38999938964844,188.38999938964844,827
2023-11-27 11:46:00-05:00,188.41000366210938,188.4499969482422,188.41000366210938,188.4499969482422,188.4499969482422,867
2023-11-27 11:47:00-05:00,188.44610595703125,188.5,188.44610595703125,188.5,188.5,679
2023-11-27 11:48:00-05:00,188.42999267578125,188.42999267578125,188.4250030517578,188.4250030517578,188.4250030517578,360
2023-11-27 11:50:00-05:00,188.44000244140625,188.44000244140625,188.35000610351562,188.35000610351562,188.35000610351562,240
2023-11-27 11:51:00-05:00,188.4250030517578,188.5,188.4250030517578,188.5,188.5,385
2023-11-27 11:52:00-05:00,188.52999877929688,188.52999877929688,188.52999877929688,188.52999877929688,188.52999877929688,327
2023-11-27 11:54:00-05:00,188.5500030517578,188.7100067138672,188.5500030517578,188.7100067138672,188.7100067138672,1543
2023-11-27 11:55:00-05:00,188.77999877929688,188.77999877929688,188.77999877929688,188.77999877929688,188.77999877929688,633
2023-11-27 11:56:00-05:00,188.77000427246094,188.77000427246094,188.77000427246094,188.77000427246094,188.77000427246094,524
2023-11-27 11:57:00-05:00,188.74000549316406,188.75,188.58999633789062,188.58999633789062,188.58999633789062,3746
2023-11-27 11:58:00-05:00,188.60000610351562,188.67999267578125,188.60000610351562,188.67999267578125,188.67999267578125,1140
2023-11-27 11:59:00-05:00,188.52999877929688,188.52999877929688,188.52999877929688,188.52999877929688,188.52999877929688,630
2023-11-27 12:00:00-05:00,188.58999633789062,188.58999633789062,188.4600067138672,188.4600067138672,188.4600067138672,888
2023-11-27 12:02:00-05:00,188.5399932861328,188.56500244140625,188.5399932861328,188.56500244140625,188.56500244140625,484
2023-11-27 12:03:00-05:00,188.5500030517578,188.6300048828125,188.5500030517578,188.6300048828125,188.6300048828125,301
2023-11-27 12:04:00-05:00,188.5749969482422,188.6199951171875,188.56500244140625,188.56500244140625,188.56500244140625,827
2023-11-27 12:05:00-05:00,188.6300048828125,188.6300048828125,188.6300048828125,188.6300048828125,188.6300048828125,210
2023-11-27 12:06:00-05:00,188.6199951171875,188.6199951171875,188.6199951171875,188.6199951171875,188.6199951171875,194
2023-11-27 12:07:00-05:00,188.63499450683594,188.63499450683594,188.63499450683594,188.63499450683594,188.63499450683594,1540
2023-11-27 12:09:00-05:00,188.6699981689453,188.6750030517578,188.6699981689453,188.6750030517578,188.6750030517578,489
2023-11-27 12:10:00-05:00,188.67999267578125,188.69000244140625,188.67999267578125,188.69000244140625,188.69000244140625,716
2023-11-27 12:11:00-05:00,188.65499877929688,188.65499877929688,188.58999633789062,188.6300048828125,188.6300048828125,1520
2023-11-27 12:13:00-05:00,188.67999267578125,188.67999267578125,188.63999938964844,188.63999938964844,188.63999938964844,228
2023-11-27 12:14:00-05:00,188.6999969482422,188.6999969482422,188.6999969482422,188.6999969482422,188.6999969482422,241
2023-11-27 12:15:00-05:00,188.7100067138672,188.74000549316406,188.7100067138672,188.74000549316406,188.74000549316406,1321
2023-11-27 12:16:00-05:00,188.80999755859375,188.8300018310547,188.67999267578125,188.74000549316406,188.74000549316406,5123
2023-11-27 12:17:00-05:00,188.7050018310547,188.72999572753906,188.6699981689453,188.72999572753906,188.72999572753906,1259
2023-11-27 12:19:00-05:00,188.7100067138672,188.7100067138672,188.7100067138672,188.7100067138672,188.7100067138672,276
2023-11-27 12:20:00-05:00,188.63999938964844,188.6699981689453,188.6300048828125,188.64999389648438,188.64999389648438,2805
2023-11-27 12:21:00-05:00,188.66000366210938,188.66000366210938,188.5800018310547,188.63999938964844,188.63999938964844,3015
2023-11-27 12:22:00-05:00,188.625,188.625,188.5800018310547,188.6199951171875,188.6199951171875,712
2023-11-27 12:23:00-05:00,188.63499450683594,188.63499450683594,188.5800018310547,188.5800018310547,188.5800018310547,1050
2023-11-27 12:24:00-05:00,188.6300048828125,188.6300048828125,188.56399536132812,188.56399536132812,188.56399536132812,1296
2023-11-27 12:25:00-05:00,188.50999450683594,188.50999450683594,188.4250030517578,188.4250030517578,188.4250030517578,1671
2023-11-27 12:26:00-05:00,188.49000549316406,188.5240020751953,188.47000122070312,188.47000122070312,188.47000122070312,1182
2023-11-27 12:29:00-05:00,188.41000366210938,188.41000366210938,188.3300018310547,188.3300018310547,188.3300018310547,895
2023-11-27 12:30:00-05:00,188.40750122070312,188.40750122070312,188.40750122070312,188.40750122070312,188.40750122070312,255
2023-11-27 12:31:00-05:00,188.47999572753906,188.49000549316406,188.47999572753906,188.49000549316406,188.49000549316406,1304
2023-11-27 12:32:00-05:00,188.5,188.5500030517578,188.5,188.5500030517578,188.5500030517578,1637
2023-11-27 12:33:00-05:00,188.50970458984375,188.50970458984375,188.44000244140625,188.44000244140625,188.44000244140625,1399
2023-11-27 12:34:00-05:00,188.47500610351562,188.47500610351562,188.47500610351562,188.47500610351562,188.47500610351562,310
2023-11-27 12:36:00-05:00,188.52999877929688,188.55999755859375,188.52999877929688,188.55999755859375,188.55999755859375,688
2023-11-27 12:37:00-05:00,188.5500030517578,188.5500030517578,188.5500030517578,188.5500030517578,188.5500030517578,212
2023-11-27 12:38:00-05:00,188.5,188.5,188.4499969482422,188.4600067138672,188.4600067138672,2203
2023-11-27 12:40:00-05:00,188.5,188.5,188.5,188.5,188.5,678
2023-11-27 12:41:00-05:00,188.48500061035156,188.57000732421875,188.48500061035156,188.57000732421875,188.57000732421875,1027
2023-11-27 12:42:00-05:00,188.54800415039062,188.54800415039062,188.54800415039062,188.54800415039062,188.54800415039062,354
2023-11-27 12:43:00-05:00,188.60000610351562,188.60000610351562,188.60000610351562,188.60000610351562,188.60000610351562,211
2023-11-27 12:44:00-05:00,188.52999877929688,188.52999877929688,188.52999877929688,188.52999877929688,188.52999877929688,291
2023-11-27 12:45:00-05:00,188.52999877929688,188.6020050048828,188.52999877929688,188.6020050048828,188.6020050048828,559
2023-11-27 12:47:00-05:00,188.5800018310547,188.60000610351562,188.52999877929688,188.52999877929688,188.52999877929688,638
2023-11-27 12:48:00-05:00,188.52999877929688,188.60000610351562,188.52999877929688,188.60000610351562,188.60000610351562,2902
2023-11-27 12:49:00-05:00,188.5399932861328,188.5500030517578,188.5399932861328,188.5500030517578,188.5500030517578,443
2023-11-27 12:50:00-05:00,188.5449981689453,188.5449981689453,188.51499938964844,188.51499938964844,188.51499938964844,380
2023-11-27 12:51:00-05:00,188.57000732421875,188.57000732421875,188.57000732421875,188.57000732421875,188.57000732421875,133
2023-11-27 12:52:00-05:00,188.5449981689453,188.60000610351562,188.5449981689453,188.60000610351562,188.60000610351562,312
2023-11-27 12:53:00-05:00,188.60000610351562,188.60000610351562,188.60000610351562,188.60000610351562,188.60000610351562,339
2023-11-27 12:54:00-05:00,188.58999633789062,188.61000061035156,188.58999633789062,188.61000061035156,188.61000061035156,460
2023-11-27 12:55:00-05:00,188.55999755859375,188.61000061035156,188.55999755859375,188.60499572753906,188.60499572753906,1614
2023-11-27 12:57:00-05:00,188.55999755859375,188.55999755859375,188.55999755859375,188.55999755859375,188.55999755859375,609
2023-11-27 12:58:00-05:00,188.5279998779297,188.60000610351562,188.5279998779297,188.55999755859375,188.55999755859375,682
2023-11-27 12:59:00-05:00,188.61000061035156,188.61000061035156,188.52000427246094,188.52000427246094,188.52000427246094,3697
2023-11-27 13:00:00-05:00,188.50999450683594,188.52000427246094,188.47999572753906,188.52000427246094,188.52000427246094,2801
2023-11-27 13:01:00-05:00,188.4600067138672,188.48500061035156,188.4199981689453,188.48500061035156,188.48500061035156,1942
2023-11-27 13:02:00-05:00,188.49000549316406,188.49000549316406,188.49000549316406,188.49000549316406,188.49000549316406,1163
2023-11-27 13:05:00-05:00,188.485595703125,188.485595703125,188.485595703125,188.485595703125,188.485595703125,1637
2023-11-27 13:08:00-05:00,188.5399932861328,188.5500030517578,188.53500366210938,188.53500366210938,188.53500366210938,1243
2023-11-27 13:09:00-05:00,188.55499267578125,188.5576934814453,188.55499267578125,188.5576934814453,188.5576934814453,313
2023-11-27 13:10:00-05:00,188.6074981689453,188.6199951171875,188.6074981689453,188.61000061035156,188.61000061035156,1422
2023-11-27 13:11:00-05:00,188.63999938964844,188.66000366210938,188.6300048828125,188.66000366210938,188.66000366210938,1396
2023-11-27 13:14:00-05:00,188.6999969482422,188.6999969482422,188.6999969482422,188.6999969482422,188.6999969482422,208
2023-11-27 13:15:00-05:00,188.7050018310547,188.7050018310547,188.7050018310547,188.7050018310547,188.7050018310547,174
2023-11-27 13:17:00-05:00,188.75999450683594,188.75999450683594,188.75999450683594,188.75999450683594,188.75999450683594,240
2023-11-27 13:18:00-05:00,188.75,188.77000427246094,188.69009399414062,188.69009399414062,188.69009399414062,954
2023-11-27 13:19:00-05:00,188.77999877929688,188.8000030517578,188.69000244140625,188.75799560546875,188.75799560546875,2657
2023-11-27 13:20:00-05:00,188.68099975585938,188.68099975585938,188.68099975585938,188.68099975585938,188.68099975585938,846
2023-11-27 13:21:00-05:00,188.67999267578125,188.69500732421875,188.63999938964844,188.66000366210938,188.66000366210938,2393
2023-11-27 13:23:00-05:00,188.6699981689453,188.6699981689453,188.63999938964844,188.63999938964844,188.63999938964844,1706
2023-11-27 13:24:00-05:00,188.6999969482422,188.75,188.6999969482422,188.71499633789062,188.71499633789062,1348
2023-11-27 13:25:00-05:00,188.68820190429688,188.68820190429688,188.68820190429688,188.68820190429688,188.68820190429688,950
2023-11-27 13:26:00-05:00,188.7100067138672,188.7100067138672,188.7100067138672,188.7100067138672,188.7100067138672,352
2023-11-27 13:27:00-05:00,188.7100067138672,188.72000122070312,188.7100067138672,188.72000122070312,188.72000122070312,1057
2023-11-27 13:28:00-05:00,188.75,188.77000427246094,188.75,188.75,188.75,308
2023-11-27 13:29:00-05:00,188.74000549316406,188.77000427246094,188.73500061035156,188.77000427246094,188.77000427246094,537
2023-11-27 13:30:00-05:00,188.75,188.8300018310547,188.75,188.8300018310547,188.8300018310547,3368
2023-11-27 13:31:00-05:00,188.85000610351562,188.85000610351562,188.85000610351562,188.85000610351562,188.85000610351562,843
2023-11-27 13:32:00-05:00,188.8800048828125,188.92999267578125,188.85000610351562,188.85000610351562,188.85000610351562,1649
2023-11-27 13:33:00-05:00,188.875,188.875,188.80999755859375,188.85499572753906,188.85499572753906,2532
2023-11-27 13:34:00-05:00,188.85000610351562,188.85000610351562,188.76499938964844,188.8000030517578,188.8000030517578,4280
2023-11-27 13:36:00-05:00,188.8177947998047,188.8177947998047,188.73080444335938,188.73080444335938,188.73080444335938,678
2023-11-27 13:37:00-05:00,188.78500366210938,188.78500366210938,188.78500366210938,188.78500366210938,188.78500366210938,397
2023-11-27 13:38:00-05:00,188.77999877929688,188.77999877929688,188.77999877929688,188.77999877929688,188.77999877929688,563
2023-11-27 13:39:00-05:00,188.74000549316406,188.747802734375,188.74000549316406,188.747802734375,188.747802734375,694
2023-11-27 13:42:00-05:00,188.77000427246094,188.77000427246094,188.76499938964844,188.76499938964844,188.76499938964844,592
2023-11-27 13:43:00-05:00,188.75999450683594,188.85000610351562,188.74000549316406,188.85000610351562,188.85000610351562,3643
2023-11-27 13:44:00-05:00,188.82000732421875,188.85000610351562,188.80999755859375,188.82000732421875,188.82000732421875,1459
2023-11-27 13:47:00-05:00,188.8300018310547,188.85499572753906,188.8000030517578,188.82000732421875,188.82000732421875,3930
2023-11-27 13:48:00-05:00,188.8000030517578,188.86000061035156,188.77999877929688,188.8300018310547,188.8300018310547,3737
2023-11-27 13:49:00-05:00,188.82000732421875,188.82000732421875,188.7924041748047,188.7924041748047,188.7924041748047,667
2023-11-27 13:50:00-05:00,188.7899932861328,188.7899932861328,188.77000427246094,188.77000427246094,188.77000427246094,2344
2023-11-27 13:54:00-05:00,188.74000549316406,188.7899932861328,188.74000549316406,188.7899932861328,188.7899932861328,518
2023-11-27 13:55:00-05:00,188.7899932861328,188.7899932861328,188.7899932861328,188.7899932861328,188.7899932861328,290
2023-11-27 13:56:00-05:00,188.77999877929688,188.77999877929688,188.77999877929688,188.77999877929688,188.77999877929688,645
2023-11-27 13:57:00-05:00,188.82000732421875,188.82000732421875,188.7899932861328,188.7899932861328,188.7899932861328,624
2023-11-27 13:58:00-05:00,188.8000030517578,188.8000030517578,188.8000030517578,188.8000030517578,188.8000030517578,122
2023-11-27 13:59:00-05:00,188.78500366210938,188.78500366210938,188.78500366210938,188.78500366210938,188.78500366210938,806
2023-11-27 14:00:00-05:00,188.83999633789062,188.91000366210938,188.83999633789062,188.89999389648438,188.89999389648438,1993
2023-11-27 14:01:00-05:00,188.8800048828125,188.91000366210938,188.8800048828125,188.91000366210938,188.91000366210938,411
2023-11-27 14:02:00-05:00,188.91000366210938,188.91000366210938,188.91000366210938,188.91000366210938,188.91000366210938,281
2023-11-27 14:03:00-05:00,188.97999572753906,188.97999572753906,188.9199981689453,188.9199981689453,188.9199981689453,543
2023-11-27 14:04:00-05:00,188.9199981689453,188.9199981689453,188.88999938964844,188.89300537109375,188.89300537109375,3633
2023-11-27 14:05:00-05:00,188.92999267578125,188.94000244140625,188.8699951171875,188.8800048828125,188.8800048828125,6862
2023-11-27 14:06:00-05:00,189.0,189.0800018310547,189.0,189.07000732421875,189.07000732421875,5317
2023-11-27 14:07:00-05:00,189.0850067138672,189.0850067138672,188.9499969482422,188.9600067138672,188.9600067138672,4336
2023-11-27 14:08:00-05:00,188.9600067138672,188.96499633789062,188.9600067138672,188.9600067138672,188.9600067138672,668
2023-11-27 14:09:00-05:00,188.9199981689453,188.9499969482422,188.9199981689453,188.9499969482422,188.9499969482422,976
2023-11-27 14:11:00-05:00,188.91000366210938,188.91000366210938,188.80999755859375,188.83999633789062,188.83999633789062,3667
2023-11-27 14:12:00-05:00,188.89999389648438,188.89999389648438,188.89500427246094,188.89500427246094,188.89500427246094,338
2023-11-27 14:13:00-05:00,188.8699951171875,188.8800048828125,188.8699951171875,188.8800048828125,188.8800048828125,701
2023-11-27 14:14:00-05:00,188.8800048828125,188.8800048828125,188.8800048828125,188.8800048828125,188.8800048828125,739
2023-11-27 14:16:00-05:00,188.9250946044922,188.9250946044922,188.9250946044922,188.9250946044922,188.9250946044922,437
2023-11-27 14:17:00-05:00,188.8800048828125,188.8800048828125,188.8800048828125,188.8800048828125,188.8800048828125,605
2023-11-27 14:18:00-05:00,188.9199981689453,188.9199981689453,188.89999389648438,188.91000366210938,188.91000366210938,2348
2023-11-27 14:22:00-05:00,188.86500549316406,188.86500549316406,188.82000732421875,188.86000061035156,188.86000061035156,1956
2023-11-27 14:23:00-05:00,188.868896484375,188.868896484375,188.80999755859375,188.80999755859375,188.80999755859375,1133
2023-11-27 14:24:00-05:00,188.85499572753906,188.86000061035156,188.85499572753906,188.86000061035156,188.86000061035156,832
2023-11-27 14:25:00-05:00,188.83999633789062,188.83999633789062,188.83999633789062,188.83999633789062,188.83999633789062,474
2023-11-27 14:26:00-05:00,188.85000610351562,188.92599487304688,188.85000610351562,188.85009765625,188.85009765625,3100
2023-11-27 14:27:00-05:00,188.94000244140625,188.99000549316406,188.94000244140625,188.96499633789062,188.96499633789062,1435
2023-11-27 14:28:00-05:00,188.9499969482422,188.98500061035156,188.92999267578125,188.98500061035156,188.98500061035156,2598
2023-11-27 14:29:00-05:00,188.97000122070312,189.00999450683594,188.97000122070312,189.0,189.0,1497
2023-11-27 14:30:00-05:00,189.0,189.0,188.9600067138672,188.97999572753906,188.97999572753906,1749
2023-11-27 14:31:00-05:00,188.99000549316406,188.99000549316406,188.89999389648438,188.91000366210938,188.91000366210938,5045
2023-11-27 14:32:00-05:00,188.8800048828125,188.8800048828125,188.8800048828125,188.8800048828125,188.8800048828125,752
2023-11-27 14:33:00-05:00,188.94000244140625,188.94000244140625,188.94000244140625,188.94000244140625,188.94000244140625,215
2023-11-27 14:34:00-05:00,188.8800048828125,188.9499969482422,188.8800048828125,188.9167938232422,188.9167938232422,2671
2023-11-27 14:35:00-05:00,188.9199981689453,188.9199981689453,188.91000366210938,188.91000366210938,188.91000366210938,1308
2023-11-27 14:37:00-05:00,188.9499969482422,188.9600067138672,188.9499969482422,188.9600067138672,188.9600067138672,949
2023-11-27 14:38:00-05:00,189.00999450683594,189.00999450683594,189.00999450683594,189.00999450683594,189.00999450683594,1050
2023-11-27 14:39:00-05:00,188.97999572753906,188.97999572753906,188.91000366210938,188.91000366210938,188.91000366210938,3644
2023-11-27 14:40:00-05:00,188.8800048828125,188.89999389648438,188.82000732421875,188.8300018310547,188.8300018310547,1946
2023-11-27 14:41:00-05:00,188.85000610351562,188.89999389648438,188.85000610351562,188.89999389648438,188.89999389648438,895
2023-11-27 14:42:00-05:00,188.9199981689453,188.9199981689453,188.86000061035156,188.86000061035156,188.86000061035156,1735
2023-11-27 14:43:00-05:00,188.80999755859375,188.85000610351562,188.72000122070312,188.77999877929688,188.77999877929688,3333
2023-11-27 14:45:00-05:00,188.83999633789062,188.83999633789062,188.78500366210938,188.78500366210938,188.78500366210938,397
2023-11-27 14:46:00-05:00,188.6999969482422,188.6999969482422,188.6999969482422,188.6999969482422,188.6999969482422,400
2023-11-27 14:47:00-05:00,188.63999938964844,188.67999267578125,188.63999938964844,188.63999938964844,188.63999938964844,2921
2023-11-27 14:48:00-05:00,188.6699981689453,188.74000549316406,188.64999389648438,188.74000549316406,188.74000549316406,1352
2023-11-27 14:49:00-05:00,188.75999450683594,188.8000030517578,188.72000122070312,188.75999450683594,188.75999450683594,2218
2023-11-27 14:50:00-05:00,188.73500061035156,188.73500061035156,188.73500061035156,188.73500061035156,188.73500061035156,268
2023-11-27 14:51:00-05:00,188.80999755859375,188.83999633789062,188.80999755859375,188.83999633789062,188.83999633789062,813
2023-11-27 14:52:00-05:00,188.7949981689453,188.8300018310547,188.75,188.8300018310547,188.8300018310547,4155
2023-11-27 14:53:00-05:00,188.83999633789062,188.97000122070312,188.83999633789062,188.97000122070312,188.97000122070312,4545
2023-11-27 14:54:00-05:00,188.89999389648438,188.96499633789062,188.89999389648438,188.96499633789062,188.96499633789062,1072
2023-11-27 14:55:00-05:00,188.97999572753906,188.97999572753906,188.97999572753906,188.97999572753906,188.97999572753906,965
2023-11-27 14:56:00-05:00,188.97999572753906,189.00999450683594,188.92999267578125,189.00999450683594,189.00999450683594,12289
2023-11-27 14:57:00-05:00,189.02000427246094,189.0500030517578,189.0,189.03500366210938,189.03500366210938,2098
2023-11-27 14:58:00-05:00,189.05999755859375,189.0800018310547,189.03500366210938,189.0800018310547,189.0800018310547,1493
2023-11-27 14:59:00-05:00,189.0500030517578,189.125,189.0500030517578,189.125,189.125,6248
2023-11-27 15:00:00-05:00,189.05999755859375,189.07000732421875,188.94000244140625,188.97999572753906,188.97999572753906,4019
2023-11-27 15:01:00-05:00,188.97999572753906,188.97999572753906,188.97999572753906,188.97999572753906,188.97999572753906,509
2023-11-27 15:02:00-05:00,188.92999267578125,188.94000244140625,188.83999633789062,188.91000366210938,188.91000366210938,2163
2023-11-27 15:03:00-05:00,188.91749572753906,188.9199981689453,188.8699951171875,188.8699951171875,188.8699951171875,1282
2023-11-27 15:04:00-05:00,188.8300018310547,188.85000610351562,188.8300018310547,188.85000610351562,188.85000610351562,598
2023-11-27 15:05:00-05:00,188.91000366210938,188.9199981689453,188.88499450683594,188.9199981689453,188.9199981689453,995
2023-11-27 15:06:00-05:00,188.88999938964844,188.88999938964844,188.83999633789062,188.875,188.875,2105
2023-11-27 15:07:00-05:00,188.91000366210938,188.9199981689453,188.875,188.89500427246094,188.89500427246094,1528
2023-11-27 15:08:00-05:00,188.92999267578125,188.93499755859375,188.8699951171875,188.8699951171875,188.8699951171875,2464
2023-11-27 15:09:00-05:00,188.91000366210938,188.9199981689453,188.87600708007812,188.9199981689453,188.9199981689453,1544
2023-11-27 15:11:00-05:00,188.94000244140625,188.97999572753906,188.94000244140625,188.97999572753906,188.97999572753906,2129
2023-11-27 15:12:00-05:00,188.97999572753906,189.0399932861328,188.97000122070312,189.0,189.0,3529
2023-11-27 15:13:00-05:00,189.0050048828125,189.0050048828125,188.94000244140625,188.94000244140625,188.94000244140625,2228
2023-11-27 15:14:00-05:00,188.9199981689453,188.9199981689453,188.8699951171875,188.9080047607422,188.9080047607422,1566
2023-11-27 15:15:00-05:00,188.9199981689453,188.97000122070312,188.88999938964844,188.97000122070312,188.97000122070312,2112
2023-11-27 15:16:00-05:00,188.94000244140625,188.94000244140625,188.92999267578125,188.92999267578125,188.92999267578125,961
2023-11-27 15:17:00-05:00,188.9600067138672,188.99000549316406,188.9600067138672,188.99000549316406,188.99000549316406,776
2023-11-27 15:18:00-05:00,189.00999450683594,189.11000061035156,189.00999450683594,189.11000061035156,189.11000061035156,1957
2023-11-27 15:19:00-05:00,189.11500549316406,189.24000549316406,189.11000061035156,189.21499633789062,189.21499633789062,10756
2023-11-27 15:20:00-05:00,189.21499633789062,189.2899932861328,189.17999267578125,189.17999267578125,189.17999267578125,3473
2023-11-27 15:21:00-05:00,189.17999267578125,189.23069763183594,189.17999267578125,189.23069763183594,189.23069763183594,1084
2023-11-27 15:22:00-05:00,189.22500610351562,189.22500610351562,189.1999969482422,189.1999969482422,189.1999969482422,724
2023-11-27 15:23:00-05:00,189.1999969482422,189.1999969482422,189.1300048828125,189.14500427246094,189.14500427246094,4265
2023-11-27 15:24:00-05:00,189.125,189.1699981689453,189.1199951171875,189.1699981689453,189.1699981689453,1868
2023-11-27 15:25:00-05:00,189.1750030517578,189.22999572753906,189.1699981689453,189.22999572753906,189.22999572753906,3158
2023-11-27 15:26:00-05:00,189.22999572753906,189.27000427246094,189.22999572753906,189.27000427246094,189.27000427246094,706
2023-11-27 15:27:00-05:00,189.27999877929688,189.3350067138672,189.27999877929688,189.3350067138672,189.3350067138672,2851
2023-11-27 15:28:00-05:00,189.2899932861328,189.2899932861328,189.27999877929688,189.27999877929688,189.27999877929688,999
2023-11-27 15:29:00-05:00,189.31500244140625,189.31500244140625,189.31500244140625,189.31500244140625,189.31500244140625,640
2023-11-27 15:30:00-05:00,189.35000610351562,189.36000061035156,189.32000732421875,189.32000732421875,189.32000732421875,1829
2023-11-27 15:31:00-05:00,189.35000610351562,189.36129760742188,189.2100067138672,189.2100067138672,189.2100067138672,8214
2023-11-27 15:32:00-05:00,189.24000549316406,189.27000427246094,189.22999572753906,189.25,189.25,2824
2023-11-27 15:33:00-05:00,189.27000427246094,189.31500244140625,189.22000122070312,189.23500061035156,189.23500061035156,6288
2023-11-27 15:34:00-05:00,189.22999572753906,189.22999572753906,189.17999267578125,189.17999267578125,189.17999267578125,753
2023-11-27 15:35:00-05:00,189.1699981689453,189.3000030517578,189.14999389648438,189.1649932861328,189.1649932861328,4805
2023-11-27 15:36:00-05:00,189.13999938964844,189.27000427246094,189.13999938964844,189.27000427246094,189.27000427246094,1196
2023-11-27 15:37:00-05:00,189.25999450683594,189.3350067138672,189.22000122070312,189.3350067138672,189.3350067138672,5051
2023-11-27 15:38:00-05:00,189.36000061035156,189.36000061035156,189.2899932861328,189.33999633789062,189.33999633789062,3526
2023-11-27 15:39:00-05:00,189.2899932861328,189.2899932861328,189.24000549316406,189.24000549316406,189.24000549316406,2414
2023-11-27 15:40:00-05:00,189.22500610351562,189.25750732421875,189.22500610351562,189.25750732421875,189.25750732421875,2028
2023-11-27 15:41:00-05:00,189.27999877929688,189.36000061035156,189.24000549316406,189.36000061035156,189.36000061035156,5357
2023-11-27 15:42:00-05:00,189.36000061035156,189.36000061035156,189.32000732421875,189.36000061035156,189.36000061035156,3056
2023-11-27 15:43:00-05:00,189.3300018310547,189.35000610351562,189.30999755859375,189.35000610351562,189.35000610351562,2353
2023-11-27 15:44:00-05:00,189.36000061035156,189.36000061035156,189.27999877929688,189.27999877929688,189.27999877929688,4579
2023-11-27 15:45:00-05:00,189.30999755859375,189.3300018310547,189.25,189.25,189.25,4502
2023-11-27 15:46:00-05:00,189.27699279785156,189.27699279785156,189.19000244140625,189.21499633789062,189.21499633789062,3965
2023-11-27 15:47:00-05:00,189.19000244140625,189.19000244140625,189.14500427246094,189.1649932861328,189.1649932861328,2127
2023-11-27 15:48:00-05:00,189.1649932861328,189.19000244140625,189.02000427246094,189.05999755859375,189.05999755859375,8066
2023-11-27 15:49:00-05:00,189.05999755859375,189.0800018310547,188.9949951171875,189.07000732421875,189.07000732421875,1174
2023-11-27 15:50:00-05:00,189.0800018310547,189.19000244140625,189.0800018310547,189.11500549316406,189.11500549316406,7274
2023-11-27 15:51:00-05:00,189.14999389648438,189.16000366210938,189.0800018310547,189.125,189.125,4886
2023-11-27 15:52:00-05:00,189.16000366210938,189.1999969482422,189.13999938964844,189.19500732421875,189.19500732421875,4591
2023-11-27 15:53:00-05:00,189.1999969482422,189.22000122070312,189.16209411621094,189.2100067138672,189.2100067138672,7778
2023-11-27 15:54:00-05:00,189.2100067138672,189.22999572753906,189.08999633789062,189.08999633789062,189.08999633789062,11531
2023-11-27 15:55:00-05:00,189.07000732421875,189.1699981689453,189.0449981689453,189.1699981689453,189.1699981689453,21158
2023-11-27 15:56:00-05:00,189.1649932861328,189.1999969482422,189.02000427246094,189.0500030517578,189.0500030517578,20332
2023-11-27 15:57:00-05:00,189.0500030517578,189.0500030517578,188.92999267578125,188.92999267578125,188.92999267578125,13670
2023-11-27 15:58:00-05:00,188.9600067138672,188.97999572753906,188.8800048828125,188.94000244140625,188.94000244140625,24229
2023-11-27 15:59:00-05:00,188.9600067138672,189.08999633789062,188.89999389648438,189.02999877929688,189.02999877929688,40943
