Date,Open,High,Low,Close,Adj Close,Volume
2024-02-20 09:30:00-05:00,91.5,91.7300033569336,91.36399841308594,91.7300033569336,91.7300033569336,115373
2024-02-20 09:31:00-05:00,91.73999786376953,91.73999786376953,91.38999938964844,91.38999938964844,91.38999938964844,11252
2024-02-20 09:32:00-05:00,91.4000015258789,91.51000213623047,91.4000015258789,91.51000213623047,91.51000213623047,13547
2024-02-20 09:33:00-05:00,91.49369812011719,91.56999969482422,91.4000015258789,91.51000213623047,91.51000213623047,15950
2024-02-20 09:34:00-05:00,91.5250015258789,91.6052017211914,91.5199966430664,91.58000183105469,91.58000183105469,10191
2024-02-20 09:35:00-05:00,91.55999755859375,91.58000183105469,91.48999786376953,91.52999877929688,91.52999877929688,17057
2024-02-20 09:36:00-05:00,91.52999877929688,91.58999633789062,91.5,91.54499816894531,91.54499816894531,17774
2024-02-20 09:37:00-05:00,91.52999877929688,91.62000274658203,91.52999877929688,91.62000274658203,91.62000274658203,9018
2024-02-20 09:38:00-05:00,91.62750244140625,91.62750244140625,91.51000213623047,91.55000305175781,91.55000305175781,16526
2024-02-20 09:39:00-05:00,91.55000305175781,91.58999633789062,91.48999786376953,91.51000213623047,91.51000213623047,15946
2024-02-20 09:40:00-05:00,91.50499725341797,91.56999969482422,91.44999694824219,91.52999877929688,91.52999877929688,16815
2024-02-20 09:41:00-05:00,91.54000091552734,91.69999694824219,91.5199966430664,91.69999694824219,91.69999694824219,35516
2024-02-20 09:42:00-05:00,91.68000030517578,91.80999755859375,91.6500015258789,91.80000305175781,91.80000305175781,33971
2024-02-20 09:43:00-05:00,91.80999755859375,91.9000015258789,91.76000213623047,91.79000091552734,91.79000091552734,17411
2024-02-20 09:44:00-05:00,91.80000305175781,91.88999938964844,91.73999786376953,91.73999786376953,91.73999786376953,17456
2024-02-20 09:45:00-05:00,91.7300033569336,91.77999877929688,91.64969635009766,91.6500015258789,91.6500015258789,13871
2024-02-20 09:46:00-05:00,91.63500213623047,91.69999694824219,91.58000183105469,91.69999694824219,91.69999694824219,18371
2024-02-20 09:47:00-05:00,91.69999694824219,91.69999694824219,91.58999633789062,91.58999633789062,91.58999633789062,15488
2024-02-20 09:48:00-05:00,91.61000061035156,91.79010009765625,91.61000061035156,91.79000091552734,91.79000091552734,12076
2024-02-20 09:49:00-05:00,91.79000091552734,91.9000015258789,91.79000091552734,91.87999725341797,91.87999725341797,12599
2024-02-20 09:50:00-05:00,91.86000061035156,91.9800033569336,91.86000061035156,91.97000122070312,91.97000122070312,18012
2024-02-20 09:51:00-05:00,91.97010040283203,92.04000091552734,91.97000122070312,91.97530364990234,91.97530364990234,15845
2024-02-20 09:52:00-05:00,92.0199966430664,92.06999969482422,91.9800033569336,92.06500244140625,92.06500244140625,13731
2024-02-20 09:53:00-05:00,92.06999969482422,92.1500015258789,92.06999969482422,92.0999984741211,92.0999984741211,16450
2024-02-20 09:54:00-05:00,92.08499908447266,92.11799621582031,92.04000091552734,92.091796875,92.091796875,19826
2024-02-20 09:55:00-05:00,92.08999633789062,92.08999633789062,91.97000122070312,92.02870178222656,92.02870178222656,37460
2024-02-20 09:56:00-05:00,92.02999877929688,92.06500244140625,92.0,92.0199966430664,92.0199966430664,19412
2024-02-20 09:57:00-05:00,92.01499938964844,92.13500213623047,92.0,92.13500213623047,92.13500213623047,13182
2024-02-20 09:58:00-05:00,92.13500213623047,92.13500213623047,92.04000091552734,92.08000183105469,92.08000183105469,23224
2024-02-20 09:59:00-05:00,92.06999969482422,92.1500015258789,92.05999755859375,92.0999984741211,92.0999984741211,10054
2024-02-20 10:00:00-05:00,92.1010971069336,92.18499755859375,92.08999633789062,92.18499755859375,92.18499755859375,15491
2024-02-20 10:01:00-05:00,92.19000244140625,92.2300033569336,92.18000030517578,92.2251968383789,92.2251968383789,20810
2024-02-20 10:02:00-05:00,92.2300033569336,92.29000091552734,92.16000366210938,92.18000030517578,92.18000030517578,17415
2024-02-20 10:03:00-05:00,92.21499633789062,92.25,92.18000030517578,92.20999908447266,92.20999908447266,7044
2024-02-20 10:04:00-05:00,92.22000122070312,92.22000122070312,92.12010192871094,92.18499755859375,92.18499755859375,10217
2024-02-20 10:05:00-05:00,92.19000244140625,92.25,92.16000366210938,92.16000366210938,92.16000366210938,27224
2024-02-20 10:06:00-05:00,92.16999816894531,92.2300033569336,92.16999816894531,92.19499969482422,92.19499969482422,8448
2024-02-20 10:07:00-05:00,92.19499969482422,92.19999694824219,92.05000305175781,92.05500030517578,92.05500030517578,14466
2024-02-20 10:08:00-05:00,92.04000091552734,92.08999633789062,92.04000091552734,92.08999633789062,92.08999633789062,14281
2024-02-20 10:09:00-05:00,92.0999984741211,92.13999938964844,92.06999969482422,92.11000061035156,92.11000061035156,26971
2024-02-20 10:10:00-05:00,92.0999984741211,92.11000061035156,92.0,92.01499938964844,92.01499938964844,20168
2024-02-20 10:11:00-05:00,92.01020050048828,92.11499786376953,91.97000122070312,92.08000183105469,92.08000183105469,15028
2024-02-20 10:12:00-05:00,92.08000183105469,92.08100128173828,91.98999786376953,91.98999786376953,91.98999786376953,20811
2024-02-20 10:13:00-05:00,91.98999786376953,92.03500366210938,91.98999786376953,92.03500366210938,92.03500366210938,7004
2024-02-20 10:14:00-05:00,92.05000305175781,92.1500015258789,92.05000305175781,92.1500015258789,92.1500015258789,19074
2024-02-20 10:15:00-05:00,92.18000030517578,92.20999908447266,92.16000366210938,92.16000366210938,92.16000366210938,9968
2024-02-20 10:16:00-05:00,92.16000366210938,92.16000366210938,92.0999984741211,92.0999984741211,92.0999984741211,8411
2024-02-20 10:17:00-05:00,92.11530303955078,92.1500015258789,92.08000183105469,92.11000061035156,92.11000061035156,7854
2024-02-20 10:18:00-05:00,92.11000061035156,92.18000030517578,92.0999984741211,92.18000030517578,92.18000030517578,11302
2024-02-20 10:19:00-05:00,92.18000030517578,92.20999908447266,92.15010070800781,92.16999816894531,92.16999816894531,14199
2024-02-20 10:20:00-05:00,92.16999816894531,92.18000030517578,92.06999969482422,92.13500213623047,92.13500213623047,17255
2024-02-20 10:21:00-05:00,92.12999725341797,92.12999725341797,92.08000183105469,92.08499908447266,92.08499908447266,11290
2024-02-20 10:22:00-05:00,92.0999984741211,92.0999984741211,92.01000213623047,92.06790161132812,92.06790161132812,13029
2024-02-20 10:23:00-05:00,92.05999755859375,92.11000061035156,92.02999877929688,92.0875015258789,92.0875015258789,22081
2024-02-20 10:24:00-05:00,92.08499908447266,92.08499908447266,92.0199966430664,92.0199966430664,92.0199966430664,9189
2024-02-20 10:25:00-05:00,92.0199966430664,92.04000091552734,91.9800033569336,92.01000213623047,92.01000213623047,22644
2024-02-20 10:26:00-05:00,92.0199966430664,92.05999755859375,91.98999786376953,92.0199966430664,92.0199966430664,10316
2024-02-20 10:27:00-05:00,92.01000213623047,92.08999633789062,92.01000213623047,92.08999633789062,92.08999633789062,9394
2024-02-20 10:28:00-05:00,92.08999633789062,92.08999633789062,92.0250015258789,92.04000091552734,92.04000091552734,9926
2024-02-20 10:29:00-05:00,92.04000091552734,92.0551986694336,92.0,92.0199966430664,92.0199966430664,13744
2024-02-20 10:30:00-05:00,92.0199966430664,92.08999633789062,91.98999786376953,92.08999633789062,92.08999633789062,10797
2024-02-20 10:31:00-05:00,92.0801010131836,92.08999633789062,92.02999877929688,92.05999755859375,92.05999755859375,16643
2024-02-20 10:32:00-05:00,92.05999755859375,92.05999755859375,91.9800033569336,92.01000213623047,92.01000213623047,7863
2024-02-20 10:33:00-05:00,92.0199966430664,92.0199966430664,91.94000244140625,91.9800033569336,91.9800033569336,7051
2024-02-20 10:34:00-05:00,91.98999786376953,92.00499725341797,91.9800033569336,92.00499725341797,92.00499725341797,4379
2024-02-20 10:35:00-05:00,92.0,92.05999755859375,92.0,92.05999755859375,92.05999755859375,11447
2024-02-20 10:36:00-05:00,92.05999755859375,92.05999755859375,92.04000091552734,92.05000305175781,92.05000305175781,8238
2024-02-20 10:37:00-05:00,92.04499816894531,92.04499816894531,92.0,92.0,92.0,6843
2024-02-20 10:38:00-05:00,92.0,92.0,91.95590209960938,91.99500274658203,91.99500274658203,11616
2024-02-20 10:39:00-05:00,91.99500274658203,91.99500274658203,91.97000122070312,91.97669982910156,91.97669982910156,4676
2024-02-20 10:40:00-05:00,91.97000122070312,91.97000122070312,91.91999816894531,91.93000030517578,91.93000030517578,7952
2024-02-20 10:41:00-05:00,91.94000244140625,91.97000122070312,91.93000030517578,91.94000244140625,91.94000244140625,6411
2024-02-20 10:42:00-05:00,91.95999908447266,91.95999908447266,91.91310119628906,91.93009948730469,91.93009948730469,8485
2024-02-20 10:43:00-05:00,91.93000030517578,91.93000030517578,91.86000061035156,91.88999938964844,91.88999938964844,9507
2024-02-20 10:44:00-05:00,91.88999938964844,91.88999938964844,91.8676986694336,91.8676986694336,91.8676986694336,5467
2024-02-20 10:45:00-05:00,91.86000061035156,91.86000061035156,91.79000091552734,91.79000091552734,91.79000091552734,8843
2024-02-20 10:46:00-05:00,91.79000091552734,91.8550033569336,91.75,91.8550033569336,91.8550033569336,17000
2024-02-20 10:47:00-05:00,91.86000061035156,91.86000061035156,91.8051986694336,91.8499984741211,91.8499984741211,9747
2024-02-20 10:48:00-05:00,91.8499984741211,91.88999938964844,91.8499984741211,91.88999938964844,91.88999938964844,5821
2024-02-20 10:49:00-05:00,91.88999938964844,91.89769744873047,91.80000305175781,91.86000061035156,91.86000061035156,18265
2024-02-20 10:50:00-05:00,91.87000274658203,91.87000274658203,91.7750015258789,91.7750015258789,91.7750015258789,4110
2024-02-20 10:51:00-05:00,91.76000213623047,91.82499694824219,91.76000213623047,91.81999969482422,91.81999969482422,5200
2024-02-20 10:52:00-05:00,91.81999969482422,91.9000015258789,91.81999969482422,91.86000061035156,91.86000061035156,10752
2024-02-20 10:53:00-05:00,91.8499984741211,91.9166030883789,91.83999633789062,91.9166030883789,91.9166030883789,11930
2024-02-20 10:54:00-05:00,91.91500091552734,91.91999816894531,91.8499984741211,91.8499984741211,91.8499984741211,7112
2024-02-20 10:55:00-05:00,91.83999633789062,91.83999633789062,91.77999877929688,91.83999633789062,91.83999633789062,8515
2024-02-20 10:56:00-05:00,91.83740234375,91.8499984741211,91.80000305175781,91.80999755859375,91.80999755859375,7884
2024-02-20 10:57:00-05:00,91.80000305175781,91.80000305175781,91.69999694824219,91.69999694824219,91.69999694824219,7539
2024-02-20 10:58:00-05:00,91.70999908447266,91.70999908447266,91.62999725341797,91.62999725341797,91.62999725341797,11577
2024-02-20 10:59:00-05:00,91.63999938964844,91.66000366210938,91.62000274658203,91.6500015258789,91.6500015258789,10595
2024-02-20 11:00:00-05:00,91.65499877929688,91.66500091552734,91.58000183105469,91.58000183105469,91.58000183105469,4759
2024-02-20 11:02:00-05:00,91.63999938964844,91.63999938964844,91.63999938964844,91.63999938964844,91.63999938964844,21876
2024-02-20 11:03:00-05:00,91.6500015258789,91.68250274658203,91.63999938964844,91.63999938964844,91.63999938964844,12028
2024-02-20 11:04:00-05:00,91.63999938964844,91.66000366210938,91.5999984741211,91.6500015258789,91.6500015258789,7697
2024-02-20 11:05:00-05:00,91.66999816894531,91.66999816894531,91.625,91.66000366210938,91.66000366210938,6103
2024-02-20 11:06:00-05:00,91.66500091552734,91.69499969482422,91.66500091552734,91.69000244140625,91.69000244140625,7933
2024-02-20 11:07:00-05:00,91.69499969482422,91.70999908447266,91.68000030517578,91.70500183105469,91.70500183105469,7237
2024-02-20 11:08:00-05:00,91.69999694824219,91.70999908447266,91.66999816894531,91.66999816894531,91.66999816894531,7866
2024-02-20 11:09:00-05:00,91.6698989868164,91.66999816894531,91.61000061035156,91.66500091552734,91.66500091552734,6775
2024-02-20 11:10:00-05:00,91.66619873046875,91.66619873046875,91.61940002441406,91.61940002441406,91.61940002441406,4038
2024-02-20 11:11:00-05:00,91.62799835205078,91.66000366210938,91.62799835205078,91.63500213623047,91.63500213623047,8093
2024-02-20 11:12:00-05:00,91.62999725341797,91.68499755859375,91.62999725341797,91.68499755859375,91.68499755859375,4281
2024-02-20 11:13:00-05:00,91.69000244140625,91.70999908447266,91.66000366210938,91.70500183105469,91.70500183105469,9511
2024-02-20 11:14:00-05:00,91.70999908447266,91.70999908447266,91.66999816894531,91.66999816894531,91.66999816894531,7711
2024-02-20 11:15:00-05:00,91.64929962158203,91.66000366210938,91.62999725341797,91.66000366210938,91.66000366210938,6017
2024-02-20 11:16:00-05:00,91.66000366210938,91.69950103759766,91.66000366210938,91.69499969482422,91.69499969482422,10154
2024-02-20 11:17:00-05:00,91.69499969482422,91.70999908447266,91.68000030517578,91.68000030517578,91.68000030517578,3732
2024-02-20 11:18:00-05:00,91.68000030517578,91.69000244140625,91.66999816894531,91.68000030517578,91.68000030517578,8944
2024-02-20 11:19:00-05:00,91.69999694824219,91.69999694824219,91.69000244140625,91.69499969482422,91.69499969482422,2494
2024-02-20 11:20:00-05:00,91.69000244140625,91.69499969482422,91.63999938964844,91.6500015258789,91.6500015258789,12547
2024-02-20 11:21:00-05:00,91.66000366210938,91.68000030517578,91.61000061035156,91.6500015258789,91.6500015258789,17974
2024-02-20 11:22:00-05:00,91.65499877929688,91.65640258789062,91.63999938964844,91.6500015258789,91.6500015258789,5276
2024-02-20 11:23:00-05:00,91.64019775390625,91.67500305175781,91.6050033569336,91.6050033569336,91.6050033569336,10236
2024-02-20 11:24:00-05:00,91.58999633789062,91.5999984741211,91.5250015258789,91.54499816894531,91.54499816894531,8126
2024-02-20 11:25:00-05:00,91.54499816894531,91.56999969482422,91.52999877929688,91.56999969482422,91.56999969482422,7393
2024-02-20 11:26:00-05:00,91.56999969482422,91.66000366210938,91.56999969482422,91.66000366210938,91.66000366210938,11740
2024-02-20 11:27:00-05:00,91.66000366210938,91.66500091552734,91.58499908447266,91.58999633789062,91.58999633789062,10332
2024-02-20 11:28:00-05:00,91.58000183105469,91.58999633789062,91.55000305175781,91.56999969482422,91.56999969482422,6581
2024-02-20 11:29:00-05:00,91.56999969482422,91.62809753417969,91.56999969482422,91.62000274658203,91.62000274658203,5938
2024-02-20 11:30:00-05:00,91.62000274658203,91.62999725341797,91.62000274658203,91.62999725341797,91.62999725341797,4389
2024-02-20 11:31:00-05:00,91.62999725341797,91.62999725341797,91.55000305175781,91.55999755859375,91.55999755859375,6768
2024-02-20 11:32:00-05:00,91.52999877929688,91.55000305175781,91.52999877929688,91.54000091552734,91.54000091552734,6726
2024-02-20 11:33:00-05:00,91.55000305175781,91.55999755859375,91.52999877929688,91.52999877929688,91.52999877929688,7040
2024-02-20 11:34:00-05:00,91.51499938964844,91.5199966430664,91.4800033569336,91.48999786376953,91.48999786376953,9403
2024-02-20 11:35:00-05:00,91.5,91.51000213623047,91.45999908447266,91.46009826660156,91.46009826660156,4526
2024-02-20 11:36:00-05:00,91.45500183105469,91.45500183105469,91.43499755859375,91.44000244140625,91.44000244140625,12694
2024-02-20 11:37:00-05:00,91.43000030517578,91.4302978515625,91.4000015258789,91.42500305175781,91.42500305175781,16298
2024-02-20 11:38:00-05:00,91.42500305175781,91.47000122070312,91.37999725341797,91.47000122070312,91.47000122070312,10389
2024-02-20 11:39:00-05:00,91.47000122070312,91.47000122070312,91.41000366210938,91.41000366210938,91.41000366210938,6510
2024-02-20 11:40:00-05:00,91.41000366210938,91.41000366210938,91.38999938964844,91.38999938964844,91.38999938964844,8227
2024-02-20 11:41:00-05:00,91.37000274658203,91.37999725341797,91.36000061035156,91.37999725341797,91.37999725341797,4878
2024-02-20 11:42:00-05:00,91.37999725341797,91.43499755859375,91.37000274658203,91.42749786376953,91.42749786376953,10215
2024-02-20 11:43:00-05:00,91.43000030517578,91.43000030517578,91.37999725341797,91.38999938964844,91.38999938964844,5022
2024-02-20 11:44:00-05:00,91.37999725341797,91.37999725341797,91.3499984741211,91.37000274658203,91.37000274658203,9878
2024-02-20 11:45:00-05:00,91.37000274658203,91.38999938964844,91.36000061035156,91.38999938964844,91.38999938964844,5307
2024-02-20 11:46:00-05:00,91.38990020751953,91.4000015258789,91.38500213623047,91.4000015258789,91.4000015258789,4019
2024-02-20 11:47:00-05:00,91.41000366210938,91.41000366210938,91.36000061035156,91.41000366210938,91.41000366210938,12625
2024-02-20 11:48:00-05:00,91.4000015258789,91.4000015258789,91.36000061035156,91.36499786376953,91.36499786376953,7485
2024-02-20 11:49:00-05:00,91.37000274658203,91.41000366210938,91.36499786376953,91.36499786376953,91.36499786376953,12039
2024-02-20 11:50:00-05:00,91.36000061035156,91.41000366210938,91.3550033569336,91.3550033569336,91.3550033569336,11643
2024-02-20 11:51:00-05:00,91.3499984741211,91.43499755859375,91.3499984741211,91.43499755859375,91.43499755859375,12187
2024-02-20 11:52:00-05:00,91.43499755859375,91.47000122070312,91.43000030517578,91.45999908447266,91.45999908447266,7635
2024-02-20 11:53:00-05:00,91.47000122070312,91.52999877929688,91.46499633789062,91.52999877929688,91.52999877929688,6747
2024-02-20 11:54:00-05:00,91.54000091552734,91.56500244140625,91.5199966430664,91.52999877929688,91.52999877929688,16149
2024-02-20 11:55:00-05:00,91.5199966430664,91.54989624023438,91.51000213623047,91.51000213623047,91.51000213623047,7934
2024-02-20 11:56:00-05:00,91.51000213623047,91.52999877929688,91.4800033569336,91.51000213623047,91.51000213623047,11073
2024-02-20 11:57:00-05:00,91.5199966430664,91.52999877929688,91.5199966430664,91.5199966430664,91.5199966430664,3945
2024-02-20 11:58:00-05:00,91.51000213623047,91.51000213623047,91.4749984741211,91.48999786376953,91.48999786376953,9935
2024-02-20 11:59:00-05:00,91.48999786376953,91.52999877929688,91.48999786376953,91.51000213623047,91.51000213623047,6952
2024-02-20 12:00:00-05:00,91.51000213623047,91.51000213623047,91.44000244140625,91.45999908447266,91.45999908447266,11111
2024-02-20 12:01:00-05:00,91.47000122070312,91.47000122070312,91.41999816894531,91.44000244140625,91.44000244140625,7404
2024-02-20 12:02:00-05:00,91.43000030517578,91.49500274658203,91.43000030517578,91.4800033569336,91.4800033569336,9302
2024-02-20 12:03:00-05:00,91.4749984741211,91.48819732666016,91.43000030517578,91.44249725341797,91.44249725341797,6989
2024-02-20 12:04:00-05:00,91.44000244140625,91.44499969482422,91.43000030517578,91.43000030517578,91.43000030517578,5815
2024-02-20 12:05:00-05:00,91.40180206298828,91.41999816894531,91.4000015258789,91.41999816894531,91.41999816894531,4687
2024-02-20 12:06:00-05:00,91.43000030517578,91.45999908447266,91.4000015258789,91.45999908447266,91.45999908447266,8253
2024-02-20 12:07:00-05:00,91.45999908447266,91.49500274658203,91.45500183105469,91.48999786376953,91.48999786376953,5603
2024-02-20 12:08:00-05:00,91.49500274658203,91.52999877929688,91.45999908447266,91.52999877929688,91.52999877929688,10554
2024-02-20 12:09:00-05:00,91.5250015258789,91.55999755859375,91.5250015258789,91.54000091552734,91.54000091552734,3662
2024-02-20 12:10:00-05:00,91.54000091552734,91.55000305175781,91.48999786376953,91.48999786376953,91.48999786376953,4530
2024-02-20 12:11:00-05:00,91.47000122070312,91.48999786376953,91.45999908447266,91.4800033569336,91.4800033569336,4683
2024-02-20 12:12:00-05:00,91.48999786376953,91.51499938964844,91.48999786376953,91.48999786376953,91.48999786376953,5069
2024-02-20 12:13:00-05:00,91.48999786376953,91.48999786376953,91.44000244140625,91.44000244140625,91.44000244140625,2339
2024-02-20 12:14:00-05:00,91.44999694824219,91.4800033569336,91.44999694824219,91.46499633789062,91.46499633789062,6553
2024-02-20 12:15:00-05:00,91.46620178222656,91.48999786376953,91.44999694824219,91.48500061035156,91.48500061035156,4802
2024-02-20 12:16:00-05:00,91.48500061035156,91.48500061035156,91.43499755859375,91.47000122070312,91.47000122070312,7518
2024-02-20 12:17:00-05:00,91.45999908447266,91.4800033569336,91.45999908447266,91.4800033569336,91.4800033569336,4650
2024-02-20 12:18:00-05:00,91.45999908447266,91.45999908447266,91.41500091552734,91.41500091552734,91.41500091552734,2736
2024-02-20 12:19:00-05:00,91.41999816894531,91.43000030517578,91.4000015258789,91.41000366210938,91.41000366210938,15627
2024-02-20 12:20:00-05:00,91.41300201416016,91.41300201416016,91.38999938964844,91.38999938964844,91.38999938964844,2370
2024-02-20 12:21:00-05:00,91.4000015258789,91.41000366210938,91.37999725341797,91.37999725341797,91.37999725341797,5944
2024-02-20 12:22:00-05:00,91.38999938964844,91.40989685058594,91.38999938964844,91.38999938964844,91.38999938964844,5288
2024-02-20 12:23:00-05:00,91.38990020751953,91.41000366210938,91.38030242919922,91.38030242919922,91.38030242919922,5551
2024-02-20 12:24:00-05:00,91.37999725341797,91.37999725341797,91.33000183105469,91.36000061035156,91.36000061035156,6240
2024-02-20 12:25:00-05:00,91.36000061035156,91.4000015258789,91.36000061035156,91.37999725341797,91.37999725341797,9511
2024-02-20 12:26:00-05:00,91.38999938964844,91.38999938964844,91.33499908447266,91.33499908447266,91.33499908447266,4461
2024-02-20 12:27:00-05:00,91.33000183105469,91.33000183105469,91.30000305175781,91.31999969482422,91.31999969482422,8153
2024-02-20 12:28:00-05:00,91.33000183105469,91.3550033569336,91.30999755859375,91.3550033569336,91.3550033569336,5055
2024-02-20 12:29:00-05:00,91.3499984741211,91.3499984741211,91.33999633789062,91.3499984741211,91.3499984741211,8249
2024-02-20 12:30:00-05:00,91.34500122070312,91.35970306396484,91.34500122070312,91.3499984741211,91.3499984741211,5525
2024-02-20 12:31:00-05:00,91.33000183105469,91.4000015258789,91.33000183105469,91.3949966430664,91.3949966430664,4866
2024-02-20 12:32:00-05:00,91.3949966430664,91.4000015258789,91.37999725341797,91.38860321044922,91.38860321044922,4171
2024-02-20 12:33:00-05:00,91.4000015258789,91.41999816894531,91.4000015258789,91.41500091552734,91.41500091552734,2580
2024-02-20 12:34:00-05:00,91.41999816894531,91.42500305175781,91.38999938964844,91.38999938964844,91.38999938964844,6900
2024-02-20 12:35:00-05:00,91.37999725341797,91.37999725341797,91.3499984741211,91.37999725341797,91.37999725341797,6288
2024-02-20 12:36:00-05:00,91.37999725341797,91.37999725341797,91.33999633789062,91.34500122070312,91.34500122070312,3632
2024-02-20 12:37:00-05:00,91.3499984741211,91.37000274658203,91.3499984741211,91.36000061035156,91.36000061035156,5347
2024-02-20 12:38:00-05:00,91.37000274658203,91.37000274658203,91.34500122070312,91.37000274658203,91.37000274658203,5539
2024-02-20 12:39:00-05:00,91.375,91.37570190429688,91.36000061035156,91.36000061035156,91.36000061035156,6242
2024-02-20 12:40:00-05:00,91.36000061035156,91.37999725341797,91.36000061035156,91.36000061035156,91.36000061035156,6233
2024-02-20 12:41:00-05:00,91.3499984741211,91.375,91.31999969482422,91.33999633789062,91.33999633789062,10122
2024-02-20 12:42:00-05:00,91.33999633789062,91.33999633789062,91.33000183105469,91.33999633789062,91.33999633789062,2359
2024-02-20 12:43:00-05:00,91.33999633789062,91.36000061035156,91.33999633789062,91.3550033569336,91.3550033569336,5127
2024-02-20 12:44:00-05:00,91.3499984741211,91.3550033569336,91.34500122070312,91.3499984741211,91.3499984741211,5651
2024-02-20 12:45:00-05:00,91.3550033569336,91.37529754638672,91.33499908447266,91.33999633789062,91.33999633789062,9158
2024-02-20 12:46:00-05:00,91.34010314941406,91.34010314941406,91.30999755859375,91.33000183105469,91.33000183105469,3456
2024-02-20 12:47:00-05:00,91.30999755859375,91.32620239257812,91.29499816894531,91.32620239257812,91.32620239257812,5383
2024-02-20 12:48:00-05:00,91.33000183105469,91.33499908447266,91.30000305175781,91.33000183105469,91.33000183105469,10567
2024-02-20 12:49:00-05:00,91.32499694824219,91.33999633789062,91.29499816894531,91.29499816894531,91.29499816894531,10712
2024-02-20 12:50:00-05:00,91.30000305175781,91.30000305175781,91.23500061035156,91.25,91.25,13090
2024-02-20 12:51:00-05:00,91.26000213623047,91.29000091552734,91.26000213623047,91.2853012084961,91.2853012084961,7326
2024-02-20 12:52:00-05:00,91.27999877929688,91.29000091552734,91.2699966430664,91.2699966430664,91.2699966430664,4266
2024-02-20 12:53:00-05:00,91.2699966430664,91.27999877929688,91.2699966430664,91.2750015258789,91.2750015258789,3766
2024-02-20 12:54:00-05:00,91.27999877929688,91.30000305175781,91.27999877929688,91.28500366210938,91.28500366210938,8479
2024-02-20 12:55:00-05:00,91.29000091552734,91.29000091552734,91.24500274658203,91.2750015258789,91.2750015258789,7405
2024-02-20 12:56:00-05:00,91.2750015258789,91.29000091552734,91.2750015258789,91.28500366210938,91.28500366210938,2416
2024-02-20 12:57:00-05:00,91.28500366210938,91.30999755859375,91.27999877929688,91.28500366210938,91.28500366210938,6586
2024-02-20 12:58:00-05:00,91.28500366210938,91.28500366210938,91.23999786376953,91.23999786376953,91.23999786376953,3800
2024-02-20 12:59:00-05:00,91.23999786376953,91.26000213623047,91.23500061035156,91.26000213623047,91.26000213623047,18689
2024-02-20 13:00:00-05:00,91.25,91.2699966430664,91.25,91.2699966430664,91.2699966430664,5763
2024-02-20 13:01:00-05:00,91.2699966430664,91.28700256347656,91.2699966430664,91.28500366210938,91.28500366210938,4755
2024-02-20 13:02:00-05:00,91.28500366210938,91.28500366210938,91.27999877929688,91.27999877929688,91.27999877929688,2597
2024-02-20 13:03:00-05:00,91.27950286865234,91.30000305175781,91.27950286865234,91.27999877929688,91.27999877929688,6744
2024-02-20 13:04:00-05:00,91.28500366210938,91.30999755859375,91.2843017578125,91.29499816894531,91.29499816894531,11895
2024-02-20 13:05:00-05:00,91.29499816894531,91.29499816894531,91.23999786376953,91.26499938964844,91.26499938964844,13402
2024-02-20 13:06:00-05:00,91.26000213623047,91.2699966430664,91.26000213623047,91.26499938964844,91.26499938964844,4939
2024-02-20 13:07:00-05:00,91.26799774169922,91.2699966430664,91.23999786376953,91.23999786376953,91.23999786376953,6732
2024-02-20 13:08:00-05:00,91.24500274658203,91.25,91.23999786376953,91.24629974365234,91.24629974365234,3430
2024-02-20 13:09:00-05:00,91.24500274658203,91.25,91.22000122070312,91.22000122070312,91.22000122070312,17243
2024-02-20 13:10:00-05:00,91.2249984741211,91.2249984741211,91.19999694824219,91.20500183105469,91.20500183105469,4846
2024-02-20 13:11:00-05:00,91.19999694824219,91.20999908447266,91.16999816894531,91.16999816894531,91.16999816894531,5888
2024-02-20 13:12:00-05:00,91.16999816894531,91.25,91.16999816894531,91.23999786376953,91.23999786376953,86566
2024-02-20 13:13:00-05:00,91.2300033569336,91.2300033569336,91.20999908447266,91.20999908447266,91.20999908447266,3220
2024-02-20 13:14:00-05:00,91.21499633789062,91.2177963256836,91.18000030517578,91.18000030517578,91.18000030517578,8794
2024-02-20 13:15:00-05:00,91.17500305175781,91.18000030517578,91.1447982788086,91.1447982788086,91.1447982788086,4937
2024-02-20 13:16:00-05:00,91.13020324707031,91.13020324707031,91.08000183105469,91.11000061035156,91.11000061035156,13303
2024-02-20 13:17:00-05:00,91.12000274658203,91.13999938964844,91.12000274658203,91.12999725341797,91.12999725341797,6590
2024-02-20 13:18:00-05:00,91.13999938964844,91.13999938964844,91.12999725341797,91.13999938964844,91.13999938964844,3295
2024-02-20 13:19:00-05:00,91.13999938964844,91.16000366210938,91.13500213623047,91.1500015258789,91.1500015258789,13902
2024-02-20 13:20:00-05:00,91.13999938964844,91.17990112304688,91.13999938964844,91.17500305175781,91.17500305175781,3711
2024-02-20 13:21:00-05:00,91.17769622802734,91.17769622802734,91.16020202636719,91.16500091552734,91.16500091552734,2567
2024-02-20 13:22:00-05:00,91.16999816894531,91.19499969482422,91.16439819335938,91.16500091552734,91.16500091552734,6547
2024-02-20 13:23:00-05:00,91.16850280761719,91.1968002319336,91.16000366210938,91.19020080566406,91.19020080566406,8061
2024-02-20 13:24:00-05:00,91.19499969482422,91.20999908447266,91.18000030517578,91.18000030517578,91.18000030517578,6788
2024-02-20 13:25:00-05:00,91.18499755859375,91.20999908447266,91.18499755859375,91.20500183105469,91.20500183105469,5155
2024-02-20 13:26:00-05:00,91.19999694824219,91.19999694824219,91.16000366210938,91.16000366210938,91.16000366210938,4427
2024-02-20 13:27:00-05:00,91.16000366210938,91.16000366210938,91.11000061035156,91.11000061035156,91.11000061035156,6339
2024-02-20 13:28:00-05:00,91.11640167236328,91.1449966430664,91.11499786376953,91.11499786376953,91.11499786376953,6828
2024-02-20 13:29:00-05:00,91.11000061035156,91.12000274658203,91.0907974243164,91.11499786376953,91.11499786376953,6525
2024-02-20 13:30:00-05:00,91.11000061035156,91.11000061035156,91.05999755859375,91.06999969482422,91.06999969482422,4389
2024-02-20 13:31:00-05:00,91.08000183105469,91.08000183105469,91.05999755859375,91.05999755859375,91.05999755859375,11389
2024-02-20 13:32:00-05:00,91.05999755859375,91.06500244140625,91.05000305175781,91.05000305175781,91.05000305175781,1849
2024-02-20 13:33:00-05:00,91.05000305175781,91.06500244140625,91.02999877929688,91.03500366210938,91.03500366210938,14966
2024-02-20 13:34:00-05:00,91.03820037841797,91.05000305175781,91.03019714355469,91.04000091552734,91.04000091552734,12055
2024-02-20 13:35:00-05:00,91.02999877929688,91.02999877929688,90.9800033569336,91.0020980834961,91.0020980834961,13955
2024-02-20 13:36:00-05:00,91.00499725341797,91.01000213623047,90.98500061035156,90.98500061035156,90.98500061035156,9544
2024-02-20 13:37:00-05:00,90.9800033569336,91.01000213623047,90.9800033569336,91.0,91.0,8767
2024-02-20 13:38:00-05:00,91.0,91.01000213623047,90.99500274658203,91.00499725341797,91.00499725341797,7039
2024-02-20 13:39:00-05:00,91.00019836425781,91.02999877929688,90.9800033569336,91.02999877929688,91.02999877929688,11853
2024-02-20 13:40:00-05:00,91.05000305175781,91.05999755859375,91.0250015258789,91.05500030517578,91.05500030517578,6715
2024-02-20 13:41:00-05:00,91.05999755859375,91.06500244140625,91.0250015258789,91.05000305175781,91.05000305175781,12869
2024-02-20 13:42:00-05:00,91.04000091552734,91.04759979248047,91.0250015258789,91.02999877929688,91.02999877929688,5999
2024-02-20 13:43:00-05:00,91.02999877929688,91.02999877929688,91.00499725341797,91.01000213623047,91.01000213623047,10962
2024-02-20 13:44:00-05:00,91.01499938964844,91.0199966430664,90.98999786376953,90.98999786376953,90.98999786376953,16037
2024-02-20 13:45:00-05:00,90.9800033569336,91.01000213623047,90.9800033569336,90.9800033569336,90.9800033569336,6529
2024-02-20 13:46:00-05:00,90.9800033569336,90.9800033569336,90.97000122070312,90.9749984741211,90.9749984741211,11588
2024-02-20 13:47:00-05:00,90.9800033569336,90.98999786376953,90.9749984741211,90.98049926757812,90.98049926757812,19995
2024-02-20 13:48:00-05:00,90.98500061035156,91.01499938964844,90.9749984741211,91.01499938964844,91.01499938964844,124505
2024-02-20 13:49:00-05:00,91.01000213623047,91.04000091552734,91.0,91.0250015258789,91.0250015258789,9974
2024-02-20 13:50:00-05:00,91.02490234375,91.06500244140625,91.02490234375,91.05999755859375,91.05999755859375,12034
2024-02-20 13:51:00-05:00,91.05110168457031,91.1050033569336,91.05110168457031,91.07499694824219,91.07499694824219,15372
2024-02-20 13:52:00-05:00,91.06999969482422,91.06999969482422,91.04000091552734,91.06999969482422,91.06999969482422,6280
2024-02-20 13:53:00-05:00,91.07219696044922,91.08999633789062,91.05999755859375,91.06999969482422,91.06999969482422,9231
2024-02-20 13:54:00-05:00,91.06999969482422,91.08000183105469,91.04499816894531,91.04499816894531,91.04499816894531,13284
2024-02-20 13:55:00-05:00,91.04000091552734,91.05000305175781,91.01000213623047,91.01000213623047,91.01000213623047,8992
2024-02-20 13:56:00-05:00,91.01000213623047,91.0199966430664,91.01000213623047,91.01499938964844,91.01499938964844,5304
2024-02-20 13:57:00-05:00,91.0199966430664,91.0199966430664,90.96499633789062,90.97489929199219,90.97489929199219,20608
2024-02-20 13:58:00-05:00,90.9800033569336,91.01000213623047,90.94999694824219,90.94999694824219,90.94999694824219,11087
2024-02-20 13:59:00-05:00,90.95999908447266,90.95999908447266,90.94000244140625,90.94999694824219,90.94999694824219,8139
2024-02-20 14:00:00-05:00,90.94000244140625,90.95999908447266,90.93499755859375,90.94999694824219,90.94999694824219,8960
2024-02-20 14:01:00-05:00,90.95500183105469,90.95999908447266,90.93000030517578,90.95999908447266,90.95999908447266,6712
2024-02-20 14:02:00-05:00,90.94999694824219,90.95999908447266,90.94499969482422,90.95189666748047,90.95189666748047,3798
2024-02-20 14:03:00-05:00,90.95500183105469,90.97000122070312,90.94000244140625,90.95999908447266,90.95999908447266,10749
2024-02-20 14:04:00-05:00,90.95500183105469,91.0199966430664,90.95500183105469,91.01000213623047,91.01000213623047,8508
2024-02-20 14:05:00-05:00,91.01370239257812,91.01499938964844,90.99500274658203,91.01499938964844,91.01499938964844,9355
2024-02-20 14:06:00-05:00,91.01000213623047,91.02999877929688,91.00499725341797,91.01499938964844,91.01499938964844,10050
2024-02-20 14:07:00-05:00,91.01499938964844,91.02999877929688,90.98500061035156,90.99500274658203,90.99500274658203,8376
2024-02-20 14:08:00-05:00,90.98999786376953,91.0,90.9800033569336,90.99929809570312,90.99929809570312,7072
2024-02-20 14:09:00-05:00,90.99500274658203,91.0,90.98500061035156,90.99500274658203,90.99500274658203,6144
2024-02-20 14:10:00-05:00,91.0,91.01499938964844,91.0,91.01000213623047,91.01000213623047,7335
2024-02-20 14:11:00-05:00,91.01000213623047,91.0199966430664,91.00499725341797,91.0073013305664,91.0073013305664,9034
2024-02-20 14:12:00-05:00,91.00379943847656,91.00379943847656,90.9800033569336,90.99530029296875,90.99530029296875,9440
2024-02-20 14:13:00-05:00,90.99500274658203,91.01000213623047,90.99009704589844,91.01000213623047,91.01000213623047,7466
2024-02-20 14:14:00-05:00,91.00499725341797,91.04000091552734,91.0,91.03009796142578,91.03009796142578,4527
2024-02-20 14:15:00-05:00,91.03500366210938,91.06999969482422,91.02999877929688,91.05000305175781,91.05000305175781,23278
2024-02-20 14:16:00-05:00,91.05500030517578,91.08499908447266,91.05000305175781,91.08499908447266,91.08499908447266,10897
2024-02-20 14:17:00-05:00,91.08499908447266,91.0999984741211,91.08499908447266,91.08999633789062,91.08999633789062,3022
2024-02-20 14:18:00-05:00,91.08999633789062,91.08999633789062,91.05000305175781,91.08000183105469,91.08000183105469,11174
2024-02-20 14:19:00-05:00,91.07499694824219,91.0999984741211,91.06999969482422,91.09500122070312,91.09500122070312,7968
2024-02-20 14:20:00-05:00,91.09500122070312,91.11499786376953,91.09500122070312,91.11499786376953,91.11499786376953,9052
2024-02-20 14:21:00-05:00,91.11000061035156,91.1500015258789,91.10299682617188,91.1500015258789,91.1500015258789,6879
2024-02-20 14:22:00-05:00,91.1500015258789,91.15499877929688,91.08000183105469,91.08000183105469,91.08000183105469,13374
2024-02-20 14:23:00-05:00,91.08999633789062,91.12999725341797,91.08499908447266,91.12999725341797,91.12999725341797,9308
2024-02-20 14:24:00-05:00,91.12999725341797,91.19000244140625,91.12999725341797,91.19000244140625,91.19000244140625,8810
2024-02-20 14:25:00-05:00,91.18499755859375,91.20999908447266,91.16999816894531,91.20999908447266,91.20999908447266,6890
2024-02-20 14:26:00-05:00,91.20999908447266,91.2300033569336,91.20500183105469,91.2300033569336,91.2300033569336,9229
2024-02-20 14:27:00-05:00,91.2300033569336,91.25,91.20500183105469,91.20500183105469,91.20500183105469,15240
2024-02-20 14:28:00-05:00,91.20500183105469,91.20500183105469,91.18000030517578,91.19499969482422,91.19499969482422,9896
2024-02-20 14:29:00-05:00,91.19000244140625,91.20999908447266,91.19000244140625,91.20500183105469,91.20500183105469,6253
2024-02-20 14:30:00-05:00,91.19999694824219,91.20500183105469,91.19000244140625,91.19000244140625,91.19000244140625,5146
2024-02-20 14:31:00-05:00,91.19000244140625,91.19000244140625,91.13500213623047,91.13500213623047,91.13500213623047,16586
2024-02-20 14:32:00-05:00,91.13500213623047,91.1500015258789,91.08999633789062,91.08999633789062,91.08999633789062,22852
2024-02-20 14:33:00-05:00,91.09500122070312,91.11000061035156,91.08999633789062,91.08999633789062,91.08999633789062,5549
2024-02-20 14:34:00-05:00,91.08499908447266,91.12999725341797,91.08499908447266,91.12999725341797,91.12999725341797,7022
2024-02-20 14:35:00-05:00,91.12999725341797,91.13999938964844,91.11180114746094,91.12999725341797,91.12999725341797,9531
2024-02-20 14:36:00-05:00,91.125,91.13999938964844,91.11499786376953,91.12000274658203,91.12000274658203,6837
2024-02-20 14:37:00-05:00,91.12010192871094,91.12010192871094,91.11000061035156,91.11000061035156,91.11000061035156,3821
2024-02-20 14:38:00-05:00,91.11499786376953,91.12999725341797,91.11499786376953,91.12000274658203,91.12000274658203,5745
2024-02-20 14:39:00-05:00,91.12010192871094,91.12999725341797,91.11499786376953,91.12000274658203,91.12000274658203,4753
2024-02-20 14:40:00-05:00,91.12999725341797,91.12999725341797,91.10009765625,91.10009765625,91.10009765625,6894
2024-02-20 14:41:00-05:00,91.11000061035156,91.1449966430664,91.11000061035156,91.13500213623047,91.13500213623047,14030
2024-02-20 14:42:00-05:00,91.13999938964844,91.1500015258789,91.11499786376953,91.11499786376953,91.11499786376953,22354
2024-02-20 14:43:00-05:00,91.1050033569336,91.1050033569336,91.07499694824219,91.0999984741211,91.0999984741211,6058
2024-02-20 14:44:00-05:00,91.08999633789062,91.08999633789062,91.06500244140625,91.08719635009766,91.08719635009766,9719
2024-02-20 14:45:00-05:00,91.08999633789062,91.12000274658203,91.08999633789062,91.1050033569336,91.1050033569336,16742
2024-02-20 14:46:00-05:00,91.0999984741211,91.13569641113281,91.0999984741211,91.12999725341797,91.12999725341797,4844
2024-02-20 14:47:00-05:00,91.13500213623047,91.13899993896484,91.1050033569336,91.1050033569336,91.1050033569336,10007
2024-02-20 14:48:00-05:00,91.10060119628906,91.12999725341797,91.08000183105469,91.11389923095703,91.11389923095703,9075
2024-02-20 14:49:00-05:00,91.11000061035156,91.13999938964844,91.11000061035156,91.13880157470703,91.13880157470703,6697
2024-02-20 14:50:00-05:00,91.13999938964844,91.1500015258789,91.12000274658203,91.13500213623047,91.13500213623047,10427
2024-02-20 14:51:00-05:00,91.13500213623047,91.1500015258789,91.12999725341797,91.1500015258789,91.1500015258789,15802
2024-02-20 14:52:00-05:00,91.1500015258789,91.1500015258789,91.11000061035156,91.13500213623047,91.13500213623047,12693
2024-02-20 14:53:00-05:00,91.12999725341797,91.1500015258789,91.11000061035156,91.11000061035156,91.11000061035156,24754
2024-02-20 14:54:00-05:00,91.11000061035156,91.1178970336914,91.08999633789062,91.08999633789062,91.08999633789062,4218
2024-02-20 14:55:00-05:00,91.08499908447266,91.11499786376953,91.08000183105469,91.11000061035156,91.11000061035156,18020
2024-02-20 14:56:00-05:00,91.11499786376953,91.11499786376953,91.08499908447266,91.08999633789062,91.08999633789062,8990
2024-02-20 14:57:00-05:00,91.09500122070312,91.0999984741211,91.08499908447266,91.09500122070312,91.09500122070312,6107
2024-02-20 14:58:00-05:00,91.0999984741211,91.1050033569336,91.08499908447266,91.0999984741211,91.0999984741211,9457
2024-02-20 14:59:00-05:00,91.0999984741211,91.0999984741211,91.08000183105469,91.09500122070312,91.09500122070312,4701
2024-02-20 15:00:00-05:00,91.0999984741211,91.11000061035156,91.06999969482422,91.06999969482422,91.06999969482422,13889
2024-02-20 15:01:00-05:00,91.05500030517578,91.08000183105469,91.05000305175781,91.05500030517578,91.05500030517578,10293
2024-02-20 15:02:00-05:00,91.05999755859375,91.08999633789062,91.05000305175781,91.05000305175781,91.05000305175781,16288
2024-02-20 15:03:00-05:00,91.05000305175781,91.05500030517578,91.0,91.01000213623047,91.01000213623047,23635
2024-02-20 15:04:00-05:00,91.0199966430664,91.05000305175781,91.0199966430664,91.05000305175781,91.05000305175781,10375
2024-02-20 15:05:00-05:00,91.05000305175781,91.05999755859375,91.0250015258789,91.02999877929688,91.02999877929688,7742
2024-02-20 15:06:00-05:00,91.02999877929688,91.02999877929688,91.0,91.00499725341797,91.00499725341797,12043
2024-02-20 15:07:00-05:00,91.00499725341797,91.01000213623047,91.0,91.0,91.0,6334
2024-02-20 15:08:00-05:00,91.00499725341797,91.01499938964844,90.95999908447266,90.96890258789062,90.96890258789062,21269
2024-02-20 15:09:00-05:00,90.95999908447266,90.95999908447266,90.94499969482422,90.95999908447266,90.95999908447266,4420
2024-02-20 15:10:00-05:00,90.94999694824219,90.95500183105469,90.91500091552734,90.93499755859375,90.93499755859375,15324
2024-02-20 15:11:00-05:00,90.93000030517578,90.97019958496094,90.93000030517578,90.94499969482422,90.94499969482422,7811
2024-02-20 15:12:00-05:00,90.94999694824219,90.95850372314453,90.94999694824219,90.95850372314453,90.95850372314453,2575
2024-02-20 15:13:00-05:00,90.95500183105469,90.9749984741211,90.94999694824219,90.97000122070312,90.97000122070312,11816
2024-02-20 15:14:00-05:00,90.97000122070312,90.97000122070312,90.94999694824219,90.94999694824219,90.94999694824219,6499
2024-02-20 15:15:00-05:00,90.94999694824219,90.94999694824219,90.875,90.90499877929688,90.90499877929688,22769
2024-02-20 15:16:00-05:00,90.91000366210938,90.91500091552734,90.9020004272461,90.9020004272461,90.9020004272461,5838
2024-02-20 15:17:00-05:00,90.90129852294922,90.90499877929688,90.88099670410156,90.88500213623047,90.88500213623047,8266
2024-02-20 15:18:00-05:00,90.88500213623047,90.90499877929688,90.86499786376953,90.86499786376953,90.86499786376953,13151
2024-02-20 15:19:00-05:00,90.875,90.875,90.86209869384766,90.87000274658203,90.87000274658203,10827
2024-02-20 15:20:00-05:00,90.87000274658203,90.87000274658203,90.86150360107422,90.87000274658203,90.87000274658203,7463
2024-02-20 15:21:00-05:00,90.87999725341797,90.9000015258789,90.86000061035156,90.87000274658203,90.87000274658203,13075
2024-02-20 15:22:00-05:00,90.86499786376953,90.87000274658203,90.82499694824219,90.82499694824219,90.82499694824219,13506
2024-02-20 15:23:00-05:00,90.81999969482422,90.83000183105469,90.7750015258789,90.78990173339844,90.78990173339844,15427
2024-02-20 15:24:00-05:00,90.78500366210938,90.81500244140625,90.78500366210938,90.81500244140625,90.81500244140625,14677
2024-02-20 15:25:00-05:00,90.81500244140625,90.82499694824219,90.79499816894531,90.80000305175781,90.80000305175781,14511
2024-02-20 15:26:00-05:00,90.80000305175781,90.8499984741211,90.79499816894531,90.80999755859375,90.80999755859375,16661
2024-02-20 15:27:00-05:00,90.8114013671875,90.83999633789062,90.80500030517578,90.81500244140625,90.81500244140625,10060
2024-02-20 15:28:00-05:00,90.81009674072266,90.81999969482422,90.80000305175781,90.80500030517578,90.80500030517578,16189
2024-02-20 15:29:00-05:00,90.80000305175781,90.81500244140625,90.77999877929688,90.81500244140625,90.81500244140625,17334
2024-02-20 15:30:00-05:00,90.81500244140625,90.83999633789062,90.79499816894531,90.79499816894531,90.79499816894531,27146
2024-02-20 15:31:00-05:00,90.80000305175781,90.80000305175781,90.75,90.75499725341797,90.75499725341797,42336
2024-02-20 15:32:00-05:00,90.75499725341797,90.7699966430664,90.69000244140625,90.69000244140625,90.69000244140625,28609
2024-02-20 15:33:00-05:00,90.69000244140625,90.71540069580078,90.62000274658203,90.62000274658203,90.62000274658203,32810
2024-02-20 15:34:00-05:00,90.62000274658203,90.66000366210938,90.62000274658203,90.6500015258789,90.6500015258789,28107
2024-02-20 15:35:00-05:00,90.6500015258789,90.66999816894531,90.6050033569336,90.61000061035156,90.61000061035156,36491
2024-02-20 15:36:00-05:00,90.61000061035156,90.69499969482422,90.58000183105469,90.69499969482422,90.69499969482422,42722
2024-02-20 15:37:00-05:00,90.69499969482422,90.76000213623047,90.69000244140625,90.75499725341797,90.75499725341797,18202
2024-02-20 15:38:00-05:00,90.76000213623047,90.7750015258789,90.7300033569336,90.76499938964844,90.76499938964844,23577
2024-02-20 15:39:00-05:00,90.76000213623047,90.78700256347656,90.75,90.76499938964844,90.76499938964844,14453
2024-02-20 15:40:00-05:00,90.76499938964844,90.81500244140625,90.76499938964844,90.81500244140625,90.81500244140625,22919
2024-02-20 15:41:00-05:00,90.81999969482422,90.83499908447266,90.76000213623047,90.76499938964844,90.76499938964844,17943
2024-02-20 15:42:00-05:00,90.76000213623047,90.80500030517578,90.75,90.75499725341797,90.75499725341797,33570
2024-02-20 15:43:00-05:00,90.75160217285156,90.79499816894531,90.74500274658203,90.79149627685547,90.79149627685547,20056
2024-02-20 15:44:00-05:00,90.80000305175781,90.83000183105469,90.7699966430664,90.77999877929688,90.77999877929688,20984
2024-02-20 15:45:00-05:00,90.7699966430664,90.78500366210938,90.75,90.76000213623047,90.76000213623047,25196
2024-02-20 15:46:00-05:00,90.76499938964844,90.86000061035156,90.76499938964844,90.8550033569336,90.8550033569336,39453
2024-02-20 15:47:00-05:00,90.86000061035156,90.87999725341797,90.83000183105469,90.8550033569336,90.8550033569336,42183
2024-02-20 15:48:00-05:00,90.86000061035156,90.87000274658203,90.84500122070312,90.87000274658203,90.87000274658203,25805
2024-02-20 15:49:00-05:00,90.87000274658203,90.87999725341797,90.84500122070312,90.8499984741211,90.8499984741211,43754
2024-02-20 15:50:00-05:00,90.86000061035156,90.90499877929688,90.83499908447266,90.84500122070312,90.84500122070312,40363
2024-02-20 15:51:00-05:00,90.84500122070312,90.86499786376953,90.81500244140625,90.86000061035156,90.86000061035156,34442
2024-02-20 15:52:00-05:00,90.86000061035156,90.88999938964844,90.83999633789062,90.87999725341797,90.87999725341797,30038
2024-02-20 15:53:00-05:00,90.87999725341797,90.87999725341797,90.83499908447266,90.875,90.875,23511
2024-02-20 15:54:00-05:00,90.87000274658203,90.87999725341797,90.83000183105469,90.84500122070312,90.84500122070312,47967
2024-02-20 15:55:00-05:00,90.86000061035156,90.87999725341797,90.80000305175781,90.87000274658203,90.87000274658203,89960
2024-02-20 15:56:00-05:00,90.87000274658203,90.94499969482422,90.87000274658203,90.9000015258789,90.9000015258789,69840
2024-02-20 15:57:00-05:00,90.90499877929688,90.93000030517578,90.8499984741211,90.88500213623047,90.88500213623047,72441
2024-02-20 15:58:00-05:00,90.88500213623047,90.94499969482422,90.88500213623047,90.93000030517578,90.93000030517578,87523
2024-02-20 15:59:00-05:00,90.91999816894531,91.0,90.91999816894531,90.9800033569336,90.9800033569336,185307
