Date,Open,High,Low,Close,Adj Close,Volume
2024-03-11 09:30:00-04:00,74.75,75.06999969482422,74.52999877929688,75.06999969482422,75.06999969482422,110988
2024-03-11 09:31:00-04:00,75.05999755859375,75.30000305175781,75.05999755859375,75.30000305175781,75.30000305175781,13164
2024-03-11 09:32:00-04:00,75.31999969482422,75.66000366210938,75.30999755859375,75.59500122070312,75.59500122070312,35704
2024-03-11 09:33:00-04:00,75.59500122070312,75.73999786376953,75.55000305175781,75.73999786376953,75.73999786376953,8444
2024-03-11 09:34:00-04:00,75.73999786376953,75.82499694824219,75.72000122070312,75.81999969482422,75.81999969482422,11522
2024-03-11 09:35:00-04:00,75.87999725341797,75.94010162353516,75.75,75.91000366210938,75.91000366210938,22393
2024-03-11 09:36:00-04:00,75.87000274658203,75.875,75.69000244140625,75.69000244140625,75.69000244140625,17831
2024-03-11 09:37:00-04:00,75.66000366210938,75.66000366210938,75.4800033569336,75.51000213623047,75.51000213623047,9584
2024-03-11 09:38:00-04:00,75.53500366210938,75.53500366210938,75.41999816894531,75.47000122070312,75.47000122070312,18059
2024-03-11 09:39:00-04:00,75.48999786376953,75.52999877929688,75.29000091552734,75.29000091552734,75.29000091552734,13489
2024-03-11 09:40:00-04:00,75.31999969482422,75.31999969482422,75.2300033569336,75.2699966430664,75.2699966430664,14618
2024-03-11 09:41:00-04:00,75.25,75.25,75.12999725341797,75.18000030517578,75.18000030517578,11212
2024-03-11 09:42:00-04:00,75.17500305175781,75.3499984741211,75.17500305175781,75.33999633789062,75.33999633789062,8728
2024-03-11 09:43:00-04:00,75.31999969482422,75.37999725341797,75.26000213623047,75.26000213623047,75.26000213623047,5677
2024-03-11 09:44:00-04:00,75.26000213623047,75.38999938964844,75.26000213623047,75.34500122070312,75.34500122070312,7471
2024-03-11 09:45:00-04:00,75.33999633789062,75.37000274658203,75.27999877929688,75.31999969482422,75.31999969482422,11899
2024-03-11 09:46:00-04:00,75.33999633789062,75.38999938964844,75.27999877929688,75.36000061035156,75.36000061035156,9598
2024-03-11 09:47:00-04:00,75.33999633789062,75.41000366210938,75.28500366210938,75.33000183105469,75.33000183105469,9372
2024-03-11 09:48:00-04:00,75.31999969482422,75.38999938964844,75.29000091552734,75.37000274658203,75.37000274658203,24610
2024-03-11 09:49:00-04:00,75.3678970336914,75.43000030517578,75.33999633789062,75.33999633789062,75.33999633789062,10239
2024-03-11 09:50:00-04:00,75.33000183105469,75.37000274658203,75.31999969482422,75.32019805908203,75.32019805908203,9448
2024-03-11 09:51:00-04:00,75.33999633789062,75.38999938964844,75.31999969482422,75.33999633789062,75.33999633789062,7053
2024-03-11 09:52:00-04:00,75.33999633789062,75.41999816894531,75.33999633789062,75.36000061035156,75.36000061035156,8043
2024-03-11 09:53:00-04:00,75.37000274658203,75.45999908447266,75.37000274658203,75.45999908447266,75.45999908447266,40668
2024-03-11 09:54:00-04:00,75.48200225830078,75.52999877929688,75.44000244140625,75.52999877929688,75.52999877929688,6841
2024-03-11 09:55:00-04:00,75.54000091552734,75.54000091552734,75.4749984741211,75.4749984741211,75.4749984741211,5082
2024-03-11 09:56:00-04:00,75.45999908447266,75.48999786376953,75.37000274658203,75.37999725341797,75.37999725341797,19416
2024-03-11 09:57:00-04:00,75.37000274658203,75.37000274658203,75.33499908447266,75.37000274658203,75.37000274658203,10127
2024-03-11 09:58:00-04:00,75.37999725341797,75.54000091552734,75.37999725341797,75.5199966430664,75.5199966430664,7271
2024-03-11 09:59:00-04:00,75.52999877929688,75.55999755859375,75.4800033569336,75.48999786376953,75.48999786376953,9584
2024-03-11 10:00:00-04:00,75.5199966430664,75.54000091552734,75.42500305175781,75.44999694824219,75.44999694824219,5590
2024-03-11 10:01:00-04:00,75.4219970703125,75.43499755859375,75.30500030517578,75.31999969482422,75.31999969482422,9198
2024-03-11 10:02:00-04:00,75.33000183105469,75.37999725341797,75.30000305175781,75.31999969482422,75.31999969482422,22154
2024-03-11 10:03:00-04:00,75.30030059814453,75.33000183105469,75.29000091552734,75.29000091552734,75.29000091552734,19708
2024-03-11 10:04:00-04:00,75.27999877929688,75.37999725341797,75.27999877929688,75.35209655761719,75.35209655761719,8572
2024-03-11 10:05:00-04:00,75.3499984741211,75.3499984741211,75.27999877929688,75.31500244140625,75.31500244140625,3981
2024-03-11 10:06:00-04:00,75.31500244140625,75.33000183105469,75.20590209960938,75.22000122070312,75.22000122070312,4636
2024-03-11 10:07:00-04:00,75.22000122070312,75.25,75.20999908447266,75.2300033569336,75.2300033569336,4626
2024-03-11 10:08:00-04:00,75.23999786376953,75.23999786376953,75.19000244140625,75.20210266113281,75.20210266113281,2155
2024-03-11 10:09:00-04:00,75.19999694824219,75.25,75.18000030517578,75.25,75.25,3951
2024-03-11 10:10:00-04:00,75.25,75.25,75.20500183105469,75.25,75.25,27912
2024-03-11 10:11:00-04:00,75.25,75.25240325927734,75.16999816894531,75.19000244140625,75.19000244140625,11122
2024-03-11 10:12:00-04:00,75.19000244140625,75.19000244140625,75.1500015258789,75.1500015258789,75.1500015258789,16994
2024-03-11 10:13:00-04:00,75.13999938964844,75.13999938964844,75.08999633789062,75.08999633789062,75.08999633789062,7016
2024-03-11 10:14:00-04:00,75.08000183105469,75.11000061035156,75.05000305175781,75.08999633789062,75.08999633789062,19215
2024-03-11 10:15:00-04:00,75.08000183105469,75.08000183105469,75.0199966430664,75.0199966430664,75.0199966430664,16924
2024-03-11 10:16:00-04:00,75.01000213623047,75.02999877929688,75.0,75.0,75.0,5287
2024-03-11 10:17:00-04:00,74.98500061035156,75.0,74.96499633789062,75.0,75.0,6051
2024-03-11 10:18:00-04:00,74.98999786376953,74.98999786376953,74.91999816894531,74.94499969482422,74.94499969482422,9064
2024-03-11 10:19:00-04:00,74.94000244140625,75.0,74.93000030517578,75.0,75.0,10444
2024-03-11 10:20:00-04:00,74.97000122070312,75.0,74.95999908447266,75.0,75.0,4807
2024-03-11 10:21:00-04:00,75.0,75.01010131835938,74.97000122070312,74.97000122070312,74.97000122070312,8299
2024-03-11 10:22:00-04:00,74.95500183105469,74.98999786376953,74.94000244140625,74.94000244140625,74.94000244140625,7559
2024-03-11 10:23:00-04:00,74.94000244140625,74.95999908447266,74.91000366210938,74.94989776611328,74.94989776611328,10271
2024-03-11 10:24:00-04:00,74.94000244140625,74.94000244140625,74.88999938964844,74.88999938964844,74.88999938964844,6416
2024-03-11 10:25:00-04:00,74.88990020751953,74.88990020751953,74.81999969482422,74.83000183105469,74.83000183105469,10768
2024-03-11 10:26:00-04:00,74.83999633789062,74.86009979248047,74.81500244140625,74.81999969482422,74.81999969482422,5678
2024-03-11 10:27:00-04:00,74.8324966430664,74.8324966430664,74.80999755859375,74.81999969482422,74.81999969482422,9311
2024-03-11 10:28:00-04:00,74.80999755859375,74.81999969482422,74.80999755859375,74.81500244140625,74.81500244140625,2518
2024-03-11 10:29:00-04:00,74.86000061035156,74.86000061035156,74.83000183105469,74.83000183105469,74.83000183105469,10283
2024-03-11 10:30:00-04:00,74.83999633789062,74.87999725341797,74.82499694824219,74.87000274658203,74.87000274658203,13512
2024-03-11 10:31:00-04:00,74.87000274658203,74.9000015258789,74.83000183105469,74.83000183105469,74.83000183105469,9244
2024-03-11 10:32:00-04:00,74.83000183105469,74.94999694824219,74.81999969482422,74.94000244140625,74.94000244140625,12811
2024-03-11 10:33:00-04:00,74.94000244140625,74.99500274658203,74.94000244140625,74.98999786376953,74.98999786376953,19663
2024-03-11 10:34:00-04:00,74.97000122070312,75.04989624023438,74.96499633789062,75.04000091552734,75.04000091552734,4644
2024-03-11 10:35:00-04:00,75.0302963256836,75.06999969482422,75.01499938964844,75.0199966430664,75.0199966430664,14459
2024-03-11 10:36:00-04:00,75.04000091552734,75.08000183105469,75.03500366210938,75.04029846191406,75.04029846191406,9931
2024-03-11 10:37:00-04:00,75.04000091552734,75.1449966430664,75.03500366210938,75.12000274658203,75.12000274658203,4953
2024-03-11 10:38:00-04:00,75.12000274658203,75.16000366210938,75.11000061035156,75.14669799804688,75.14669799804688,5955
2024-03-11 10:39:00-04:00,75.1500015258789,75.16999816894531,75.12000274658203,75.14910125732422,75.14910125732422,5220
2024-03-11 10:40:00-04:00,75.1449966430664,75.1449966430664,75.06999969482422,75.06999969482422,75.06999969482422,12064
2024-03-11 10:41:00-04:00,75.05999755859375,75.05999755859375,75.0,75.02999877929688,75.02999877929688,9360
2024-03-11 10:42:00-04:00,75.01000213623047,75.02999877929688,74.9800033569336,75.02999877929688,75.02999877929688,7278
2024-03-11 10:43:00-04:00,75.0199966430664,75.03990173339844,75.0010986328125,75.0250015258789,75.0250015258789,3019
2024-03-11 10:44:00-04:00,75.0250015258789,75.0250015258789,74.94000244140625,74.94999694824219,74.94999694824219,11567
2024-03-11 10:45:00-04:00,74.94499969482422,74.9800033569336,74.91999816894531,74.9800033569336,74.9800033569336,15702
2024-03-11 10:46:00-04:00,74.98999786376953,75.0,74.97000122070312,74.99500274658203,74.99500274658203,5443
2024-03-11 10:47:00-04:00,74.9800033569336,75.02999877929688,74.95999908447266,75.0199966430664,75.0199966430664,6072
2024-03-11 10:48:00-04:00,75.04000091552734,75.13500213623047,75.04000091552734,75.12999725341797,75.12999725341797,6570
2024-03-11 10:49:00-04:00,75.12999725341797,75.16000366210938,75.08999633789062,75.16000366210938,75.16000366210938,6889
2024-03-11 10:50:00-04:00,75.16000366210938,75.16999816894531,75.125,75.13999938964844,75.13999938964844,14857
2024-03-11 10:51:00-04:00,75.1500015258789,75.1500015258789,75.06999969482422,75.08000183105469,75.08000183105469,8830
2024-03-11 10:52:00-04:00,75.08000183105469,75.08499908447266,74.95999908447266,74.95999908447266,74.95999908447266,7594
2024-03-11 10:53:00-04:00,74.97000122070312,74.98500061035156,74.97000122070312,74.98500061035156,74.98500061035156,4073
2024-03-11 10:54:00-04:00,74.98999786376953,75.06999969482422,74.98999786376953,75.06999969482422,75.06999969482422,5929
2024-03-11 10:55:00-04:00,75.06999969482422,75.08000183105469,75.03500366210938,75.04000091552734,75.04000091552734,10698
2024-03-11 10:56:00-04:00,75.05000305175781,75.05000305175781,74.98999786376953,75.00499725341797,75.00499725341797,9437
2024-03-11 10:57:00-04:00,75.0,75.04499816894531,75.0,75.04499816894531,75.04499816894531,10542
2024-03-11 10:58:00-04:00,75.04170227050781,75.06500244140625,75.04170227050781,75.06500244140625,75.06500244140625,2757
2024-03-11 10:59:00-04:00,75.06999969482422,75.15499877929688,75.06999969482422,75.1500015258789,75.1500015258789,14063
2024-03-11 11:00:00-04:00,75.1500015258789,75.19000244140625,75.13999938964844,75.19000244140625,75.19000244140625,12345
2024-03-11 11:01:00-04:00,75.16999816894531,75.16999816894531,75.12999725341797,75.16500091552734,75.16500091552734,6572
2024-03-11 11:02:00-04:00,75.16600036621094,75.1698989868164,75.11000061035156,75.1500015258789,75.1500015258789,8028
2024-03-11 11:03:00-04:00,75.16000366210938,75.19000244140625,75.15499877929688,75.15499877929688,75.15499877929688,5837
2024-03-11 11:04:00-04:00,75.15390014648438,75.19000244140625,75.13999938964844,75.13999938964844,75.13999938964844,14838
2024-03-11 11:05:00-04:00,75.1500015258789,75.19000244140625,75.14779663085938,75.18000030517578,75.18000030517578,5101
2024-03-11 11:06:00-04:00,75.19499969482422,75.20999908447266,75.19000244140625,75.20999908447266,75.20999908447266,3653
2024-03-11 11:07:00-04:00,75.20999908447266,75.21849822998047,75.19999694824219,75.20999908447266,75.20999908447266,5228
2024-03-11 11:08:00-04:00,75.20999908447266,75.26000213623047,75.20999908447266,75.26000213623047,75.26000213623047,5807
2024-03-11 11:09:00-04:00,75.27999877929688,75.27999877929688,75.24909973144531,75.26000213623047,75.26000213623047,4134
2024-03-11 11:10:00-04:00,75.2699966430664,75.2699966430664,75.23999786376953,75.23999786376953,75.23999786376953,3931
2024-03-11 11:11:00-04:00,75.25,75.30999755859375,75.25,75.30000305175781,75.30000305175781,10228
2024-03-11 11:12:00-04:00,75.27999877929688,75.2979965209961,75.2699966430664,75.27999877929688,75.27999877929688,5749
2024-03-11 11:13:00-04:00,75.27999877929688,75.27999877929688,75.2300033569336,75.2300033569336,75.2300033569336,2899
2024-03-11 11:14:00-04:00,75.2300033569336,75.30000305175781,75.2300033569336,75.27999877929688,75.27999877929688,9092
2024-03-11 11:15:00-04:00,75.27999877929688,75.30500030517578,75.27999877929688,75.30000305175781,75.30000305175781,4881
2024-03-11 11:16:00-04:00,75.30500030517578,75.30999755859375,75.28620147705078,75.30000305175781,75.30000305175781,4255
2024-03-11 11:17:00-04:00,75.29000091552734,75.30500030517578,75.27999877929688,75.30500030517578,75.30500030517578,4496
2024-03-11 11:18:00-04:00,75.30999755859375,75.3499984741211,75.30999755859375,75.3499984741211,75.3499984741211,7065
2024-03-11 11:19:00-04:00,75.33999633789062,75.33999633789062,75.30000305175781,75.33000183105469,75.33000183105469,5115
2024-03-11 11:20:00-04:00,75.33999633789062,75.3550033569336,75.3322982788086,75.33999633789062,75.33999633789062,3402
2024-03-11 11:21:00-04:00,75.33499908447266,75.36000061035156,75.33000183105469,75.3416976928711,75.3416976928711,8330
2024-03-11 11:22:00-04:00,75.33999633789062,75.36499786376953,75.33999633789062,75.36000061035156,75.36000061035156,4567
2024-03-11 11:23:00-04:00,75.36000061035156,75.43000030517578,75.36000061035156,75.43000030517578,75.43000030517578,25970
2024-03-11 11:24:00-04:00,75.41999816894531,75.44000244140625,75.41000366210938,75.4397964477539,75.4397964477539,3733
2024-03-11 11:25:00-04:00,75.44000244140625,75.4657974243164,75.44000244140625,75.45500183105469,75.45500183105469,6855
2024-03-11 11:26:00-04:00,75.45999908447266,75.48500061035156,75.43000030517578,75.44000244140625,75.44000244140625,9099
2024-03-11 11:27:00-04:00,75.43000030517578,75.45999908447266,75.43000030517578,75.45110321044922,75.45110321044922,2720
2024-03-11 11:28:00-04:00,75.45999908447266,75.4800033569336,75.45500183105469,75.47000122070312,75.47000122070312,4581
2024-03-11 11:29:00-04:00,75.45999908447266,75.4800033569336,75.45999908447266,75.4749984741211,75.4749984741211,2063
2024-03-11 11:30:00-04:00,75.4749984741211,75.4800033569336,75.45500183105469,75.46499633789062,75.46499633789062,6291
2024-03-11 11:31:00-04:00,75.47000122070312,75.5,75.47000122070312,75.49500274658203,75.49500274658203,5808
2024-03-11 11:32:00-04:00,75.5,75.55000305175781,75.5,75.55000305175781,75.55000305175781,21414
2024-03-11 11:33:00-04:00,75.55999755859375,75.61499786376953,75.55999755859375,75.5999984741211,75.5999984741211,19820
2024-03-11 11:34:00-04:00,75.5999984741211,75.5999984741211,75.57499694824219,75.57499694824219,75.57499694824219,18591
2024-03-11 11:35:00-04:00,75.5999984741211,75.63999938964844,75.5999984741211,75.63999938964844,75.63999938964844,13670
2024-03-11 11:36:00-04:00,75.63999938964844,75.68000030517578,75.63999938964844,75.6500015258789,75.6500015258789,8728
2024-03-11 11:37:00-04:00,75.63999938964844,75.63999938964844,75.58999633789062,75.6083984375,75.6083984375,8546
2024-03-11 11:38:00-04:00,75.5999984741211,75.62000274658203,75.58499908447266,75.62000274658203,75.62000274658203,5467
2024-03-11 11:39:00-04:00,75.62000274658203,75.67990112304688,75.62000274658203,75.66999816894531,75.66999816894531,3395
2024-03-11 11:40:00-04:00,75.66999816894531,75.69999694824219,75.66999816894531,75.69000244140625,75.69000244140625,5571
2024-03-11 11:41:00-04:00,75.68499755859375,75.77999877929688,75.68499755859375,75.7750015258789,75.7750015258789,41656
2024-03-11 11:42:00-04:00,75.77999877929688,75.77999877929688,75.70999908447266,75.7300033569336,75.7300033569336,8462
2024-03-11 11:43:00-04:00,75.72000122070312,75.7249984741211,75.69999694824219,75.72000122070312,75.72000122070312,17999
2024-03-11 11:44:00-04:00,75.72979736328125,75.79000091552734,75.72979736328125,75.79000091552734,75.79000091552734,5967
2024-03-11 11:45:00-04:00,75.77999877929688,75.78500366210938,75.76000213623047,75.78500366210938,75.78500366210938,10462
2024-03-11 11:46:00-04:00,75.79000091552734,75.79000091552734,75.75,75.76000213623047,75.76000213623047,10641
2024-03-11 11:47:00-04:00,75.75,75.80500030517578,75.75,75.78500366210938,75.78500366210938,23361
2024-03-11 11:48:00-04:00,75.79000091552734,75.83000183105469,75.79000091552734,75.83000183105469,75.83000183105469,10315
2024-03-11 11:49:00-04:00,75.81999969482422,75.86000061035156,75.81999969482422,75.8499984741211,75.8499984741211,9208
2024-03-11 11:50:00-04:00,75.86000061035156,75.86499786376953,75.82499694824219,75.83000183105469,75.83000183105469,7212
2024-03-11 11:51:00-04:00,75.82499694824219,75.88970184326172,75.81999969482422,75.88970184326172,75.88970184326172,10219
2024-03-11 11:52:00-04:00,75.88999938964844,75.97899627685547,75.88999938964844,75.97899627685547,75.97899627685547,21668
2024-03-11 11:53:00-04:00,75.97979736328125,75.98999786376953,75.95999908447266,75.98999786376953,75.98999786376953,10480
2024-03-11 11:54:00-04:00,75.98419952392578,75.99009704589844,75.94999694824219,75.99009704589844,75.99009704589844,15263
2024-03-11 11:55:00-04:00,75.98999786376953,75.98999786376953,75.95500183105469,75.9800033569336,75.9800033569336,8483
2024-03-11 11:56:00-04:00,75.9749984741211,75.98999786376953,75.95999908447266,75.98999786376953,75.98999786376953,9467
2024-03-11 11:57:00-04:00,75.9800033569336,75.99500274658203,75.95500183105469,75.97010040283203,75.97010040283203,12638
2024-03-11 11:58:00-04:00,75.98999786376953,76.05000305175781,75.94000244140625,75.9800033569336,75.9800033569336,71147
2024-03-11 11:59:00-04:00,75.9800033569336,75.98999786376953,75.95999908447266,75.98999786376953,75.98999786376953,35063
2024-03-11 12:00:00-04:00,75.98999786376953,76.03500366210938,75.98999786376953,76.01000213623047,76.01000213623047,16060
2024-03-11 12:01:00-04:00,76.01000213623047,76.04000091552734,75.9800033569336,75.98999786376953,75.98999786376953,37122
2024-03-11 12:02:00-04:00,75.98059844970703,76.05999755859375,75.9800033569336,76.05999755859375,76.05999755859375,38197
2024-03-11 12:03:00-04:00,76.05999755859375,76.05999755859375,75.95999908447266,75.98500061035156,75.98500061035156,42329
2024-03-11 12:04:00-04:00,75.9800033569336,76.01000213623047,75.95999908447266,76.01000213623047,76.01000213623047,44790
2024-03-11 12:05:00-04:00,76.0199966430664,76.09500122070312,75.98999786376953,76.02999877929688,76.02999877929688,71066
2024-03-11 12:06:00-04:00,76.02999877929688,76.02999877929688,75.97000122070312,76.0199966430664,76.0199966430664,16283
2024-03-11 12:07:00-04:00,76.0199966430664,76.0199966430664,75.9800033569336,75.9800033569336,75.9800033569336,6383
2024-03-11 12:08:00-04:00,75.97000122070312,76.05000305175781,75.97000122070312,76.04499816894531,76.04499816894531,20206
2024-03-11 12:09:00-04:00,76.05000305175781,76.05000305175781,75.91999816894531,75.93000030517578,75.93000030517578,18426
2024-03-11 12:10:00-04:00,75.92420196533203,75.97000122070312,75.91999816894531,75.95999908447266,75.95999908447266,13093
2024-03-11 12:11:00-04:00,75.94999694824219,75.98500061035156,75.94999694824219,75.98500061035156,75.98500061035156,10397
2024-03-11 12:13:00-04:00,75.9800033569336,75.9800033569336,75.95999908447266,75.97000122070312,75.97000122070312,27070
2024-03-11 12:14:00-04:00,75.97000122070312,76.0250015258789,75.95999908447266,75.97000122070312,75.97000122070312,26652
2024-03-11 12:15:00-04:00,75.9800033569336,76.02999877929688,75.9749984741211,76.02999877929688,76.02999877929688,11317
2024-03-11 12:16:00-04:00,76.02999877929688,76.04499816894531,76.0199966430664,76.0199966430664,76.0199966430664,11538
2024-03-11 12:17:00-04:00,76.01000213623047,76.0199966430664,76.01000213623047,76.0199966430664,76.0199966430664,4988
2024-03-11 12:18:00-04:00,76.01000213623047,76.01000213623047,75.94499969482422,75.97000122070312,75.97000122070312,11949
2024-03-11 12:19:00-04:00,75.95999908447266,75.97000122070312,75.9000015258789,75.9000015258789,75.9000015258789,13168
2024-03-11 12:20:00-04:00,75.90499877929688,75.90499877929688,75.86000061035156,75.88999938964844,75.88999938964844,9417
2024-03-11 12:21:00-04:00,75.88500213623047,75.9800033569336,75.88500213623047,75.9800033569336,75.9800033569336,46682
2024-03-11 12:22:00-04:00,75.9800033569336,76.0199966430664,75.9800033569336,75.98999786376953,75.98999786376953,8683
2024-03-11 12:23:00-04:00,75.9800033569336,75.9800033569336,75.94000244140625,75.94999694824219,75.94999694824219,3006
2024-03-11 12:24:00-04:00,75.95999908447266,75.95999908447266,75.88999938964844,75.91999816894531,75.91999816894531,17152
2024-03-11 12:25:00-04:00,75.91000366210938,75.91000366210938,75.87999725341797,75.88999938964844,75.88999938964844,6583
2024-03-11 12:26:00-04:00,75.88999938964844,75.94999694824219,75.88999938964844,75.9000015258789,75.9000015258789,10872
2024-03-11 12:27:00-04:00,75.9000015258789,75.90190124511719,75.86000061035156,75.86499786376953,75.86499786376953,3107
2024-03-11 12:28:00-04:00,75.86499786376953,75.88999938964844,75.8499984741211,75.88999938964844,75.88999938964844,8872
2024-03-11 12:29:00-04:00,75.88999938964844,75.88999938964844,75.86009979248047,75.87000274658203,75.87000274658203,3021
2024-03-11 12:30:00-04:00,75.87000274658203,75.87999725341797,75.8499984741211,75.87999725341797,75.87999725341797,7747
2024-03-11 12:31:00-04:00,75.87999725341797,75.88970184326172,75.8499984741211,75.87999725341797,75.87999725341797,8293
2024-03-11 12:32:00-04:00,75.87000274658203,75.98999786376953,75.87000274658203,75.94999694824219,75.94999694824219,14603
2024-03-11 12:33:00-04:00,75.95999908447266,75.98999786376953,75.9000015258789,75.9000015258789,75.9000015258789,36898
2024-03-11 12:34:00-04:00,75.88999938964844,75.91000366210938,75.87020111083984,75.91000366210938,75.91000366210938,8062
2024-03-11 12:35:00-04:00,75.9000015258789,75.92500305175781,75.89009857177734,75.91000366210938,75.91000366210938,9908
2024-03-11 12:36:00-04:00,75.9000015258789,75.94000244140625,75.87999725341797,75.91000366210938,75.91000366210938,14998
2024-03-11 12:37:00-04:00,75.91999816894531,75.94000244140625,75.9000015258789,75.90499877929688,75.90499877929688,7773
2024-03-11 12:38:00-04:00,75.9010009765625,75.9010009765625,75.86000061035156,75.87000274658203,75.87000274658203,6555
2024-03-11 12:39:00-04:00,75.875,75.875,75.82499694824219,75.8499984741211,75.8499984741211,12072
2024-03-11 12:40:00-04:00,75.8499984741211,75.87999725341797,75.8499984741211,75.86499786376953,75.86499786376953,13532
2024-03-11 12:41:00-04:00,75.8499984741211,75.86499786376953,75.83999633789062,75.86000061035156,75.86000061035156,6083
2024-03-11 12:42:00-04:00,75.86000061035156,75.86000061035156,75.82499694824219,75.8499984741211,75.8499984741211,6976
2024-03-11 12:43:00-04:00,75.8550033569336,75.88500213623047,75.8499984741211,75.88500213623047,75.88500213623047,6902
2024-03-11 12:44:00-04:00,75.88999938964844,75.90499877929688,75.87999725341797,75.88999938964844,75.88999938964844,7842
2024-03-11 12:45:00-04:00,75.9000015258789,75.96499633789062,75.9000015258789,75.95999908447266,75.95999908447266,21014
2024-03-11 12:46:00-04:00,75.9800033569336,76.0199966430664,75.97000122070312,75.97000122070312,75.97000122070312,23283
2024-03-11 12:47:00-04:00,75.9800033569336,76.0198974609375,75.9749984741211,75.98999786376953,75.98999786376953,5683
2024-03-11 12:48:00-04:00,75.98999786376953,76.05999755859375,75.98999786376953,76.04000091552734,76.04000091552734,14837
2024-03-11 12:49:00-04:00,76.04000091552734,76.09439849853516,76.02999877929688,76.08000183105469,76.08000183105469,10954
2024-03-11 12:50:00-04:00,76.06999969482422,76.06999969482422,76.03929901123047,76.03929901123047,76.03929901123047,5581
2024-03-11 12:51:00-04:00,76.02999877929688,76.06500244140625,76.0199966430664,76.06500244140625,76.06500244140625,5680
2024-03-11 12:52:00-04:00,76.05500030517578,76.05999755859375,76.03140258789062,76.03140258789062,76.03140258789062,5177
2024-03-11 12:53:00-04:00,76.02999877929688,76.02999877929688,75.98999786376953,76.0,76.0,4826
2024-03-11 12:54:00-04:00,76.0,76.0,75.98500061035156,75.98500061035156,75.98500061035156,6965
2024-03-11 12:55:00-04:00,75.98999786376953,76.04000091552734,75.98999786376953,76.02999877929688,76.02999877929688,7360
2024-03-11 12:56:00-04:00,76.0199966430664,76.05500030517578,76.0199966430664,76.04000091552734,76.04000091552734,14357
2024-03-11 12:57:00-04:00,76.03500366210938,76.0562973022461,76.02999877929688,76.02999877929688,76.02999877929688,11357
2024-03-11 12:58:00-04:00,76.02999877929688,76.04000091552734,76.02999877929688,76.03500366210938,76.03500366210938,23368
2024-03-11 12:59:00-04:00,76.02999877929688,76.04000091552734,76.0011978149414,76.0199966430664,76.0199966430664,14629
2024-03-11 13:00:00-04:00,76.01000213623047,76.01000213623047,75.98999786376953,75.98999786376953,75.98999786376953,7066
2024-03-11 13:01:00-04:00,75.98999786376953,75.98999786376953,75.94999694824219,75.9749984741211,75.9749984741211,8405
2024-03-11 13:02:00-04:00,75.97000122070312,75.99500274658203,75.97000122070312,75.9800033569336,75.9800033569336,5139
2024-03-11 13:03:00-04:00,75.98999786376953,76.08999633789062,75.9800033569336,76.08999633789062,76.08999633789062,17622
2024-03-11 13:04:00-04:00,76.06999969482422,76.0999984741211,76.06009674072266,76.0999984741211,76.0999984741211,8131
2024-03-11 13:05:00-04:00,76.0999984741211,76.13999938964844,76.0999984741211,76.12999725341797,76.12999725341797,15792
2024-03-11 13:06:00-04:00,76.12000274658203,76.125,76.06999969482422,76.11000061035156,76.11000061035156,9573
2024-03-11 13:07:00-04:00,76.1051025390625,76.16000366210938,76.0999984741211,76.16000366210938,76.16000366210938,9015
2024-03-11 13:08:00-04:00,76.15499877929688,76.16490173339844,76.12950134277344,76.16089630126953,76.16089630126953,6027
2024-03-11 13:09:00-04:00,76.16999816894531,76.22000122070312,76.16999816894531,76.21749877929688,76.21749877929688,18243
2024-03-11 13:10:00-04:00,76.2249984741211,76.27999877929688,76.22000122070312,76.26499938964844,76.26499938964844,11536
2024-03-11 13:11:00-04:00,76.2699966430664,76.2699966430664,76.22000122070312,76.22000122070312,76.22000122070312,8444
2024-03-11 13:12:00-04:00,76.23619842529297,76.24909973144531,76.20999908447266,76.20999908447266,76.20999908447266,7230
2024-03-11 13:13:00-04:00,76.20999908447266,76.20999908447266,76.16999816894531,76.16999816894531,76.16999816894531,3997
2024-03-11 13:14:00-04:00,76.16999816894531,76.16999816894531,76.13999938964844,76.13999938964844,76.13999938964844,9078
2024-03-11 13:15:00-04:00,76.1500015258789,76.1500015258789,76.08000183105469,76.08000183105469,76.08000183105469,5409
2024-03-11 13:16:00-04:00,76.09200286865234,76.11499786376953,76.08000183105469,76.11499786376953,76.11499786376953,5236
2024-03-11 13:17:00-04:00,76.11000061035156,76.19000244140625,76.11000061035156,76.16999816894531,76.16999816894531,11894
2024-03-11 13:18:00-04:00,76.16500091552734,76.16999816894531,76.15499877929688,76.15499877929688,76.15499877929688,7556
2024-03-11 13:19:00-04:00,76.1500015258789,76.2249984741211,76.1500015258789,76.20999908447266,76.20999908447266,11917
2024-03-11 13:20:00-04:00,76.20999908447266,76.23999786376953,76.19999694824219,76.21499633789062,76.21499633789062,7390
2024-03-11 13:21:00-04:00,76.20999908447266,76.20999908447266,76.19999694824219,76.20999908447266,76.20999908447266,7005
2024-03-11 13:22:00-04:00,76.22000122070312,76.30000305175781,76.22000122070312,76.23999786376953,76.23999786376953,33360
2024-03-11 13:23:00-04:00,76.2300033569336,76.26399993896484,76.2300033569336,76.25,76.25,15496
2024-03-11 13:24:00-04:00,76.2699966430664,76.2699966430664,76.20999908447266,76.25,76.25,13788
2024-03-11 13:25:00-04:00,76.25,76.29000091552734,76.23999786376953,76.27999877929688,76.27999877929688,22667
2024-03-11 13:26:00-04:00,76.27999877929688,76.30000305175781,76.26499938964844,76.30000305175781,76.30000305175781,32381
2024-03-11 13:27:00-04:00,76.30000305175781,76.36000061035156,76.29000091552734,76.33000183105469,76.33000183105469,34071
2024-03-11 13:28:00-04:00,76.3499984741211,76.37999725341797,76.32499694824219,76.37000274658203,76.37000274658203,51218
2024-03-11 13:29:00-04:00,76.36499786376953,76.36499786376953,76.29000091552734,76.30999755859375,76.30999755859375,11717
2024-03-11 13:30:00-04:00,76.33499908447266,76.33499908447266,76.27999877929688,76.31999969482422,76.31999969482422,7979
2024-03-11 13:31:00-04:00,76.31999969482422,76.37000274658203,76.27999877929688,76.30999755859375,76.30999755859375,36382
2024-03-11 13:32:00-04:00,76.30999755859375,76.30999755859375,76.26000213623047,76.30500030517578,76.30500030517578,9001
2024-03-11 13:33:00-04:00,76.3052978515625,76.30999755859375,76.25,76.25,76.25,5981
2024-03-11 13:34:00-04:00,76.26000213623047,76.29000091552734,76.23999786376953,76.27999877929688,76.27999877929688,17294
2024-03-11 13:35:00-04:00,76.27999877929688,76.33000183105469,76.27899932861328,76.33000183105469,76.33000183105469,11576
2024-03-11 13:36:00-04:00,76.33000183105469,76.33000183105469,76.27999877929688,76.32209777832031,76.32209777832031,12618
2024-03-11 13:37:00-04:00,76.32689666748047,76.375,76.32689666748047,76.375,76.375,12026
2024-03-11 13:38:00-04:00,76.37860107421875,76.44999694824219,76.33999633789062,76.33999633789062,76.33999633789062,49484
2024-03-11 13:39:00-04:00,76.33000183105469,76.36000061035156,76.30999755859375,76.31999969482422,76.31999969482422,8713
2024-03-11 13:40:00-04:00,76.30999755859375,76.31500244140625,76.2699966430664,76.2699966430664,76.2699966430664,6843
2024-03-11 13:41:00-04:00,76.2699966430664,76.30000305175781,76.25,76.30000305175781,76.30000305175781,7156
2024-03-11 13:42:00-04:00,76.30500030517578,76.30500030517578,76.25,76.25,76.25,4231
2024-03-11 13:43:00-04:00,76.23999786376953,76.2750015258789,76.23999786376953,76.2699966430664,76.2699966430664,7293
2024-03-11 13:44:00-04:00,76.2750015258789,76.2750015258789,76.2249984741211,76.2300033569336,76.2300033569336,6656
2024-03-11 13:45:00-04:00,76.22000122070312,76.22000122070312,76.16000366210938,76.18499755859375,76.18499755859375,10051
2024-03-11 13:46:00-04:00,76.18499755859375,76.18499755859375,76.13999938964844,76.16000366210938,76.16000366210938,6753
2024-03-11 13:47:00-04:00,76.16000366210938,76.16500091552734,76.15499877929688,76.16500091552734,76.16500091552734,4810
2024-03-11 13:48:00-04:00,76.16400146484375,76.18009948730469,76.12999725341797,76.12999725341797,76.12999725341797,8641
2024-03-11 13:49:00-04:00,76.12000274658203,76.12999725341797,76.08999633789062,76.12000274658203,76.12000274658203,13245
2024-03-11 13:50:00-04:00,76.12010192871094,76.1449966430664,76.1050033569336,76.1449966430664,76.1449966430664,6652
2024-03-11 13:51:00-04:00,76.14409637451172,76.1500015258789,76.08999633789062,76.08999633789062,76.08999633789062,6065
2024-03-11 13:52:00-04:00,76.08999633789062,76.09500122070312,76.06500244140625,76.07499694824219,76.07499694824219,8751
2024-03-11 13:53:00-04:00,76.07499694824219,76.11990356445312,76.07499694824219,76.11000061035156,76.11000061035156,5539
2024-03-11 13:54:00-04:00,76.11000061035156,76.12000274658203,76.08000183105469,76.08000183105469,76.08000183105469,4887
2024-03-11 13:55:00-04:00,76.0927963256836,76.0999984741211,76.05999755859375,76.06500244140625,76.06500244140625,6875
2024-03-11 13:56:00-04:00,76.05999755859375,76.07499694824219,76.05000305175781,76.05000305175781,76.05000305175781,3961
2024-03-11 13:57:00-04:00,76.04499816894531,76.04499816894531,76.04000091552734,76.04000091552734,76.04000091552734,1406
2024-03-11 13:58:00-04:00,76.04000091552734,76.06500244140625,76.02999877929688,76.05000305175781,76.05000305175781,9746
2024-03-11 13:59:00-04:00,76.04000091552734,76.07499694824219,76.04000091552734,76.07499694824219,76.07499694824219,7559
2024-03-11 14:00:00-04:00,76.07499694824219,76.08999633789062,76.06999969482422,76.06999969482422,76.06999969482422,6125
2024-03-11 14:01:00-04:00,76.08000183105469,76.0999984741211,76.06500244140625,76.08999633789062,76.08999633789062,11872
2024-03-11 14:02:00-04:00,76.091796875,76.0999984741211,76.08999633789062,76.0999984741211,76.0999984741211,4893
2024-03-11 14:03:00-04:00,76.09500122070312,76.09510040283203,76.05000305175781,76.05000305175781,76.05000305175781,9051
2024-03-11 14:04:00-04:00,76.04000091552734,76.05999755859375,76.03500366210938,76.05999755859375,76.05999755859375,4935
2024-03-11 14:05:00-04:00,76.05999755859375,76.08999633789062,76.05999755859375,76.08000183105469,76.08000183105469,7629
2024-03-11 14:06:00-04:00,76.08999633789062,76.12000274658203,76.08000183105469,76.08499908447266,76.08499908447266,5997
2024-03-11 14:07:00-04:00,76.08499908447266,76.0999984741211,76.05999755859375,76.05999755859375,76.05999755859375,8151
2024-03-11 14:08:00-04:00,76.06999969482422,76.11000061035156,76.05999755859375,76.0999984741211,76.0999984741211,8027
2024-03-11 14:09:00-04:00,76.0999984741211,76.12999725341797,76.0999984741211,76.12999725341797,76.12999725341797,8599
2024-03-11 14:10:00-04:00,76.12999725341797,76.16999816894531,76.12999725341797,76.16500091552734,76.16500091552734,7840
2024-03-11 14:11:00-04:00,76.16000366210938,76.16000366210938,76.12000274658203,76.12000274658203,76.12000274658203,6240
2024-03-11 14:12:00-04:00,76.11000061035156,76.12999725341797,76.11000061035156,76.12000274658203,76.12000274658203,9251
2024-03-11 14:13:00-04:00,76.13500213623047,76.13500213623047,76.11000061035156,76.11499786376953,76.11499786376953,4479
2024-03-11 14:14:00-04:00,76.11499786376953,76.18000030517578,76.11000061035156,76.18000030517578,76.18000030517578,13164
2024-03-11 14:15:00-04:00,76.18000030517578,76.20500183105469,76.18000030517578,76.20500183105469,76.20500183105469,8694
2024-03-11 14:16:00-04:00,76.20500183105469,76.23500061035156,76.19999694824219,76.20999908447266,76.20999908447266,9547
2024-03-11 14:17:00-04:00,76.20999908447266,76.23999786376953,76.20999908447266,76.23500061035156,76.23500061035156,6770
2024-03-11 14:18:00-04:00,76.23500061035156,76.23500061035156,76.21499633789062,76.21499633789062,76.21499633789062,3503
2024-03-11 14:19:00-04:00,76.20999908447266,76.22000122070312,76.19000244140625,76.20500183105469,76.20500183105469,10046
2024-03-11 14:20:00-04:00,76.20500183105469,76.20999908447266,76.19499969482422,76.19499969482422,76.19499969482422,2808
2024-03-11 14:21:00-04:00,76.19499969482422,76.19999694824219,76.13999938964844,76.16999816894531,76.16999816894531,22667
2024-03-11 14:22:00-04:00,76.16999816894531,76.18000030517578,76.0999984741211,76.0999984741211,76.0999984741211,19830
2024-03-11 14:23:00-04:00,76.08999633789062,76.08999633789062,76.06999969482422,76.08999633789062,76.08999633789062,5147
2024-03-11 14:24:00-04:00,76.08000183105469,76.08000183105469,76.01000213623047,76.05999755859375,76.05999755859375,27604
2024-03-11 14:25:00-04:00,76.05999755859375,76.08000183105469,76.05000305175781,76.08000183105469,76.08000183105469,6183
2024-03-11 14:26:00-04:00,76.06999969482422,76.07499694824219,76.05999755859375,76.06310272216797,76.06310272216797,5590
2024-03-11 14:27:00-04:00,76.06999969482422,76.09500122070312,76.05999755859375,76.09500122070312,76.09500122070312,6506
2024-03-11 14:28:00-04:00,76.09500122070312,76.11000061035156,76.08000183105469,76.11000061035156,76.11000061035156,6964
2024-03-11 14:29:00-04:00,76.11000061035156,76.11499786376953,76.05999755859375,76.05999755859375,76.05999755859375,12379
2024-03-11 14:30:00-04:00,76.05999755859375,76.05999755859375,75.98999786376953,75.98999786376953,75.98999786376953,18571
2024-03-11 14:31:00-04:00,76.0,76.01499938964844,75.97000122070312,75.9800033569336,75.9800033569336,20844
2024-03-11 14:32:00-04:00,75.9800033569336,76.00499725341797,75.9800033569336,76.0,76.0,6515
2024-03-11 14:33:00-04:00,76.0,76.0,75.97000122070312,75.99500274658203,75.99500274658203,9756
2024-03-11 14:34:00-04:00,76.00499725341797,76.01000213623047,75.9845962524414,75.98500061035156,75.98500061035156,19403
2024-03-11 14:35:00-04:00,75.98500061035156,76.01499938964844,75.95999908447266,76.0,76.0,10832
2024-03-11 14:36:00-04:00,76.01000213623047,76.01000213623047,75.9800033569336,75.99500274658203,75.99500274658203,13459
2024-03-11 14:37:00-04:00,75.98999786376953,75.98999786376953,75.94999694824219,75.95500183105469,75.95500183105469,13278
2024-03-11 14:38:00-04:00,75.94999694824219,75.94999694824219,75.88500213623047,75.90499877929688,75.90499877929688,42390
2024-03-11 14:39:00-04:00,75.90499877929688,75.91500091552734,75.89009857177734,75.91500091552734,75.91500091552734,28220
2024-03-11 14:40:00-04:00,75.91000366210938,75.91000366210938,75.8949966430664,75.90499877929688,75.90499877929688,23719
2024-03-11 14:41:00-04:00,75.90499877929688,75.91999816894531,75.9000015258789,75.90499877929688,75.90499877929688,26347
2024-03-11 14:42:00-04:00,75.90499877929688,75.91000366210938,75.8550033569336,75.90499877929688,75.90499877929688,48968
2024-03-11 14:43:00-04:00,75.90499877929688,75.91000366210938,75.88500213623047,75.88500213623047,75.88500213623047,14452
2024-03-11 14:44:00-04:00,75.88500213623047,75.90809631347656,75.88500213623047,75.88999938964844,75.88999938964844,10256
2024-03-11 14:45:00-04:00,75.88500213623047,75.9000015258789,75.88030242919922,75.88500213623047,75.88500213623047,21092
2024-03-11 14:46:00-04:00,75.87999725341797,75.88999938964844,75.86499786376953,75.875,75.875,6728
2024-03-11 14:47:00-04:00,75.87000274658203,75.875,75.83499908447266,75.86000061035156,75.86000061035156,15630
2024-03-11 14:48:00-04:00,75.86000061035156,75.87999725341797,75.86000061035156,75.8740005493164,75.8740005493164,7016
2024-03-11 14:49:00-04:00,75.87000274658203,75.87999725341797,75.84989929199219,75.8499984741211,75.8499984741211,16924
2024-03-11 14:50:00-04:00,75.84600067138672,75.9000015258789,75.84500122070312,75.88999938964844,75.88999938964844,25620
2024-03-11 14:51:00-04:00,75.88999938964844,75.9000015258789,75.875,75.89849853515625,75.89849853515625,18588
2024-03-11 14:52:00-04:00,75.88999938964844,75.90499877929688,75.87999725341797,75.89009857177734,75.89009857177734,12575
2024-03-11 14:53:00-04:00,75.8949966430664,75.97000122070312,75.88999938964844,75.97000122070312,75.97000122070312,14318
2024-03-11 14:54:00-04:00,75.9800033569336,75.98999786376953,75.94999694824219,75.94999694824219,75.94999694824219,5128
2024-03-11 14:55:00-04:00,75.95999908447266,75.99500274658203,75.95500183105469,75.96499633789062,75.96499633789062,11876
2024-03-11 14:56:00-04:00,75.96499633789062,76.02999877929688,75.95999908447266,76.02999877929688,76.02999877929688,18300
2024-03-11 14:57:00-04:00,76.02999877929688,76.02999877929688,75.97000122070312,75.9800033569336,75.9800033569336,7823
2024-03-11 14:58:00-04:00,75.9800033569336,76.0199966430664,75.95999908447266,76.0,76.0,21855
2024-03-11 14:59:00-04:00,76.0,76.01000213623047,75.98500061035156,76.01000213623047,76.01000213623047,5138
2024-03-11 15:00:00-04:00,76.01000213623047,76.04000091552734,76.01000213623047,76.02909851074219,76.02909851074219,7444
2024-03-11 15:01:00-04:00,76.01000213623047,76.01000213623047,75.9749984741211,75.9800033569336,75.9800033569336,7223
2024-03-11 15:02:00-04:00,75.98999786376953,76.0199966430664,75.98500061035156,76.0199966430664,76.0199966430664,8054
2024-03-11 15:03:00-04:00,76.0250015258789,76.02999877929688,76.02210235595703,76.02999877929688,76.02999877929688,2522
2024-03-11 15:04:00-04:00,76.02999877929688,76.04499816894531,76.01000213623047,76.01000213623047,76.01000213623047,11766
2024-03-11 15:05:00-04:00,76.00499725341797,76.02999877929688,76.0,76.00499725341797,76.00499725341797,8410
2024-03-11 15:06:00-04:00,76.00499725341797,76.04000091552734,76.00499725341797,76.02459716796875,76.02459716796875,6947
2024-03-11 15:07:00-04:00,76.027099609375,76.05000305175781,76.0250015258789,76.05000305175781,76.05000305175781,4853
2024-03-11 15:08:00-04:00,76.05999755859375,76.06999969482422,76.05000305175781,76.06500244140625,76.06500244140625,5911
2024-03-11 15:09:00-04:00,76.06500244140625,76.08999633789062,76.05000305175781,76.08499908447266,76.08499908447266,9684
2024-03-11 15:10:00-04:00,76.08000183105469,76.08999633789062,76.06500244140625,76.07499694824219,76.07499694824219,12845
2024-03-11 15:11:00-04:00,76.07499694824219,76.07499694824219,76.04499816894531,76.05000305175781,76.05000305175781,8119
2024-03-11 15:12:00-04:00,76.05000305175781,76.05999755859375,76.03500366210938,76.05500030517578,76.05500030517578,12459
2024-03-11 15:13:00-04:00,76.05500030517578,76.06999969482422,76.05000305175781,76.05500030517578,76.05500030517578,3182
2024-03-11 15:14:00-04:00,76.05500030517578,76.05500030517578,76.04000091552734,76.04499816894531,76.04499816894531,11417
2024-03-11 15:15:00-04:00,76.04499816894531,76.05690002441406,76.0199966430664,76.0199966430664,76.0199966430664,9272
2024-03-11 15:16:00-04:00,76.01499938964844,76.01499938964844,75.9800033569336,76.00499725341797,76.00499725341797,14229
2024-03-11 15:17:00-04:00,76.01000213623047,76.01499938964844,76.0,76.00499725341797,76.00499725341797,6755
2024-03-11 15:18:00-04:00,76.00499725341797,76.01000213623047,75.98999786376953,76.01000213623047,76.01000213623047,4904
2024-03-11 15:19:00-04:00,76.01000213623047,76.0199966430664,75.91999816894531,75.98500061035156,75.98500061035156,47263
2024-03-11 15:20:00-04:00,75.98500061035156,76.01000213623047,75.94499969482422,76.0000991821289,76.0000991821289,18104
2024-03-11 15:21:00-04:00,76.00499725341797,76.02999877929688,75.9800033569336,75.99500274658203,75.99500274658203,10168
2024-03-11 15:22:00-04:00,76.0,76.04000091552734,76.0,76.00499725341797,76.00499725341797,7695
2024-03-11 15:23:00-04:00,76.0,76.00499725341797,75.95999908447266,75.95999908447266,75.95999908447266,9410
2024-03-11 15:24:00-04:00,75.95999908447266,75.9749984741211,75.91500091552734,75.92500305175781,75.92500305175781,12595
2024-03-11 15:25:00-04:00,75.91500091552734,75.9800033569336,75.91400146484375,75.9800033569336,75.9800033569336,12529
2024-03-11 15:26:00-04:00,75.98999786376953,75.98999786376953,75.94999694824219,75.97000122070312,75.97000122070312,9681
2024-03-11 15:27:00-04:00,75.97000122070312,76.01000213623047,75.97000122070312,75.98999786376953,75.98999786376953,7229
2024-03-11 15:28:00-04:00,75.99500274658203,76.01000213623047,75.98500061035156,75.98500061035156,75.98500061035156,12748
2024-03-11 15:29:00-04:00,75.98500061035156,76.0250015258789,75.9800033569336,76.01969909667969,76.01969909667969,12144
2024-03-11 15:30:00-04:00,76.01000213623047,76.01499938964844,75.95999908447266,75.9800033569336,75.9800033569336,15677
2024-03-11 15:31:00-04:00,75.9800033569336,76.01000213623047,75.95999908447266,75.9800033569336,75.9800033569336,15543
2024-03-11 15:32:00-04:00,75.9800033569336,75.98999786376953,75.91999816894531,75.96009826660156,75.96009826660156,16914
2024-03-11 15:33:00-04:00,75.95999908447266,75.9800033569336,75.94999694824219,75.9749984741211,75.9749984741211,8198
2024-03-11 15:34:00-04:00,75.97989654541016,75.99500274658203,75.94999694824219,75.94999694824219,75.94999694824219,32988
2024-03-11 15:35:00-04:00,75.95999908447266,76.0199966430664,75.95999908447266,76.01499938964844,76.01499938964844,22886
2024-03-11 15:36:00-04:00,76.01499938964844,76.02999877929688,76.0,76.01000213623047,76.01000213623047,8529
2024-03-11 15:37:00-04:00,76.01000213623047,76.06999969482422,76.0,76.06999969482422,76.06999969482422,14997
2024-03-11 15:38:00-04:00,76.05999755859375,76.06999969482422,76.05999755859375,76.06500244140625,76.06500244140625,5974
2024-03-11 15:39:00-04:00,76.06500244140625,76.09500122070312,76.06099700927734,76.08399963378906,76.08399963378906,13272
2024-03-11 15:40:00-04:00,76.08499908447266,76.11000061035156,76.07499694824219,76.09500122070312,76.09500122070312,22961
2024-03-11 15:41:00-04:00,76.08999633789062,76.08999633789062,76.04499816894531,76.06999969482422,76.06999969482422,19615
2024-03-11 15:42:00-04:00,76.06999969482422,76.12000274658203,76.06999969482422,76.09500122070312,76.09500122070312,17687
2024-03-11 15:43:00-04:00,76.08999633789062,76.08999633789062,76.05000305175781,76.08499908447266,76.08499908447266,14350
2024-03-11 15:44:00-04:00,76.08499908447266,76.08499908447266,76.02999877929688,76.05000305175781,76.05000305175781,19123
2024-03-11 15:45:00-04:00,76.0519027709961,76.06999969482422,76.04000091552734,76.05500030517578,76.05500030517578,20143
2024-03-11 15:46:00-04:00,76.05999755859375,76.08000183105469,75.98999786376953,76.01000213623047,76.01000213623047,40281
2024-03-11 15:47:00-04:00,76.01499938964844,76.0250015258789,76.0,76.00499725341797,76.00499725341797,12465
2024-03-11 15:48:00-04:00,76.0,76.02999877929688,75.98999786376953,75.98999786376953,75.98999786376953,60558
2024-03-11 15:49:00-04:00,75.98999786376953,76.0,75.91999816894531,75.93000030517578,75.93000030517578,24361
2024-03-11 15:50:00-04:00,75.93000030517578,75.95960235595703,75.87999725341797,75.8949966430664,75.8949966430664,47199
2024-03-11 15:51:00-04:00,75.9000015258789,75.95999908447266,75.9000015258789,75.94499969482422,75.94499969482422,39032
2024-03-11 15:52:00-04:00,75.93250274658203,76.0,75.91999816894531,75.93000030517578,75.93000030517578,63775
2024-03-11 15:53:00-04:00,75.93000030517578,75.93499755859375,75.87999725341797,75.87999725341797,75.87999725341797,36533
2024-03-11 15:54:00-04:00,75.87999725341797,75.88999938964844,75.83999633789062,75.86000061035156,75.86000061035156,41025
2024-03-11 15:55:00-04:00,75.86499786376953,75.8949966430664,75.80000305175781,75.8550033569336,75.8550033569336,55096
2024-03-11 15:56:00-04:00,75.8499984741211,75.87989807128906,75.8499984741211,75.875,75.875,75953
2024-03-11 15:57:00-04:00,75.875,75.94000244140625,75.875,75.94000244140625,75.94000244140625,86260
2024-03-11 15:58:00-04:00,75.94000244140625,75.94000244140625,75.91000366210938,75.92500305175781,75.92500305175781,70381
2024-03-11 15:59:00-04:00,75.92500305175781,75.94999694824219,75.87999725341797,75.93000030517578,75.93000030517578,158509
