Date,Open,High,Low,Close,Adj Close,Volume
2024-06-03 09:30:00-04:00,95.94000244140625,96.1500015258789,95.80999755859375,95.80999755859375,95.80999755859375,43385
2024-06-03 09:31:00-04:00,95.82499694824219,95.87999725341797,95.76499938964844,95.76499938964844,95.76499938964844,1309
2024-06-03 09:32:00-04:00,95.76499938964844,95.83499908447266,95.45269775390625,95.83499908447266,95.83499908447266,4025
2024-06-03 09:33:00-04:00,95.81999969482422,95.83499908447266,95.81999969482422,95.83499908447266,95.83499908447266,2557
2024-06-03 09:34:00-04:00,95.83000183105469,95.83000183105469,95.62000274658203,95.62999725341797,95.62999725341797,4427
2024-06-03 09:35:00-04:00,95.80000305175781,95.80000305175781,95.80000305175781,95.80000305175781,95.80000305175781,356
2024-06-03 09:36:00-04:00,95.69000244140625,95.86000061035156,95.69000244140625,95.8499984741211,95.8499984741211,4637
2024-06-03 09:37:00-04:00,95.84750366210938,95.86000061035156,95.70320129394531,95.70320129394531,95.70320129394531,3314
2024-06-03 09:38:00-04:00,95.76000213623047,95.9000015258789,95.76000213623047,95.9000015258789,95.9000015258789,1416
2024-06-03 09:39:00-04:00,95.9000015258789,95.91000366210938,95.79000091552734,95.79000091552734,95.79000091552734,3204
2024-06-03 09:40:00-04:00,95.75499725341797,95.75499725341797,95.75499725341797,95.75499725341797,95.75499725341797,330
2024-06-03 09:41:00-04:00,95.68000030517578,95.75,95.5,95.6500015258789,95.6500015258789,4753
2024-06-03 09:42:00-04:00,95.58999633789062,95.68000030517578,95.55999755859375,95.68000030517578,95.68000030517578,1530
2024-06-03 09:43:00-04:00,95.68000030517578,95.7300033569336,95.68000030517578,95.69999694824219,95.69999694824219,5139
2024-06-03 09:44:00-04:00,95.72000122070312,95.72000122070312,95.55000305175781,95.72000122070312,95.72000122070312,4176
2024-06-03 09:45:00-04:00,95.7249984741211,95.7249984741211,95.5999984741211,95.5999984741211,95.5999984741211,1489
2024-06-03 09:46:00-04:00,95.7300033569336,95.75,95.7300033569336,95.75,95.75,811
2024-06-03 09:47:00-04:00,95.71499633789062,95.72000122070312,95.66999816894531,95.66999816894531,95.66999816894531,1315
2024-06-03 09:48:00-04:00,95.7300033569336,95.91999816894531,95.7300033569336,95.91999816894531,95.91999816894531,3499
2024-06-03 09:49:00-04:00,95.9000015258789,95.94000244140625,95.8499984741211,95.9000015258789,95.9000015258789,3659
2024-06-03 09:50:00-04:00,95.9000015258789,96.0,95.87999725341797,96.0,96.0,3536
2024-06-03 09:51:00-04:00,96.0,96.0199966430664,95.96499633789062,96.0,96.0,1263
2024-06-03 09:52:00-04:00,96.0,96.05500030517578,96.0,96.05500030517578,96.05500030517578,6336
2024-06-03 09:53:00-04:00,96.0,96.05500030517578,95.94000244140625,95.94000244140625,95.94000244140625,4753
2024-06-03 09:54:00-04:00,96.0,96.0,96.0,96.0,96.0,526
2024-06-03 09:55:00-04:00,95.94000244140625,95.95999908447266,95.94000244140625,95.95999908447266,95.95999908447266,1531
2024-06-03 09:56:00-04:00,95.95999908447266,95.95999908447266,95.9000015258789,95.9000015258789,95.9000015258789,430
2024-06-03 09:57:00-04:00,95.95999908447266,95.95999908447266,95.76000213623047,95.80999755859375,95.80999755859375,6201
2024-06-03 10:00:00-04:00,95.87000274658203,95.98999786376953,95.86000061035156,95.87000274658203,95.87000274658203,3553
2024-06-03 10:01:00-04:00,95.84500122070312,95.84500122070312,95.83499908447266,95.83499908447266,95.83499908447266,1212
2024-06-03 10:03:00-04:00,95.91000366210938,95.91000366210938,95.91000366210938,95.91000366210938,95.91000366210938,375
2024-06-03 10:04:00-04:00,95.9000015258789,95.9000015258789,95.75,95.83999633789062,95.83999633789062,1794
2024-06-03 10:06:00-04:00,95.80000305175781,95.80000305175781,95.80000305175781,95.80000305175781,95.80000305175781,140
2024-06-03 10:07:00-04:00,95.80000305175781,95.9000015258789,95.80000305175781,95.9000015258789,95.9000015258789,2952
2024-06-03 10:08:00-04:00,95.9000015258789,95.9000015258789,95.83999633789062,95.83999633789062,95.83999633789062,1385
2024-06-03 10:09:00-04:00,95.91000366210938,95.91000366210938,95.80999755859375,95.8499984741211,95.8499984741211,1345
2024-06-03 10:11:00-04:00,95.9000015258789,95.9000015258789,95.88999938964844,95.88999938964844,95.88999938964844,932
2024-06-03 10:12:00-04:00,95.88999938964844,95.88999938964844,95.88999938964844,95.88999938964844,95.88999938964844,720
2024-06-03 10:15:00-04:00,95.88999938964844,95.9000015258789,95.88999938964844,95.9000015258789,95.9000015258789,1181
2024-06-03 10:16:00-04:00,95.9000015258789,95.9000015258789,95.80999755859375,95.83000183105469,95.83000183105469,2383
2024-06-03 10:17:00-04:00,95.9000015258789,95.9000015258789,95.9000015258789,95.9000015258789,95.9000015258789,767
2024-06-03 10:18:00-04:00,95.91000366210938,95.91000366210938,95.91000366210938,95.91000366210938,95.91000366210938,157
2024-06-03 10:19:00-04:00,95.9000015258789,95.9000015258789,95.83999633789062,95.83999633789062,95.83999633789062,1617
2024-06-03 10:20:00-04:00,95.77999877929688,95.81999969482422,95.71499633789062,95.71499633789062,95.71499633789062,4440
2024-06-03 10:21:00-04:00,95.7300033569336,95.7300033569336,95.62000274658203,95.62000274658203,95.62000274658203,1446
2024-06-03 10:22:00-04:00,95.5999984741211,95.5999984741211,95.57499694824219,95.58000183105469,95.58000183105469,1313
2024-06-03 10:23:00-04:00,95.59500122070312,95.59500122070312,95.59500122070312,95.59500122070312,95.59500122070312,111
2024-06-03 10:24:00-04:00,95.58000183105469,95.58000183105469,95.54000091552734,95.54000091552734,95.54000091552734,2017
2024-06-03 10:29:00-04:00,95.52999877929688,95.58000183105469,95.44000244140625,95.48999786376953,95.48999786376953,5078
2024-06-03 10:30:00-04:00,95.48999786376953,95.48999786376953,95.45999908447266,95.48999786376953,95.48999786376953,2316
2024-06-03 10:31:00-04:00,95.44999694824219,95.4749984741211,95.44999694824219,95.4749984741211,95.4749984741211,1025
2024-06-03 10:32:00-04:00,95.4749984741211,95.4800033569336,95.47000122070312,95.47000122070312,95.47000122070312,2106
2024-06-03 10:33:00-04:00,95.46549987792969,95.5,95.41999816894531,95.5,95.5,4367
2024-06-03 10:34:00-04:00,95.5,95.5,95.5,95.5,95.5,643
2024-06-03 10:35:00-04:00,95.5,95.5,95.4800033569336,95.48999786376953,95.48999786376953,908
2024-06-03 10:36:00-04:00,95.48999786376953,95.58999633789062,95.40499877929688,95.40499877929688,95.40499877929688,2748
2024-06-03 10:37:00-04:00,95.44000244140625,95.44000244140625,95.44000244140625,95.44000244140625,95.44000244140625,740
2024-06-03 10:38:00-04:00,95.44999694824219,95.44999694824219,95.44000244140625,95.44000244140625,95.44000244140625,906
2024-06-03 10:39:00-04:00,95.44000244140625,95.4800033569336,95.44000244140625,95.4800033569336,95.4800033569336,2653
2024-06-03 10:40:00-04:00,95.44000244140625,95.48999786376953,95.4000015258789,95.48999786376953,95.48999786376953,2299
2024-06-03 10:41:00-04:00,95.49500274658203,95.50499725341797,95.49500274658203,95.50499725341797,95.50499725341797,594
2024-06-03 10:42:00-04:00,95.50499725341797,95.51000213623047,95.41000366210938,95.41000366210938,95.41000366210938,4050
2024-06-03 10:43:00-04:00,95.41999816894531,95.5,95.41999816894531,95.5,95.5,5003
2024-06-03 10:44:00-04:00,95.5,95.72000122070312,95.48999786376953,95.68000030517578,95.68000030517578,3503
2024-06-03 10:45:00-04:00,95.69000244140625,95.69000244140625,95.6500015258789,95.6500015258789,95.6500015258789,1310
2024-06-03 10:46:00-04:00,95.67500305175781,95.7300033569336,95.63500213623047,95.69000244140625,95.69000244140625,11159
2024-06-03 10:47:00-04:00,95.71499633789062,95.7300033569336,95.63999938964844,95.7300033569336,95.7300033569336,8353
2024-06-03 10:48:00-04:00,95.70999908447266,95.7300033569336,95.55999755859375,95.69000244140625,95.69000244140625,4594
2024-06-03 10:49:00-04:00,95.68499755859375,95.90499877929688,95.68499755859375,95.88999938964844,95.88999938964844,4478
2024-06-03 10:50:00-04:00,95.88899993896484,96.0,95.80000305175781,96.0,96.0,30044
2024-06-03 10:51:00-04:00,95.94499969482422,95.94499969482422,95.73999786376953,95.73999786376953,95.73999786376953,6503
2024-06-03 10:53:00-04:00,95.69999694824219,95.72000122070312,95.66999816894531,95.72000122070312,95.72000122070312,2684
2024-06-03 10:54:00-04:00,95.79000091552734,95.8499984741211,95.79000091552734,95.8499984741211,95.8499984741211,1100
2024-06-03 10:56:00-04:00,95.69000244140625,95.69000244140625,95.69000244140625,95.69000244140625,95.69000244140625,326
2024-06-03 10:57:00-04:00,95.7750015258789,95.7750015258789,95.58999633789062,95.61000061035156,95.61000061035156,7239
2024-06-03 10:58:00-04:00,95.66000366210938,95.7300033569336,95.61000061035156,95.61000061035156,95.61000061035156,608
2024-06-03 10:59:00-04:00,95.66999816894531,95.67500305175781,95.5999984741211,95.62999725341797,95.62999725341797,2680
2024-06-03 11:00:00-04:00,95.6449966430664,95.6449966430664,95.38999938964844,95.51000213623047,95.51000213623047,1625
2024-06-03 11:01:00-04:00,95.3499984741211,95.47000122070312,95.3499984741211,95.47000122070312,95.47000122070312,805
2024-06-03 11:02:00-04:00,95.41999816894531,95.41999816894531,95.41999816894531,95.41999816894531,95.41999816894531,175
2024-06-03 11:04:00-04:00,95.38999938964844,95.45999908447266,95.30000305175781,95.30000305175781,95.30000305175781,3507
2024-06-03 11:05:00-04:00,95.31999969482422,95.33499908447266,95.26000213623047,95.26000213623047,95.26000213623047,2881
2024-06-03 11:06:00-04:00,95.23999786376953,95.23999786376953,95.23999786376953,95.23999786376953,95.23999786376953,461
2024-06-03 11:07:00-04:00,95.32499694824219,95.32499694824219,95.25,95.25,95.25,893
2024-06-03 11:08:00-04:00,95.31999969482422,95.44000244140625,95.23999786376953,95.44000244140625,95.44000244140625,4283
2024-06-03 11:09:00-04:00,95.37999725341797,95.45999908447266,95.37999725341797,95.45999908447266,95.45999908447266,740
2024-06-03 11:10:00-04:00,95.44000244140625,95.44000244140625,95.37000274658203,95.37000274658203,95.37000274658203,683
2024-06-03 11:11:00-04:00,95.44000244140625,95.44000244140625,95.44000244140625,95.44000244140625,95.44000244140625,550
2024-06-03 11:12:00-04:00,95.44000244140625,95.44000244140625,95.36000061035156,95.36499786376953,95.36499786376953,1910
2024-06-03 11:13:00-04:00,95.37999725341797,95.44000244140625,95.37999725341797,95.44000244140625,95.44000244140625,670
2024-06-03 11:14:00-04:00,95.44000244140625,95.4800033569336,95.29000091552734,95.44000244140625,95.44000244140625,1830
2024-06-03 11:15:00-04:00,95.44000244140625,95.44000244140625,95.44000244140625,95.44000244140625,95.44000244140625,230
2024-06-03 11:16:00-04:00,95.44000244140625,95.44000244140625,95.27999877929688,95.44000244140625,95.44000244140625,687
2024-06-03 11:17:00-04:00,95.37000274658203,95.44000244140625,95.27999877929688,95.27999877929688,95.27999877929688,717
2024-06-03 11:18:00-04:00,95.37000274658203,95.43000030517578,95.30999755859375,95.43000030517578,95.43000030517578,515
2024-06-03 11:19:00-04:00,95.31999969482422,95.44000244140625,95.30000305175781,95.37000274658203,95.37000274658203,715
2024-06-03 11:20:00-04:00,95.3499984741211,95.3499984741211,95.3499984741211,95.3499984741211,95.3499984741211,330
2024-06-03 11:21:00-04:00,95.44000244140625,95.44000244140625,95.30000305175781,95.30000305175781,95.30000305175781,1520
2024-06-03 11:22:00-04:00,95.27999877929688,95.31999969482422,95.2300033569336,95.30000305175781,95.30000305175781,4840
2024-06-03 11:23:00-04:00,95.27999877929688,95.31999969482422,95.27269744873047,95.31999969482422,95.31999969482422,598
2024-06-03 11:24:00-04:00,95.23999786376953,95.23999786376953,95.19000244140625,95.22000122070312,95.22000122070312,2963
2024-06-03 11:25:00-04:00,95.16999816894531,95.23999786376953,95.13999938964844,95.18499755859375,95.18499755859375,1467
2024-06-03 11:26:00-04:00,95.19499969482422,95.19499969482422,95.19499969482422,95.19499969482422,95.19499969482422,202
2024-06-03 11:27:00-04:00,95.23999786376953,95.33999633789062,95.23999786376953,95.33999633789062,95.33999633789062,3566
2024-06-03 11:28:00-04:00,95.27999877929688,95.33999633789062,95.27999877929688,95.33999633789062,95.33999633789062,1282
2024-06-03 11:29:00-04:00,95.44000244140625,95.47000122070312,95.44000244140625,95.45500183105469,95.45500183105469,485
2024-06-03 11:30:00-04:00,95.44000244140625,95.44000244140625,95.44000244140625,95.44000244140625,95.44000244140625,971
2024-06-03 11:31:00-04:00,95.37000274658203,95.37000274658203,95.37000274658203,95.37000274658203,95.37000274658203,236
2024-06-03 11:32:00-04:00,95.36000061035156,95.36000061035156,95.36000061035156,95.36000061035156,95.36000061035156,1102
2024-06-03 11:33:00-04:00,95.44000244140625,95.44000244140625,95.44000244140625,95.44000244140625,95.44000244140625,660
2024-06-03 11:34:00-04:00,95.44000244140625,95.55999755859375,95.44000244140625,95.55999755859375,95.55999755859375,3282
2024-06-03 11:35:00-04:00,95.55999755859375,95.56999969482422,95.5,95.5,95.5,468
2024-06-03 11:36:00-04:00,95.62000274658203,95.62000274658203,95.56999969482422,95.58000183105469,95.58000183105469,755
2024-06-03 11:37:00-04:00,95.58999633789062,95.5999984741211,95.58000183105469,95.5999984741211,95.5999984741211,1059
2024-06-03 11:38:00-04:00,95.55500030517578,95.55500030517578,95.4800033569336,95.5250015258789,95.5250015258789,5117
2024-06-03 11:39:00-04:00,95.5250015258789,95.5250015258789,95.4843978881836,95.4843978881836,95.4843978881836,708
2024-06-03 11:40:00-04:00,95.5250015258789,95.5250015258789,95.38999938964844,95.41999816894531,95.41999816894531,3619
2024-06-03 11:41:00-04:00,95.37999725341797,95.37999725341797,95.30999755859375,95.30999755859375,95.30999755859375,1962
2024-06-03 11:42:00-04:00,95.30999755859375,95.32499694824219,95.30999755859375,95.32499694824219,95.32499694824219,638
2024-06-03 11:44:00-04:00,95.36000061035156,95.4000015258789,95.30999755859375,95.4000015258789,95.4000015258789,2296
2024-06-03 11:45:00-04:00,95.41000366210938,95.41999816894531,95.41000366210938,95.41999816894531,95.41999816894531,1508
2024-06-03 11:47:00-04:00,95.44000244140625,95.44000244140625,95.44000244140625,95.44000244140625,95.44000244140625,781
2024-06-03 11:49:00-04:00,95.44000244140625,95.44000244140625,95.41500091552734,95.41500091552734,95.41500091552734,609
2024-06-03 11:50:00-04:00,95.3499984741211,95.37999725341797,95.30999755859375,95.37999725341797,95.37999725341797,2992
2024-06-03 11:51:00-04:00,95.3416976928711,95.3416976928711,95.30999755859375,95.30999755859375,95.30999755859375,537
2024-06-03 11:52:00-04:00,95.37999725341797,95.37999725341797,95.34500122070312,95.34500122070312,95.34500122070312,473
2024-06-03 11:53:00-04:00,95.37000274658203,95.37999725341797,95.25,95.2699966430664,95.2699966430664,4047
2024-06-03 11:54:00-04:00,95.2300033569336,95.2300033569336,95.19000244140625,95.19000244140625,95.19000244140625,617
2024-06-03 11:55:00-04:00,95.27999877929688,95.27999877929688,95.27999877929688,95.27999877929688,95.27999877929688,1417
2024-06-03 11:56:00-04:00,95.30999755859375,95.30999755859375,95.30999755859375,95.30999755859375,95.30999755859375,104
2024-06-03 11:57:00-04:00,95.30999755859375,95.44000244140625,95.29000091552734,95.44000244140625,95.44000244140625,2211
2024-06-03 12:02:00-04:00,95.44000244140625,95.44000244140625,95.44000244140625,95.44000244140625,95.44000244140625,455
2024-06-03 12:03:00-04:00,95.44000244140625,95.44000244140625,95.44000244140625,95.44000244140625,95.44000244140625,120
2024-06-03 12:04:00-04:00,95.44000244140625,95.44000244140625,95.44000244140625,95.44000244140625,95.44000244140625,806
2024-06-03 12:05:00-04:00,95.36000061035156,95.43000030517578,95.33999633789062,95.33999633789062,95.33999633789062,1563
2024-06-03 12:06:00-04:00,95.3499984741211,95.3499984741211,95.29000091552734,95.3499984741211,95.3499984741211,2445
2024-06-03 12:07:00-04:00,95.31999969482422,95.31999969482422,95.31999969482422,95.31999969482422,95.31999969482422,116
2024-06-03 12:08:00-04:00,95.30999755859375,95.30999755859375,95.30000305175781,95.30000305175781,95.30000305175781,1198
2024-06-03 12:09:00-04:00,95.2699966430664,95.2699966430664,95.09500122070312,95.09500122070312,95.09500122070312,4142
2024-06-03 12:10:00-04:00,95.18000030517578,95.18000030517578,95.0999984741211,95.12000274658203,95.12000274658203,2809
2024-06-03 12:12:00-04:00,95.18000030517578,95.18000030517578,95.0999984741211,95.0999984741211,95.0999984741211,2054
2024-06-03 12:13:00-04:00,95.18000030517578,95.18000030517578,95.12000274658203,95.16840362548828,95.16840362548828,1922
2024-06-03 12:14:00-04:00,95.0999984741211,95.0999984741211,95.08999633789062,95.08999633789062,95.08999633789062,1973
2024-06-03 12:15:00-04:00,95.1500015258789,95.19999694824219,95.11000061035156,95.16999816894531,95.16999816894531,2439
2024-06-03 12:17:00-04:00,95.16999816894531,95.16999816894531,95.1500015258789,95.16999816894531,95.16999816894531,418
2024-06-03 12:19:00-04:00,95.11000061035156,95.11000061035156,95.04000091552734,95.04000091552734,95.04000091552734,2136
2024-06-03 12:20:00-04:00,95.02999877929688,95.05999755859375,95.02999877929688,95.05999755859375,95.05999755859375,1023
2024-06-03 12:21:00-04:00,95.0199966430664,95.0199966430664,94.94000244140625,94.98999786376953,94.98999786376953,2744
2024-06-03 12:22:00-04:00,94.93499755859375,94.93499755859375,94.93499755859375,94.93499755859375,94.93499755859375,248
2024-06-03 12:23:00-04:00,94.91000366210938,95.02999877929688,94.91000366210938,94.98999786376953,94.98999786376953,1310
2024-06-03 12:24:00-04:00,95.06990051269531,95.06990051269531,95.01499938964844,95.01499938964844,95.01499938964844,227
2024-06-03 12:25:00-04:00,95.01499938964844,95.01499938964844,95.01499938964844,95.01499938964844,95.01499938964844,1295
2024-06-03 12:27:00-04:00,95.0,95.06999969482422,95.0,95.06999969482422,95.06999969482422,369
2024-06-03 12:28:00-04:00,95.02999877929688,95.02999877929688,95.02999877929688,95.02999877929688,95.02999877929688,210
2024-06-03 12:29:00-04:00,95.08999633789062,95.08999633789062,95.03500366210938,95.03500366210938,95.03500366210938,644
2024-06-03 12:30:00-04:00,95.08999633789062,95.0999984741211,95.0199966430664,95.0999984741211,95.0999984741211,883
2024-06-03 12:32:00-04:00,95.0,95.0,94.9800033569336,94.98999786376953,94.98999786376953,827
2024-06-03 12:33:00-04:00,95.0999984741211,95.0999984741211,95.04000091552734,95.08999633789062,95.08999633789062,886
2024-06-03 12:34:00-04:00,94.98999786376953,95.0103988647461,94.9800033569336,95.0103988647461,95.0103988647461,1621
2024-06-03 12:35:00-04:00,95.05000305175781,95.11000061035156,95.05000305175781,95.11000061035156,95.11000061035156,3368
2024-06-03 12:36:00-04:00,95.19999694824219,95.30000305175781,95.19999694824219,95.2750015258789,95.2750015258789,2814
2024-06-03 12:37:00-04:00,95.29000091552734,95.29000091552734,95.2300033569336,95.26000213623047,95.26000213623047,1117
2024-06-03 12:38:00-04:00,95.29000091552734,95.29000091552734,95.2301025390625,95.26000213623047,95.26000213623047,1297
2024-06-03 12:39:00-04:00,95.26000213623047,95.2699966430664,95.26000213623047,95.2699966430664,95.2699966430664,413
2024-06-03 12:40:00-04:00,95.30999755859375,95.30999755859375,95.2300033569336,95.2300033569336,95.2300033569336,916
2024-06-03 12:41:00-04:00,95.2699966430664,95.2699966430664,95.2699966430664,95.2699966430664,95.2699966430664,680
2024-06-03 12:42:00-04:00,95.2300033569336,95.2699966430664,95.2300033569336,95.2699966430664,95.2699966430664,214
2024-06-03 12:43:00-04:00,95.2699966430664,95.30000305175781,95.22000122070312,95.2300033569336,95.2300033569336,2967
2024-06-03 12:44:00-04:00,95.26000213623047,95.26000213623047,95.25499725341797,95.26000213623047,95.26000213623047,1084
2024-06-03 12:46:00-04:00,95.26000213623047,95.26000213623047,95.26000213623047,95.26000213623047,95.26000213623047,314
2024-06-03 12:47:00-04:00,95.26000213623047,95.2750015258789,95.26000213623047,95.2750015258789,95.2750015258789,413
2024-06-03 12:48:00-04:00,95.26000213623047,95.26000213623047,95.26000213623047,95.26000213623047,95.26000213623047,816
2024-06-03 12:50:00-04:00,95.30999755859375,95.44000244140625,95.30000305175781,95.44000244140625,95.44000244140625,1922
2024-06-03 12:51:00-04:00,95.48999786376953,95.48999786376953,95.43000030517578,95.43000030517578,95.43000030517578,655
2024-06-03 12:52:00-04:00,95.36000061035156,95.38999938964844,95.3499984741211,95.36499786376953,95.36499786376953,3026
2024-06-03 12:53:00-04:00,95.33999633789062,95.3949966430664,95.30999755859375,95.36000061035156,95.36000061035156,4232
2024-06-03 12:54:00-04:00,95.43499755859375,95.43499755859375,95.43000030517578,95.43000030517578,95.43000030517578,662
2024-06-03 12:55:00-04:00,95.37000274658203,95.42500305175781,95.37000274658203,95.42500305175781,95.42500305175781,222
2024-06-03 12:56:00-04:00,95.41999816894531,95.41999816894531,95.41999816894531,95.41999816894531,95.41999816894531,457
2024-06-03 12:59:00-04:00,95.36000061035156,95.45500183105469,95.36000061035156,95.45500183105469,95.45500183105469,956
2024-06-03 13:00:00-04:00,95.37000274658203,95.37000274658203,95.36000061035156,95.36000061035156,95.36000061035156,1652
2024-06-03 13:01:00-04:00,95.36000061035156,95.36000061035156,95.30999755859375,95.30999755859375,95.30999755859375,1778
2024-06-03 13:02:00-04:00,95.30999755859375,95.33000183105469,95.30999755859375,95.33000183105469,95.33000183105469,661
2024-06-03 13:03:00-04:00,95.33000183105469,95.33000183105469,95.33000183105469,95.33000183105469,95.33000183105469,587
2024-06-03 13:05:00-04:00,95.32499694824219,95.37999725341797,95.32499694824219,95.36499786376953,95.36499786376953,1565
2024-06-03 13:06:00-04:00,95.36499786376953,95.36499786376953,95.36499786376953,95.36499786376953,95.36499786376953,176
2024-06-03 13:07:00-04:00,95.33000183105469,95.36000061035156,95.33000183105469,95.36000061035156,95.36000061035156,419
2024-06-03 13:08:00-04:00,95.36000061035156,95.38999938964844,95.36000061035156,95.36499786376953,95.36499786376953,1216
2024-06-03 13:09:00-04:00,95.36000061035156,95.36000061035156,95.19000244140625,95.19000244140625,95.19000244140625,4337
2024-06-03 13:10:00-04:00,95.16999816894531,95.16999816894531,95.13999938964844,95.13999938964844,95.13999938964844,656
2024-06-03 13:11:00-04:00,95.11000061035156,95.16000366210938,95.08999633789062,95.12999725341797,95.12999725341797,5829
2024-06-03 13:12:00-04:00,95.12999725341797,95.26000213623047,95.12000274658203,95.26000213623047,95.26000213623047,3361
2024-06-03 13:13:00-04:00,95.19000244140625,95.19000244140625,95.19000244140625,95.19000244140625,95.19000244140625,115
2024-06-03 13:14:00-04:00,95.27999877929688,95.30500030517578,95.27999877929688,95.30500030517578,95.30500030517578,760
2024-06-03 13:16:00-04:00,95.25499725341797,95.30500030517578,95.20010375976562,95.26000213623047,95.26000213623047,11263
2024-06-03 13:17:00-04:00,95.26000213623047,95.26000213623047,95.16000366210938,95.16000366210938,95.16000366210938,2518
2024-06-03 13:18:00-04:00,95.19999694824219,95.19999694824219,95.19999694824219,95.19999694824219,95.19999694824219,2641
2024-06-03 13:19:00-04:00,95.19999694824219,95.19999694824219,95.16999816894531,95.16999816894531,95.16999816894531,308
2024-06-03 13:20:00-04:00,95.19999694824219,95.19999694824219,95.19999694824219,95.19999694824219,95.19999694824219,719
2024-06-03 13:21:00-04:00,95.18000030517578,95.19999694824219,95.16999816894531,95.19999694824219,95.19999694824219,1002
2024-06-03 13:22:00-04:00,95.22000122070312,95.22000122070312,95.16000366210938,95.16000366210938,95.16000366210938,1890
2024-06-03 13:23:00-04:00,95.16000366210938,95.16000366210938,95.16000366210938,95.16000366210938,95.16000366210938,866
2024-06-03 13:24:00-04:00,95.16000366210938,95.16000366210938,95.16000366210938,95.16000366210938,95.16000366210938,521
2024-06-03 13:25:00-04:00,95.18000030517578,95.18000030517578,95.12000274658203,95.1500015258789,95.1500015258789,1725
2024-06-03 13:26:00-04:00,95.16000366210938,95.16000366210938,95.16000366210938,95.16000366210938,95.16000366210938,670
2024-06-03 13:27:00-04:00,95.19999694824219,95.30000305175781,95.19999694824219,95.30000305175781,95.30000305175781,2245
2024-06-03 13:28:00-04:00,95.30000305175781,95.43000030517578,95.30000305175781,95.43000030517578,95.43000030517578,6923
2024-06-03 13:29:00-04:00,95.44000244140625,95.45999908447266,95.4000015258789,95.45999908447266,95.45999908447266,2618
2024-06-03 13:30:00-04:00,95.4749984741211,95.4800033569336,95.45999908447266,95.4800033569336,95.4800033569336,1056
2024-06-03 13:31:00-04:00,95.4749984741211,95.48500061035156,95.4749984741211,95.48500061035156,95.48500061035156,725
2024-06-03 13:32:00-04:00,95.48500061035156,95.48500061035156,95.43000030517578,95.45500183105469,95.45500183105469,819
2024-06-03 13:33:00-04:00,95.45500183105469,95.46749877929688,95.45500183105469,95.46749877929688,95.46749877929688,2219
2024-06-03 13:34:00-04:00,95.44999694824219,95.45500183105469,95.43000030517578,95.43000030517578,95.43000030517578,1727
2024-06-03 13:35:00-04:00,95.41999816894531,95.44000244140625,95.41999816894531,95.42500305175781,95.42500305175781,2362
2024-06-03 13:36:00-04:00,95.45500183105469,95.48999786376953,95.45500183105469,95.4800033569336,95.4800033569336,1833
2024-06-03 13:37:00-04:00,95.4800033569336,95.4800033569336,95.4800033569336,95.4800033569336,95.4800033569336,1155
2024-06-03 13:39:00-04:00,95.49500274658203,95.49500274658203,95.44000244140625,95.4800033569336,95.4800033569336,1561
2024-06-03 13:40:00-04:00,95.44100189208984,95.48999786376953,95.44000244140625,95.48999786376953,95.48999786376953,3611
2024-06-03 13:41:00-04:00,95.48500061035156,95.48500061035156,95.48500061035156,95.48500061035156,95.48500061035156,122
2024-06-03 13:42:00-04:00,95.48999786376953,95.5,95.48999786376953,95.5,95.5,1623
2024-06-03 13:43:00-04:00,95.5,95.5,95.4800033569336,95.4800033569336,95.4800033569336,796
2024-06-03 13:44:00-04:00,95.45999908447266,95.4800033569336,95.41000366210938,95.41000366210938,95.41000366210938,4634
2024-06-03 13:45:00-04:00,95.41999816894531,95.41999816894531,95.41999816894531,95.41999816894531,95.41999816894531,585
2024-06-03 13:46:00-04:00,95.41999816894531,95.42500305175781,95.40010070800781,95.42500305175781,95.42500305175781,994
2024-06-03 13:47:00-04:00,95.42500305175781,95.44000244140625,95.42500305175781,95.42500305175781,95.42500305175781,1527
2024-06-03 13:48:00-04:00,95.43000030517578,95.43000030517578,95.4000015258789,95.4000015258789,95.4000015258789,1487
2024-06-03 13:49:00-04:00,95.4000015258789,95.4000015258789,95.4000015258789,95.4000015258789,95.4000015258789,867
2024-06-03 13:50:00-04:00,95.43000030517578,95.48999786376953,95.41999816894531,95.48999786376953,95.48999786376953,5232
2024-06-03 13:51:00-04:00,95.48999786376953,95.61000061035156,95.4800033569336,95.61000061035156,95.61000061035156,7673
2024-06-03 13:52:00-04:00,95.66000366210938,95.66000366210938,95.66000366210938,95.66000366210938,95.66000366210938,236
2024-06-03 13:53:00-04:00,95.67500305175781,95.7300033569336,95.67500305175781,95.7300033569336,95.7300033569336,835
2024-06-03 13:54:00-04:00,95.7300033569336,95.7300033569336,95.7300033569336,95.7300033569336,95.7300033569336,766
2024-06-03 13:55:00-04:00,95.77999877929688,95.8311996459961,95.72000122070312,95.73999786376953,95.73999786376953,5971
2024-06-03 13:56:00-04:00,95.80000305175781,95.80000305175781,95.73999786376953,95.7750015258789,95.7750015258789,2992
2024-06-03 13:57:00-04:00,95.77999877929688,95.80000305175781,95.7300033569336,95.79000091552734,95.79000091552734,3677
2024-06-03 13:58:00-04:00,95.73999786376953,95.77999877929688,95.73999786376953,95.76000213623047,95.76000213623047,3045
2024-06-03 13:59:00-04:00,95.7300033569336,95.75,95.7300033569336,95.75,95.75,446
2024-06-03 14:00:00-04:00,95.75499725341797,95.75499725341797,95.72000122070312,95.7300033569336,95.7300033569336,3717
2024-06-03 14:01:00-04:00,95.7300033569336,95.73500061035156,95.69999694824219,95.71499633789062,95.71499633789062,3088
2024-06-03 14:02:00-04:00,95.69000244140625,95.72000122070312,95.69000244140625,95.70500183105469,95.70500183105469,1126
2024-06-03 14:03:00-04:00,95.70500183105469,95.71499633789062,95.70500183105469,95.70999908447266,95.70999908447266,1901
2024-06-03 14:04:00-04:00,95.70999908447266,95.7300033569336,95.69999694824219,95.7249984741211,95.7249984741211,8256
2024-06-03 14:05:00-04:00,95.73999786376953,95.83000183105469,95.72000122070312,95.83000183105469,95.83000183105469,4098
2024-06-03 14:06:00-04:00,95.83499908447266,95.83499908447266,95.80000305175781,95.80500030517578,95.80500030517578,3655
2024-06-03 14:07:00-04:00,95.83499908447266,95.8499984741211,95.83000183105469,95.84500122070312,95.84500122070312,2225
2024-06-03 14:08:00-04:00,95.8499984741211,95.8499984741211,95.80999755859375,95.83999633789062,95.83999633789062,2394
2024-06-03 14:09:00-04:00,95.84500122070312,95.8499984741211,95.83999633789062,95.8499984741211,95.8499984741211,3871
2024-06-03 14:10:00-04:00,95.84500122070312,95.94999694824219,95.83000183105469,95.94999694824219,95.94999694824219,8244
2024-06-03 14:11:00-04:00,95.94499969482422,95.94499969482422,95.94499969482422,95.94499969482422,95.94499969482422,701
2024-06-03 14:12:00-04:00,95.95500183105469,95.95500183105469,95.91999816894531,95.93000030517578,95.93000030517578,3558
2024-06-03 14:13:00-04:00,95.93000030517578,95.94000244140625,95.91999816894531,95.94000244140625,95.94000244140625,2094
2024-06-03 14:14:00-04:00,95.93000030517578,95.93000030517578,95.81999969482422,95.83000183105469,95.83000183105469,8878
2024-06-03 14:16:00-04:00,95.8499984741211,95.86000061035156,95.83499908447266,95.86000061035156,95.86000061035156,1478
2024-06-03 14:17:00-04:00,95.90499877929688,95.90499877929688,95.90499877929688,95.90499877929688,95.90499877929688,763
2024-06-03 14:18:00-04:00,95.90499877929688,95.90499877929688,95.90499877929688,95.90499877929688,95.90499877929688,396
2024-06-03 14:19:00-04:00,95.90499877929688,95.92749786376953,95.90499877929688,95.90499877929688,95.90499877929688,685
2024-06-03 14:20:00-04:00,95.93499755859375,95.94779968261719,95.93499755859375,95.93499755859375,95.93499755859375,1355
2024-06-03 14:21:00-04:00,95.92500305175781,95.92500305175781,95.91000366210938,95.91000366210938,95.91000366210938,1481
2024-06-03 14:22:00-04:00,95.91000366210938,95.94000244140625,95.91000366210938,95.93000030517578,95.93000030517578,2308
2024-06-03 14:23:00-04:00,95.91000366210938,96.04000091552734,95.91000366210938,96.04000091552734,96.04000091552734,2654
2024-06-03 14:24:00-04:00,96.05500030517578,96.0625,96.03500366210938,96.04000091552734,96.04000091552734,1047
2024-06-03 14:25:00-04:00,96.03500366210938,96.05999755859375,95.98999786376953,95.98999786376953,95.98999786376953,10261
2024-06-03 14:26:00-04:00,96.00499725341797,96.00499725341797,96.0,96.0,96.0,709
2024-06-03 14:27:00-04:00,95.9800033569336,95.9800033569336,95.95500183105469,95.95999908447266,95.95999908447266,1913
2024-06-03 14:28:00-04:00,95.95999908447266,95.95999908447266,95.92500305175781,95.92500305175781,95.92500305175781,1734
2024-06-03 14:29:00-04:00,95.92500305175781,95.92500305175781,95.91000366210938,95.91000366210938,95.91000366210938,728
2024-06-03 14:30:00-04:00,95.92500305175781,95.92500305175781,95.9000015258789,95.92500305175781,95.92500305175781,2786
2024-06-03 14:31:00-04:00,95.92500305175781,95.93000030517578,95.92500305175781,95.93000030517578,95.93000030517578,812
2024-06-03 14:32:00-04:00,95.93000030517578,95.93000030517578,95.93000030517578,95.93000030517578,95.93000030517578,2927
2024-06-03 14:33:00-04:00,95.91999816894531,95.94499969482422,95.91999816894531,95.94499969482422,95.94499969482422,880
2024-06-03 14:34:00-04:00,95.94000244140625,95.94000244140625,95.91000366210938,95.94000244140625,95.94000244140625,640
2024-06-03 14:35:00-04:00,95.94999694824219,95.94999694824219,95.94999694824219,95.94999694824219,95.94999694824219,228
2024-06-03 14:36:00-04:00,95.96499633789062,95.96749877929688,95.95500183105469,95.96749877929688,95.96749877929688,822
2024-06-03 14:37:00-04:00,95.95999908447266,95.95999908447266,95.92500305175781,95.92500305175781,95.92500305175781,4172
2024-06-03 14:38:00-04:00,95.92500305175781,95.92500305175781,95.91000366210938,95.92500305175781,95.92500305175781,2401
2024-06-03 14:39:00-04:00,95.91999816894531,95.93000030517578,95.88999938964844,95.88999938964844,95.88999938964844,5602
2024-06-03 14:40:00-04:00,95.87999725341797,95.90499877929688,95.87999725341797,95.90499877929688,95.90499877929688,3318
2024-06-03 14:41:00-04:00,95.88999938964844,95.88999938964844,95.875,95.88500213623047,95.88500213623047,4445
2024-06-03 14:42:00-04:00,95.88500213623047,95.8949966430664,95.81999969482422,95.81999969482422,95.81999969482422,5202
2024-06-03 14:43:00-04:00,95.81999969482422,95.87000274658203,95.81999969482422,95.84500122070312,95.84500122070312,1309
2024-06-03 14:44:00-04:00,95.84500122070312,95.84500122070312,95.83000183105469,95.83999633789062,95.83999633789062,1627
2024-06-03 14:45:00-04:00,95.83999633789062,95.95999908447266,95.83999633789062,95.93000030517578,95.93000030517578,7878
2024-06-03 14:46:00-04:00,95.94999694824219,95.94999694824219,95.94999694824219,95.94999694824219,95.94999694824219,689
2024-06-03 14:47:00-04:00,95.95500183105469,95.95999908447266,95.95500183105469,95.95999908447266,95.95999908447266,826
2024-06-03 14:48:00-04:00,95.95999908447266,95.97000122070312,95.95999908447266,95.96499633789062,95.96499633789062,1389
2024-06-03 14:49:00-04:00,95.96499633789062,95.96499633789062,95.96499633789062,95.96499633789062,95.96499633789062,339
2024-06-03 14:50:00-04:00,95.96499633789062,95.97000122070312,95.94000244140625,95.94499969482422,95.94499969482422,2487
2024-06-03 14:51:00-04:00,95.93000030517578,95.94999694824219,95.93000030517578,95.94999694824219,95.94999694824219,2219
2024-06-03 14:52:00-04:00,95.94000244140625,95.94999694824219,95.94000244140625,95.94499969482422,95.94499969482422,2748
2024-06-03 14:53:00-04:00,95.94000244140625,95.94000244140625,95.91000366210938,95.91000366210938,95.91000366210938,3525
2024-06-03 14:54:00-04:00,95.93000030517578,95.93000030517578,95.92430114746094,95.92430114746094,95.92430114746094,864
2024-06-03 14:55:00-04:00,95.93499755859375,95.93499755859375,95.91999816894531,95.91999816894531,95.91999816894531,1648
2024-06-03 14:56:00-04:00,95.93000030517578,95.93000030517578,95.88999938964844,95.88999938964844,95.88999938964844,4226
2024-06-03 14:57:00-04:00,95.9000015258789,95.9000015258789,95.9000015258789,95.9000015258789,95.9000015258789,1323
2024-06-03 14:58:00-04:00,95.9000015258789,95.9000015258789,95.9000015258789,95.9000015258789,95.9000015258789,2262
2024-06-03 14:59:00-04:00,95.9000015258789,95.94000244140625,95.9000015258789,95.94000244140625,95.94000244140625,5549
2024-06-03 15:00:00-04:00,95.94000244140625,95.94000244140625,95.91999816894531,95.91999816894531,95.91999816894531,3666
2024-06-03 15:01:00-04:00,95.91500091552734,95.91500091552734,95.91000366210938,95.91500091552734,95.91500091552734,7405
2024-06-03 15:02:00-04:00,95.91000366210938,95.91000366210938,95.88999938964844,95.88999938964844,95.88999938964844,3796
2024-06-03 15:03:00-04:00,95.9000015258789,95.91000366210938,95.87999725341797,95.88500213623047,95.88500213623047,6836
2024-06-03 15:04:00-04:00,95.87999725341797,95.93000030517578,95.83000183105469,95.8499984741211,95.8499984741211,12684
2024-06-03 15:05:00-04:00,95.86000061035156,95.86000061035156,95.80500030517578,95.80500030517578,95.80500030517578,2879
2024-06-03 15:06:00-04:00,95.80999755859375,95.80999755859375,95.80999755859375,95.80999755859375,95.80999755859375,707
2024-06-03 15:07:00-04:00,95.80999755859375,95.86000061035156,95.80999755859375,95.86000061035156,95.86000061035156,1727
2024-06-03 15:08:00-04:00,95.86499786376953,95.88500213623047,95.86499786376953,95.88500213623047,95.88500213623047,2691
2024-06-03 15:09:00-04:00,95.88500213623047,95.88500213623047,95.86000061035156,95.87000274658203,95.87000274658203,3133
2024-06-03 15:10:00-04:00,95.83000183105469,95.83000183105469,95.69999694824219,95.70500183105469,95.70500183105469,5159
2024-06-03 15:11:00-04:00,95.70999908447266,95.71499633789062,95.62999725341797,95.62999725341797,95.62999725341797,4503
2024-06-03 15:12:00-04:00,95.62999725341797,95.62999725341797,95.58999633789062,95.58999633789062,95.58999633789062,1916
2024-06-03 15:13:00-04:00,95.66000366210938,95.7699966430664,95.62999725341797,95.7699966430664,95.7699966430664,3099
2024-06-03 15:14:00-04:00,95.7750015258789,95.7750015258789,95.73999786376953,95.7750015258789,95.7750015258789,809
2024-06-03 15:15:00-04:00,95.7750015258789,95.7750015258789,95.7750015258789,95.7750015258789,95.7750015258789,520
2024-06-03 15:16:00-04:00,95.77999877929688,95.77999877929688,95.73999786376953,95.76499938964844,95.76499938964844,3685
2024-06-03 15:17:00-04:00,95.75499725341797,95.75499725341797,95.75499725341797,95.75499725341797,95.75499725341797,391
2024-06-03 15:18:00-04:00,95.73999786376953,95.73999786376953,95.7300033569336,95.73999786376953,95.73999786376953,1632
2024-06-03 15:19:00-04:00,95.73500061035156,95.76000213623047,95.73500061035156,95.76000213623047,95.76000213623047,1175
2024-06-03 15:20:00-04:00,95.75,95.76000213623047,95.73999786376953,95.75,95.75,1908
2024-06-03 15:21:00-04:00,95.7300033569336,95.75,95.7300033569336,95.75,95.75,1460
2024-06-03 15:22:00-04:00,95.75,95.75,95.7300033569336,95.75,95.75,2787
2024-06-03 15:23:00-04:00,95.74500274658203,95.76000213623047,95.74500274658203,95.75499725341797,95.75499725341797,2153
2024-06-03 15:24:00-04:00,95.77999877929688,95.80000305175781,95.7699966430664,95.79000091552734,95.79000091552734,3015
2024-06-03 15:25:00-04:00,95.7699966430664,95.77999877929688,95.7300033569336,95.75,95.75,3045
2024-06-03 15:26:00-04:00,95.76000213623047,95.76000213623047,95.70999908447266,95.70999908447266,95.70999908447266,5305
2024-06-03 15:27:00-04:00,95.7300033569336,95.73999786376953,95.72000122070312,95.72000122070312,95.72000122070312,1117
2024-06-03 15:28:00-04:00,95.73999786376953,95.75499725341797,95.73999786376953,95.75499725341797,95.75499725341797,1570
2024-06-03 15:29:00-04:00,95.73999786376953,95.73999786376953,95.7300033569336,95.73500061035156,95.73500061035156,1265
2024-06-03 15:30:00-04:00,95.72000122070312,95.72000122070312,95.68000030517578,95.68000030517578,95.68000030517578,3857
2024-06-03 15:31:00-04:00,95.68000030517578,95.72000122070312,95.68000030517578,95.70999908447266,95.70999908447266,2568
2024-06-03 15:32:00-04:00,95.70999908447266,95.73370361328125,95.69999694824219,95.72000122070312,95.72000122070312,2508
2024-06-03 15:33:00-04:00,95.73500061035156,95.73750305175781,95.72000122070312,95.73750305175781,95.73750305175781,1883
2024-06-03 15:34:00-04:00,95.73500061035156,95.73750305175781,95.72000122070312,95.7300033569336,95.7300033569336,2208
2024-06-03 15:35:00-04:00,95.70999908447266,95.72000122070312,95.69999694824219,95.72000122070312,95.72000122070312,2727
2024-06-03 15:36:00-04:00,95.72000122070312,95.7300033569336,95.70999908447266,95.7300033569336,95.7300033569336,762
2024-06-03 15:37:00-04:00,95.7249984741211,95.7249984741211,95.69999694824219,95.7249984741211,95.7249984741211,3411
2024-06-03 15:38:00-04:00,95.7249984741211,95.7249984741211,95.72000122070312,95.7249984741211,95.7249984741211,674
2024-06-03 15:39:00-04:00,95.72000122070312,95.7300033569336,95.69000244140625,95.70999908447266,95.70999908447266,5601
2024-06-03 15:40:00-04:00,95.72000122070312,95.80500030517578,95.70999908447266,95.80000305175781,95.80000305175781,5844
2024-06-03 15:41:00-04:00,95.77999877929688,95.78500366210938,95.7699966430664,95.7699966430664,95.7699966430664,4982
2024-06-03 15:42:00-04:00,95.76029968261719,95.80000305175781,95.76029968261719,95.80000305175781,95.80000305175781,1369
2024-06-03 15:43:00-04:00,95.80000305175781,95.80500030517578,95.77999877929688,95.79000091552734,95.79000091552734,3774
2024-06-03 15:44:00-04:00,95.7699966430664,95.79000091552734,95.76000213623047,95.7699966430664,95.7699966430664,3341
2024-06-03 15:45:00-04:00,95.75,95.75,95.72000122070312,95.72250366210938,95.72250366210938,7123
2024-06-03 15:46:00-04:00,95.72000122070312,95.80999755859375,95.70999908447266,95.80000305175781,95.80000305175781,7182
2024-06-03 15:47:00-04:00,95.7699966430664,95.7699966430664,95.7300033569336,95.76000213623047,95.76000213623047,3236
2024-06-03 15:48:00-04:00,95.7699966430664,95.80999755859375,95.7699966430664,95.79499816894531,95.79499816894531,2673
2024-06-03 15:49:00-04:00,95.77999877929688,95.80000305175781,95.77999877929688,95.80000305175781,95.80000305175781,4341
2024-06-03 15:50:00-04:00,95.80000305175781,95.91000366210938,95.79000091552734,95.86499786376953,95.86499786376953,20137
2024-06-03 15:51:00-04:00,95.86499786376953,95.91000366210938,95.83000183105469,95.91000366210938,95.91000366210938,10378
2024-06-03 15:52:00-04:00,95.91999816894531,95.93000030517578,95.80999755859375,95.81999969482422,95.81999969482422,16425
2024-06-03 15:53:00-04:00,95.81999969482422,95.86000061035156,95.81999969482422,95.86000061035156,95.86000061035156,7246
2024-06-03 15:54:00-04:00,95.87000274658203,95.87999725341797,95.86499786376953,95.87000274658203,95.87000274658203,9944
2024-06-03 15:55:00-04:00,95.87000274658203,96.0199966430664,95.87000274658203,95.94000244140625,95.94000244140625,25685
2024-06-03 15:56:00-04:00,95.94000244140625,95.94000244140625,95.90499877929688,95.93000030517578,95.93000030517578,15058
2024-06-03 15:57:00-04:00,95.94000244140625,95.98999786376953,95.94000244140625,95.96499633789062,95.96499633789062,11709
2024-06-03 15:58:00-04:00,95.97000122070312,96.01499938964844,95.91000366210938,95.98999786376953,95.98999786376953,47015
2024-06-03 15:59:00-04:00,96.0,96.1500015258789,96.0,96.12000274658203,96.12000274658203,68334
