Date,Open,High,Low,Close,Adj Close,Volume
2023-06-13 09:30:00-04:00,477.19000244140625,477.19000244140625,475.010009765625,475.010009765625,475.010009765625,4650
2023-06-13 09:31:00-04:00,475.864990234375,475.864990234375,475.864990234375,475.864990234375,475.864990234375,257
2023-06-13 09:32:00-04:00,475.7699890136719,476.9700012207031,474.489990234375,474.56500244140625,474.56500244140625,10628
2023-06-13 09:33:00-04:00,472.9100036621094,473.2950134277344,471.6549987792969,473.2950134277344,473.2950134277344,2297
2023-06-13 09:35:00-04:00,473.54998779296875,474.7796936035156,473.54998779296875,474.0,474.0,4586
2023-06-13 09:36:00-04:00,473.5,473.5,473.5,473.5,473.5,946
2023-06-13 09:37:00-04:00,473.0,473.0,473.0,473.0,473.0,623
2023-06-13 09:38:00-04:00,474.0,474.7449951171875,474.0,474.7449951171875,474.7449951171875,1430
2023-06-13 09:40:00-04:00,475.0,475.0,474.8999938964844,475.0,475.0,922
2023-06-13 09:41:00-04:00,475.7300109863281,475.7300109863281,475.7049865722656,475.7049865722656,475.7049865722656,310
2023-06-13 09:42:00-04:00,476.19000244140625,476.2900085449219,475.4849853515625,475.4849853515625,475.4849853515625,1870
2023-06-13 09:43:00-04:00,475.4800109863281,475.4800109863281,475.2300109863281,475.30999755859375,475.30999755859375,1763
2023-06-13 09:44:00-04:00,475.2650146484375,475.2650146484375,475.2650146484375,475.2650146484375,475.2650146484375,359
2023-06-13 09:46:00-04:00,475.5950012207031,475.5950012207031,474.6000061035156,475.0,475.0,5482
2023-06-13 09:47:00-04:00,474.9800109863281,475.3299865722656,474.2799987792969,474.2799987792969,474.2799987792969,6329
2023-06-13 09:48:00-04:00,473.8800048828125,474.260009765625,473.510009765625,473.8999938964844,473.8999938964844,1051
2023-06-13 09:49:00-04:00,474.3699951171875,474.3699951171875,474.3699951171875,474.3699951171875,474.3699951171875,511
2023-06-13 09:50:00-04:00,474.81500244140625,474.9200134277344,474.5849914550781,474.6025085449219,474.6025085449219,1639
2023-06-13 09:51:00-04:00,474.2349853515625,474.2349853515625,473.95001220703125,474.0,474.0,1920
2023-06-13 09:52:00-04:00,474.0,474.6000061035156,474.0,474.6000061035156,474.6000061035156,2387
2023-06-13 09:53:00-04:00,474.0,475.0,474.0,474.9700012207031,474.9700012207031,31601
2023-06-13 09:54:00-04:00,474.9700012207031,475.260009765625,474.6199951171875,474.6700134277344,474.6700134277344,4196
2023-06-13 09:55:00-04:00,474.67498779296875,475.20001220703125,474.6300048828125,474.875,474.875,1835
2023-06-13 09:56:00-04:00,474.875,475.0,474.875,475.0,475.0,1372
2023-06-13 09:57:00-04:00,474.95001220703125,475.0,474.6199951171875,475.0,475.0,6377
2023-06-13 09:58:00-04:00,475.0,475.25,474.94000244140625,475.0,475.0,6669
2023-06-13 09:59:00-04:00,475.0,475.0,475.0,475.0,475.0,1243
2023-06-13 10:00:00-04:00,474.989990234375,476.4849853515625,474.9049987792969,475.3550109863281,475.3550109863281,13174
2023-06-13 10:01:00-04:00,475.7699890136719,475.7699890136719,474.80999755859375,474.9049987792969,474.9049987792969,9022
2023-06-13 10:02:00-04:00,475.30999755859375,475.8800048828125,474.9849853515625,475.010009765625,475.010009765625,6155
2023-06-13 10:03:00-04:00,474.989990234375,475.32000732421875,474.635009765625,474.8599853515625,474.8599853515625,7868
2023-06-13 10:04:00-04:00,474.3399963378906,474.4200134277344,474.1000061035156,474.3450012207031,474.3450012207031,1409
2023-06-13 10:05:00-04:00,474.3599853515625,474.75,474.0,474.32000732421875,474.32000732421875,35190
2023-06-13 10:06:00-04:00,474.3349914550781,475.42999267578125,474.0,474.1199951171875,474.1199951171875,20443
2023-06-13 10:07:00-04:00,474.0,474.19000244140625,473.739990234375,474.04998779296875,474.04998779296875,10506
2023-06-13 10:08:00-04:00,474.0050048828125,474.1000061035156,473.54998779296875,474.0299987792969,474.0299987792969,2674
2023-06-13 10:09:00-04:00,474.1400146484375,474.3299865722656,473.8500061035156,473.92498779296875,473.92498779296875,6218
2023-06-13 10:10:00-04:00,474.0050048828125,474.2099914550781,473.9100036621094,474.0299987792969,474.0299987792969,4455
2023-06-13 10:11:00-04:00,474.0199890136719,474.1499938964844,473.69000244140625,473.7099914550781,473.7099914550781,4959
2023-06-13 10:12:00-04:00,473.95001220703125,474.239990234375,473.760009765625,473.760009765625,473.760009765625,2310
2023-06-13 10:13:00-04:00,473.6099853515625,473.7300109863281,473.55999755859375,473.70001220703125,473.70001220703125,1457
2023-06-13 10:14:00-04:00,474.0,474.5350036621094,474.0,474.45001220703125,474.45001220703125,1699
2023-06-13 10:15:00-04:00,474.5,474.5,474.5,474.5,474.5,306
2023-06-13 10:16:00-04:00,474.30999755859375,475.1000061035156,474.17999267578125,475.1000061035156,475.1000061035156,1152
2023-06-13 10:17:00-04:00,474.2200012207031,474.5,473.94500732421875,473.94500732421875,473.94500732421875,1513
2023-06-13 10:19:00-04:00,474.1050109863281,474.25,473.9150085449219,473.9150085449219,473.9150085449219,2131
2023-06-13 10:20:00-04:00,473.9100036621094,474.3450012207031,473.70001220703125,473.864990234375,473.864990234375,6754
2023-06-13 10:21:00-04:00,474.0,474.2900085449219,473.9599914550781,474.2200012207031,474.2200012207031,6024
2023-06-13 10:22:00-04:00,474.6199951171875,474.6400146484375,474.05499267578125,474.17999267578125,474.17999267578125,9958
2023-06-13 10:23:00-04:00,474.1499938964844,474.17999267578125,473.69000244140625,473.8299865722656,473.8299865722656,6522
2023-06-13 10:25:00-04:00,473.8800048828125,474.1300048828125,473.7300109863281,474.1300048828125,474.1300048828125,2151
2023-06-13 10:26:00-04:00,474.17498779296875,474.25,474.0,474.07501220703125,474.07501220703125,2405
2023-06-13 10:27:00-04:00,474.25,474.2749938964844,473.989990234375,473.989990234375,473.989990234375,2279
2023-06-13 10:28:00-04:00,474.0849914550781,474.3500061035156,474.010009765625,474.1099853515625,474.1099853515625,5091
2023-06-13 10:29:00-04:00,474.1099853515625,474.1700134277344,473.6600036621094,474.0,474.0,10746
2023-06-13 10:30:00-04:00,474.0,474.2449951171875,473.989990234375,474.1400146484375,474.1400146484375,6639
2023-06-13 10:31:00-04:00,474.0,474.1000061035156,473.75,473.7799987792969,473.7799987792969,2029
2023-06-13 10:32:00-04:00,474.0050048828125,474.239990234375,474.0050048828125,474.0050048828125,474.0050048828125,1019
2023-06-13 10:33:00-04:00,474.0899963378906,474.54998779296875,474.0450134277344,474.0450134277344,474.0450134277344,4280
2023-06-13 10:34:00-04:00,474.0,474.6050109863281,473.9700012207031,473.9700012207031,473.9700012207031,18892
2023-06-13 10:35:00-04:00,473.9200134277344,474.4549865722656,473.8999938964844,473.9849853515625,473.9849853515625,13629
2023-06-13 10:36:00-04:00,473.989990234375,474.25,473.989990234375,474.1400146484375,474.1400146484375,9463
2023-06-13 10:37:00-04:00,474.1400146484375,474.1700134277344,474.0899963378906,474.1400146484375,474.1400146484375,2261
2023-06-13 10:38:00-04:00,474.1400146484375,474.2300109863281,474.1199951171875,474.1199951171875,474.1199951171875,2773
2023-06-13 10:39:00-04:00,474.1700134277344,474.25,474.135009765625,474.1499938964844,474.1499938964844,3756
2023-06-13 10:40:00-04:00,474.25,474.364990234375,474.0,474.3299865722656,474.3299865722656,310019
2023-06-13 10:41:00-04:00,474.375,474.95001220703125,474.375,474.82501220703125,474.82501220703125,16712
2023-06-13 10:42:00-04:00,474.8800048828125,475.67999267578125,473.989990234375,475.3599853515625,475.3599853515625,90830
2023-06-13 10:43:00-04:00,475.3450012207031,476.0400085449219,475.3399963378906,475.4700012207031,475.4700012207031,1048
2023-06-13 10:44:00-04:00,476.239990234375,477.44000244140625,476.239990234375,477.44000244140625,477.44000244140625,1341
2023-06-13 10:45:00-04:00,477.6600036621094,478.3900146484375,477.3949890136719,478.3900146484375,478.3900146484375,1054
2023-06-13 10:46:00-04:00,478.489990234375,479.94000244140625,476.0,479.8599853515625,479.8599853515625,36359
2023-06-13 10:47:00-04:00,480.3500061035156,481.1400146484375,479.4700012207031,480.5299987792969,480.5299987792969,12335
2023-06-13 10:48:00-04:00,480.9599914550781,480.9599914550781,479.6449890136719,479.6449890136719,479.6449890136719,20754
2023-06-13 10:49:00-04:00,479.6449890136719,480.04998779296875,478.81500244140625,479.0,479.0,15655
2023-06-13 10:50:00-04:00,478.9100036621094,478.9100036621094,478.45001220703125,478.5,478.5,1899
2023-06-13 10:51:00-04:00,478.5299987792969,478.8999938964844,477.70001220703125,477.8399963378906,477.8399963378906,7172
2023-06-13 10:52:00-04:00,477.82000732421875,479.05999755859375,477.260009765625,478.4849853515625,478.4849853515625,9991
2023-06-13 10:53:00-04:00,478.6199951171875,478.8500061035156,478.0899963378906,478.8500061035156,478.8500061035156,5268
2023-06-13 10:54:00-04:00,478.5,479.05999755859375,478.5,479.05999755859375,479.05999755859375,744
2023-06-13 10:55:00-04:00,479.20001220703125,479.20001220703125,479.20001220703125,479.20001220703125,479.20001220703125,3202
2023-06-13 10:56:00-04:00,478.8949890136719,479.1000061035156,478.57000732421875,478.57000732421875,478.57000732421875,1314
2023-06-13 10:57:00-04:00,478.29998779296875,478.29998779296875,477.739990234375,477.739990234375,477.739990234375,1220
2023-06-13 10:58:00-04:00,477.739990234375,478.20001220703125,477.739990234375,478.06500244140625,478.06500244140625,2654
2023-06-13 10:59:00-04:00,478.1499938964844,478.1499938964844,477.1499938964844,477.1499938964844,477.1499938964844,4243
2023-06-13 11:00:00-04:00,477.32000732421875,477.55999755859375,476.40008544921875,476.7950134277344,476.7950134277344,5528
2023-06-13 11:01:00-04:00,477.114990234375,477.55999755859375,476.7300109863281,477.0400085449219,477.0400085449219,6553
2023-06-13 11:02:00-04:00,476.9800109863281,476.9800109863281,476.6099853515625,476.6099853515625,476.6099853515625,1001
2023-06-13 11:03:00-04:00,476.5400085449219,476.5400085449219,476.5400085449219,476.5400085449219,476.5400085449219,101
2023-06-13 11:04:00-04:00,476.5400085449219,477.8399963378906,476.5400085449219,477.2200012207031,477.2200012207031,3531
2023-06-13 11:05:00-04:00,478.3599853515625,478.3599853515625,477.8500061035156,477.8500061035156,477.8500061035156,1591
2023-06-13 11:06:00-04:00,477.5199890136719,477.5199890136719,477.510009765625,477.510009765625,477.510009765625,701
2023-06-13 11:07:00-04:00,477.5950012207031,477.5950012207031,477.5950012207031,477.5950012207031,477.5950012207031,101
2023-06-13 11:08:00-04:00,477.6499938964844,477.6499938964844,477.6499938964844,477.6499938964844,477.6499938964844,208
2023-06-13 11:09:00-04:00,477.6549987792969,478.69000244140625,477.6549987792969,478.69000244140625,478.69000244140625,671
2023-06-13 11:10:00-04:00,478.7300109863281,479.19000244140625,478.4200134277344,479.19000244140625,479.19000244140625,1190
2023-06-13 11:12:00-04:00,479.5799865722656,479.5799865722656,479.2049865722656,479.2200012207031,479.2200012207031,724
2023-06-13 11:13:00-04:00,479.75,479.75,479.4599914550781,479.4599914550781,479.4599914550781,827
2023-06-13 11:14:00-04:00,480.0199890136719,480.5199890136719,479.9800109863281,480.5199890136719,480.5199890136719,1407
2023-06-13 11:16:00-04:00,480.864990234375,481.1700134277344,480.17999267578125,481.1700134277344,481.1700134277344,10730
2023-06-13 11:17:00-04:00,480.8999938964844,480.8999938964844,480.8999938964844,480.8999938964844,480.8999938964844,372
2023-06-13 11:18:00-04:00,480.9100036621094,481.79998779296875,480.4700012207031,480.4700012207031,480.4700012207031,5376
2023-06-13 11:19:00-04:00,480.2799987792969,480.57000732421875,479.8500061035156,480.57000732421875,480.57000732421875,4099
2023-06-13 11:20:00-04:00,480.0,480.8399963378906,480.0,480.6099853515625,480.6099853515625,5287
2023-06-13 11:22:00-04:00,479.760009765625,479.760009765625,479.2900085449219,479.489990234375,479.489990234375,1477
2023-06-13 11:23:00-04:00,480.0,480.54998779296875,479.8299865722656,479.8349914550781,479.8349914550781,3402
2023-06-13 11:25:00-04:00,479.80999755859375,479.80999755859375,479.80999755859375,479.80999755859375,479.80999755859375,233
2023-06-13 11:27:00-04:00,479.7550048828125,479.82000732421875,479.7550048828125,479.82000732421875,479.82000732421875,215
2023-06-13 11:28:00-04:00,479.6700134277344,480.489990234375,479.6700134277344,479.9800109863281,479.9800109863281,5085
2023-06-13 11:29:00-04:00,479.9200134277344,479.9200134277344,479.9200134277344,479.9200134277344,479.9200134277344,421
2023-06-13 11:31:00-04:00,480.9599914550781,481.0,480.05999755859375,480.2699890136719,480.2699890136719,6013
2023-06-13 11:33:00-04:00,480.2300109863281,480.2300109863281,480.2300109863281,480.2300109863281,480.2300109863281,587
2023-06-13 11:34:00-04:00,480.42498779296875,480.6600036621094,479.8599853515625,479.8599853515625,479.8599853515625,1024
2023-06-13 11:35:00-04:00,479.82000732421875,480.2300109863281,479.1300048828125,479.1300048828125,479.1300048828125,6141
2023-06-13 11:36:00-04:00,479.4150085449219,479.94000244140625,478.7799987792969,479.2149963378906,479.2149963378906,3991
2023-06-13 11:37:00-04:00,478.70001220703125,478.82000732421875,478.68499755859375,478.68499755859375,478.68499755859375,913
2023-06-13 11:38:00-04:00,478.4599914550781,478.4599914550781,478.260009765625,478.260009765625,478.260009765625,326
2023-06-13 11:39:00-04:00,478.80950927734375,478.80950927734375,477.70001220703125,477.8900146484375,477.8900146484375,6941
2023-06-13 11:41:00-04:00,477.67999267578125,477.67999267578125,477.17999267578125,477.2349853515625,477.2349853515625,2751
2023-06-13 11:42:00-04:00,477.0,477.4200134277344,477.0,477.4200134277344,477.4200134277344,690
2023-06-13 11:43:00-04:00,477.43499755859375,477.8399963378906,477.07000732421875,477.4849853515625,477.4849853515625,4565
2023-06-13 11:44:00-04:00,477.07000732421875,477.4700012207031,477.07000732421875,477.07000732421875,477.07000732421875,2974
2023-06-13 11:45:00-04:00,476.92999267578125,477.4049987792969,476.92999267578125,476.9649963378906,476.9649963378906,724
2023-06-13 11:46:00-04:00,476.95989990234375,476.95989990234375,476.95989990234375,476.95989990234375,476.95989990234375,167
2023-06-13 11:47:00-04:00,477.2099914550781,477.3699951171875,476.6700134277344,476.9200134277344,476.9200134277344,2416
2023-06-13 11:49:00-04:00,477.25,477.25,477.239990234375,477.239990234375,477.239990234375,550
2023-06-13 11:51:00-04:00,477.0174865722656,477.0174865722656,476.2699890136719,476.29998779296875,476.29998779296875,2582
2023-06-13 11:52:00-04:00,476.3500061035156,477.0150146484375,476.3500061035156,476.8599853515625,476.8599853515625,4095
2023-06-13 11:54:00-04:00,477.1000061035156,477.1000061035156,476.44000244140625,476.5299987792969,476.5299987792969,622
2023-06-13 11:55:00-04:00,476.635009765625,476.635009765625,476.635009765625,476.635009765625,476.635009765625,404
2023-06-13 11:56:00-04:00,476.7349853515625,476.7349853515625,476.5299987792969,476.5299987792969,476.5299987792969,2111
2023-06-13 11:57:00-04:00,476.3500061035156,476.3500061035156,475.61309814453125,475.9910888671875,475.9910888671875,2497
2023-06-13 11:58:00-04:00,475.6099853515625,475.7449951171875,475.6099853515625,475.6099853515625,475.6099853515625,551
2023-06-13 11:59:00-04:00,475.4599914550781,475.4599914550781,475.4599914550781,475.4599914550781,475.4599914550781,152
2023-06-13 12:00:00-04:00,475.29998779296875,475.29998779296875,474.7200012207031,474.9100036621094,474.9100036621094,869
2023-06-13 12:02:00-04:00,474.8500061035156,475.25,474.69000244140625,474.69000244140625,474.69000244140625,3483
2023-06-13 12:04:00-04:00,474.2200012207031,474.3721008300781,474.1050109863281,474.1050109863281,474.1050109863281,994
2023-06-13 12:05:00-04:00,473.92498779296875,473.92498779296875,473.6499938964844,473.6499938964844,473.6499938964844,896
2023-06-13 12:06:00-04:00,474.1000061035156,474.4800109863281,474.1000061035156,474.4800109863281,474.4800109863281,1120
2023-06-13 12:07:00-04:00,475.05499267578125,475.05499267578125,475.05499267578125,475.05499267578125,475.05499267578125,481
2023-06-13 12:08:00-04:00,475.1300048828125,475.1300048828125,475.1300048828125,475.1300048828125,475.1300048828125,1395
2023-06-13 12:10:00-04:00,475.0,475.0400085449219,474.510009765625,474.70001220703125,474.70001220703125,3127
2023-06-13 12:11:00-04:00,474.4599914550781,474.4599914550781,474.3949890136719,474.3949890136719,474.3949890136719,989
2023-06-13 12:13:00-04:00,474.739990234375,474.739990234375,474.739990234375,474.739990234375,474.739990234375,386
2023-06-13 12:14:00-04:00,474.30999755859375,474.3699951171875,474.20001220703125,474.20001220703125,474.20001220703125,580
2023-06-13 12:15:00-04:00,474.2200012207031,474.6700134277344,474.2200012207031,474.6600036621094,474.6600036621094,1394
2023-06-13 12:16:00-04:00,474.8399963378906,474.8399963378906,474.8399963378906,474.8399963378906,474.8399963378906,240
2023-06-13 12:18:00-04:00,474.8299865722656,474.8299865722656,474.8299865722656,474.8299865722656,474.8299865722656,492
2023-06-13 12:19:00-04:00,475.0,475.0,474.54998779296875,474.54998779296875,474.54998779296875,462
2023-06-13 12:20:00-04:00,474.9800109863281,475.0199890136719,474.9800109863281,475.0199890136719,475.0199890136719,515
2023-06-13 12:22:00-04:00,475.260009765625,475.260009765625,474.9750061035156,474.9750061035156,474.9750061035156,273
2023-06-13 12:23:00-04:00,475.1400146484375,475.1549987792969,475.1400146484375,475.1549987792969,475.1549987792969,278
2023-06-13 12:24:00-04:00,475.19500732421875,475.4200134277344,475.1499938964844,475.4200134277344,475.4200134277344,1403
2023-06-13 12:25:00-04:00,474.9700012207031,474.9849853515625,474.9200134277344,474.9200134277344,474.9200134277344,890
2023-06-13 12:26:00-04:00,474.79998779296875,475.1400146484375,474.79998779296875,475.1050109863281,475.1050109863281,1015
2023-06-13 12:28:00-04:00,475.95001220703125,476.0,475.5950012207031,475.7699890136719,475.7699890136719,2054
2023-06-13 12:29:00-04:00,476.0,476.0,475.5400085449219,475.5400085449219,475.5400085449219,704
2023-06-13 12:32:00-04:00,475.75,475.75,475.3450012207031,475.55499267578125,475.55499267578125,9958
2023-06-13 12:35:00-04:00,475.7149963378906,475.7149963378906,475.6449890136719,475.6449890136719,475.6449890136719,305
2023-06-13 12:36:00-04:00,475.69500732421875,475.69500732421875,475.69500732421875,475.69500732421875,475.69500732421875,372
2023-06-13 12:37:00-04:00,475.6549987792969,476.0,475.6549987792969,475.8299865722656,475.8299865722656,717
2023-06-13 12:38:00-04:00,475.67999267578125,475.94000244140625,475.67999267578125,475.94000244140625,475.94000244140625,745
2023-06-13 12:40:00-04:00,476.0,476.70001220703125,476.0,476.70001220703125,476.70001220703125,1433
2023-06-13 12:41:00-04:00,476.5350036621094,476.5350036621094,476.5350036621094,476.5350036621094,476.5350036621094,261
2023-06-13 12:42:00-04:00,477.17498779296875,477.4549865722656,476.7699890136719,476.7699890136719,476.7699890136719,2157
2023-06-13 12:43:00-04:00,477.1400146484375,477.1400146484375,477.1400146484375,477.1400146484375,477.1400146484375,312
2023-06-13 12:47:00-04:00,477.29998779296875,477.29998779296875,477.29998779296875,477.29998779296875,477.29998779296875,485
2023-06-13 12:49:00-04:00,477.1199951171875,477.1199951171875,477.0,477.0299987792969,477.0299987792969,912
2023-06-13 12:51:00-04:00,476.8299865722656,476.8299865722656,476.8299865722656,476.8299865722656,476.8299865722656,746
2023-06-13 12:54:00-04:00,476.989990234375,476.989990234375,476.82000732421875,476.82000732421875,476.82000732421875,1803
2023-06-13 12:55:00-04:00,476.5299987792969,476.5299987792969,476.5299987792969,476.5299987792969,476.5299987792969,1186
2023-06-13 13:02:00-04:00,476.8900146484375,477.1700134277344,476.79998779296875,476.9649963378906,476.9649963378906,1270
2023-06-13 13:04:00-04:00,476.8999938964844,476.8999938964844,476.8999938964844,476.8999938964844,476.8999938964844,309
2023-06-13 13:06:00-04:00,477.1199951171875,477.4100036621094,477.0,477.0350036621094,477.0350036621094,1624
2023-06-13 13:07:00-04:00,477.29998779296875,477.29998779296875,476.9100036621094,476.9100036621094,476.9100036621094,2038
2023-06-13 13:08:00-04:00,476.69000244140625,476.69000244140625,476.69000244140625,476.69000244140625,476.69000244140625,160
2023-06-13 13:09:00-04:00,476.69000244140625,476.69000244140625,476.43499755859375,476.43499755859375,476.43499755859375,1207
2023-06-13 13:10:00-04:00,476.30999755859375,476.30999755859375,476.29998779296875,476.29998779296875,476.29998779296875,577
2023-06-13 13:12:00-04:00,476.32501220703125,476.32501220703125,476.32501220703125,476.32501220703125,476.32501220703125,220
2023-06-13 13:13:00-04:00,476.7200012207031,476.7200012207031,476.5350036621094,476.67498779296875,476.67498779296875,1220
2023-06-13 13:14:00-04:00,476.7099914550781,476.8599853515625,476.6600036621094,476.6600036621094,476.6600036621094,842
2023-06-13 13:16:00-04:00,477.29998779296875,477.29998779296875,477.29998779296875,477.29998779296875,477.29998779296875,624
2023-06-13 13:17:00-04:00,477.5,477.5474853515625,477.2699890136719,477.2699890136719,477.2699890136719,1586
2023-06-13 13:19:00-04:00,477.5350036621094,477.7349853515625,477.45001220703125,477.7349853515625,477.7349853515625,885
2023-06-13 13:21:00-04:00,477.510009765625,477.8800048828125,477.5,477.5,477.5,1761
2023-06-13 13:22:00-04:00,477.4140930175781,477.4140930175781,477.4140930175781,477.4140930175781,477.4140930175781,233
2023-06-13 13:23:00-04:00,477.45001220703125,477.45001220703125,477.45001220703125,477.45001220703125,477.45001220703125,232
2023-06-13 13:24:00-04:00,477.44000244140625,477.44000244140625,477.44000244140625,477.44000244140625,477.44000244140625,714
2023-06-13 13:26:00-04:00,477.2349853515625,477.2349853515625,477.2349853515625,477.2349853515625,477.2349853515625,351
2023-06-13 13:27:00-04:00,477.07000732421875,477.2200012207031,477.0,477.0050048828125,477.0050048828125,613
2023-06-13 13:28:00-04:00,477.1400146484375,477.1400146484375,477.1400146484375,477.1400146484375,477.1400146484375,541
2023-06-13 13:29:00-04:00,477.1400146484375,477.1400146484375,477.1400146484375,477.1400146484375,477.1400146484375,303
2023-06-13 13:30:00-04:00,477.45001220703125,477.6000061035156,477.44500732421875,477.44500732421875,477.44500732421875,1428
2023-06-13 13:32:00-04:00,477.82000732421875,478.07000732421875,477.82000732421875,478.0249938964844,478.0249938964844,700
2023-06-13 13:33:00-04:00,478.0899963378906,478.1199951171875,478.07000732421875,478.1199951171875,478.1199951171875,448
2023-06-13 13:34:00-04:00,478.19500732421875,478.3299865722656,478.19000244140625,478.3299865722656,478.3299865722656,720
2023-06-13 13:37:00-04:00,478.510009765625,478.739990234375,478.5,478.6025085449219,478.6025085449219,2252
2023-06-13 13:38:00-04:00,478.6075134277344,478.614990234375,478.2300109863281,478.2300109863281,478.2300109863281,2423
2023-06-13 13:39:00-04:00,478.2099914550781,478.2099914550781,478.2099914550781,478.2099914550781,478.2099914550781,239
2023-06-13 13:40:00-04:00,478.2799987792969,478.6549987792969,478.2799987792969,478.6549987792969,478.6549987792969,981
2023-06-13 13:41:00-04:00,479.0299987792969,479.3999938964844,479.0299987792969,479.2349853515625,479.2349853515625,2702
2023-06-13 13:42:00-04:00,479.30499267578125,479.6600036621094,479.30499267578125,479.6600036621094,479.6600036621094,485
2023-06-13 13:43:00-04:00,479.80999755859375,479.80999755859375,479.80999755859375,479.80999755859375,479.80999755859375,142
2023-06-13 13:44:00-04:00,479.8500061035156,479.92498779296875,479.8500061035156,479.92498779296875,479.92498779296875,1152
2023-06-13 13:46:00-04:00,480.1625061035156,480.1625061035156,480.1625061035156,480.1625061035156,480.1625061035156,400
2023-06-13 13:47:00-04:00,480.07501220703125,480.31500244140625,480.07501220703125,480.31500244140625,480.31500244140625,875
2023-06-13 13:49:00-04:00,480.75,480.9599914550781,480.4200134277344,480.9599914550781,480.9599914550781,1859
2023-06-13 13:50:00-04:00,480.6650085449219,480.67498779296875,480.6650085449219,480.67498779296875,480.67498779296875,571
2023-06-13 13:51:00-04:00,480.4200134277344,480.4200134277344,480.0,480.0,480.0,7883
2023-06-13 13:53:00-04:00,480.1050109863281,480.2799987792969,480.1050109863281,480.2799987792969,480.2799987792969,627
2023-06-13 13:54:00-04:00,479.9800109863281,480.0,479.9800109863281,480.0,480.0,1095
2023-06-13 13:55:00-04:00,480.0299987792969,480.0299987792969,480.0299987792969,480.0299987792969,480.0299987792969,600
2023-06-13 13:56:00-04:00,479.92999267578125,480.0299987792969,479.8699951171875,479.8900146484375,479.8900146484375,1046
2023-06-13 13:57:00-04:00,479.8599853515625,479.8599853515625,479.80999755859375,479.80999755859375,479.80999755859375,785
2023-06-13 13:58:00-04:00,480.20001220703125,480.3699951171875,480.1400146484375,480.239990234375,480.239990234375,912
2023-06-13 13:59:00-04:00,480.4800109863281,481.04998779296875,480.4800109863281,480.5899963378906,480.5899963378906,392
2023-06-13 14:00:00-04:00,480.69500732421875,480.69500732421875,480.69000244140625,480.69000244140625,480.69000244140625,676
2023-06-13 14:01:00-04:00,481.1549987792969,481.5450134277344,481.1549987792969,481.5450134277344,481.5450134277344,437
2023-06-13 14:02:00-04:00,481.55999755859375,481.6199951171875,481.55999755859375,481.6199951171875,481.6199951171875,467
2023-06-13 14:04:00-04:00,481.55999755859375,481.7900085449219,481.55999755859375,481.7900085449219,481.7900085449219,861
2023-06-13 14:05:00-04:00,481.55499267578125,481.7349853515625,481.44720458984375,481.44720458984375,481.44720458984375,478
2023-06-13 14:06:00-04:00,481.3500061035156,481.3900146484375,481.0,481.0,481.0,2219
2023-06-13 14:07:00-04:00,481.1000061035156,481.3949890136719,481.1000061035156,481.3949890136719,481.3949890136719,768
2023-06-13 14:09:00-04:00,481.05999755859375,481.05999755859375,480.989990234375,480.989990234375,480.989990234375,666
2023-06-13 14:10:00-04:00,480.7200012207031,480.7200012207031,480.5,480.5,480.5,413
2023-06-13 14:11:00-04:00,480.6449890136719,480.6449890136719,480.6449890136719,480.6449890136719,480.6449890136719,192
2023-06-13 14:12:00-04:00,480.6700134277344,480.6700134277344,480.6700134277344,480.6700134277344,480.6700134277344,196
2023-06-13 14:13:00-04:00,480.7850036621094,480.7850036621094,480.75,480.75,480.75,280
2023-06-13 14:14:00-04:00,480.7650146484375,481.0199890136719,480.7650146484375,480.9849853515625,480.9849853515625,944
2023-06-13 14:17:00-04:00,481.0050048828125,481.0050048828125,480.4750061035156,480.7349853515625,480.7349853515625,1931
2023-06-13 14:18:00-04:00,481.04998779296875,481.1700134277344,481.04998779296875,481.1700134277344,481.1700134277344,1216
2023-06-13 14:19:00-04:00,481.6199951171875,481.6400146484375,481.614990234375,481.6400146484375,481.6400146484375,875
2023-06-13 14:20:00-04:00,481.20001220703125,481.20001220703125,481.20001220703125,481.20001220703125,481.20001220703125,468
2023-06-13 14:23:00-04:00,481.5799865722656,481.75,481.5799865722656,481.75,481.75,668
2023-06-13 14:24:00-04:00,481.7900085449219,481.79998779296875,481.7900085449219,481.79998779296875,481.79998779296875,693
2023-06-13 14:25:00-04:00,482.010009765625,482.010009765625,482.010009765625,482.010009765625,482.010009765625,236
2023-06-13 14:26:00-04:00,481.79998779296875,481.79998779296875,481.79998779296875,481.79998779296875,481.79998779296875,252
2023-06-13 14:27:00-04:00,481.8599853515625,481.8599853515625,481.43499755859375,481.4849853515625,481.4849853515625,1406
2023-06-13 14:29:00-04:00,481.1600036621094,481.2200012207031,481.05999755859375,481.2200012207031,481.2200012207031,930
2023-06-13 14:30:00-04:00,481.2650146484375,481.2650146484375,480.989990234375,481.2049865722656,481.2049865722656,919
2023-06-13 14:33:00-04:00,481.239990234375,481.239990234375,481.239990234375,481.239990234375,481.239990234375,1294
2023-06-13 14:34:00-04:00,480.9649963378906,481.25,480.9649963378906,481.2099914550781,481.2099914550781,1097
2023-06-13 14:35:00-04:00,480.9949951171875,481.25,480.9949951171875,481.2300109863281,481.2300109863281,626
2023-06-13 14:36:00-04:00,481.010009765625,481.25,480.9949951171875,480.9949951171875,480.9949951171875,1252
2023-06-13 14:37:00-04:00,480.82000732421875,480.8800048828125,480.7300109863281,480.7300109863281,480.7300109863281,1634
2023-06-13 14:38:00-04:00,481.1300048828125,481.4800109863281,481.0950012207031,481.4800109863281,481.4800109863281,1439
2023-06-13 14:39:00-04:00,481.5050048828125,481.5950012207031,481.5050048828125,481.5950012207031,481.5950012207031,235
2023-06-13 14:40:00-04:00,481.5950012207031,481.5950012207031,481.5950012207031,481.5950012207031,481.5950012207031,621
2023-06-13 14:42:00-04:00,481.1600036621094,481.1600036621094,481.1600036621094,481.1600036621094,481.1600036621094,805
2023-06-13 14:43:00-04:00,480.92999267578125,481.0899963378906,480.8800048828125,481.0899963378906,481.0899963378906,1481
2023-06-13 14:44:00-04:00,481.25,481.25,481.25,481.25,481.25,194
2023-06-13 14:45:00-04:00,480.94000244140625,480.94000244140625,480.94000244140625,480.94000244140625,480.94000244140625,277
2023-06-13 14:46:00-04:00,481.20001220703125,481.3800048828125,481.20001220703125,481.3800048828125,481.3800048828125,316
2023-06-13 14:47:00-04:00,481.260009765625,481.760009765625,481.260009765625,481.760009765625,481.760009765625,1247
2023-06-13 14:48:00-04:00,481.7099914550781,481.7099914550781,481.7099914550781,481.7099914550781,481.7099914550781,124
2023-06-13 14:49:00-04:00,482.0,482.1499938964844,481.7900085449219,482.1499938964844,482.1499938964844,619
2023-06-13 14:50:00-04:00,481.8299865722656,481.8299865722656,481.8299865722656,481.8299865722656,481.8299865722656,249
2023-06-13 14:51:00-04:00,482.1400146484375,482.1400146484375,481.739990234375,481.8599853515625,481.8599853515625,1380
2023-06-13 14:52:00-04:00,481.8599853515625,482.1300048828125,481.8599853515625,482.1300048828125,482.1300048828125,412
2023-06-13 14:54:00-04:00,481.885009765625,481.885009765625,481.885009765625,481.885009765625,481.885009765625,184
2023-06-13 14:55:00-04:00,481.75,481.885009765625,481.67999267578125,481.885009765625,481.885009765625,943
2023-06-13 14:56:00-04:00,481.8949890136719,481.8949890136719,481.8949890136719,481.8949890136719,481.8949890136719,242
2023-06-13 14:57:00-04:00,482.1499938964844,482.4700012207031,482.1000061035156,482.2349853515625,482.2349853515625,1357
2023-06-13 14:58:00-04:00,482.2200012207031,482.2200012207031,481.8699951171875,481.9277038574219,481.9277038574219,2035
2023-06-13 14:59:00-04:00,481.8699951171875,481.8699951171875,481.8699951171875,481.8699951171875,481.8699951171875,258
2023-06-13 15:00:00-04:00,481.885009765625,481.885009765625,481.885009765625,481.885009765625,481.885009765625,150
2023-06-13 15:01:00-04:00,481.9750061035156,482.0050048828125,481.8599853515625,481.8800048828125,481.8800048828125,1152
2023-06-13 15:02:00-04:00,481.6600036621094,481.739990234375,480.8500061035156,480.8800048828125,480.8800048828125,2544
2023-06-13 15:03:00-04:00,481.0899963378906,481.0899963378906,481.0400085449219,481.0799865722656,481.0799865722656,1344
2023-06-13 15:04:00-04:00,481.239990234375,481.4100036621094,481.0799865722656,481.1549987792969,481.1549987792969,1718
2023-06-13 15:05:00-04:00,481.6000061035156,481.6000061035156,481.25,481.25,481.25,390
2023-06-13 15:06:00-04:00,481.260009765625,481.260009765625,481.260009765625,481.260009765625,481.260009765625,126
2023-06-13 15:07:00-04:00,481.20001220703125,481.20001220703125,481.05999755859375,481.05999755859375,481.05999755859375,515
2023-06-13 15:08:00-04:00,481.3999938964844,481.3999938964844,481.010009765625,481.010009765625,481.010009765625,1008
2023-06-13 15:10:00-04:00,480.8599853515625,480.8800048828125,479.9421081542969,480.2650146484375,480.2650146484375,4330
2023-06-13 15:11:00-04:00,480.5400085449219,480.5400085449219,480.5400085449219,480.5400085449219,480.5400085449219,1467
2023-06-13 15:13:00-04:00,480.510009765625,480.6199951171875,480.3299865722656,480.6199951171875,480.6199951171875,1651
2023-06-13 15:15:00-04:00,480.7550048828125,480.7550048828125,480.7550048828125,480.7550048828125,480.7550048828125,138
2023-06-13 15:16:00-04:00,480.67999267578125,480.68499755859375,480.67999267578125,480.68499755859375,480.68499755859375,238
2023-06-13 15:17:00-04:00,480.6449890136719,480.6549987792969,480.6449890136719,480.6549987792969,480.6549987792969,674
2023-06-13 15:19:00-04:00,480.239990234375,480.239990234375,480.0,480.0050048828125,480.0050048828125,1447
2023-06-13 15:20:00-04:00,480.1499938964844,480.2699890136719,480.0899963378906,480.0899963378906,480.0899963378906,459
2023-06-13 15:21:00-04:00,480.0199890136719,480.0400085449219,479.760009765625,479.9849853515625,479.9849853515625,2429
2023-06-13 15:22:00-04:00,479.9800109863281,479.9800109863281,479.9800109863281,479.9800109863281,479.9800109863281,963
2023-06-13 15:23:00-04:00,479.6499938964844,479.7900085449219,479.4800109863281,479.4800109863281,479.4800109863281,1705
2023-06-13 15:24:00-04:00,479.2699890136719,479.4200134277344,479.1000061035156,479.1000061035156,479.1000061035156,1141
2023-06-13 15:25:00-04:00,479.1000061035156,479.1000061035156,478.9700012207031,478.9700012207031,478.9700012207031,281
2023-06-13 15:26:00-04:00,478.8949890136719,479.489990234375,478.8949890136719,479.489990234375,479.489990234375,2428
2023-06-13 15:27:00-04:00,479.5150146484375,479.7099914550781,479.1300048828125,479.3299865722656,479.3299865722656,2636
2023-06-13 15:28:00-04:00,479.32000732421875,479.32000732421875,479.32000732421875,479.32000732421875,479.32000732421875,207
2023-06-13 15:29:00-04:00,479.29998779296875,479.29998779296875,479.29998779296875,479.29998779296875,479.29998779296875,400
2023-06-13 15:30:00-04:00,479.510009765625,479.510009765625,479.44000244140625,479.44000244140625,479.44000244140625,451
2023-06-13 15:31:00-04:00,479.5849914550781,479.5849914550781,479.2900085449219,479.4200134277344,479.4200134277344,2000
2023-06-13 15:32:00-04:00,479.489990234375,479.489990234375,479.3500061035156,479.3500061035156,479.3500061035156,545
2023-06-13 15:33:00-04:00,479.3999938964844,479.3999938964844,479.3999938964844,479.3999938964844,479.3999938964844,626
2023-06-13 15:34:00-04:00,479.3399963378906,479.3399963378906,479.3399963378906,479.3399963378906,479.3399963378906,447
2023-06-13 15:35:00-04:00,479.3399963378906,479.4200134277344,479.0899963378906,479.1400146484375,479.1400146484375,5015
2023-06-13 15:36:00-04:00,479.1099853515625,479.19000244140625,478.92999267578125,478.92999267578125,478.92999267578125,1724
2023-06-13 15:37:00-04:00,478.8299865722656,478.8900146484375,478.8299865722656,478.885009765625,478.885009765625,886
2023-06-13 15:38:00-04:00,478.7300109863281,478.8800048828125,478.7200012207031,478.8800048828125,478.8800048828125,518
2023-06-13 15:39:00-04:00,478.885009765625,479.0199890136719,478.7200012207031,478.7200012207031,478.7200012207031,1967
2023-06-13 15:40:00-04:00,478.8900146484375,478.8900146484375,478.7099914550781,478.80999755859375,478.80999755859375,1363
2023-06-13 15:41:00-04:00,478.80999755859375,478.80999755859375,478.5799865722656,478.5799865722656,478.5799865722656,1956
2023-06-13 15:42:00-04:00,478.489990234375,478.489990234375,478.20001220703125,478.2200012207031,478.2200012207031,3341
2023-06-13 15:43:00-04:00,478.260009765625,478.6300048828125,478.2200012207031,478.6199951171875,478.6199951171875,3262
2023-06-13 15:44:00-04:00,478.635009765625,478.7120056152344,478.42999267578125,478.42999267578125,478.42999267578125,1605
2023-06-13 15:45:00-04:00,478.510009765625,478.82000732421875,478.30010986328125,478.82000732421875,478.82000732421875,3162
2023-06-13 15:46:00-04:00,478.885009765625,479.1600036621094,478.79998779296875,478.9849853515625,478.9849853515625,4696
2023-06-13 15:47:00-04:00,479.125,479.2489929199219,479.114990234375,479.1199951171875,479.1199951171875,1387
2023-06-13 15:48:00-04:00,479.0199890136719,479.0350036621094,478.79998779296875,479.0350036621094,479.0350036621094,3353
2023-06-13 15:49:00-04:00,479.0199890136719,479.0950012207031,478.9200134277344,478.93499755859375,478.93499755859375,1968
2023-06-13 15:50:00-04:00,479.2099914550781,479.3550109863281,479.1099853515625,479.29998779296875,479.29998779296875,3716
2023-06-13 15:51:00-04:00,479.1300048828125,479.1449890136719,479.0249938964844,479.1400146484375,479.1400146484375,3882
2023-06-13 15:52:00-04:00,479.1199951171875,479.3389892578125,478.92999267578125,478.94000244140625,478.94000244140625,6469
2023-06-13 15:53:00-04:00,479.0899963378906,479.32000732421875,478.9649963378906,479.19000244140625,479.19000244140625,3916
2023-06-13 15:54:00-04:00,479.2099914550781,479.3500061035156,479.1199951171875,479.3500061035156,479.3500061035156,7605
2023-06-13 15:55:00-04:00,479.3399963378906,479.4549865722656,479.1099853515625,479.1099853515625,479.1099853515625,6661
2023-06-13 15:56:00-04:00,479.1099853515625,479.3399963378906,479.0,479.11749267578125,479.11749267578125,4860
2023-06-13 15:57:00-04:00,479.1199951171875,479.2200012207031,478.8399963378906,478.8900146484375,478.8900146484375,6374
2023-06-13 15:58:00-04:00,478.8500061035156,479.010009765625,478.8299865722656,478.92498779296875,478.92498779296875,8534
2023-06-13 15:59:00-04:00,479.0,480.07000732421875,478.9849853515625,480.010009765625,480.010009765625,25215
