Date,Open,High,Low,Close,Adj Close,Volume
2023-08-08 09:30:00-04:00,68.33999633789062,68.6500015258789,68.0199966430664,68.52999877929688,68.52999877929688,321717
2023-08-08 09:31:00-04:00,68.5,68.56379699707031,68.36000061035156,68.36000061035156,68.36000061035156,10432
2023-08-08 09:32:00-04:00,68.37999725341797,68.52999877929688,68.30999755859375,68.52999877929688,68.52999877929688,10306
2023-08-08 09:33:00-04:00,68.5199966430664,68.57499694824219,68.45999908447266,68.47000122070312,68.47000122070312,11340
2023-08-08 09:34:00-04:00,68.45999908447266,68.52899932861328,68.45999908447266,68.48999786376953,68.48999786376953,8138
2023-08-08 09:35:00-04:00,68.44000244140625,68.55000305175781,68.44000244140625,68.54499816894531,68.54499816894531,20329
2023-08-08 09:36:00-04:00,68.52999877929688,68.5999984741211,68.48999786376953,68.5999984741211,68.5999984741211,22292
2023-08-08 09:37:00-04:00,68.58999633789062,68.66000366210938,68.52999877929688,68.59989929199219,68.59989929199219,16680
2023-08-08 09:38:00-04:00,68.5999984741211,68.63999938964844,68.54000091552734,68.62999725341797,68.62999725341797,14532
2023-08-08 09:39:00-04:00,68.62999725341797,68.62999725341797,68.48999786376953,68.49040222167969,68.49040222167969,12337
2023-08-08 09:40:00-04:00,68.5,68.58000183105469,68.4800033569336,68.58000183105469,68.58000183105469,18134
2023-08-08 09:41:00-04:00,68.58999633789062,68.62000274658203,68.5,68.5199966430664,68.5199966430664,26320
2023-08-08 09:42:00-04:00,68.5,68.55000305175781,68.47039794921875,68.55000305175781,68.55000305175781,21083
2023-08-08 09:43:00-04:00,68.55000305175781,68.5988998413086,68.50499725341797,68.5199966430664,68.5199966430664,13923
2023-08-08 09:44:00-04:00,68.52999877929688,68.6500015258789,68.52999877929688,68.62999725341797,68.62999725341797,18351
2023-08-08 09:45:00-04:00,68.62000274658203,68.68000030517578,68.56999969482422,68.68000030517578,68.68000030517578,24147
2023-08-08 09:46:00-04:00,68.66999816894531,68.68000030517578,68.62999725341797,68.68000030517578,68.68000030517578,9901
2023-08-08 09:47:00-04:00,68.67500305175781,68.76000213623047,68.67500305175781,68.75,68.75,16941
2023-08-08 09:48:00-04:00,68.76000213623047,68.77999877929688,68.69000244140625,68.70999908447266,68.70999908447266,18922
2023-08-08 09:49:00-04:00,68.70999908447266,68.72000122070312,68.5999984741211,68.63999938964844,68.63999938964844,25970
2023-08-08 09:50:00-04:00,68.62000274658203,68.66010284423828,68.62000274658203,68.63999938964844,68.63999938964844,10775
2023-08-08 09:51:00-04:00,68.63500213623047,68.71649932861328,68.62000274658203,68.70999908447266,68.70999908447266,12162
2023-08-08 09:52:00-04:00,68.70999908447266,68.72000122070312,68.66999816894531,68.72000122070312,68.72000122070312,9144
2023-08-08 09:53:00-04:00,68.72000122070312,68.76000213623047,68.72000122070312,68.7300033569336,68.7300033569336,11161
2023-08-08 09:54:00-04:00,68.7300033569336,68.73999786376953,68.66999816894531,68.68000030517578,68.68000030517578,20525
2023-08-08 09:55:00-04:00,68.68000030517578,68.68000030517578,68.5999984741211,68.61000061035156,68.61000061035156,15930
2023-08-08 09:56:00-04:00,68.60990142822266,68.65029907226562,68.5999984741211,68.62999725341797,68.62999725341797,26003
2023-08-08 09:57:00-04:00,68.63999938964844,68.6500015258789,68.55000305175781,68.55999755859375,68.55999755859375,13430
2023-08-08 09:58:00-04:00,68.55000305175781,68.6500015258789,68.55000305175781,68.64309692382812,68.64309692382812,10717
2023-08-08 09:59:00-04:00,68.63999938964844,68.7300033569336,68.63999938964844,68.7300033569336,68.7300033569336,13673
2023-08-08 10:00:00-04:00,68.72000122070312,68.73870086669922,68.68000030517578,68.70500183105469,68.70500183105469,34533
2023-08-08 10:01:00-04:00,68.70999908447266,68.80999755859375,68.70999908447266,68.80500030517578,68.80500030517578,25437
2023-08-08 10:02:00-04:00,68.80960083007812,68.80999755859375,68.76000213623047,68.80000305175781,68.80000305175781,31102
2023-08-08 10:03:00-04:00,68.79000091552734,68.83499908447266,68.7699966430664,68.80999755859375,68.80999755859375,21673
2023-08-08 10:04:00-04:00,68.83499908447266,68.8499984741211,68.79000091552734,68.81999969482422,68.81999969482422,27431
2023-08-08 10:05:00-04:00,68.81999969482422,68.81999969482422,68.73999786376953,68.77999877929688,68.77999877929688,14060
2023-08-08 10:06:00-04:00,68.7699966430664,68.78500366210938,68.7300033569336,68.78500366210938,68.78500366210938,14058
2023-08-08 10:07:00-04:00,68.77999877929688,68.87000274658203,68.73999786376953,68.83000183105469,68.83000183105469,30885
2023-08-08 10:08:00-04:00,68.8373031616211,68.88999938964844,68.81500244140625,68.88500213623047,68.88500213623047,6426
2023-08-08 10:09:00-04:00,68.87999725341797,68.94499969482422,68.87000274658203,68.91500091552734,68.91500091552734,32751
2023-08-08 10:10:00-04:00,68.91999816894531,68.94999694824219,68.9000015258789,68.9000015258789,68.9000015258789,23040
2023-08-08 10:11:00-04:00,68.90499877929688,68.93000030517578,68.87000274658203,68.92500305175781,68.92500305175781,36123
2023-08-08 10:12:00-04:00,68.91999816894531,68.92500305175781,68.83000183105469,68.86000061035156,68.86000061035156,27515
2023-08-08 10:13:00-04:00,68.87000274658203,68.87000274658203,68.75,68.75530242919922,68.75530242919922,18665
2023-08-08 10:14:00-04:00,68.76000213623047,68.83499908447266,68.75,68.83499908447266,68.83499908447266,23379
2023-08-08 10:15:00-04:00,68.83499908447266,68.83999633789062,68.79000091552734,68.83609771728516,68.83609771728516,61691
2023-08-08 10:16:00-04:00,68.83499908447266,68.83999633789062,68.76000213623047,68.76000213623047,68.76000213623047,18641
2023-08-08 10:17:00-04:00,68.76000213623047,68.79499816894531,68.7300033569336,68.73999786376953,68.73999786376953,13872
2023-08-08 10:18:00-04:00,68.74040222167969,68.76000213623047,68.71710205078125,68.73500061035156,68.73500061035156,15098
2023-08-08 10:19:00-04:00,68.73999786376953,68.7750015258789,68.7300033569336,68.7300033569336,68.7300033569336,26939
2023-08-08 10:20:00-04:00,68.72000122070312,68.77999877929688,68.71499633789062,68.75959777832031,68.75959777832031,19885
2023-08-08 10:21:00-04:00,68.7300033569336,68.73539733886719,68.69000244140625,68.6978988647461,68.6978988647461,15761
2023-08-08 10:22:00-04:00,68.70369720458984,68.73999786376953,68.68000030517578,68.7249984741211,68.7249984741211,21156
2023-08-08 10:23:00-04:00,68.7249984741211,68.80999755859375,68.71499633789062,68.80999755859375,68.80999755859375,16969
2023-08-08 10:24:00-04:00,68.80999755859375,68.83000183105469,68.7750015258789,68.80000305175781,68.80000305175781,33700
2023-08-08 10:25:00-04:00,68.79000091552734,68.80999755859375,68.75,68.7699966430664,68.7699966430664,16917
2023-08-08 10:26:00-04:00,68.80000305175781,68.80989837646484,68.77999877929688,68.77999877929688,68.77999877929688,14807
2023-08-08 10:27:00-04:00,68.76170349121094,68.76170349121094,68.70999908447266,68.70999908447266,68.70999908447266,14152
2023-08-08 10:28:00-04:00,68.70999908447266,68.73999786376953,68.6500015258789,68.6500015258789,68.6500015258789,24122
2023-08-08 10:29:00-04:00,68.65499877929688,68.6636962890625,68.63999938964844,68.6449966430664,68.6449966430664,10144
2023-08-08 10:30:00-04:00,68.63999938964844,68.6449966430664,68.5999984741211,68.62000274658203,68.62000274658203,25142
2023-08-08 10:31:00-04:00,68.62999725341797,68.63500213623047,68.5718994140625,68.58000183105469,68.58000183105469,22966
2023-08-08 10:32:00-04:00,68.58999633789062,68.66500091552734,68.58999633789062,68.66000366210938,68.66000366210938,12944
2023-08-08 10:33:00-04:00,68.63999938964844,68.63999938964844,68.55000305175781,68.55000305175781,68.55000305175781,14574
2023-08-08 10:34:00-04:00,68.55000305175781,68.56999969482422,68.54000091552734,68.56999969482422,68.56999969482422,13776
2023-08-08 10:35:00-04:00,68.56999969482422,68.61000061035156,68.56500244140625,68.59500122070312,68.59500122070312,13902
2023-08-08 10:36:00-04:00,68.58999633789062,68.58999633789062,68.54000091552734,68.55999755859375,68.55999755859375,21284
2023-08-08 10:37:00-04:00,68.55500030517578,68.56999969482422,68.52999877929688,68.52999877929688,68.52999877929688,16323
2023-08-08 10:38:00-04:00,68.52999877929688,68.52999877929688,68.42500305175781,68.44499969482422,68.44499969482422,29980
2023-08-08 10:39:00-04:00,68.44000244140625,68.46499633789062,68.41000366210938,68.46499633789062,68.46499633789062,24281
2023-08-08 10:40:00-04:00,68.44999694824219,68.45999908447266,68.4000015258789,68.41500091552734,68.41500091552734,37796
2023-08-08 10:41:00-04:00,68.41500091552734,68.42500305175781,68.37999725341797,68.41999816894531,68.41999816894531,24111
2023-08-08 10:42:00-04:00,68.4000015258789,68.4800033569336,68.4000015258789,68.45999908447266,68.45999908447266,18491
2023-08-08 10:43:00-04:00,68.4800033569336,68.5199966430664,68.44000244140625,68.4800033569336,68.4800033569336,18362
2023-08-08 10:44:00-04:00,68.47000122070312,68.47000122070312,68.38999938964844,68.38999938964844,68.38999938964844,15983
2023-08-08 10:45:00-04:00,68.3949966430664,68.3949966430664,68.30000305175781,68.31999969482422,68.31999969482422,17200
2023-08-08 10:46:00-04:00,68.31999969482422,68.33999633789062,68.26000213623047,68.27999877929688,68.27999877929688,18430
2023-08-08 10:47:00-04:00,68.28500366210938,68.30500030517578,68.2300033569336,68.2699966430664,68.2699966430664,78043
2023-08-08 10:48:00-04:00,68.26499938964844,68.26499938964844,68.16000366210938,68.22000122070312,68.22000122070312,34537
2023-08-08 10:49:00-04:00,68.22730255126953,68.30500030517578,68.20999908447266,68.30000305175781,68.30000305175781,33524
2023-08-08 10:50:00-04:00,68.29000091552734,68.29000091552734,68.20999908447266,68.20999908447266,68.20999908447266,16665
2023-08-08 10:51:00-04:00,68.19999694824219,68.23999786376953,68.18000030517578,68.20999908447266,68.20999908447266,8021
2023-08-08 10:52:00-04:00,68.18009948730469,68.22689819335938,68.18009948730469,68.2146987915039,68.2146987915039,20263
2023-08-08 10:53:00-04:00,68.2300033569336,68.25,68.19999694824219,68.2300033569336,68.2300033569336,16419
2023-08-08 10:54:00-04:00,68.22000122070312,68.22000122070312,68.16000366210938,68.16999816894531,68.16999816894531,16795
2023-08-08 10:55:00-04:00,68.16999816894531,68.17330169677734,68.12000274658203,68.12999725341797,68.12999725341797,22335
2023-08-08 10:56:00-04:00,68.12999725341797,68.18000030517578,68.125,68.18000030517578,68.18000030517578,19564
2023-08-08 10:57:00-04:00,68.18000030517578,68.19000244140625,68.15499877929688,68.15499877929688,68.15499877929688,9298
2023-08-08 10:58:00-04:00,68.15499877929688,68.19000244140625,68.13500213623047,68.18499755859375,68.18499755859375,20703
2023-08-08 10:59:00-04:00,68.19000244140625,68.1968994140625,68.12999725341797,68.12999725341797,68.12999725341797,14541
2023-08-08 11:00:00-04:00,68.125,68.19999694824219,68.125,68.19999694824219,68.19999694824219,17149
2023-08-08 11:01:00-04:00,68.2074966430664,68.21499633789062,68.18000030517578,68.19999694824219,68.19999694824219,13625
2023-08-08 11:02:00-04:00,68.19999694824219,68.20999908447266,68.1449966430664,68.18000030517578,68.18000030517578,13365
2023-08-08 11:03:00-04:00,68.19999694824219,68.19999694824219,68.13999938964844,68.13999938964844,68.13999938964844,9157
2023-08-08 11:04:00-04:00,68.12950134277344,68.18000030517578,68.11000061035156,68.16999816894531,68.16999816894531,9899
2023-08-08 11:05:00-04:00,68.16000366210938,68.18000030517578,68.15499877929688,68.17500305175781,68.17500305175781,16363
2023-08-08 11:06:00-04:00,68.17739868164062,68.23999786376953,68.16000366210938,68.2249984741211,68.2249984741211,15997
2023-08-08 11:07:00-04:00,68.2300033569336,68.25499725341797,68.20999908447266,68.25,68.25,10076
2023-08-08 11:08:00-04:00,68.25,68.26000213623047,68.2301025390625,68.25,68.25,7985
2023-08-08 11:09:00-04:00,68.23999786376953,68.27999877929688,68.21499633789062,68.2750015258789,68.2750015258789,22067
2023-08-08 11:10:00-04:00,68.2750015258789,68.29499816894531,68.23999786376953,68.24500274658203,68.24500274658203,44675
2023-08-08 11:11:00-04:00,68.24500274658203,68.27999877929688,68.20999908447266,68.2750015258789,68.2750015258789,11815
2023-08-08 11:12:00-04:00,68.2750015258789,68.27999877929688,68.2249984741211,68.23999786376953,68.23999786376953,10117
2023-08-08 11:13:00-04:00,68.2300033569336,68.2300033569336,68.16500091552734,68.22000122070312,68.22000122070312,17830
2023-08-08 11:14:00-04:00,68.2249984741211,68.2249984741211,68.18499755859375,68.19999694824219,68.19999694824219,9676
2023-08-08 11:15:00-04:00,68.19000244140625,68.2300033569336,68.18000030517578,68.2300033569336,68.2300033569336,14477
2023-08-08 11:16:00-04:00,68.2300033569336,68.25,68.19999694824219,68.19999694824219,68.19999694824219,27168
2023-08-08 11:17:00-04:00,68.19000244140625,68.20999908447266,68.18000030517578,68.20500183105469,68.20500183105469,12620
2023-08-08 11:18:00-04:00,68.19999694824219,68.22000122070312,68.16500091552734,68.21499633789062,68.21499633789062,12885
2023-08-08 11:19:00-04:00,68.21499633789062,68.26300048828125,68.19999694824219,68.20999908447266,68.20999908447266,14623
2023-08-08 11:20:00-04:00,68.20999908447266,68.20999908447266,68.17500305175781,68.19499969482422,68.19499969482422,13345
2023-08-08 11:21:00-04:00,68.19000244140625,68.21749877929688,68.16000366210938,68.20999908447266,68.20999908447266,8416
2023-08-08 11:22:00-04:00,68.19999694824219,68.26499938964844,68.19499969482422,68.23999786376953,68.23999786376953,15880
2023-08-08 11:23:00-04:00,68.23500061035156,68.23500061035156,68.19000244140625,68.19000244140625,68.19000244140625,11425
2023-08-08 11:24:00-04:00,68.19999694824219,68.20500183105469,68.16500091552734,68.18000030517578,68.18000030517578,9490
2023-08-08 11:25:00-04:00,68.18229675292969,68.25499725341797,68.18000030517578,68.23999786376953,68.23999786376953,10409
2023-08-08 11:26:00-04:00,68.23500061035156,68.2354965209961,68.18499755859375,68.2300033569336,68.2300033569336,10305
2023-08-08 11:27:00-04:00,68.2300033569336,68.2301025390625,68.1500015258789,68.16000366210938,68.16000366210938,10558
2023-08-08 11:28:00-04:00,68.16000366210938,68.20999908447266,68.16000366210938,68.18000030517578,68.18000030517578,5644
2023-08-08 11:29:00-04:00,68.18000030517578,68.18250274658203,68.1500015258789,68.16999816894531,68.16999816894531,9680
2023-08-08 11:30:00-04:00,68.16819763183594,68.16819763183594,68.0999984741211,68.11000061035156,68.11000061035156,11440
2023-08-08 11:31:00-04:00,68.11000061035156,68.12750244140625,68.05999755859375,68.05999755859375,68.05999755859375,9295
2023-08-08 11:32:00-04:00,68.06500244140625,68.06500244140625,68.01499938964844,68.04000091552734,68.04000091552734,10064
2023-08-08 11:33:00-04:00,68.02999877929688,68.04499816894531,68.0199966430664,68.04000091552734,68.04000091552734,5349
2023-08-08 11:34:00-04:00,68.04000091552734,68.07499694824219,68.02999877929688,68.05999755859375,68.05999755859375,10513
2023-08-08 11:35:00-04:00,68.05000305175781,68.13500213623047,68.02999877929688,68.13500213623047,68.13500213623047,60492
2023-08-08 11:36:00-04:00,68.12999725341797,68.18000030517578,68.12000274658203,68.17500305175781,68.17500305175781,9616
2023-08-08 11:37:00-04:00,68.17500305175781,68.17500305175781,68.0999984741211,68.11000061035156,68.11000061035156,15083
2023-08-08 11:38:00-04:00,68.12000274658203,68.12999725341797,68.08999633789062,68.08999633789062,68.08999633789062,11062
2023-08-08 11:39:00-04:00,68.08999633789062,68.10489654541016,68.08000183105469,68.0999984741211,68.0999984741211,8300
2023-08-08 11:40:00-04:00,68.10910034179688,68.125,68.05999755859375,68.0999984741211,68.0999984741211,8535
2023-08-08 11:41:00-04:00,68.08999633789062,68.08999633789062,68.04000091552734,68.04000091552734,68.04000091552734,9233
2023-08-08 11:42:00-04:00,68.05000305175781,68.11000061035156,68.04000091552734,68.06999969482422,68.06999969482422,8467
2023-08-08 11:43:00-04:00,68.08260345458984,68.11000061035156,68.05439758300781,68.0999984741211,68.0999984741211,11476
2023-08-08 11:44:00-04:00,68.0999984741211,68.11000061035156,68.08000183105469,68.0999984741211,68.0999984741211,8617
2023-08-08 11:45:00-04:00,68.1050033569336,68.1050033569336,68.06999969482422,68.08999633789062,68.08999633789062,6165
2023-08-08 11:46:00-04:00,68.09500122070312,68.09500122070312,68.05999755859375,68.06999969482422,68.06999969482422,6907
2023-08-08 11:47:00-04:00,68.05999755859375,68.10890197753906,68.05999755859375,68.08499908447266,68.08499908447266,3845
2023-08-08 11:48:00-04:00,68.08499908447266,68.1050033569336,68.08499908447266,68.09259796142578,68.09259796142578,5522
2023-08-08 11:49:00-04:00,68.08999633789062,68.11000061035156,68.08000183105469,68.08999633789062,68.08999633789062,5868
2023-08-08 11:50:00-04:00,68.08999633789062,68.0979995727539,68.05000305175781,68.06999969482422,68.06999969482422,10536
2023-08-08 11:51:00-04:00,68.08000183105469,68.09149932861328,68.05999755859375,68.06500244140625,68.06500244140625,6641
2023-08-08 11:52:00-04:00,68.06999969482422,68.16500091552734,68.06999969482422,68.16500091552734,68.16500091552734,34551
2023-08-08 11:53:00-04:00,68.16999816894531,68.16999816894531,68.1500015258789,68.1500015258789,68.1500015258789,13515
2023-08-08 11:54:00-04:00,68.15499877929688,68.16999816894531,68.13999938964844,68.13999938964844,68.13999938964844,18929
2023-08-08 11:55:00-04:00,68.13999938964844,68.13999938964844,68.0625,68.06500244140625,68.06500244140625,10531
2023-08-08 11:56:00-04:00,68.06500244140625,68.06999969482422,68.01499938964844,68.0250015258789,68.0250015258789,9740
2023-08-08 11:57:00-04:00,68.0250015258789,68.0250015258789,67.94999694824219,67.96499633789062,67.96499633789062,110985
2023-08-08 11:58:00-04:00,67.97000122070312,68.01000213623047,67.95999908447266,67.98999786376953,67.98999786376953,10170
2023-08-08 11:59:00-04:00,67.98999786376953,68.04000091552734,67.9800033569336,68.0199966430664,68.0199966430664,10201
2023-08-08 12:00:00-04:00,68.0199966430664,68.04000091552734,68.01000213623047,68.0199966430664,68.0199966430664,8099
2023-08-08 12:01:00-04:00,68.0199966430664,68.05500030517578,68.0,68.01000213623047,68.01000213623047,10431
2023-08-08 12:02:00-04:00,68.00499725341797,68.02999877929688,67.97239685058594,67.9749984741211,67.9749984741211,7190
2023-08-08 12:03:00-04:00,67.97000122070312,67.97000122070312,67.94000244140625,67.94999694824219,67.94999694824219,6110
2023-08-08 12:04:00-04:00,67.95500183105469,68.0199966430664,67.95500183105469,68.01000213623047,68.01000213623047,18861
2023-08-08 12:05:00-04:00,68.0199966430664,68.08000183105469,68.0,68.0,68.0,33560
2023-08-08 12:06:00-04:00,68.0,68.0,67.95999908447266,67.97000122070312,67.97000122070312,9905
2023-08-08 12:07:00-04:00,67.9749984741211,67.9800033569336,67.93000030517578,67.93000030517578,67.93000030517578,8072
2023-08-08 12:08:00-04:00,67.93000030517578,67.98999786376953,67.91000366210938,67.9749984741211,67.9749984741211,10935
2023-08-08 12:09:00-04:00,67.9800033569336,67.9800033569336,67.95500183105469,67.95999908447266,67.95999908447266,3106
2023-08-08 12:10:00-04:00,67.97000122070312,67.98999786376953,67.94999694824219,67.95999908447266,67.95999908447266,8528
2023-08-08 12:11:00-04:00,67.9625015258789,68.01090240478516,67.95999908447266,68.00499725341797,68.00499725341797,14011
2023-08-08 12:12:00-04:00,68.01000213623047,68.06500244140625,68.00460052490234,68.05999755859375,68.05999755859375,22518
2023-08-08 12:13:00-04:00,68.06999969482422,68.09500122070312,68.05000305175781,68.08999633789062,68.08999633789062,8300
2023-08-08 12:14:00-04:00,68.08999633789062,68.11000061035156,68.06999969482422,68.08999633789062,68.08999633789062,7110
2023-08-08 12:15:00-04:00,68.08999633789062,68.11000061035156,68.06999969482422,68.08999633789062,68.08999633789062,5044
2023-08-08 12:16:00-04:00,68.0999984741211,68.13500213623047,68.0999984741211,68.13500213623047,68.13500213623047,4506
2023-08-08 12:17:00-04:00,68.13500213623047,68.18000030517578,68.12999725341797,68.18000030517578,68.18000030517578,8919
2023-08-08 12:18:00-04:00,68.19499969482422,68.22000122070312,68.16999816894531,68.17500305175781,68.17500305175781,9730
2023-08-08 12:19:00-04:00,68.19000244140625,68.19000244140625,68.12999725341797,68.1500015258789,68.1500015258789,5983
2023-08-08 12:20:00-04:00,68.16500091552734,68.19999694824219,68.16500091552734,68.19999694824219,68.19999694824219,14120
2023-08-08 12:21:00-04:00,68.19499969482422,68.19999694824219,68.1500015258789,68.16999816894531,68.16999816894531,9404
2023-08-08 12:22:00-04:00,68.16000366210938,68.16000366210938,68.0999984741211,68.12000274658203,68.12000274658203,12199
2023-08-08 12:23:00-04:00,68.12000274658203,68.13999938964844,68.08999633789062,68.12000274658203,68.12000274658203,44449
2023-08-08 12:24:00-04:00,68.11000061035156,68.12999725341797,68.0999984741211,68.11000061035156,68.11000061035156,4329
2023-08-08 12:25:00-04:00,68.1050033569336,68.13999938964844,68.0999984741211,68.13680267333984,68.13680267333984,9658
2023-08-08 12:26:00-04:00,68.12999725341797,68.16000366210938,68.125,68.1500015258789,68.1500015258789,19563
2023-08-08 12:27:00-04:00,68.16000366210938,68.17500305175781,68.11499786376953,68.16500091552734,68.16500091552734,30230
2023-08-08 12:28:00-04:00,68.16999816894531,68.19999694824219,68.15499877929688,68.19999694824219,68.19999694824219,13403
2023-08-08 12:29:00-04:00,68.19999694824219,68.20999908447266,68.18000030517578,68.19380187988281,68.19380187988281,8671
2023-08-08 12:30:00-04:00,68.19499969482422,68.19999694824219,68.19000244140625,68.19999694824219,68.19999694824219,7846
2023-08-08 12:31:00-04:00,68.19999694824219,68.2300033569336,68.19999694824219,68.2300033569336,68.2300033569336,8662
2023-08-08 12:32:00-04:00,68.23999786376953,68.23999786376953,68.20500183105469,68.20999908447266,68.20999908447266,6675
2023-08-08 12:33:00-04:00,68.20999908447266,68.26000213623047,68.16999816894531,68.26000213623047,68.26000213623047,15388
2023-08-08 12:34:00-04:00,68.26000213623047,68.30999755859375,68.26000213623047,68.30999755859375,68.30999755859375,7715
2023-08-08 12:35:00-04:00,68.31999969482422,68.33000183105469,68.29199981689453,68.30000305175781,68.30000305175781,11245
2023-08-08 12:36:00-04:00,68.29499816894531,68.30999755859375,68.26499938964844,68.30000305175781,68.30000305175781,12067
2023-08-08 12:37:00-04:00,68.30000305175781,68.33999633789062,68.29000091552734,68.33999633789062,68.33999633789062,6558
2023-08-08 12:38:00-04:00,68.33999633789062,68.34400177001953,68.29000091552734,68.29000091552734,68.29000091552734,7268
2023-08-08 12:39:00-04:00,68.29000091552734,68.29399871826172,68.2300033569336,68.24849700927734,68.24849700927734,9230
2023-08-08 12:40:00-04:00,68.23999786376953,68.23999786376953,68.19000244140625,68.20999908447266,68.20999908447266,6234
2023-08-08 12:41:00-04:00,68.19999694824219,68.2300033569336,68.19000244140625,68.19999694824219,68.19999694824219,16588
2023-08-08 12:42:00-04:00,68.20999908447266,68.25,68.20999908447266,68.25,68.25,6489
2023-08-08 12:43:00-04:00,68.25,68.29499816894531,68.25,68.26000213623047,68.26000213623047,4840
2023-08-08 12:44:00-04:00,68.26499938964844,68.29859924316406,68.26000213623047,68.29000091552734,68.29000091552734,5715
2023-08-08 12:45:00-04:00,68.29499816894531,68.35269927978516,68.27999877929688,68.27999877929688,68.27999877929688,25710
2023-08-08 12:46:00-04:00,68.27999877929688,68.27999877929688,68.23999786376953,68.25,68.25,4394
2023-08-08 12:47:00-04:00,68.25,68.31510162353516,68.25,68.30000305175781,68.30000305175781,6016
2023-08-08 12:48:00-04:00,68.30500030517578,68.33000183105469,68.30010223388672,68.33000183105469,68.33000183105469,5069
2023-08-08 12:49:00-04:00,68.34500122070312,68.36260223388672,68.32499694824219,68.33999633789062,68.33999633789062,16443
2023-08-08 12:50:00-04:00,68.33999633789062,68.4000015258789,68.33000183105469,68.36000061035156,68.36000061035156,21122
2023-08-08 12:51:00-04:00,68.36000061035156,68.36000061035156,68.3499984741211,68.35310363769531,68.35310363769531,2806
2023-08-08 12:52:00-04:00,68.3550033569336,68.35780334472656,68.23999786376953,68.23999786376953,68.23999786376953,12406
2023-08-08 12:53:00-04:00,68.24839782714844,68.27999877929688,68.23999786376953,68.2750015258789,68.2750015258789,7487
2023-08-08 12:54:00-04:00,68.2699966430664,68.33999633789062,68.23999786376953,68.30000305175781,68.30000305175781,20076
2023-08-08 12:55:00-04:00,68.29000091552734,68.30999755859375,68.26000213623047,68.29499816894531,68.29499816894531,6700
2023-08-08 12:56:00-04:00,68.29000091552734,68.30999755859375,68.28500366210938,68.30989837646484,68.30989837646484,10502
2023-08-08 12:57:00-04:00,68.30000305175781,68.30000305175781,68.23999786376953,68.24009704589844,68.24009704589844,21996
2023-08-08 12:58:00-04:00,68.25,68.26000213623047,68.2300033569336,68.23999786376953,68.23999786376953,10963
2023-08-08 12:59:00-04:00,68.24500274658203,68.27999877929688,68.22000122070312,68.27999877929688,68.27999877929688,23327
2023-08-08 13:00:00-04:00,68.27999877929688,68.30000305175781,68.25,68.29000091552734,68.29000091552734,8993
2023-08-08 13:01:00-04:00,68.29000091552734,68.33000183105469,68.2699966430664,68.27999877929688,68.27999877929688,29450
2023-08-08 13:02:00-04:00,68.29000091552734,68.30000305175781,68.20999908447266,68.20999908447266,68.20999908447266,23555
2023-08-08 13:03:00-04:00,68.22000122070312,68.22000122070312,68.16000366210938,68.18000030517578,68.18000030517578,26536
2023-08-08 13:04:00-04:00,68.16999816894531,68.18499755859375,68.16999816894531,68.17500305175781,68.17500305175781,12570
2023-08-08 13:05:00-04:00,68.17500305175781,68.19999694824219,68.16999816894531,68.19999694824219,68.19999694824219,21070
2023-08-08 13:06:00-04:00,68.19000244140625,68.2699966430664,68.19000244140625,68.24500274658203,68.24500274658203,11685
2023-08-08 13:07:00-04:00,68.25,68.26000213623047,68.23999786376953,68.26000213623047,68.26000213623047,4504
2023-08-08 13:08:00-04:00,68.25,68.25499725341797,68.18009948730469,68.2249984741211,68.2249984741211,49858
2023-08-08 13:09:00-04:00,68.23500061035156,68.26499938964844,68.21499633789062,68.24009704589844,68.24009704589844,20975
2023-08-08 13:10:00-04:00,68.2499008178711,68.2699966430664,68.20500183105469,68.22000122070312,68.22000122070312,17858
2023-08-08 13:11:00-04:00,68.2249984741211,68.25499725341797,68.20500183105469,68.25499725341797,68.25499725341797,10018
2023-08-08 13:12:00-04:00,68.25499725341797,68.30000305175781,68.25499725341797,68.29499816894531,68.29499816894531,5788
2023-08-08 13:13:00-04:00,68.29000091552734,68.29000091552734,68.26000213623047,68.26499938964844,68.26499938964844,6123
2023-08-08 13:14:00-04:00,68.26499938964844,68.32009887695312,68.26499938964844,68.30000305175781,68.30000305175781,32402
2023-08-08 13:15:00-04:00,68.30000305175781,68.30999755859375,68.2699966430664,68.30999755859375,68.30999755859375,4743
2023-08-08 13:16:00-04:00,68.30999755859375,68.31500244140625,68.26000213623047,68.2699966430664,68.2699966430664,7494
2023-08-08 13:17:00-04:00,68.27999877929688,68.30110168457031,68.26499938964844,68.28500366210938,68.28500366210938,7106
2023-08-08 13:18:00-04:00,68.29000091552734,68.3499984741211,68.27999877929688,68.27999877929688,68.27999877929688,23296
2023-08-08 13:19:00-04:00,68.2699966430664,68.27999877929688,68.2300033569336,68.25749969482422,68.25749969482422,26427
2023-08-08 13:20:00-04:00,68.26000213623047,68.30000305175781,68.24500274658203,68.27999877929688,68.27999877929688,74573
2023-08-08 13:21:00-04:00,68.30000305175781,68.30000305175781,68.25,68.26000213623047,68.26000213623047,57426
2023-08-08 13:22:00-04:00,68.27999877929688,68.29000091552734,68.22000122070312,68.28250122070312,68.28250122070312,59375
2023-08-08 13:23:00-04:00,68.2699966430664,68.29000091552734,68.25,68.26000213623047,68.26000213623047,5676
2023-08-08 13:24:00-04:00,68.26499938964844,68.27999877929688,68.20999908447266,68.2249984741211,68.2249984741211,8810
2023-08-08 13:25:00-04:00,68.22000122070312,68.2249984741211,68.19000244140625,68.19380187988281,68.19380187988281,7683
2023-08-08 13:26:00-04:00,68.19000244140625,68.23999786376953,68.18000030517578,68.23500061035156,68.23500061035156,7911
2023-08-08 13:27:00-04:00,68.23999786376953,68.25,68.20999908447266,68.2249984741211,68.2249984741211,6793
2023-08-08 13:28:00-04:00,68.22000122070312,68.22859954833984,68.20500183105469,68.20500183105469,68.20500183105469,7005
2023-08-08 13:29:00-04:00,68.20999908447266,68.23999786376953,68.20999908447266,68.22000122070312,68.22000122070312,38095
2023-08-08 13:30:00-04:00,68.22000122070312,68.2300033569336,68.18000030517578,68.18000030517578,68.18000030517578,25281
2023-08-08 13:31:00-04:00,68.18000030517578,68.19000244140625,68.1500015258789,68.15499877929688,68.15499877929688,25434
2023-08-08 13:32:00-04:00,68.16000366210938,68.23999786376953,68.16000366210938,68.22000122070312,68.22000122070312,31605
2023-08-08 13:33:00-04:00,68.22899627685547,68.23500061035156,68.19000244140625,68.20999908447266,68.20999908447266,31340
2023-08-08 13:34:00-04:00,68.20999908447266,68.20999908447266,68.16000366210938,68.16000366210938,68.16000366210938,9968
2023-08-08 13:35:00-04:00,68.16000366210938,68.16000366210938,68.12000274658203,68.1500015258789,68.1500015258789,10280
2023-08-08 13:36:00-04:00,68.16000366210938,68.18000030517578,68.1500015258789,68.1500015258789,68.1500015258789,6675
2023-08-08 13:37:00-04:00,68.1500015258789,68.1500015258789,68.0999984741211,68.1449966430664,68.1449966430664,23605
2023-08-08 13:38:00-04:00,68.13999938964844,68.18000030517578,68.13500213623047,68.16500091552734,68.16500091552734,19785
2023-08-08 13:39:00-04:00,68.16000366210938,68.17500305175781,68.12999725341797,68.14869689941406,68.14869689941406,13404
2023-08-08 13:40:00-04:00,68.14730072021484,68.16999816894531,68.14730072021484,68.1500015258789,68.1500015258789,6810
2023-08-08 13:41:00-04:00,68.1500015258789,68.1500015258789,68.11000061035156,68.13999938964844,68.13999938964844,8068
2023-08-08 13:42:00-04:00,68.12999725341797,68.12999725341797,68.0999984741211,68.12000274658203,68.12000274658203,15647
2023-08-08 13:43:00-04:00,68.12999725341797,68.21499633789062,68.12999725341797,68.20999908447266,68.20999908447266,55621
2023-08-08 13:44:00-04:00,68.21499633789062,68.23999786376953,68.20500183105469,68.20999908447266,68.20999908447266,14038
2023-08-08 13:45:00-04:00,68.20500183105469,68.2300033569336,68.18499755859375,68.20999908447266,68.20999908447266,10134
2023-08-08 13:46:00-04:00,68.20999908447266,68.20999908447266,68.13999938964844,68.13999938964844,68.13999938964844,12579
2023-08-08 13:47:00-04:00,68.125,68.17780303955078,68.125,68.13999938964844,68.13999938964844,7070
2023-08-08 13:48:00-04:00,68.1500015258789,68.2300033569336,68.1500015258789,68.2300033569336,68.2300033569336,7572
2023-08-08 13:49:00-04:00,68.2300033569336,68.23889923095703,68.19499969482422,68.19499969482422,68.19499969482422,7801
2023-08-08 13:50:00-04:00,68.19999694824219,68.20999908447266,68.16000366210938,68.20999908447266,68.20999908447266,12298
2023-08-08 13:51:00-04:00,68.20999908447266,68.22339630126953,68.16000366210938,68.16999816894531,68.16999816894531,24245
2023-08-08 13:52:00-04:00,68.17870330810547,68.18830108642578,68.13500213623047,68.16000366210938,68.16000366210938,25967
2023-08-08 13:53:00-04:00,68.16999816894531,68.18000030517578,68.16000366210938,68.17489624023438,68.17489624023438,9205
2023-08-08 13:54:00-04:00,68.16999816894531,68.20999908447266,68.1500015258789,68.18000030517578,68.18000030517578,35095
2023-08-08 13:55:00-04:00,68.16999816894531,68.16999816894531,68.125,68.12999725341797,68.12999725341797,16210
2023-08-08 13:56:00-04:00,68.12999725341797,68.16000366210938,68.11499786376953,68.16000366210938,68.16000366210938,15146
2023-08-08 13:57:00-04:00,68.16000366210938,68.16000366210938,68.08370208740234,68.08370208740234,68.08370208740234,13597
2023-08-08 13:58:00-04:00,68.08000183105469,68.1050033569336,68.05500030517578,68.1050033569336,68.1050033569336,10191
2023-08-08 13:59:00-04:00,68.1050033569336,68.19999694824219,68.1050033569336,68.19010162353516,68.19010162353516,12445
2023-08-08 14:00:00-04:00,68.19499969482422,68.19499969482422,68.16000366210938,68.18000030517578,68.18000030517578,10970
2023-08-08 14:01:00-04:00,68.19000244140625,68.19999694824219,68.16999816894531,68.18499755859375,68.18499755859375,14582
2023-08-08 14:02:00-04:00,68.19000244140625,68.19000244140625,68.16999816894531,68.18000030517578,68.18000030517578,7117
2023-08-08 14:03:00-04:00,68.18000030517578,68.18000030517578,68.1500015258789,68.16999816894531,68.16999816894531,4403
2023-08-08 14:04:00-04:00,68.16999816894531,68.17500305175781,68.13680267333984,68.15599822998047,68.15599822998047,9907
2023-08-08 14:05:00-04:00,68.16000366210938,68.16500091552734,68.125,68.12999725341797,68.12999725341797,6912
2023-08-08 14:06:00-04:00,68.13500213623047,68.18000030517578,68.125,68.18000030517578,68.18000030517578,12516
2023-08-08 14:07:00-04:00,68.18000030517578,68.1852035522461,68.16000366210938,68.16999816894531,68.16999816894531,16582
2023-08-08 14:08:00-04:00,68.17500305175781,68.20500183105469,68.16000366210938,68.19930267333984,68.19930267333984,10840
2023-08-08 14:09:00-04:00,68.20999908447266,68.2291030883789,68.19000244140625,68.19180297851562,68.19180297851562,8011
2023-08-08 14:10:00-04:00,68.19499969482422,68.20999908447266,68.1897964477539,68.19000244140625,68.19000244140625,6090
2023-08-08 14:11:00-04:00,68.18000030517578,68.23999786376953,68.18000030517578,68.2249984741211,68.2249984741211,16024
2023-08-08 14:12:00-04:00,68.2300033569336,68.26000213623047,68.2300033569336,68.24500274658203,68.24500274658203,17848
2023-08-08 14:13:00-04:00,68.25,68.27999877929688,68.24500274658203,68.26499938964844,68.26499938964844,19662
2023-08-08 14:14:00-04:00,68.2699966430664,68.30000305175781,68.26499938964844,68.29000091552734,68.29000091552734,11575
2023-08-08 14:15:00-04:00,68.29000091552734,68.29039764404297,68.26010131835938,68.2750015258789,68.2750015258789,8463
2023-08-08 14:16:00-04:00,68.27999877929688,68.27999877929688,68.25,68.25,68.25,10156
2023-08-08 14:17:00-04:00,68.23999786376953,68.26000213623047,68.2261962890625,68.23500061035156,68.23500061035156,9669
2023-08-08 14:18:00-04:00,68.23249816894531,68.29000091552734,68.22000122070312,68.26499938964844,68.26499938964844,11004
2023-08-08 14:19:00-04:00,68.26499938964844,68.27999877929688,68.26000213623047,68.26000213623047,68.26000213623047,6989
2023-08-08 14:20:00-04:00,68.26000213623047,68.30999755859375,68.26000213623047,68.30999755859375,68.30999755859375,8034
2023-08-08 14:21:00-04:00,68.30500030517578,68.31999969482422,68.29000091552734,68.30000305175781,68.30000305175781,7581
2023-08-08 14:22:00-04:00,68.29499816894531,68.30999755859375,68.27999877929688,68.27999877929688,68.27999877929688,15548
2023-08-08 14:23:00-04:00,68.2760009765625,68.31999969482422,68.26499938964844,68.31739807128906,68.31739807128906,8381
2023-08-08 14:24:00-04:00,68.30999755859375,68.31500244140625,68.28500366210938,68.31500244140625,68.31500244140625,8522
2023-08-08 14:25:00-04:00,68.31500244140625,68.31500244140625,68.23999786376953,68.26499938964844,68.26499938964844,14762
2023-08-08 14:26:00-04:00,68.26000213623047,68.2699966430664,68.25,68.2699966430664,68.2699966430664,9406
2023-08-08 14:27:00-04:00,68.26000213623047,68.26000213623047,68.20999908447266,68.2300033569336,68.2300033569336,9169
2023-08-08 14:28:00-04:00,68.2249984741211,68.25,68.21499633789062,68.25,68.25,9406
2023-08-08 14:29:00-04:00,68.23999786376953,68.27999877929688,68.23999786376953,68.2699966430664,68.2699966430664,12985
2023-08-08 14:30:00-04:00,68.2750015258789,68.27999877929688,68.26499938964844,68.26499938964844,68.26499938964844,11084
2023-08-08 14:31:00-04:00,68.26499938964844,68.27999877929688,68.24500274658203,68.25,68.25,25581
2023-08-08 14:32:00-04:00,68.25,68.25499725341797,68.22000122070312,68.22000122070312,68.22000122070312,26291
2023-08-08 14:33:00-04:00,68.22000122070312,68.2300033569336,68.18000030517578,68.19000244140625,68.19000244140625,13608
2023-08-08 14:34:00-04:00,68.19000244140625,68.22000122070312,68.19000244140625,68.19000244140625,68.19000244140625,15036
2023-08-08 14:35:00-04:00,68.19999694824219,68.22000122070312,68.19000244140625,68.19999694824219,68.19999694824219,10411
2023-08-08 14:36:00-04:00,68.19999694824219,68.2249984741211,68.19000244140625,68.20500183105469,68.20500183105469,27507
2023-08-08 14:37:00-04:00,68.20999908447266,68.20999908447266,68.18000030517578,68.18499755859375,68.18499755859375,9592
2023-08-08 14:38:00-04:00,68.18499755859375,68.19999694824219,68.16999816894531,68.18000030517578,68.18000030517578,7577
2023-08-08 14:39:00-04:00,68.18499755859375,68.20500183105469,68.18499755859375,68.19000244140625,68.19000244140625,5378
2023-08-08 14:40:00-04:00,68.19999694824219,68.20999908447266,68.18460083007812,68.19999694824219,68.19999694824219,9457
2023-08-08 14:41:00-04:00,68.19999694824219,68.22000122070312,68.18000030517578,68.18000030517578,68.18000030517578,10978
2023-08-08 14:42:00-04:00,68.18000030517578,68.2249984741211,68.18000030517578,68.20999908447266,68.20999908447266,8817
2023-08-08 14:43:00-04:00,68.20999908447266,68.22000122070312,68.19000244140625,68.21299743652344,68.21299743652344,7755
2023-08-08 14:44:00-04:00,68.20999908447266,68.22000122070312,68.18000030517578,68.18000030517578,68.18000030517578,16840
2023-08-08 14:45:00-04:00,68.18990325927734,68.22000122070312,68.18000030517578,68.20220184326172,68.20220184326172,8593
2023-08-08 14:46:00-04:00,68.19999694824219,68.22000122070312,68.19499969482422,68.22000122070312,68.22000122070312,18993
2023-08-08 14:47:00-04:00,68.22000122070312,68.22750091552734,68.20500183105469,68.21009826660156,68.21009826660156,7789
2023-08-08 14:48:00-04:00,68.20999908447266,68.22000122070312,68.19000244140625,68.21499633789062,68.21499633789062,9099
2023-08-08 14:49:00-04:00,68.22000122070312,68.2249984741211,68.20500183105469,68.21499633789062,68.21499633789062,14513
2023-08-08 14:50:00-04:00,68.21499633789062,68.22000122070312,68.19999694824219,68.21499633789062,68.21499633789062,24169
2023-08-08 14:51:00-04:00,68.21810150146484,68.22000122070312,68.19000244140625,68.19029998779297,68.19029998779297,12906
2023-08-08 14:52:00-04:00,68.19000244140625,68.19999694824219,68.18000030517578,68.18000030517578,68.18000030517578,8749
2023-08-08 14:53:00-04:00,68.19000244140625,68.25499725341797,68.19000244140625,68.25499725341797,68.25499725341797,8919
2023-08-08 14:54:00-04:00,68.25,68.2750015258789,68.2300033569336,68.24500274658203,68.24500274658203,9266
2023-08-08 14:55:00-04:00,68.25,68.26499938964844,68.23999786376953,68.25499725341797,68.25499725341797,6178
2023-08-08 14:56:00-04:00,68.25,68.33000183105469,68.25,68.32499694824219,68.32499694824219,13411
2023-08-08 14:57:00-04:00,68.32499694824219,68.32499694824219,68.27999877929688,68.27999877929688,68.27999877929688,24372
2023-08-08 14:58:00-04:00,68.28500366210938,68.28500366210938,68.2699966430664,68.27999877929688,68.27999877929688,10978
2023-08-08 14:59:00-04:00,68.27999877929688,68.30000305175781,68.2699966430664,68.2750015258789,68.2750015258789,18126
2023-08-08 15:00:00-04:00,68.2750015258789,68.29000091552734,68.2699966430664,68.27999877929688,68.27999877929688,23480
2023-08-08 15:01:00-04:00,68.27999877929688,68.28500366210938,68.25499725341797,68.26000213623047,68.26000213623047,14851
2023-08-08 15:02:00-04:00,68.26069641113281,68.27999877929688,68.25,68.25499725341797,68.25499725341797,16230
2023-08-08 15:03:00-04:00,68.25,68.28500366210938,68.25,68.27999877929688,68.27999877929688,17087
2023-08-08 15:04:00-04:00,68.27999877929688,68.30000305175781,68.2699966430664,68.27999877929688,68.27999877929688,24880
2023-08-08 15:05:00-04:00,68.27999877929688,68.30000305175781,68.2750015258789,68.29499816894531,68.29499816894531,19196
2023-08-08 15:06:00-04:00,68.29499816894531,68.33499908447266,68.28500366210938,68.33499908447266,68.33499908447266,17620
2023-08-08 15:07:00-04:00,68.3499984741211,68.3550033569336,68.29000091552734,68.30500030517578,68.30500030517578,63155
2023-08-08 15:08:00-04:00,68.30500030517578,68.3550033569336,68.30500030517578,68.33999633789062,68.33999633789062,8988
2023-08-08 15:09:00-04:00,68.33499908447266,68.34500122070312,68.32499694824219,68.33999633789062,68.33999633789062,10909
2023-08-08 15:10:00-04:00,68.33499908447266,68.33499908447266,68.30000305175781,68.30000305175781,68.30000305175781,10789
2023-08-08 15:11:00-04:00,68.29499816894531,68.33000183105469,68.27999877929688,68.31999969482422,68.31999969482422,9664
2023-08-08 15:12:00-04:00,68.322998046875,68.33000183105469,68.27999877929688,68.29000091552734,68.29000091552734,13636
2023-08-08 15:13:00-04:00,68.27999877929688,68.31500244140625,68.27999877929688,68.29239654541016,68.29239654541016,10288
2023-08-08 15:14:00-04:00,68.29209899902344,68.29209899902344,68.26000213623047,68.29000091552734,68.29000091552734,11793
2023-08-08 15:15:00-04:00,68.29000091552734,68.30000305175781,68.2750015258789,68.29499816894531,68.29499816894531,13456
2023-08-08 15:16:00-04:00,68.29820251464844,68.30000305175781,68.25499725341797,68.26000213623047,68.26000213623047,7940
2023-08-08 15:17:00-04:00,68.25420379638672,68.28500366210938,68.25,68.28500366210938,68.28500366210938,12382
2023-08-08 15:18:00-04:00,68.29000091552734,68.30000305175781,68.2699966430664,68.30000305175781,68.30000305175781,16450
2023-08-08 15:19:00-04:00,68.30000305175781,68.31999969482422,68.29499816894531,68.30819702148438,68.30819702148438,10481
2023-08-08 15:20:00-04:00,68.30999755859375,68.31999969482422,68.29000091552734,68.29000091552734,68.29000091552734,16031
2023-08-08 15:21:00-04:00,68.30999755859375,68.3949966430664,68.30000305175781,68.3949966430664,68.3949966430664,80704
2023-08-08 15:22:00-04:00,68.38999938964844,68.45500183105469,68.38500213623047,68.45500183105469,68.45500183105469,20253
2023-08-08 15:23:00-04:00,68.45999908447266,68.4749984741211,68.44000244140625,68.4749984741211,68.4749984741211,15898
2023-08-08 15:24:00-04:00,68.4749984741211,68.4800033569336,68.45999908447266,68.4749984741211,68.4749984741211,10324
2023-08-08 15:25:00-04:00,68.4800033569336,68.5,68.45999908447266,68.4749984741211,68.4749984741211,15857
2023-08-08 15:26:00-04:00,68.4749984741211,68.5199966430664,68.4749984741211,68.51000213623047,68.51000213623047,11817
2023-08-08 15:27:00-04:00,68.50299835205078,68.52790069580078,68.49500274658203,68.49739837646484,68.49739837646484,11741
2023-08-08 15:28:00-04:00,68.49500274658203,68.51499938964844,68.49500274658203,68.51000213623047,68.51000213623047,14813
2023-08-08 15:29:00-04:00,68.51000213623047,68.55069732666016,68.51000213623047,68.53500366210938,68.53500366210938,16872
2023-08-08 15:30:00-04:00,68.54000091552734,68.54000091552734,68.51000213623047,68.53500366210938,68.53500366210938,16651
2023-08-08 15:31:00-04:00,68.53500366210938,68.54499816894531,68.5,68.51499938964844,68.51499938964844,19044
2023-08-08 15:32:00-04:00,68.51000213623047,68.52999877929688,68.50499725341797,68.5250015258789,68.5250015258789,14678
2023-08-08 15:33:00-04:00,68.52999877929688,68.55500030517578,68.5199966430664,68.54920196533203,68.54920196533203,14224
2023-08-08 15:34:00-04:00,68.55000305175781,68.55750274658203,68.5250015258789,68.54499816894531,68.54499816894531,16381
2023-08-08 15:35:00-04:00,68.54000091552734,68.59500122070312,68.54000091552734,68.55699920654297,68.55699920654297,31933
2023-08-08 15:36:00-04:00,68.55500030517578,68.57499694824219,68.55000305175781,68.55000305175781,68.55000305175781,24673
2023-08-08 15:37:00-04:00,68.54000091552734,68.55500030517578,68.5250015258789,68.55010223388672,68.55010223388672,19388
2023-08-08 15:38:00-04:00,68.55000305175781,68.56999969482422,68.5,68.5,68.5,21499
2023-08-08 15:39:00-04:00,68.48999786376953,68.54000091552734,68.48999786376953,68.53500366210938,68.53500366210938,12301
2023-08-08 15:40:00-04:00,68.52999877929688,68.58000183105469,68.5250015258789,68.58000183105469,68.58000183105469,23117
2023-08-08 15:41:00-04:00,68.58000183105469,68.58999633789062,68.56410217285156,68.58499908447266,68.58499908447266,29675
2023-08-08 15:42:00-04:00,68.58000183105469,68.62999725341797,68.58000183105469,68.5999984741211,68.5999984741211,28161
2023-08-08 15:43:00-04:00,68.6050033569336,68.63999938964844,68.5999984741211,68.62000274658203,68.62000274658203,20903
2023-08-08 15:44:00-04:00,68.62000274658203,68.66999816894531,68.61000061035156,68.65499877929688,68.65499877929688,31118
2023-08-08 15:45:00-04:00,68.65499877929688,68.70500183105469,68.6500015258789,68.70500183105469,68.70500183105469,19249
2023-08-08 15:46:00-04:00,68.70999908447266,68.7300033569336,68.69000244140625,68.7300033569336,68.7300033569336,22972
2023-08-08 15:47:00-04:00,68.7249984741211,68.73500061035156,68.66500091552734,68.69499969482422,68.69499969482422,22677
2023-08-08 15:48:00-04:00,68.69499969482422,68.69999694824219,68.6500015258789,68.65499877929688,68.65499877929688,17507
2023-08-08 15:49:00-04:00,68.65499877929688,68.66999816894531,68.5999984741211,68.5999984741211,68.5999984741211,22295
2023-08-08 15:50:00-04:00,68.61000061035156,68.6500015258789,68.58999633789062,68.625,68.625,33641
2023-08-08 15:51:00-04:00,68.62999725341797,68.64009857177734,68.5999984741211,68.6050033569336,68.6050033569336,22536
2023-08-08 15:52:00-04:00,68.6050033569336,68.61499786376953,68.58000183105469,68.61499786376953,68.61499786376953,42757
2023-08-08 15:53:00-04:00,68.61499786376953,68.62999725341797,68.58499908447266,68.6050033569336,68.6050033569336,32102
2023-08-08 15:54:00-04:00,68.5999984741211,68.5999984741211,68.52999877929688,68.53500366210938,68.53500366210938,28245
2023-08-08 15:55:00-04:00,68.53500366210938,68.61499786376953,68.53500366210938,68.61499786376953,68.61499786376953,59186
2023-08-08 15:56:00-04:00,68.62000274658203,68.625,68.55999755859375,68.57499694824219,68.57499694824219,60688
2023-08-08 15:57:00-04:00,68.57499694824219,68.69999694824219,68.55000305175781,68.69999694824219,68.69999694824219,108085
2023-08-08 15:58:00-04:00,68.69999694824219,68.72000122070312,68.69000244140625,68.72000122070312,68.72000122070312,73079
2023-08-08 15:59:00-04:00,68.72000122070312,68.75,68.69999694824219,68.70999908447266,68.70999908447266,253279
