Date,Open,High,Low,Close,Adj Close,Volume,Date
2023-05-25 09:30:00-04:00,215.41000366210938,216.1999969482422,215.39999389648438,216.19000244140625,216.19000244140625,11569,2023-05-25 09:30:00-04:00
2023-05-25 09:31:00-04:00,215.69500732421875,215.69500732421875,215.69500732421875,215.69500732421875,215.69500732421875,115,2023-05-25 09:31:00-04:00
2023-05-25 09:32:00-04:00,215.67999267578125,215.69000244140625,215.1699981689453,215.1999969482422,215.1999969482422,2498,2023-05-25 09:32:00-04:00
2023-05-25 09:33:00-04:00,215.17999267578125,215.47000122070312,215.17999267578125,215.375,215.375,1753,2023-05-25 09:33:00-04:00
2023-05-25 09:34:00-04:00,215.63999938964844,215.63999938964844,215.63999938964844,215.63999938964844,215.63999938964844,101,2023-05-25 09:34:00-04:00
2023-05-25 09:35:00-04:00,215.39999389648438,215.99000549316406,215.27999877929688,215.9600067138672,215.9600067138672,3254,2023-05-25 09:35:00-04:00
2023-05-25 09:36:00-04:00,215.5800018310547,215.75,215.42999267578125,215.42999267578125,215.42999267578125,1124,2023-05-25 09:36:00-04:00
2023-05-25 09:37:00-04:00,215.44000244140625,215.69000244140625,215.42999267578125,215.5,215.5,2967,2023-05-25 09:37:00-04:00
2023-05-25 09:38:00-04:00,215.5,215.72000122070312,215.5,215.72000122070312,215.72000122070312,449,2023-05-25 09:38:00-04:00
2023-05-25 09:39:00-04:00,215.52999877929688,215.75999450683594,215.5,215.5,215.5,1480,2023-05-25 09:39:00-04:00
2023-05-25 09:40:00-04:00,215.75999450683594,216.0,215.75999450683594,216.0,216.0,980,2023-05-25 09:40:00-04:00
2023-05-25 09:41:00-04:00,215.85000610351562,215.85000610351562,215.78250122070312,215.85000610351562,215.85000610351562,829,2023-05-25 09:41:00-04:00
2023-05-25 09:42:00-04:00,215.91000366210938,216.24000549316406,215.91000366210938,216.24000549316406,216.24000549316406,1452,2023-05-25 09:42:00-04:00
2023-05-25 09:43:00-04:00,216.1300048828125,216.1300048828125,215.9949951171875,216.0,216.0,1639,2023-05-25 09:43:00-04:00
2023-05-25 09:44:00-04:00,215.91000366210938,216.0,215.91000366210938,216.0,216.0,673,2023-05-25 09:44:00-04:00
2023-05-25 09:45:00-04:00,216.3000030517578,216.3000030517578,216.24000549316406,216.24000549316406,216.24000549316406,1171,2023-05-25 09:45:00-04:00
2023-05-25 09:46:00-04:00,216.24000549316406,216.24000549316406,216.19500732421875,216.19500732421875,216.19500732421875,1084,2023-05-25 09:46:00-04:00
2023-05-25 09:48:00-04:00,216.52000427246094,216.52000427246094,216.32000732421875,216.375,216.375,1159,2023-05-25 09:48:00-04:00
2023-05-25 09:49:00-04:00,216.22000122070312,216.22000122070312,216.22000122070312,216.22000122070312,216.22000122070312,380,2023-05-25 09:49:00-04:00
2023-05-25 09:50:00-04:00,216.26499938964844,216.26499938964844,216.26499938964844,216.26499938964844,216.26499938964844,591,2023-05-25 09:50:00-04:00
2023-05-25 09:51:00-04:00,216.31500244140625,216.4600067138672,216.31500244140625,216.4199981689453,216.4199981689453,958,2023-05-25 09:51:00-04:00
2023-05-25 09:52:00-04:00,216.27000427246094,216.3249969482422,216.19000244140625,216.19000244140625,216.19000244140625,2266,2023-05-25 09:52:00-04:00
2023-05-25 09:53:00-04:00,216.32000732421875,216.32000732421875,216.32000732421875,216.32000732421875,216.32000732421875,201,2023-05-25 09:53:00-04:00
2023-05-25 09:54:00-04:00,216.27000427246094,216.35499572753906,216.24000549316406,216.35499572753906,216.35499572753906,1185,2023-05-25 09:54:00-04:00
2023-05-25 09:56:00-04:00,216.36000061035156,216.36000061035156,216.36000061035156,216.36000061035156,216.36000061035156,492,2023-05-25 09:56:00-04:00
2023-05-25 09:57:00-04:00,216.4600067138672,216.4600067138672,216.30999755859375,216.39999389648438,216.39999389648438,2312,2023-05-25 09:57:00-04:00
2023-05-25 09:58:00-04:00,216.40499877929688,216.40499877929688,216.40499877929688,216.40499877929688,216.40499877929688,968,2023-05-25 09:58:00-04:00
2023-05-25 09:59:00-04:00,216.39999389648438,216.39999389648438,216.30499267578125,216.30999755859375,216.30999755859375,636,2023-05-25 09:59:00-04:00
2023-05-25 10:00:00-04:00,216.4499969482422,216.4499969482422,216.31500244140625,216.3350067138672,216.3350067138672,2413,2023-05-25 10:00:00-04:00
2023-05-25 10:01:00-04:00,216.32000732421875,216.4250030517578,216.3000030517578,216.4250030517578,216.4250030517578,3868,2023-05-25 10:01:00-04:00
2023-05-25 10:02:00-04:00,216.5399932861328,216.6300048828125,216.53500366210938,216.53500366210938,216.53500366210938,724,2023-05-25 10:02:00-04:00
2023-05-25 10:03:00-04:00,216.4199981689453,216.4199981689453,216.4199981689453,216.4199981689453,216.4199981689453,472,2023-05-25 10:03:00-04:00
2023-05-25 10:04:00-04:00,216.49000549316406,216.7899932861328,216.47999572753906,216.7899932861328,216.7899932861328,2231,2023-05-25 10:04:00-04:00
2023-05-25 10:05:00-04:00,216.72000122070312,216.7899932861328,216.60000610351562,216.75990295410156,216.75990295410156,3423,2023-05-25 10:05:00-04:00
2023-05-25 10:06:00-04:00,216.63999938964844,216.75,216.6199951171875,216.73500061035156,216.73500061035156,1842,2023-05-25 10:06:00-04:00
2023-05-25 10:07:00-04:00,216.6649932861328,216.6649932861328,216.30999755859375,216.30999755859375,216.30999755859375,11045,2023-05-25 10:07:00-04:00
2023-05-25 10:08:00-04:00,216.39999389648438,216.5800018310547,216.39999389648438,216.50999450683594,216.50999450683594,2843,2023-05-25 10:08:00-04:00
2023-05-25 10:09:00-04:00,216.52999877929688,216.52999877929688,216.4499969482422,216.52999877929688,216.52999877929688,981,2023-05-25 10:09:00-04:00
2023-05-25 10:10:00-04:00,216.38499450683594,216.38499450683594,216.3000030517578,216.3000030517578,216.3000030517578,563,2023-05-25 10:10:00-04:00
2023-05-25 10:11:00-04:00,216.42999267578125,216.49000549316406,216.42999267578125,216.49000549316406,216.49000549316406,810,2023-05-25 10:11:00-04:00
2023-05-25 10:12:00-04:00,216.52499389648438,216.66000366210938,216.52000427246094,216.66000366210938,216.66000366210938,1244,2023-05-25 10:12:00-04:00
2023-05-25 10:13:00-04:00,216.7100067138672,216.7100067138672,216.7100067138672,216.7100067138672,216.7100067138672,755,2023-05-25 10:13:00-04:00
2023-05-25 10:14:00-04:00,216.6999969482422,216.6999969482422,216.6999969482422,216.6999969482422,216.6999969482422,438,2023-05-25 10:14:00-04:00
2023-05-25 10:15:00-04:00,216.69000244140625,216.7100067138672,216.69000244140625,216.7100067138672,216.7100067138672,574,2023-05-25 10:15:00-04:00
2023-05-25 10:17:00-04:00,216.7949981689453,216.82000732421875,216.7899932861328,216.7899932861328,216.7899932861328,921,2023-05-25 10:17:00-04:00
2023-05-25 10:18:00-04:00,216.82000732421875,217.08999633789062,216.82000732421875,216.89999389648438,216.89999389648438,12532,2023-05-25 10:18:00-04:00
2023-05-25 10:19:00-04:00,216.97999572753906,216.97999572753906,216.94000244140625,216.94000244140625,216.94000244140625,1010,2023-05-25 10:19:00-04:00
2023-05-25 10:20:00-04:00,216.83999633789062,216.97500610351562,216.83999633789062,216.94500732421875,216.94500732421875,1435,2023-05-25 10:20:00-04:00
2023-05-25 10:21:00-04:00,216.9499969482422,217.07000732421875,216.8800048828125,217.01499938964844,217.01499938964844,3070,2023-05-25 10:21:00-04:00
2023-05-25 10:22:00-04:00,216.97000122070312,216.97000122070312,216.9600067138672,216.96499633789062,216.96499633789062,1177,2023-05-25 10:22:00-04:00
2023-05-25 10:23:00-04:00,216.89999389648438,216.9149932861328,216.8300018310547,216.9149932861328,216.9149932861328,3098,2023-05-25 10:23:00-04:00
2023-05-25 10:24:00-04:00,216.8300018310547,216.8300018310547,216.82000732421875,216.82000732421875,216.82000732421875,1150,2023-05-25 10:24:00-04:00
2023-05-25 10:25:00-04:00,216.8249969482422,216.8300018310547,216.8249969482422,216.8300018310547,216.8300018310547,215,2023-05-25 10:25:00-04:00
2023-05-25 10:26:00-04:00,216.77999877929688,216.80999755859375,216.7100067138672,216.80999755859375,216.80999755859375,2600,2023-05-25 10:26:00-04:00
2023-05-25 10:27:00-04:00,216.89999389648438,216.89999389648438,216.88999938964844,216.88999938964844,216.88999938964844,397,2023-05-25 10:27:00-04:00
2023-05-25 10:28:00-04:00,216.91000366210938,217.36000061035156,216.91000366210938,217.26499938964844,217.26499938964844,8626,2023-05-25 10:28:00-04:00
2023-05-25 10:29:00-04:00,217.13999938964844,217.13999938964844,216.92999267578125,216.92999267578125,216.92999267578125,3446,2023-05-25 10:29:00-04:00
2023-05-25 10:30:00-04:00,217.00999450683594,217.00999450683594,216.96499633789062,216.97999572753906,216.97999572753906,1670,2023-05-25 10:30:00-04:00
2023-05-25 10:31:00-04:00,216.94000244140625,217.0,216.9199981689453,216.97000122070312,216.97000122070312,2599,2023-05-25 10:31:00-04:00
2023-05-25 10:32:00-04:00,216.97500610351562,217.4499969482422,216.97500610351562,217.36000061035156,217.36000061035156,4049,2023-05-25 10:32:00-04:00
2023-05-25 10:33:00-04:00,217.25,217.25,217.11000061035156,217.16000366210938,217.16000366210938,1634,2023-05-25 10:33:00-04:00
2023-05-25 10:34:00-04:00,217.0500030517578,217.32000732421875,217.0500030517578,217.32000732421875,217.32000732421875,735,2023-05-25 10:34:00-04:00
2023-05-25 10:35:00-04:00,217.07000732421875,217.07000732421875,217.07000732421875,217.07000732421875,217.07000732421875,1175,2023-05-25 10:35:00-04:00
2023-05-25 10:36:00-04:00,217.11000061035156,217.1300048828125,217.0,217.00999450683594,217.00999450683594,2986,2023-05-25 10:36:00-04:00
2023-05-25 10:37:00-04:00,217.00999450683594,217.17999267578125,216.92999267578125,217.0399932861328,217.0399932861328,6447,2023-05-25 10:37:00-04:00
2023-05-25 10:38:00-04:00,217.0399932861328,217.16000366210938,217.02999877929688,217.10000610351562,217.10000610351562,2134,2023-05-25 10:38:00-04:00
2023-05-25 10:39:00-04:00,217.14999389648438,217.2100067138672,217.10000610351562,217.15499877929688,217.15499877929688,1992,2023-05-25 10:39:00-04:00
2023-05-25 10:40:00-04:00,217.1652069091797,217.2100067138672,217.1649932861328,217.1699981689453,217.1699981689453,1082,2023-05-25 10:40:00-04:00
2023-05-25 10:41:00-04:00,217.1999969482422,217.30999755859375,217.1649932861328,217.2899932861328,217.2899932861328,3338,2023-05-25 10:41:00-04:00
2023-05-25 10:42:00-04:00,217.30999755859375,217.30999755859375,217.1875,217.24000549316406,217.24000549316406,2501,2023-05-25 10:42:00-04:00
2023-05-25 10:43:00-04:00,217.24000549316406,217.24000549316406,217.19000244140625,217.22999572753906,217.22999572753906,570,2023-05-25 10:43:00-04:00
2023-05-25 10:44:00-04:00,217.15499877929688,217.19000244140625,217.11000061035156,217.11000061035156,217.11000061035156,4635,2023-05-25 10:44:00-04:00
2023-05-25 10:45:00-04:00,217.11000061035156,217.2899932861328,217.08999633789062,217.2899932861328,217.2899932861328,3526,2023-05-25 10:45:00-04:00
2023-05-25 10:47:00-04:00,217.19000244140625,217.19000244140625,217.08999633789062,217.08999633789062,217.08999633789062,1310,2023-05-25 10:47:00-04:00
2023-05-25 10:48:00-04:00,217.0800018310547,217.0800018310547,216.94000244140625,216.94000244140625,216.94000244140625,1957,2023-05-25 10:48:00-04:00
2023-05-25 10:49:00-04:00,216.9250030517578,217.1199951171875,216.9250030517578,217.1199951171875,217.1199951171875,2896,2023-05-25 10:49:00-04:00
2023-05-25 10:51:00-04:00,217.15499877929688,217.22000122070312,217.13999938964844,217.13999938964844,217.13999938964844,2654,2023-05-25 10:51:00-04:00
2023-05-25 10:52:00-04:00,217.11000061035156,217.14999389648438,217.0399932861328,217.14999389648438,217.14999389648438,2720,2023-05-25 10:52:00-04:00
2023-05-25 10:53:00-04:00,217.13999938964844,217.22000122070312,217.13999938964844,217.19500732421875,217.19500732421875,2805,2023-05-25 10:53:00-04:00
2023-05-25 10:54:00-04:00,217.19500732421875,217.2899932861328,217.19500732421875,217.2899932861328,217.2899932861328,1359,2023-05-25 10:54:00-04:00
2023-05-25 10:55:00-04:00,217.25999450683594,217.4199981689453,217.22999572753906,217.22999572753906,217.22999572753906,5842,2023-05-25 10:55:00-04:00
2023-05-25 10:56:00-04:00,217.16000366210938,217.16000366210938,217.13999938964844,217.13999938964844,217.13999938964844,372,2023-05-25 10:56:00-04:00
2023-05-25 10:57:00-04:00,217.08999633789062,217.10000610351562,217.08999633789062,217.09500122070312,217.09500122070312,1697,2023-05-25 10:57:00-04:00
2023-05-25 10:59:00-04:00,217.10000610351562,217.10000610351562,217.10000610351562,217.10000610351562,217.10000610351562,692,2023-05-25 10:59:00-04:00
2023-05-25 11:00:00-04:00,217.1300048828125,217.1699981689453,217.1300048828125,217.1699981689453,217.1699981689453,1915,2023-05-25 11:00:00-04:00
2023-05-25 11:01:00-04:00,217.10000610351562,217.10000610351562,217.10000610351562,217.10000610351562,217.10000610351562,853,2023-05-25 11:01:00-04:00
2023-05-25 11:02:00-04:00,217.1649932861328,217.1649932861328,217.1649932861328,217.1649932861328,217.1649932861328,1290,2023-05-25 11:02:00-04:00
2023-05-25 11:04:00-04:00,217.26499938964844,217.26499938964844,217.26499938964844,217.26499938964844,217.26499938964844,269,2023-05-25 11:04:00-04:00
2023-05-25 11:05:00-04:00,217.27999877929688,217.35000610351562,217.27999877929688,217.33999633789062,217.33999633789062,1918,2023-05-25 11:05:00-04:00
2023-05-25 11:06:00-04:00,217.2949981689453,217.3800048828125,217.2949981689453,217.30999755859375,217.30999755859375,2474,2023-05-25 11:06:00-04:00
2023-05-25 11:07:00-04:00,217.36500549316406,217.49000549316406,217.36500549316406,217.4499969482422,217.4499969482422,2219,2023-05-25 11:07:00-04:00
2023-05-25 11:08:00-04:00,217.47999572753906,217.52000427246094,217.47999572753906,217.52000427246094,217.52000427246094,518,2023-05-25 11:08:00-04:00
2023-05-25 11:09:00-04:00,217.52000427246094,217.61000061035156,217.52000427246094,217.61000061035156,217.61000061035156,1436,2023-05-25 11:09:00-04:00
2023-05-25 11:10:00-04:00,217.50999450683594,217.5800018310547,217.5,217.5800018310547,217.5800018310547,2607,2023-05-25 11:10:00-04:00
2023-05-25 11:11:00-04:00,217.5800018310547,217.6199951171875,217.5800018310547,217.6199951171875,217.6199951171875,750,2023-05-25 11:11:00-04:00
2023-05-25 11:12:00-04:00,217.64999389648438,217.64999389648438,217.60000610351562,217.60000610351562,217.60000610351562,1869,2023-05-25 11:12:00-04:00
2023-05-25 11:13:00-04:00,217.57000732421875,217.5800018310547,217.47999572753906,217.5800018310547,217.5800018310547,3116,2023-05-25 11:13:00-04:00
2023-05-25 11:14:00-04:00,217.58999633789062,217.625,217.57000732421875,217.57000732421875,217.57000732421875,2382,2023-05-25 11:14:00-04:00
2023-05-25 11:15:00-04:00,217.67999267578125,217.67999267578125,217.67999267578125,217.67999267578125,217.67999267578125,492,2023-05-25 11:15:00-04:00
2023-05-25 11:16:00-04:00,217.6510009765625,217.6510009765625,217.44000244140625,217.44000244140625,217.44000244140625,4593,2023-05-25 11:16:00-04:00
2023-05-25 11:17:00-04:00,217.42999267578125,217.42999267578125,217.27000427246094,217.27000427246094,217.27000427246094,1867,2023-05-25 11:17:00-04:00
2023-05-25 11:18:00-04:00,217.27999877929688,217.27999877929688,217.27999877929688,217.27999877929688,217.27999877929688,287,2023-05-25 11:18:00-04:00
2023-05-25 11:19:00-04:00,217.2100067138672,217.2100067138672,217.19000244140625,217.19000244140625,217.19000244140625,785,2023-05-25 11:19:00-04:00
2023-05-25 11:20:00-04:00,217.19000244140625,217.19000244140625,217.11500549316406,217.14999389648438,217.14999389648438,2975,2023-05-25 11:20:00-04:00
2023-05-25 11:21:00-04:00,217.0800018310547,217.08999633789062,217.02999877929688,217.02999877929688,217.02999877929688,1545,2023-05-25 11:21:00-04:00
2023-05-25 11:22:00-04:00,217.0500030517578,217.1300048828125,217.02000427246094,217.1300048828125,217.1300048828125,1468,2023-05-25 11:22:00-04:00
2023-05-25 11:23:00-04:00,217.11500549316406,217.125,216.9550018310547,216.9550018310547,216.9550018310547,3549,2023-05-25 11:23:00-04:00
2023-05-25 11:24:00-04:00,216.9600067138672,216.9600067138672,216.88999938964844,216.88999938964844,216.88999938964844,751,2023-05-25 11:24:00-04:00
2023-05-25 11:25:00-04:00,216.9134979248047,216.9134979248047,216.8300018310547,216.8300018310547,216.8300018310547,2234,2023-05-25 11:25:00-04:00
2023-05-25 11:26:00-04:00,216.77000427246094,216.7899932861328,216.7100067138672,216.74000549316406,216.74000549316406,2109,2023-05-25 11:26:00-04:00
2023-05-25 11:28:00-04:00,216.69000244140625,216.80999755859375,216.69000244140625,216.76499938964844,216.76499938964844,693,2023-05-25 11:28:00-04:00
2023-05-25 11:29:00-04:00,216.83999633789062,216.9499969482422,216.83999633789062,216.9499969482422,216.9499969482422,2164,2023-05-25 11:29:00-04:00
2023-05-25 11:30:00-04:00,216.9499969482422,216.9499969482422,216.94000244140625,216.94000244140625,216.94000244140625,289,2023-05-25 11:30:00-04:00
2023-05-25 11:31:00-04:00,216.9499969482422,216.9499969482422,216.9199981689453,216.94000244140625,216.94000244140625,1599,2023-05-25 11:31:00-04:00
2023-05-25 11:32:00-04:00,216.94000244140625,217.0850067138672,216.9199981689453,217.0850067138672,217.0850067138672,3848,2023-05-25 11:32:00-04:00
2023-05-25 11:34:00-04:00,216.94000244140625,216.94000244140625,216.92999267578125,216.92999267578125,216.92999267578125,1528,2023-05-25 11:34:00-04:00
2023-05-25 11:35:00-04:00,216.80499267578125,216.8300018310547,216.75999450683594,216.76499938964844,216.76499938964844,1727,2023-05-25 11:35:00-04:00
2023-05-25 11:36:00-04:00,216.77999877929688,216.77999877929688,216.75999450683594,216.77000427246094,216.77000427246094,703,2023-05-25 11:36:00-04:00
2023-05-25 11:37:00-04:00,216.72000122070312,216.72999572753906,216.71499633789062,216.72999572753906,216.72999572753906,536,2023-05-25 11:37:00-04:00
2023-05-25 11:38:00-04:00,216.72999572753906,216.7550048828125,216.72999572753906,216.75,216.75,1379,2023-05-25 11:38:00-04:00
2023-05-25 11:39:00-04:00,216.80999755859375,216.8300018310547,216.78500366210938,216.78500366210938,216.78500366210938,1480,2023-05-25 11:39:00-04:00
2023-05-25 11:40:00-04:00,216.7899932861328,216.80999755859375,216.72000122070312,216.77999877929688,216.77999877929688,5019,2023-05-25 11:40:00-04:00
2023-05-25 11:41:00-04:00,216.72999572753906,216.85000610351562,216.72000122070312,216.85000610351562,216.85000610351562,1977,2023-05-25 11:41:00-04:00
2023-05-25 11:42:00-04:00,216.83999633789062,216.83999633789062,216.7899932861328,216.7899932861328,216.7899932861328,795,2023-05-25 11:42:00-04:00
2023-05-25 11:43:00-04:00,216.8800048828125,216.8800048828125,216.8800048828125,216.8800048828125,216.8800048828125,301,2023-05-25 11:43:00-04:00
2023-05-25 11:44:00-04:00,216.8249969482422,216.86000061035156,216.80999755859375,216.80999755859375,216.80999755859375,1027,2023-05-25 11:44:00-04:00
2023-05-25 11:45:00-04:00,216.83999633789062,216.83999633789062,216.83999633789062,216.83999633789062,216.83999633789062,104,2023-05-25 11:45:00-04:00
2023-05-25 11:46:00-04:00,216.80999755859375,216.8800048828125,216.80999755859375,216.83999633789062,216.83999633789062,1051,2023-05-25 11:46:00-04:00
2023-05-25 11:47:00-04:00,216.80999755859375,216.9600067138672,216.80999755859375,216.9600067138672,216.9600067138672,2093,2023-05-25 11:47:00-04:00
2023-05-25 11:48:00-04:00,216.94000244140625,217.07000732421875,216.9250030517578,216.92999267578125,216.92999267578125,2554,2023-05-25 11:48:00-04:00
2023-05-25 11:49:00-04:00,216.9499969482422,216.97000122070312,216.9499969482422,216.97000122070312,216.97000122070312,548,2023-05-25 11:49:00-04:00
2023-05-25 11:50:00-04:00,216.97000122070312,216.97000122070312,216.91000366210938,216.95249938964844,216.95249938964844,1235,2023-05-25 11:50:00-04:00
2023-05-25 11:51:00-04:00,216.95249938964844,217.08999633789062,216.95249938964844,217.08999633789062,217.08999633789062,1519,2023-05-25 11:51:00-04:00
2023-05-25 11:52:00-04:00,217.10499572753906,217.1699981689453,217.10499572753906,217.14999389648438,217.14999389648438,1026,2023-05-25 11:52:00-04:00
2023-05-25 11:53:00-04:00,217.1699981689453,217.4199981689453,217.16000366210938,217.24000549316406,217.24000549316406,2273,2023-05-25 11:53:00-04:00
2023-05-25 11:54:00-04:00,217.24000549316406,217.24000549316406,217.1699981689453,217.17999267578125,217.17999267578125,1694,2023-05-25 11:54:00-04:00
2023-05-25 11:55:00-04:00,217.1649932861328,217.1649932861328,217.1649932861328,217.1649932861328,217.1649932861328,218,2023-05-25 11:55:00-04:00
2023-05-25 11:56:00-04:00,217.2100067138672,217.22999572753906,217.2100067138672,217.22999572753906,217.22999572753906,312,2023-05-25 11:56:00-04:00
2023-05-25 11:57:00-04:00,217.1199951171875,217.28990173339844,217.1199951171875,217.23849487304688,217.23849487304688,3282,2023-05-25 11:57:00-04:00
2023-05-25 11:58:00-04:00,217.28990173339844,217.28990173339844,217.22999572753906,217.22999572753906,217.22999572753906,614,2023-05-25 11:58:00-04:00
2023-05-25 11:59:00-04:00,217.1999969482422,217.2899932861328,217.1999969482422,217.23500061035156,217.23500061035156,1355,2023-05-25 11:59:00-04:00
2023-05-25 12:00:00-04:00,217.35000610351562,217.39999389648438,217.3249969482422,217.3249969482422,217.3249969482422,1728,2023-05-25 12:00:00-04:00
2023-05-25 12:01:00-04:00,217.3249969482422,217.3249969482422,217.32000732421875,217.32000732421875,217.32000732421875,369,2023-05-25 12:01:00-04:00
2023-05-25 12:02:00-04:00,217.30999755859375,217.36000061035156,217.30999755859375,217.35000610351562,217.35000610351562,721,2023-05-25 12:02:00-04:00
2023-05-25 12:03:00-04:00,217.35159301757812,217.35159301757812,217.30499267578125,217.3074951171875,217.3074951171875,3427,2023-05-25 12:03:00-04:00
2023-05-25 12:04:00-04:00,217.33999633789062,217.4199981689453,217.3300018310547,217.4199981689453,217.4199981689453,2066,2023-05-25 12:04:00-04:00
2023-05-25 12:05:00-04:00,217.36500549316406,217.36500549316406,217.36500549316406,217.36500549316406,217.36500549316406,250,2023-05-25 12:05:00-04:00
2023-05-25 12:06:00-04:00,217.35499572753906,217.35499572753906,217.25,217.30499267578125,217.30499267578125,2011,2023-05-25 12:06:00-04:00
2023-05-25 12:07:00-04:00,217.3699951171875,217.38999938964844,217.3699951171875,217.3699951171875,217.3699951171875,544,2023-05-25 12:07:00-04:00
2023-05-25 12:08:00-04:00,217.4199981689453,217.4499969482422,217.4199981689453,217.4499969482422,217.4499969482422,897,2023-05-25 12:08:00-04:00
2023-05-25 12:09:00-04:00,217.4499969482422,217.4499969482422,217.39999389648438,217.39999389648438,217.39999389648438,666,2023-05-25 12:09:00-04:00
2023-05-25 12:10:00-04:00,217.4499969482422,217.52000427246094,217.4499969482422,217.4499969482422,217.4499969482422,625,2023-05-25 12:10:00-04:00
2023-05-25 12:12:00-04:00,217.52999877929688,217.5800018310547,217.52999877929688,217.5800018310547,217.5800018310547,1068,2023-05-25 12:12:00-04:00
2023-05-25 12:13:00-04:00,217.5800018310547,217.64999389648438,217.52000427246094,217.64999389648438,217.64999389648438,2015,2023-05-25 12:13:00-04:00
2023-05-25 12:14:00-04:00,217.6199951171875,217.6199951171875,217.57000732421875,217.60000610351562,217.60000610351562,443,2023-05-25 12:14:00-04:00
2023-05-25 12:15:00-04:00,217.61749267578125,217.61749267578125,217.5399932861328,217.5399932861328,217.5399932861328,2075,2023-05-25 12:15:00-04:00
2023-05-25 12:16:00-04:00,217.60000610351562,217.63999938964844,217.60000610351562,217.60000610351562,217.60000610351562,562,2023-05-25 12:16:00-04:00
2023-05-25 12:17:00-04:00,217.64999389648438,217.66000366210938,217.64999389648438,217.66000366210938,217.66000366210938,814,2023-05-25 12:17:00-04:00
2023-05-25 12:18:00-04:00,217.7100067138672,217.7100067138672,217.5800018310547,217.5800018310547,217.5800018310547,2206,2023-05-25 12:18:00-04:00
2023-05-25 12:19:00-04:00,217.58999633789062,217.58999633789062,217.52999877929688,217.52999877929688,217.52999877929688,508,2023-05-25 12:19:00-04:00
2023-05-25 12:20:00-04:00,217.5850067138672,217.5850067138672,217.5850067138672,217.5850067138672,217.5850067138672,100,2023-05-25 12:20:00-04:00
2023-05-25 12:21:00-04:00,217.52999877929688,217.5800018310547,217.52000427246094,217.55999755859375,217.55999755859375,934,2023-05-25 12:21:00-04:00
2023-05-25 12:22:00-04:00,217.61000061035156,217.63499450683594,217.60000610351562,217.60000610351562,217.60000610351562,1060,2023-05-25 12:22:00-04:00
2023-05-25 12:24:00-04:00,217.6199951171875,217.625,217.4250030517578,217.4250030517578,217.4250030517578,2690,2023-05-25 12:24:00-04:00
2023-05-25 12:25:00-04:00,217.47000122070312,217.47999572753906,217.3699951171875,217.375,217.375,3022,2023-05-25 12:25:00-04:00
2023-05-25 12:26:00-04:00,217.3699951171875,217.3699951171875,217.35000610351562,217.35000610351562,217.35000610351562,444,2023-05-25 12:26:00-04:00
2023-05-25 12:27:00-04:00,217.39999389648438,217.41000366210938,217.30999755859375,217.32000732421875,217.32000732421875,2453,2023-05-25 12:27:00-04:00
2023-05-25 12:28:00-04:00,217.41000366210938,217.41000366210938,217.41000366210938,217.41000366210938,217.41000366210938,211,2023-05-25 12:28:00-04:00
2023-05-25 12:30:00-04:00,217.41000366210938,217.41000366210938,217.22000122070312,217.22000122070312,217.22000122070312,1470,2023-05-25 12:30:00-04:00
2023-05-25 12:31:00-04:00,217.19000244140625,217.19000244140625,217.19000244140625,217.19000244140625,217.19000244140625,119,2023-05-25 12:31:00-04:00
2023-05-25 12:32:00-04:00,217.1699981689453,217.24000549316406,217.1699981689453,217.24000549316406,217.24000549316406,238,2023-05-25 12:32:00-04:00
2023-05-25 12:33:00-04:00,217.2899932861328,217.2899932861328,217.2899932861328,217.2899932861328,217.2899932861328,217,2023-05-25 12:33:00-04:00
2023-05-25 12:34:00-04:00,217.14999389648438,217.17999267578125,217.02499389648438,217.05999755859375,217.05999755859375,1582,2023-05-25 12:34:00-04:00
2023-05-25 12:37:00-04:00,217.0800018310547,217.0865936279297,217.0800018310547,217.0865936279297,217.0865936279297,1147,2023-05-25 12:37:00-04:00
2023-05-25 12:38:00-04:00,217.02999877929688,217.02999877929688,217.02999877929688,217.02999877929688,217.02999877929688,451,2023-05-25 12:38:00-04:00
2023-05-25 12:40:00-04:00,217.1199951171875,217.24000549316406,217.1199951171875,217.24000549316406,217.24000549316406,1529,2023-05-25 12:40:00-04:00
2023-05-25 12:41:00-04:00,217.25,217.27000427246094,217.25,217.27000427246094,217.27000427246094,728,2023-05-25 12:41:00-04:00
2023-05-25 12:42:00-04:00,217.27499389648438,217.27499389648438,217.27499389648438,217.27499389648438,217.27499389648438,169,2023-05-25 12:42:00-04:00
2023-05-25 12:43:00-04:00,217.24000549316406,217.27999877929688,217.24000549316406,217.25999450683594,217.25999450683594,508,2023-05-25 12:43:00-04:00
2023-05-25 12:45:00-04:00,217.2550048828125,217.3000030517578,217.25,217.3000030517578,217.3000030517578,559,2023-05-25 12:45:00-04:00
2023-05-25 12:46:00-04:00,217.26499938964844,217.26499938964844,217.25,217.25,217.25,631,2023-05-25 12:46:00-04:00
2023-05-25 12:47:00-04:00,217.2100067138672,217.25,217.19000244140625,217.19000244140625,217.19000244140625,1493,2023-05-25 12:47:00-04:00
2023-05-25 12:48:00-04:00,217.22999572753906,217.22999572753906,217.1925048828125,217.1925048828125,217.1925048828125,243,2023-05-25 12:48:00-04:00
2023-05-25 12:49:00-04:00,217.1999969482422,217.2100067138672,217.1999969482422,217.2100067138672,217.2100067138672,873,2023-05-25 12:49:00-04:00
2023-05-25 12:52:00-04:00,217.2550048828125,217.2550048828125,217.2550048828125,217.2550048828125,217.2550048828125,362,2023-05-25 12:52:00-04:00
2023-05-25 12:53:00-04:00,217.25,217.25,217.25,217.25,217.25,204,2023-05-25 12:53:00-04:00
2023-05-25 12:54:00-04:00,217.25,217.25,217.24000549316406,217.24000549316406,217.24000549316406,813,2023-05-25 12:54:00-04:00
2023-05-25 12:55:00-04:00,217.32000732421875,217.32000732421875,217.32000732421875,217.32000732421875,217.32000732421875,558,2023-05-25 12:55:00-04:00
2023-05-25 12:56:00-04:00,217.41000366210938,217.42999267578125,217.38999938964844,217.38999938964844,217.38999938964844,1277,2023-05-25 12:56:00-04:00
2023-05-25 12:57:00-04:00,217.47999572753906,217.57989501953125,217.47999572753906,217.5,217.5,387,2023-05-25 12:57:00-04:00
2023-05-25 12:58:00-04:00,217.5,217.5399932861328,217.49000549316406,217.5399932861328,217.5399932861328,1495,2023-05-25 12:58:00-04:00
2023-05-25 12:59:00-04:00,217.44000244140625,217.44000244140625,217.35000610351562,217.36000061035156,217.36000061035156,2399,2023-05-25 12:59:00-04:00
2023-05-25 13:00:00-04:00,217.3699951171875,217.5,217.3699951171875,217.5,217.5,985,2023-05-25 13:00:00-04:00
2023-05-25 13:02:00-04:00,217.35000610351562,217.35000610351562,217.2899932861328,217.3249969482422,217.3249969482422,755,2023-05-25 13:02:00-04:00
2023-05-25 13:03:00-04:00,217.31719970703125,217.47000122070312,217.31719970703125,217.47000122070312,217.47000122070312,544,2023-05-25 13:03:00-04:00
2023-05-25 13:04:00-04:00,217.38499450683594,217.38499450683594,217.38499450683594,217.38499450683594,217.38499450683594,702,2023-05-25 13:04:00-04:00
2023-05-25 13:06:00-04:00,217.47999572753906,217.49000549316406,217.4199981689453,217.4199981689453,217.4199981689453,1028,2023-05-25 13:06:00-04:00
2023-05-25 13:08:00-04:00,217.44000244140625,217.44000244140625,217.44000244140625,217.44000244140625,217.44000244140625,228,2023-05-25 13:08:00-04:00
2023-05-25 13:09:00-04:00,217.47999572753906,217.47999572753906,217.4199981689453,217.4199981689453,217.4199981689453,1141,2023-05-25 13:09:00-04:00
2023-05-25 13:11:00-04:00,217.46499633789062,217.47000122070312,217.46499633789062,217.47000122070312,217.47000122070312,597,2023-05-25 13:11:00-04:00
2023-05-25 13:12:00-04:00,217.50999450683594,217.52000427246094,217.50999450683594,217.52000427246094,217.52000427246094,1233,2023-05-25 13:12:00-04:00
2023-05-25 13:16:00-04:00,217.60000610351562,217.60000610351562,217.60000610351562,217.60000610351562,217.60000610351562,571,2023-05-25 13:16:00-04:00
2023-05-25 13:18:00-04:00,217.6999969482422,217.6999969482422,217.6999969482422,217.6999969482422,217.6999969482422,438,2023-05-25 13:18:00-04:00
2023-05-25 13:19:00-04:00,217.77999877929688,217.77999877929688,217.67999267578125,217.67999267578125,217.67999267578125,306,2023-05-25 13:19:00-04:00
2023-05-25 13:20:00-04:00,217.7899932861328,217.8000030517578,217.75,217.7550048828125,217.7550048828125,2471,2023-05-25 13:20:00-04:00
2023-05-25 13:21:00-04:00,217.75,217.7899932861328,217.75,217.7899932861328,217.7899932861328,1600,2023-05-25 13:21:00-04:00
2023-05-25 13:24:00-04:00,217.74000549316406,217.74000549316406,217.74000549316406,217.74000549316406,217.74000549316406,185,2023-05-25 13:24:00-04:00
2023-05-25 13:25:00-04:00,217.78329467773438,217.78329467773438,217.74000549316406,217.74000549316406,217.74000549316406,868,2023-05-25 13:25:00-04:00
2023-05-25 13:26:00-04:00,217.8300018310547,217.8800048828125,217.75,217.8800048828125,217.8800048828125,1968,2023-05-25 13:26:00-04:00
2023-05-25 13:27:00-04:00,217.91000366210938,217.9499969482422,217.88999938964844,217.94000244140625,217.94000244140625,1199,2023-05-25 13:27:00-04:00
2023-05-25 13:28:00-04:00,217.94000244140625,217.94000244140625,217.8699951171875,217.92999267578125,217.92999267578125,2699,2023-05-25 13:28:00-04:00
2023-05-25 13:29:00-04:00,217.92999267578125,217.92999267578125,217.92999267578125,217.92999267578125,217.92999267578125,327,2023-05-25 13:29:00-04:00
2023-05-25 13:30:00-04:00,217.99000549316406,218.0,217.98500061035156,217.98500061035156,217.98500061035156,1057,2023-05-25 13:30:00-04:00
2023-05-25 13:32:00-04:00,218.00999450683594,218.11000061035156,218.00999450683594,218.11000061035156,218.11000061035156,1315,2023-05-25 13:32:00-04:00
2023-05-25 13:33:00-04:00,218.07000732421875,218.10000610351562,217.9600067138672,217.97999572753906,217.97999572753906,5571,2023-05-25 13:33:00-04:00
2023-05-25 13:34:00-04:00,218.02000427246094,218.10000610351562,218.02000427246094,218.0850067138672,218.0850067138672,1694,2023-05-25 13:34:00-04:00
2023-05-25 13:35:00-04:00,218.02000427246094,218.02000427246094,217.98500061035156,217.98500061035156,217.98500061035156,976,2023-05-25 13:35:00-04:00
2023-05-25 13:36:00-04:00,217.9199981689453,217.92999267578125,217.9199981689453,217.92999267578125,217.92999267578125,524,2023-05-25 13:36:00-04:00
2023-05-25 13:38:00-04:00,217.86000061035156,217.88999938964844,217.85000610351562,217.88999938964844,217.88999938964844,1259,2023-05-25 13:38:00-04:00
2023-05-25 13:39:00-04:00,217.85000610351562,217.88999938964844,217.80999755859375,217.88999938964844,217.88999938964844,1765,2023-05-25 13:39:00-04:00
2023-05-25 13:41:00-04:00,217.84500122070312,217.84500122070312,217.84500122070312,217.84500122070312,217.84500122070312,845,2023-05-25 13:41:00-04:00
2023-05-25 13:43:00-04:00,217.9499969482422,217.9499969482422,217.88499450683594,217.9250030517578,217.9250030517578,1075,2023-05-25 13:43:00-04:00
2023-05-25 13:44:00-04:00,217.9199981689453,217.9250030517578,217.8699951171875,217.8699951171875,217.8699951171875,2061,2023-05-25 13:44:00-04:00
2023-05-25 13:46:00-04:00,217.8300018310547,217.8300018310547,217.8300018310547,217.8300018310547,217.8300018310547,459,2023-05-25 13:46:00-04:00
2023-05-25 13:47:00-04:00,217.89999389648438,217.94000244140625,217.89999389648438,217.94000244140625,217.94000244140625,704,2023-05-25 13:47:00-04:00
2023-05-25 13:48:00-04:00,217.9499969482422,217.97000122070312,217.94000244140625,217.97000122070312,217.97000122070312,1508,2023-05-25 13:48:00-04:00
2023-05-25 13:49:00-04:00,217.8699951171875,217.92999267578125,217.8699951171875,217.92999267578125,217.92999267578125,1114,2023-05-25 13:49:00-04:00
2023-05-25 13:50:00-04:00,217.9199981689453,217.9199981689453,217.89999389648438,217.89999389648438,217.89999389648438,379,2023-05-25 13:50:00-04:00
2023-05-25 13:51:00-04:00,217.89999389648438,218.0,217.8699951171875,218.0,218.0,2687,2023-05-25 13:51:00-04:00
2023-05-25 13:52:00-04:00,217.9600067138672,217.9600067138672,217.94500732421875,217.94500732421875,217.94500732421875,1018,2023-05-25 13:52:00-04:00
2023-05-25 13:53:00-04:00,217.9550018310547,217.9550018310547,217.9550018310547,217.9550018310547,217.9550018310547,602,2023-05-25 13:53:00-04:00
2023-05-25 13:54:00-04:00,217.95249938964844,217.95249938964844,217.85000610351562,217.86000061035156,217.86000061035156,3945,2023-05-25 13:54:00-04:00
2023-05-25 13:55:00-04:00,217.9600067138672,217.9600067138672,217.9600067138672,217.9600067138672,217.9600067138672,198,2023-05-25 13:55:00-04:00
2023-05-25 13:56:00-04:00,217.9600067138672,217.9600067138672,217.9600067138672,217.9600067138672,217.9600067138672,718,2023-05-25 13:56:00-04:00
2023-05-25 13:57:00-04:00,217.9571075439453,218.13999938964844,217.9571075439453,218.11000061035156,218.11000061035156,5116,2023-05-25 13:57:00-04:00
2023-05-25 13:58:00-04:00,218.10000610351562,218.11000061035156,218.08999633789062,218.08999633789062,218.08999633789062,936,2023-05-25 13:58:00-04:00
2023-05-25 13:59:00-04:00,218.14999389648438,218.14999389648438,218.1199951171875,218.1199951171875,218.1199951171875,875,2023-05-25 13:59:00-04:00
2023-05-25 14:00:00-04:00,218.14999389648438,218.5,218.14999389648438,218.5,218.5,1735,2023-05-25 14:00:00-04:00
2023-05-25 14:01:00-04:00,218.61000061035156,218.6300048828125,218.61000061035156,218.6300048828125,218.6300048828125,519,2023-05-25 14:01:00-04:00
2023-05-25 14:02:00-04:00,218.6300048828125,218.6300048828125,218.44000244140625,218.44000244140625,218.44000244140625,3466,2023-05-25 14:02:00-04:00
2023-05-25 14:03:00-04:00,218.3800048828125,218.39999389648438,218.36000061035156,218.36000061035156,218.36000061035156,2329,2023-05-25 14:03:00-04:00
2023-05-25 14:04:00-04:00,218.33999633789062,218.41000366210938,218.33999633789062,218.39999389648438,218.39999389648438,1340,2023-05-25 14:04:00-04:00
2023-05-25 14:05:00-04:00,218.39999389648438,218.39999389648438,218.39999389648438,218.39999389648438,218.39999389648438,487,2023-05-25 14:05:00-04:00
2023-05-25 14:06:00-04:00,218.32000732421875,218.35499572753906,218.30999755859375,218.30999755859375,218.30999755859375,2013,2023-05-25 14:06:00-04:00
2023-05-25 14:08:00-04:00,218.3000030517578,218.3000030517578,218.25,218.25,218.25,717,2023-05-25 14:08:00-04:00
2023-05-25 14:09:00-04:00,218.27999877929688,218.27999877929688,218.25999450683594,218.27999877929688,218.27999877929688,573,2023-05-25 14:09:00-04:00
2023-05-25 14:10:00-04:00,218.27999877929688,218.33999633789062,218.25999450683594,218.33999633789062,218.33999633789062,1364,2023-05-25 14:10:00-04:00
2023-05-25 14:11:00-04:00,218.33999633789062,218.36000061035156,218.33999633789062,218.36000061035156,218.36000061035156,613,2023-05-25 14:11:00-04:00
2023-05-25 14:13:00-04:00,218.34500122070312,218.34500122070312,218.34500122070312,218.34500122070312,218.34500122070312,192,2023-05-25 14:13:00-04:00
2023-05-25 14:14:00-04:00,218.3800048828125,218.44000244140625,218.3800048828125,218.41000366210938,218.41000366210938,3135,2023-05-25 14:14:00-04:00
2023-05-25 14:15:00-04:00,218.5500030517578,218.5500030517578,218.5500030517578,218.5500030517578,218.5500030517578,630,2023-05-25 14:15:00-04:00
2023-05-25 14:16:00-04:00,218.5399932861328,218.5399932861328,218.5399932861328,218.5399932861328,218.5399932861328,517,2023-05-25 14:16:00-04:00
2023-05-25 14:17:00-04:00,218.58999633789062,218.58999633789062,218.58999633789062,218.58999633789062,218.58999633789062,1055,2023-05-25 14:17:00-04:00
2023-05-25 14:18:00-04:00,218.59500122070312,218.59500122070312,218.59500122070312,218.59500122070312,218.59500122070312,136,2023-05-25 14:18:00-04:00
2023-05-25 14:19:00-04:00,218.59500122070312,218.59500122070312,218.57000732421875,218.58999633789062,218.58999633789062,1546,2023-05-25 14:19:00-04:00
2023-05-25 14:20:00-04:00,218.60499572753906,218.60499572753906,218.55999755859375,218.58999633789062,218.58999633789062,1359,2023-05-25 14:20:00-04:00
2023-05-25 14:21:00-04:00,218.58999633789062,218.58999633789062,218.5800018310547,218.5800018310547,218.5800018310547,581,2023-05-25 14:21:00-04:00
2023-05-25 14:23:00-04:00,218.58999633789062,218.59500122070312,218.58999633789062,218.59500122070312,218.59500122070312,492,2023-05-25 14:23:00-04:00
2023-05-25 14:24:00-04:00,218.5800018310547,218.5800018310547,218.5500030517578,218.5500030517578,218.5500030517578,2962,2023-05-25 14:24:00-04:00
2023-05-25 14:25:00-04:00,218.5500030517578,218.58990478515625,218.47000122070312,218.47000122070312,218.47000122070312,2313,2023-05-25 14:25:00-04:00
2023-05-25 14:26:00-04:00,218.4600067138672,218.57000732421875,218.42999267578125,218.57000732421875,218.57000732421875,1364,2023-05-25 14:26:00-04:00
2023-05-25 14:27:00-04:00,218.57000732421875,218.58999633789062,218.57000732421875,218.58999633789062,218.58999633789062,985,2023-05-25 14:27:00-04:00
2023-05-25 14:28:00-04:00,218.4949951171875,218.4949951171875,218.4949951171875,218.4949951171875,218.4949951171875,243,2023-05-25 14:28:00-04:00
2023-05-25 14:29:00-04:00,218.61000061035156,218.61000061035156,218.61000061035156,218.61000061035156,218.61000061035156,162,2023-05-25 14:29:00-04:00
2023-05-25 14:30:00-04:00,218.58999633789062,218.58999633789062,218.58999633789062,218.58999633789062,218.58999633789062,229,2023-05-25 14:30:00-04:00
2023-05-25 14:31:00-04:00,218.5399932861328,218.58999633789062,218.47999572753906,218.51499938964844,218.51499938964844,2381,2023-05-25 14:31:00-04:00
2023-05-25 14:32:00-04:00,218.52000427246094,218.52000427246094,218.35000610351562,218.35499572753906,218.35499572753906,1957,2023-05-25 14:32:00-04:00
2023-05-25 14:33:00-04:00,218.35499572753906,218.35499572753906,218.27000427246094,218.27000427246094,218.27000427246094,1282,2023-05-25 14:33:00-04:00
2023-05-25 14:34:00-04:00,218.24000549316406,218.24000549316406,218.18499755859375,218.2324981689453,218.2324981689453,1302,2023-05-25 14:34:00-04:00
2023-05-25 14:35:00-04:00,218.1929931640625,218.2657928466797,218.1699981689453,218.22000122070312,218.22000122070312,2148,2023-05-25 14:35:00-04:00
2023-05-25 14:36:00-04:00,218.22999572753906,218.36000061035156,218.1999969482422,218.35000610351562,218.35000610351562,1565,2023-05-25 14:36:00-04:00
2023-05-25 14:37:00-04:00,218.38999938964844,218.42250061035156,218.33680725097656,218.33680725097656,218.33680725097656,1966,2023-05-25 14:37:00-04:00
2023-05-25 14:38:00-04:00,218.3300018310547,218.3300018310547,218.3000030517578,218.3000030517578,218.3000030517578,1396,2023-05-25 14:38:00-04:00
2023-05-25 14:39:00-04:00,218.33999633789062,218.33999633789062,218.28500366210938,218.2899932861328,218.2899932861328,574,2023-05-25 14:39:00-04:00
2023-05-25 14:40:00-04:00,218.35000610351562,218.38999938964844,218.33999633789062,218.3699951171875,218.3699951171875,1646,2023-05-25 14:40:00-04:00
2023-05-25 14:41:00-04:00,218.3699951171875,218.3800048828125,218.3699951171875,218.3800048828125,218.3800048828125,645,2023-05-25 14:41:00-04:00
2023-05-25 14:42:00-04:00,218.4199981689453,218.4199981689453,218.2899932861328,218.3300018310547,218.3300018310547,3757,2023-05-25 14:42:00-04:00
2023-05-25 14:43:00-04:00,218.25999450683594,218.25999450683594,218.2100067138672,218.25,218.25,1669,2023-05-25 14:43:00-04:00
2023-05-25 14:44:00-04:00,218.24000549316406,218.2899932861328,218.23500061035156,218.2899932861328,218.2899932861328,632,2023-05-25 14:44:00-04:00
2023-05-25 14:45:00-04:00,218.21009826660156,218.21009826660156,218.21009826660156,218.21009826660156,218.21009826660156,430,2023-05-25 14:45:00-04:00
2023-05-25 14:46:00-04:00,218.25999450683594,218.27000427246094,218.2100067138672,218.22000122070312,218.22000122070312,2001,2023-05-25 14:46:00-04:00
2023-05-25 14:47:00-04:00,218.1699981689453,218.1699981689453,218.16000366210938,218.16000366210938,218.16000366210938,1630,2023-05-25 14:47:00-04:00
2023-05-25 14:48:00-04:00,218.1999969482422,218.27000427246094,218.1999969482422,218.27000427246094,218.27000427246094,1302,2023-05-25 14:48:00-04:00
2023-05-25 14:49:00-04:00,218.22999572753906,218.24000549316406,218.19000244140625,218.19000244140625,218.19000244140625,1391,2023-05-25 14:49:00-04:00
2023-05-25 14:50:00-04:00,218.24000549316406,218.24000549316406,218.22500610351562,218.22500610351562,218.22500610351562,377,2023-05-25 14:50:00-04:00
2023-05-25 14:51:00-04:00,218.22999572753906,218.22999572753906,218.22999572753906,218.22999572753906,218.22999572753906,210,2023-05-25 14:51:00-04:00
2023-05-25 14:52:00-04:00,218.23500061035156,218.23500061035156,218.23500061035156,218.23500061035156,218.23500061035156,483,2023-05-25 14:52:00-04:00
2023-05-25 14:53:00-04:00,218.30999755859375,218.32000732421875,218.24000549316406,218.25999450683594,218.25999450683594,2561,2023-05-25 14:53:00-04:00
2023-05-25 14:54:00-04:00,218.26499938964844,218.26499938964844,218.25,218.25,218.25,304,2023-05-25 14:54:00-04:00
2023-05-25 14:55:00-04:00,218.25,218.25,218.17999267578125,218.1999969482422,218.1999969482422,2194,2023-05-25 14:55:00-04:00
2023-05-25 14:56:00-04:00,218.14999389648438,218.22999572753906,218.14999389648438,218.1699981689453,218.1699981689453,945,2023-05-25 14:56:00-04:00
2023-05-25 14:57:00-04:00,218.21499633789062,218.21499633789062,218.21499633789062,218.21499633789062,218.21499633789062,262,2023-05-25 14:57:00-04:00
2023-05-25 14:58:00-04:00,218.2100067138672,218.21499633789062,218.1999969482422,218.1999969482422,218.1999969482422,752,2023-05-25 14:58:00-04:00
2023-05-25 14:59:00-04:00,218.1699981689453,218.30999755859375,218.1699981689453,218.30999755859375,218.30999755859375,2160,2023-05-25 14:59:00-04:00
2023-05-25 15:00:00-04:00,218.3300018310547,218.41000366210938,218.3300018310547,218.33999633789062,218.33999633789062,4119,2023-05-25 15:00:00-04:00
2023-05-25 15:01:00-04:00,218.35000610351562,218.35000610351562,218.3000030517578,218.3000030517578,218.3000030517578,1103,2023-05-25 15:01:00-04:00
2023-05-25 15:02:00-04:00,218.2949981689453,218.2949981689453,218.22000122070312,218.25250244140625,218.25250244140625,2073,2023-05-25 15:02:00-04:00
2023-05-25 15:03:00-04:00,218.19500732421875,218.19500732421875,218.19500732421875,218.19500732421875,218.19500732421875,240,2023-05-25 15:03:00-04:00
2023-05-25 15:04:00-04:00,218.22000122070312,218.27999877929688,218.22000122070312,218.27999877929688,218.27999877929688,1066,2023-05-25 15:04:00-04:00
2023-05-25 15:05:00-04:00,218.33999633789062,218.3699951171875,218.33999633789062,218.3699951171875,218.3699951171875,804,2023-05-25 15:05:00-04:00
2023-05-25 15:06:00-04:00,218.41000366210938,218.4550018310547,218.39999389648438,218.4550018310547,218.4550018310547,742,2023-05-25 15:06:00-04:00
2023-05-25 15:07:00-04:00,218.49000549316406,218.55999755859375,218.49000549316406,218.55099487304688,218.55099487304688,2042,2023-05-25 15:07:00-04:00
2023-05-25 15:08:00-04:00,218.625,218.66000366210938,218.625,218.66000366210938,218.66000366210938,501,2023-05-25 15:08:00-04:00
2023-05-25 15:09:00-04:00,218.6999969482422,218.75999450683594,218.63999938964844,218.75999450683594,218.75999450683594,2213,2023-05-25 15:09:00-04:00
2023-05-25 15:10:00-04:00,218.8000030517578,218.8350067138672,218.72999572753906,218.76499938964844,218.76499938964844,3541,2023-05-25 15:10:00-04:00
2023-05-25 15:11:00-04:00,218.72999572753906,218.8300018310547,218.72500610351562,218.8300018310547,218.8300018310547,4319,2023-05-25 15:11:00-04:00
2023-05-25 15:12:00-04:00,218.84530639648438,218.86000061035156,218.84530639648438,218.86000061035156,218.86000061035156,1797,2023-05-25 15:12:00-04:00
2023-05-25 15:13:00-04:00,218.8800048828125,218.8800048828125,218.7449951171875,218.75,218.75,5511,2023-05-25 15:13:00-04:00
2023-05-25 15:14:00-04:00,218.7899932861328,218.7899932861328,218.67999267578125,218.6999969482422,218.6999969482422,1179,2023-05-25 15:14:00-04:00
2023-05-25 15:15:00-04:00,218.6999969482422,218.6999969482422,218.6199951171875,218.63999938964844,218.63999938964844,2122,2023-05-25 15:15:00-04:00
2023-05-25 15:16:00-04:00,218.64999389648438,218.64999389648438,218.64999389648438,218.64999389648438,218.64999389648438,136,2023-05-25 15:16:00-04:00
2023-05-25 15:17:00-04:00,218.64999389648438,218.64999389648438,218.64999389648438,218.64999389648438,218.64999389648438,465,2023-05-25 15:17:00-04:00
2023-05-25 15:18:00-04:00,218.65499877929688,218.65499877929688,218.65499877929688,218.65499877929688,218.65499877929688,183,2023-05-25 15:18:00-04:00
2023-05-25 15:19:00-04:00,218.65499877929688,218.69000244140625,218.6199951171875,218.69000244140625,218.69000244140625,2167,2023-05-25 15:19:00-04:00
2023-05-25 15:20:00-04:00,218.67999267578125,218.67999267578125,218.64999389648438,218.64999389648438,218.64999389648438,380,2023-05-25 15:20:00-04:00
2023-05-25 15:21:00-04:00,218.6699981689453,218.74989318847656,218.64999389648438,218.72000122070312,218.72000122070312,3099,2023-05-25 15:21:00-04:00
2023-05-25 15:22:00-04:00,218.69000244140625,218.86000061035156,218.69000244140625,218.8300018310547,218.8300018310547,4058,2023-05-25 15:22:00-04:00
2023-05-25 15:23:00-04:00,218.8000030517578,218.8300018310547,218.7899932861328,218.7899932861328,218.7899932861328,3724,2023-05-25 15:23:00-04:00
2023-05-25 15:24:00-04:00,218.77000427246094,218.77000427246094,218.6699981689453,218.74000549316406,218.74000549316406,2905,2023-05-25 15:24:00-04:00
2023-05-25 15:25:00-04:00,218.74000549316406,218.74000549316406,218.72500610351562,218.72999572753906,218.72999572753906,1679,2023-05-25 15:25:00-04:00
2023-05-25 15:26:00-04:00,218.77000427246094,218.77000427246094,218.72999572753906,218.72999572753906,218.72999572753906,494,2023-05-25 15:26:00-04:00
2023-05-25 15:27:00-04:00,218.73500061035156,218.8800048828125,218.73500061035156,218.8800048828125,218.8800048828125,1836,2023-05-25 15:27:00-04:00
2023-05-25 15:28:00-04:00,219.0500030517578,219.14999389648438,219.00999450683594,219.02000427246094,219.02000427246094,2826,2023-05-25 15:28:00-04:00
2023-05-25 15:29:00-04:00,218.99000549316406,218.99000549316406,218.92999267578125,218.92999267578125,218.92999267578125,2278,2023-05-25 15:29:00-04:00
2023-05-25 15:30:00-04:00,218.92999267578125,218.92999267578125,218.85499572753906,218.85499572753906,218.85499572753906,3654,2023-05-25 15:30:00-04:00
2023-05-25 15:31:00-04:00,218.88999938964844,218.9600067138672,218.8625030517578,218.9600067138672,218.9600067138672,1571,2023-05-25 15:31:00-04:00
2023-05-25 15:32:00-04:00,218.97999572753906,219.1199951171875,218.97999572753906,219.0850067138672,219.0850067138672,924,2023-05-25 15:32:00-04:00
2023-05-25 15:33:00-04:00,219.06500244140625,219.06500244140625,218.88999938964844,218.97000122070312,218.97000122070312,6716,2023-05-25 15:33:00-04:00
2023-05-25 15:34:00-04:00,218.94500732421875,218.97000122070312,218.93499755859375,218.97000122070312,218.97000122070312,1199,2023-05-25 15:34:00-04:00
2023-05-25 15:35:00-04:00,218.91000366210938,218.9550018310547,218.88999938964844,218.89999389648438,218.89999389648438,2909,2023-05-25 15:35:00-04:00
2023-05-25 15:36:00-04:00,218.89999389648438,218.97999572753906,218.89999389648438,218.97999572753906,218.97999572753906,1899,2023-05-25 15:36:00-04:00
2023-05-25 15:37:00-04:00,218.99000549316406,219.0500030517578,218.99000549316406,219.0500030517578,219.0500030517578,1061,2023-05-25 15:37:00-04:00
2023-05-25 15:38:00-04:00,219.02000427246094,219.07000732421875,218.97999572753906,219.02499389648438,219.02499389648438,1733,2023-05-25 15:38:00-04:00
2023-05-25 15:39:00-04:00,219.02499389648438,219.02499389648438,218.9499969482422,219.02000427246094,219.02000427246094,6041,2023-05-25 15:39:00-04:00
2023-05-25 15:40:00-04:00,219.0050048828125,219.01499938964844,218.97999572753906,218.99000549316406,218.99000549316406,3980,2023-05-25 15:40:00-04:00
2023-05-25 15:41:00-04:00,218.97999572753906,219.0500030517578,218.97999572753906,219.0500030517578,219.0500030517578,4093,2023-05-25 15:41:00-04:00
2023-05-25 15:42:00-04:00,219.0399932861328,219.07000732421875,219.0399932861328,219.0399932861328,219.0399932861328,1560,2023-05-25 15:42:00-04:00
2023-05-25 15:43:00-04:00,219.0399932861328,219.07000732421875,219.0399932861328,219.0500030517578,219.0500030517578,2182,2023-05-25 15:43:00-04:00
2023-05-25 15:44:00-04:00,219.0500030517578,219.1999969482422,219.0500030517578,219.17999267578125,219.17999267578125,5883,2023-05-25 15:44:00-04:00
2023-05-25 15:45:00-04:00,219.17999267578125,219.24000549316406,219.13999938964844,219.22999572753906,219.22999572753906,6374,2023-05-25 15:45:00-04:00
2023-05-25 15:46:00-04:00,219.22500610351562,219.25999450683594,219.17999267578125,219.25999450683594,219.25999450683594,3027,2023-05-25 15:46:00-04:00
2023-05-25 15:47:00-04:00,219.25,219.3000030517578,219.25,219.25999450683594,219.25999450683594,2049,2023-05-25 15:47:00-04:00
2023-05-25 15:48:00-04:00,219.25,219.2899932861328,219.13999938964844,219.1699981689453,219.1699981689453,6092,2023-05-25 15:48:00-04:00
2023-05-25 15:49:00-04:00,219.13999938964844,219.13999938964844,218.9499969482422,219.0,219.0,3571,2023-05-25 15:49:00-04:00
2023-05-25 15:50:00-04:00,218.98500061035156,218.98500061035156,218.7550048828125,218.91000366210938,218.91000366210938,3072,2023-05-25 15:50:00-04:00
2023-05-25 15:51:00-04:00,218.86000061035156,218.88999938964844,218.7899932861328,218.7899932861328,218.7899932861328,5081,2023-05-25 15:51:00-04:00
2023-05-25 15:52:00-04:00,218.82000732421875,218.83999633789062,218.77999877929688,218.82000732421875,218.82000732421875,5864,2023-05-25 15:52:00-04:00
2023-05-25 15:53:00-04:00,218.8300018310547,218.8300018310547,218.6300048828125,218.64999389648438,218.64999389648438,4183,2023-05-25 15:53:00-04:00
2023-05-25 15:54:00-04:00,218.64500427246094,218.7100067138672,218.55999755859375,218.69000244140625,218.69000244140625,10617,2023-05-25 15:54:00-04:00
2023-05-25 15:55:00-04:00,218.71499633789062,218.86500549316406,218.6699981689453,218.74000549316406,218.74000549316406,7215,2023-05-25 15:55:00-04:00
2023-05-25 15:56:00-04:00,218.77000427246094,218.8000030517578,218.6699981689453,218.67999267578125,218.67999267578125,7166,2023-05-25 15:56:00-04:00
2023-05-25 15:57:00-04:00,218.68499755859375,218.75999450683594,218.66000366210938,218.7100067138672,218.7100067138672,10932,2023-05-25 15:57:00-04:00
2023-05-25 15:58:00-04:00,218.64999389648438,218.72000122070312,218.52000427246094,218.68499755859375,218.68499755859375,12828,2023-05-25 15:58:00-04:00
2023-05-25 15:59:00-04:00,218.68499755859375,218.72999572753906,218.6199951171875,218.72999572753906,218.72999572753906,19488,2023-05-25 15:59:00-04:00
