Date,Open,High,Low,Close,Adj Close,Volume
2023-08-31 09:30:00-04:00,106.0,106.0,106.0,106.0,106.0,3879
2023-08-31 09:33:00-04:00,105.8499984741211,105.8499984741211,105.8499984741211,105.8499984741211,105.8499984741211,343
2023-08-31 09:34:00-04:00,105.92500305175781,105.92500305175781,105.92500305175781,105.92500305175781,105.92500305175781,752
2023-08-31 09:40:00-04:00,106.05999755859375,106.0999984741211,106.05999755859375,106.05999755859375,106.05999755859375,673
2023-08-31 09:42:00-04:00,106.06999969482422,106.06999969482422,106.06999969482422,106.06999969482422,106.06999969482422,288
2023-08-31 09:43:00-04:00,106.20999908447266,106.22000122070312,106.20999908447266,106.22000122070312,106.22000122070312,362
2023-08-31 09:45:00-04:00,106.27999877929688,106.27999877929688,106.27999877929688,106.27999877929688,106.27999877929688,516
2023-08-31 09:46:00-04:00,106.29000091552734,106.29000091552734,106.29000091552734,106.29000091552734,106.29000091552734,503
2023-08-31 09:47:00-04:00,106.27999877929688,106.27999877929688,106.27999877929688,106.27999877929688,106.27999877929688,167
2023-08-31 09:48:00-04:00,106.36499786376953,106.4000015258789,106.3499984741211,106.4000015258789,106.4000015258789,2968
2023-08-31 09:51:00-04:00,106.5,106.58000183105469,106.5,106.56099700927734,106.56099700927734,1742
2023-08-31 09:52:00-04:00,106.54000091552734,106.61000061035156,106.48999786376953,106.48999786376953,106.48999786376953,2101
2023-08-31 09:54:00-04:00,106.5199966430664,106.5199966430664,106.5199966430664,106.5199966430664,106.5199966430664,590
2023-08-31 09:57:00-04:00,106.63999938964844,106.63999938964844,106.63999938964844,106.63999938964844,106.63999938964844,468
2023-08-31 09:58:00-04:00,106.67900085449219,106.67900085449219,106.67900085449219,106.67900085449219,106.67900085449219,1485
2023-08-31 10:01:00-04:00,106.50499725341797,106.50499725341797,106.50499725341797,106.50499725341797,106.50499725341797,254
2023-08-31 10:03:00-04:00,106.45500183105469,106.45500183105469,106.45500183105469,106.45500183105469,106.45500183105469,198
2023-08-31 10:04:00-04:00,106.38150024414062,106.41000366210938,106.38150024414062,106.41000366210938,106.41000366210938,618
2023-08-31 10:05:00-04:00,106.37999725341797,106.41999816894531,106.37000274658203,106.37000274658203,106.37000274658203,804
2023-08-31 10:08:00-04:00,106.3499984741211,106.3499984741211,106.3499984741211,106.3499984741211,106.3499984741211,585
2023-08-31 10:10:00-04:00,106.4000015258789,106.4000015258789,106.4000015258789,106.4000015258789,106.4000015258789,198
2023-08-31 10:12:00-04:00,106.40499877929688,106.48999786376953,106.40499877929688,106.48500061035156,106.48500061035156,1581
2023-08-31 10:13:00-04:00,106.53500366210938,106.53500366210938,106.53500366210938,106.53500366210938,106.53500366210938,111
2023-08-31 10:14:00-04:00,106.53500366210938,106.53500366210938,106.53500366210938,106.53500366210938,106.53500366210938,251
2023-08-31 10:15:00-04:00,106.54499816894531,106.54499816894531,106.54499816894531,106.54499816894531,106.54499816894531,880
2023-08-31 10:18:00-04:00,106.38999938964844,106.38999938964844,106.38999938964844,106.38999938964844,106.38999938964844,306
2023-08-31 10:19:00-04:00,106.46399688720703,106.46399688720703,106.46399688720703,106.46399688720703,106.46399688720703,616
2023-08-31 10:20:00-04:00,106.47200012207031,106.47200012207031,106.44000244140625,106.44000244140625,106.44000244140625,700
2023-08-31 10:21:00-04:00,106.48999786376953,106.48999786376953,106.48999786376953,106.48999786376953,106.48999786376953,304
2023-08-31 10:22:00-04:00,106.54499816894531,106.55000305175781,106.54499816894531,106.55000305175781,106.55000305175781,333
2023-08-31 10:23:00-04:00,106.55000305175781,106.55000305175781,106.5250015258789,106.5250015258789,106.5250015258789,866
2023-08-31 10:25:00-04:00,106.57499694824219,106.57499694824219,106.52999877929688,106.52999877929688,106.52999877929688,959
2023-08-31 10:27:00-04:00,106.55999755859375,106.62999725341797,106.55999755859375,106.62999725341797,106.62999725341797,677
2023-08-31 10:28:00-04:00,106.58999633789062,106.5999984741211,106.48999786376953,106.58000183105469,106.58000183105469,4786
2023-08-31 10:29:00-04:00,106.57129669189453,106.57499694824219,106.55999755859375,106.57499694824219,106.57499694824219,442
2023-08-31 10:30:00-04:00,106.55999755859375,106.6050033569336,106.55999755859375,106.58999633789062,106.58999633789062,1211
2023-08-31 10:31:00-04:00,106.6500015258789,106.6500015258789,106.6500015258789,106.6500015258789,106.6500015258789,206
2023-08-31 10:32:00-04:00,106.63999938964844,106.63999938964844,106.56999969482422,106.56999969482422,106.56999969482422,1731
2023-08-31 10:33:00-04:00,106.5250015258789,106.5250015258789,106.5199966430664,106.5199966430664,106.5199966430664,369
2023-08-31 10:34:00-04:00,106.54000091552734,106.54000091552734,106.54000091552734,106.54000091552734,106.54000091552734,364
2023-08-31 10:35:00-04:00,106.5562973022461,106.58999633789062,106.5562973022461,106.58999633789062,106.58999633789062,909
2023-08-31 10:36:00-04:00,106.61499786376953,106.625,106.55000305175781,106.56500244140625,106.56500244140625,713
2023-08-31 10:37:00-04:00,106.56500244140625,106.56500244140625,106.56500244140625,106.56500244140625,106.56500244140625,412
2023-08-31 10:38:00-04:00,106.54499816894531,106.56500244140625,106.5199966430664,106.56500244140625,106.56500244140625,790
2023-08-31 10:39:00-04:00,106.56500244140625,106.56500244140625,106.56500244140625,106.56500244140625,106.56500244140625,1424
2023-08-31 10:41:00-04:00,106.5199966430664,106.5199966430664,106.5,106.5,106.5,894
2023-08-31 10:42:00-04:00,106.45999908447266,106.5199966430664,106.45999908447266,106.5199966430664,106.5199966430664,805
2023-08-31 10:43:00-04:00,106.53500366210938,106.53500366210938,106.51010131835938,106.51010131835938,106.51010131835938,519
2023-08-31 10:44:00-04:00,106.53500366210938,106.53500366210938,106.4800033569336,106.4800033569336,106.4800033569336,1319
2023-08-31 10:45:00-04:00,106.48500061035156,106.48500061035156,106.4800033569336,106.4800033569336,106.4800033569336,968
2023-08-31 10:46:00-04:00,106.55999755859375,106.55999755859375,106.55999755859375,106.55999755859375,106.55999755859375,779
2023-08-31 10:47:00-04:00,106.58000183105469,106.58000183105469,106.58000183105469,106.58000183105469,106.58000183105469,415
2023-08-31 10:48:00-04:00,106.625,106.68000030517578,106.625,106.68000030517578,106.68000030517578,1177
2023-08-31 10:49:00-04:00,106.7323989868164,106.7323989868164,106.69999694824219,106.69999694824219,106.69999694824219,892
2023-08-31 10:50:00-04:00,106.68000030517578,106.70050048828125,106.66000366210938,106.70050048828125,106.70050048828125,2670
2023-08-31 10:51:00-04:00,106.61000061035156,106.61000061035156,106.5999984741211,106.5999984741211,106.5999984741211,1243
2023-08-31 10:53:00-04:00,106.70999908447266,106.73500061035156,106.70999908447266,106.73500061035156,106.73500061035156,908
2023-08-31 10:54:00-04:00,106.7300033569336,106.7300033569336,106.7300033569336,106.7300033569336,106.7300033569336,769
2023-08-31 10:55:00-04:00,106.7300033569336,106.7300033569336,106.7300033569336,106.7300033569336,106.7300033569336,118
2023-08-31 10:56:00-04:00,106.7300033569336,106.7300033569336,106.69000244140625,106.69000244140625,106.69000244140625,1281
2023-08-31 10:57:00-04:00,106.69999694824219,106.69999694824219,106.69999694824219,106.69999694824219,106.69999694824219,174
2023-08-31 10:58:00-04:00,106.68000030517578,106.68000030517578,106.68000030517578,106.68000030517578,106.68000030517578,241
2023-08-31 10:59:00-04:00,106.69999694824219,106.69999694824219,106.66999816894531,106.66999816894531,106.66999816894531,584
2023-08-31 11:00:00-04:00,106.69999694824219,106.69999694824219,106.69999694824219,106.69999694824219,106.69999694824219,183
2023-08-31 11:01:00-04:00,106.69499969482422,106.69499969482422,106.69499969482422,106.69499969482422,106.69499969482422,100
2023-08-31 11:02:00-04:00,106.69499969482422,106.73999786376953,106.69499969482422,106.73999786376953,106.73999786376953,230
2023-08-31 11:03:00-04:00,106.69999694824219,106.69999694824219,106.69999694824219,106.69999694824219,106.69999694824219,121
2023-08-31 11:04:00-04:00,106.69999694824219,106.69999694824219,106.69999694824219,106.69999694824219,106.69999694824219,128
2023-08-31 11:05:00-04:00,106.69999694824219,106.73999786376953,106.69000244140625,106.70999908447266,106.70999908447266,1499
2023-08-31 11:07:00-04:00,106.72000122070312,106.72000122070312,106.72000122070312,106.72000122070312,106.72000122070312,443
2023-08-31 11:09:00-04:00,106.72000122070312,106.75,106.72000122070312,106.75,106.75,1728
2023-08-31 11:10:00-04:00,106.83999633789062,106.83999633789062,106.80999755859375,106.80999755859375,106.80999755859375,1685
2023-08-31 11:11:00-04:00,106.83999633789062,106.83999633789062,106.83999633789062,106.83999633789062,106.83999633789062,263
2023-08-31 11:12:00-04:00,106.83709716796875,106.83999633789062,106.83709716796875,106.83999633789062,106.83999633789062,558
2023-08-31 11:13:00-04:00,106.83000183105469,106.83499908447266,106.83000183105469,106.83499908447266,106.83499908447266,330
2023-08-31 11:14:00-04:00,106.83999633789062,106.83999633789062,106.83999633789062,106.83999633789062,106.83999633789062,144
2023-08-31 11:15:00-04:00,106.83000183105469,106.83000183105469,106.7699966430664,106.7699966430664,106.7699966430664,1274
2023-08-31 11:16:00-04:00,106.7300033569336,106.7300033569336,106.69000244140625,106.69000244140625,106.69000244140625,816
2023-08-31 11:18:00-04:00,106.69000244140625,106.7699966430664,106.69000244140625,106.7699966430664,106.7699966430664,1395
2023-08-31 11:19:00-04:00,106.7750015258789,106.7750015258789,106.7300033569336,106.7300033569336,106.7300033569336,827
2023-08-31 11:20:00-04:00,106.66999816894531,106.66999816894531,106.66999816894531,106.66999816894531,106.66999816894531,364
2023-08-31 11:23:00-04:00,106.63999938964844,106.63999938964844,106.62999725341797,106.62999725341797,106.62999725341797,410
2023-08-31 11:24:00-04:00,106.5999984741211,106.5999984741211,106.5999984741211,106.5999984741211,106.5999984741211,385
2023-08-31 11:25:00-04:00,106.66999816894531,106.70999908447266,106.66999816894531,106.70999908447266,106.70999908447266,871
2023-08-31 11:28:00-04:00,106.79499816894531,106.79499816894531,106.79499816894531,106.79499816894531,106.79499816894531,181
2023-08-31 11:29:00-04:00,106.80999755859375,106.80999755859375,106.80999755859375,106.80999755859375,106.80999755859375,384
2023-08-31 11:30:00-04:00,106.83999633789062,106.83999633789062,106.79000091552734,106.79000091552734,106.79000091552734,1734
2023-08-31 11:32:00-04:00,106.77999877929688,106.77999877929688,106.75019836425781,106.75019836425781,106.75019836425781,517
2023-08-31 11:33:00-04:00,106.77999877929688,106.82499694824219,106.77999877929688,106.82499694824219,106.82499694824219,1150
2023-08-31 11:34:00-04:00,106.79000091552734,106.79000091552734,106.72000122070312,106.72000122070312,106.72000122070312,1135
2023-08-31 11:35:00-04:00,106.73500061035156,106.73500061035156,106.73500061035156,106.73500061035156,106.73500061035156,351
2023-08-31 11:37:00-04:00,106.79000091552734,106.79000091552734,106.79000091552734,106.79000091552734,106.79000091552734,480
2023-08-31 11:38:00-04:00,106.87000274658203,106.87000274658203,106.87000274658203,106.87000274658203,106.87000274658203,293
2023-08-31 11:39:00-04:00,106.9000015258789,106.9000015258789,106.88999938964844,106.88999938964844,106.88999938964844,218
2023-08-31 11:40:00-04:00,106.95999908447266,106.95999908447266,106.88999938964844,106.88999938964844,106.88999938964844,616
2023-08-31 11:41:00-04:00,106.88999938964844,106.91500091552734,106.88999938964844,106.91500091552734,106.91500091552734,424
2023-08-31 11:42:00-04:00,106.91500091552734,106.91500091552734,106.87999725341797,106.87999725341797,106.87999725341797,629
2023-08-31 11:44:00-04:00,106.81999969482422,106.8499984741211,106.7699966430664,106.7699966430664,106.7699966430664,1043
2023-08-31 11:46:00-04:00,106.79499816894531,106.79499816894531,106.77999877929688,106.77999877929688,106.77999877929688,1589
2023-08-31 11:47:00-04:00,106.79000091552734,106.80999755859375,106.79000091552734,106.79000091552734,106.79000091552734,700
2023-08-31 11:48:00-04:00,106.80000305175781,106.875,106.80000305175781,106.875,106.875,907
2023-08-31 11:49:00-04:00,106.83000183105469,106.83499908447266,106.80000305175781,106.83499908447266,106.83499908447266,1098
2023-08-31 11:50:00-04:00,106.80000305175781,106.80000305175781,106.77999877929688,106.77999877929688,106.77999877929688,804
2023-08-31 11:51:00-04:00,106.7699966430664,106.77999877929688,106.76000213623047,106.77999877929688,106.77999877929688,543
2023-08-31 11:52:00-04:00,106.79000091552734,106.82499694824219,106.79000091552734,106.82499694824219,106.82499694824219,975
2023-08-31 11:54:00-04:00,106.83499908447266,106.83499908447266,106.83499908447266,106.83499908447266,106.83499908447266,574
2023-08-31 11:57:00-04:00,106.83999633789062,106.8499984741211,106.83999633789062,106.8499984741211,106.8499984741211,827
2023-08-31 11:58:00-04:00,106.83000183105469,106.83000183105469,106.80999755859375,106.80999755859375,106.80999755859375,688
2023-08-31 11:59:00-04:00,106.81999969482422,106.81999969482422,106.81999969482422,106.81999969482422,106.81999969482422,113
2023-08-31 12:00:00-04:00,106.82620239257812,106.82620239257812,106.81500244140625,106.81500244140625,106.81500244140625,929
2023-08-31 12:01:00-04:00,106.83000183105469,106.87000274658203,106.83000183105469,106.87000274658203,106.87000274658203,933
2023-08-31 12:02:00-04:00,106.87000274658203,106.87000274658203,106.83999633789062,106.83999633789062,106.83999633789062,673
2023-08-31 12:03:00-04:00,106.83000183105469,106.83000183105469,106.80000305175781,106.80000305175781,106.80000305175781,922
2023-08-31 12:04:00-04:00,106.82499694824219,106.82499694824219,106.82499694824219,106.82499694824219,106.82499694824219,186
2023-08-31 12:05:00-04:00,106.81500244140625,106.81500244140625,106.81500244140625,106.81500244140625,106.81500244140625,208
2023-08-31 12:06:00-04:00,106.83999633789062,106.83999633789062,106.83999633789062,106.83999633789062,106.83999633789062,175
2023-08-31 12:07:00-04:00,106.81999969482422,106.81999969482422,106.81999969482422,106.81999969482422,106.81999969482422,919
2023-08-31 12:11:00-04:00,106.8499984741211,106.8499984741211,106.79000091552734,106.81749725341797,106.81749725341797,2414
2023-08-31 12:12:00-04:00,106.79499816894531,106.80750274658203,106.79499816894531,106.79499816894531,106.79499816894531,654
2023-08-31 12:13:00-04:00,106.76000213623047,106.76000213623047,106.66000366210938,106.66000366210938,106.66000366210938,1633
2023-08-31 12:14:00-04:00,106.61000061035156,106.63999938964844,106.58499908447266,106.61000061035156,106.61000061035156,2663
2023-08-31 12:15:00-04:00,106.58000183105469,106.58000183105469,106.54000091552734,106.54000091552734,106.54000091552734,372
2023-08-31 12:16:00-04:00,106.51000213623047,106.51000213623047,106.51000213623047,106.51000213623047,106.51000213623047,663
2023-08-31 12:17:00-04:00,106.44999694824219,106.45999908447266,106.44999694824219,106.44999694824219,106.44999694824219,902
2023-08-31 12:18:00-04:00,106.36000061035156,106.36000061035156,106.36000061035156,106.36000061035156,106.36000061035156,395
2023-08-31 12:19:00-04:00,106.41000366210938,106.41000366210938,106.41000366210938,106.41000366210938,106.41000366210938,876
2023-08-31 12:22:00-04:00,106.41500091552734,106.41500091552734,106.41500091552734,106.41500091552734,106.41500091552734,267
2023-08-31 12:24:00-04:00,106.41500091552734,106.41500091552734,106.41500091552734,106.41500091552734,106.41500091552734,231
2023-08-31 12:25:00-04:00,106.44999694824219,106.52999877929688,106.44999694824219,106.52999877929688,106.52999877929688,1046
2023-08-31 12:29:00-04:00,106.52999877929688,106.52999877929688,106.52999877929688,106.52999877929688,106.52999877929688,155
2023-08-31 12:30:00-04:00,106.55999755859375,106.55999755859375,106.48999786376953,106.48999786376953,106.48999786376953,530
2023-08-31 12:32:00-04:00,106.44999694824219,106.44999694824219,106.44999694824219,106.44999694824219,106.44999694824219,408
2023-08-31 12:33:00-04:00,106.44499969482422,106.44499969482422,106.44499969482422,106.44499969482422,106.44499969482422,319
2023-08-31 12:34:00-04:00,106.41000366210938,106.41000366210938,106.41000366210938,106.41000366210938,106.41000366210938,178
2023-08-31 12:35:00-04:00,106.42500305175781,106.4800033569336,106.38999938964844,106.38999938964844,106.38999938964844,636
2023-08-31 12:36:00-04:00,106.37000274658203,106.37000274658203,106.36000061035156,106.36000061035156,106.36000061035156,539
2023-08-31 12:38:00-04:00,106.36000061035156,106.37000274658203,106.36000061035156,106.37000274658203,106.37000274658203,775
2023-08-31 12:41:00-04:00,106.34420013427734,106.36000061035156,106.34420013427734,106.3499984741211,106.3499984741211,785
2023-08-31 12:44:00-04:00,106.3499984741211,106.3499984741211,106.3499984741211,106.3499984741211,106.3499984741211,299
2023-08-31 12:45:00-04:00,106.37000274658203,106.37000274658203,106.37000274658203,106.37000274658203,106.37000274658203,1066
2023-08-31 12:48:00-04:00,106.41500091552734,106.42639923095703,106.41500091552734,106.42639923095703,106.42639923095703,425
2023-08-31 12:49:00-04:00,106.41000366210938,106.41500091552734,106.41000366210938,106.41500091552734,106.41500091552734,1160
2023-08-31 12:50:00-04:00,106.42829895019531,106.42829895019531,106.42829895019531,106.42829895019531,106.42829895019531,245
2023-08-31 12:52:00-04:00,106.40499877929688,106.40499877929688,106.40499877929688,106.40499877929688,106.40499877929688,196
2023-08-31 12:53:00-04:00,106.44000244140625,106.44000244140625,106.44000244140625,106.44000244140625,106.44000244140625,326
2023-08-31 12:55:00-04:00,106.47000122070312,106.4749984741211,106.47000122070312,106.4749984741211,106.4749984741211,960
2023-08-31 12:56:00-04:00,106.43000030517578,106.43000030517578,106.43000030517578,106.43000030517578,106.43000030517578,171
2023-08-31 12:58:00-04:00,106.43000030517578,106.43000030517578,106.43000030517578,106.43000030517578,106.43000030517578,282
2023-08-31 13:00:00-04:00,106.43499755859375,106.43499755859375,106.43499755859375,106.43499755859375,106.43499755859375,118
2023-08-31 13:01:00-04:00,106.43000030517578,106.43000030517578,106.41000366210938,106.41000366210938,106.41000366210938,1096
2023-08-31 13:03:00-04:00,106.41000366210938,106.41000366210938,106.41000366210938,106.41000366210938,106.41000366210938,296
2023-08-31 13:04:00-04:00,106.3499984741211,106.3499984741211,106.3499984741211,106.3499984741211,106.3499984741211,554
2023-08-31 13:05:00-04:00,106.37000274658203,106.37000274658203,106.37000274658203,106.37000274658203,106.37000274658203,188
2023-08-31 13:07:00-04:00,106.37000274658203,106.37000274658203,106.37000274658203,106.37000274658203,106.37000274658203,197
2023-08-31 13:08:00-04:00,106.4000015258789,106.44000244140625,106.4000015258789,106.44000244140625,106.44000244140625,775
2023-08-31 13:09:00-04:00,106.47000122070312,106.47000122070312,106.47000122070312,106.47000122070312,106.47000122070312,343
2023-08-31 13:10:00-04:00,106.50499725341797,106.50499725341797,106.50499725341797,106.50499725341797,106.50499725341797,316
2023-08-31 13:13:00-04:00,106.49849700927734,106.49849700927734,106.4800033569336,106.4800033569336,106.4800033569336,847
2023-08-31 13:14:00-04:00,106.45999908447266,106.45999908447266,106.45999908447266,106.45999908447266,106.45999908447266,755
2023-08-31 13:16:00-04:00,106.4800033569336,106.52649688720703,106.4800033569336,106.52649688720703,106.52649688720703,446
2023-08-31 13:17:00-04:00,106.50499725341797,106.50499725341797,106.50499725341797,106.50499725341797,106.50499725341797,374
2023-08-31 13:19:00-04:00,106.5,106.51799774169922,106.5,106.51799774169922,106.51799774169922,610
2023-08-31 13:20:00-04:00,106.47000122070312,106.47000122070312,106.47000122070312,106.47000122070312,106.47000122070312,745
2023-08-31 13:22:00-04:00,106.4800033569336,106.4800033569336,106.47799682617188,106.4800033569336,106.4800033569336,735
2023-08-31 13:23:00-04:00,106.45999908447266,106.45999908447266,106.45999908447266,106.45999908447266,106.45999908447266,717
2023-08-31 13:26:00-04:00,106.5250015258789,106.5250015258789,106.5250015258789,106.5250015258789,106.5250015258789,502
2023-08-31 13:29:00-04:00,106.5199966430664,106.55349731445312,106.5199966430664,106.55349731445312,106.55349731445312,467
2023-08-31 13:30:00-04:00,106.54000091552734,106.56999969482422,106.54000091552734,106.55999755859375,106.55999755859375,1341
2023-08-31 13:32:00-04:00,106.56999969482422,106.56999969482422,106.56999969482422,106.56999969482422,106.56999969482422,459
2023-08-31 13:34:00-04:00,106.58499908447266,106.58499908447266,106.58499908447266,106.58499908447266,106.58499908447266,1216
2023-08-31 13:38:00-04:00,106.55000305175781,106.55000305175781,106.55000305175781,106.55000305175781,106.55000305175781,273
2023-08-31 13:39:00-04:00,106.50499725341797,106.50499725341797,106.50499725341797,106.50499725341797,106.50499725341797,192
2023-08-31 13:40:00-04:00,106.50499725341797,106.54000091552734,106.50499725341797,106.54000091552734,106.54000091552734,1377
2023-08-31 13:42:00-04:00,106.5,106.5,106.5,106.5,106.5,339
2023-08-31 13:44:00-04:00,106.5,106.5,106.5,106.5,106.5,200
2023-08-31 13:45:00-04:00,106.4800033569336,106.4800033569336,106.4800033569336,106.4800033569336,106.4800033569336,328
2023-08-31 13:47:00-04:00,106.41400146484375,106.41400146484375,106.4000015258789,106.4000015258789,106.4000015258789,614
2023-08-31 13:50:00-04:00,106.37000274658203,106.37000274658203,106.37000274658203,106.37000274658203,106.37000274658203,555
2023-08-31 13:53:00-04:00,106.3499984741211,106.3499984741211,106.3499984741211,106.3499984741211,106.3499984741211,305
2023-08-31 13:54:00-04:00,106.32499694824219,106.32499694824219,106.32499694824219,106.32499694824219,106.32499694824219,209
2023-08-31 13:55:00-04:00,106.33000183105469,106.36000061035156,106.33000183105469,106.36000061035156,106.36000061035156,925
2023-08-31 13:56:00-04:00,106.3550033569336,106.3550033569336,106.3550033569336,106.3550033569336,106.3550033569336,411
2023-08-31 13:57:00-04:00,106.37000274658203,106.37000274658203,106.36499786376953,106.36499786376953,106.36499786376953,285
2023-08-31 13:58:00-04:00,106.33000183105469,106.33000183105469,106.33000183105469,106.33000183105469,106.33000183105469,764
2023-08-31 13:59:00-04:00,106.34500122070312,106.34500122070312,106.34500122070312,106.34500122070312,106.34500122070312,241
2023-08-31 14:00:00-04:00,106.37000274658203,106.38999938964844,106.37000274658203,106.38999938964844,106.38999938964844,690
2023-08-31 14:02:00-04:00,106.41000366210938,106.41000366210938,106.41000366210938,106.41000366210938,106.41000366210938,329
2023-08-31 14:04:00-04:00,106.38500213623047,106.38500213623047,106.38500213623047,106.38500213623047,106.38500213623047,665
2023-08-31 14:06:00-04:00,106.36000061035156,106.36000061035156,106.36000061035156,106.36000061035156,106.36000061035156,437
2023-08-31 14:07:00-04:00,106.43000030517578,106.43000030517578,106.43000030517578,106.43000030517578,106.43000030517578,670
2023-08-31 14:09:00-04:00,106.43000030517578,106.43499755859375,106.41000366210938,106.41000366210938,106.41000366210938,1216
2023-08-31 14:12:00-04:00,106.41000366210938,106.41000366210938,106.38490295410156,106.38490295410156,106.38490295410156,659
2023-08-31 14:14:00-04:00,106.3949966430664,106.3949966430664,106.3949966430664,106.3949966430664,106.3949966430664,159
2023-08-31 14:16:00-04:00,106.37000274658203,106.4447021484375,106.37000274658203,106.4447021484375,106.4447021484375,837
2023-08-31 14:17:00-04:00,106.45999908447266,106.45999908447266,106.37999725341797,106.37999725341797,106.37999725341797,1354
2023-08-31 14:19:00-04:00,106.38839721679688,106.38839721679688,106.38839721679688,106.38839721679688,106.38839721679688,290
2023-08-31 14:21:00-04:00,106.37000274658203,106.37000274658203,106.33000183105469,106.33000183105469,106.33000183105469,656
2023-08-31 14:23:00-04:00,106.3499984741211,106.3499984741211,106.3499984741211,106.3499984741211,106.3499984741211,672
2023-08-31 14:24:00-04:00,106.41000366210938,106.41000366210938,106.41000366210938,106.41000366210938,106.41000366210938,446
2023-08-31 14:27:00-04:00,106.38999938964844,106.38999938964844,106.36270141601562,106.36270141601562,106.36270141601562,681
2023-08-31 14:28:00-04:00,106.375,106.375,106.375,106.375,106.375,487
2023-08-31 14:29:00-04:00,106.38999938964844,106.38999938964844,106.38999938964844,106.38999938964844,106.38999938964844,134
2023-08-31 14:30:00-04:00,106.36000061035156,106.36000061035156,106.36000061035156,106.36000061035156,106.36000061035156,344
2023-08-31 14:31:00-04:00,106.37000274658203,106.41999816894531,106.37000274658203,106.40499877929688,106.40499877929688,1249
2023-08-31 14:32:00-04:00,106.37999725341797,106.51899719238281,106.37000274658203,106.4000015258789,106.4000015258789,7888
2023-08-31 14:35:00-04:00,106.37999725341797,106.37999725341797,106.37999725341797,106.37999725341797,106.37999725341797,736
2023-08-31 14:38:00-04:00,106.37000274658203,106.37000274658203,106.33999633789062,106.37000274658203,106.37000274658203,560
2023-08-31 14:41:00-04:00,106.3550033569336,106.3550033569336,106.3550033569336,106.3550033569336,106.3550033569336,403
2023-08-31 14:43:00-04:00,106.33499908447266,106.33499908447266,106.33499908447266,106.33499908447266,106.33499908447266,179
2023-08-31 14:44:00-04:00,106.30999755859375,106.30999755859375,106.27999877929688,106.27999877929688,106.27999877929688,1049
2023-08-31 14:46:00-04:00,106.25,106.25,106.22000122070312,106.22000122070312,106.22000122070312,330
2023-08-31 14:47:00-04:00,106.25,106.25,106.25,106.25,106.25,690
2023-08-31 14:48:00-04:00,106.27999877929688,106.27999877929688,106.27999877929688,106.27999877929688,106.27999877929688,291
2023-08-31 14:49:00-04:00,106.30000305175781,106.30000305175781,106.30000305175781,106.30000305175781,106.30000305175781,146
2023-08-31 14:50:00-04:00,106.29000091552734,106.29000091552734,106.29000091552734,106.29000091552734,106.29000091552734,444
2023-08-31 14:51:00-04:00,106.28500366210938,106.28500366210938,106.28500366210938,106.28500366210938,106.28500366210938,202
2023-08-31 14:52:00-04:00,106.28500366210938,106.28500366210938,106.28500366210938,106.28500366210938,106.28500366210938,191
2023-08-31 14:54:00-04:00,106.28500366210938,106.28500366210938,106.28500366210938,106.28500366210938,106.28500366210938,435
2023-08-31 14:56:00-04:00,106.27999877929688,106.30999755859375,106.2699966430664,106.29499816894531,106.29499816894531,1256
2023-08-31 14:57:00-04:00,106.27999877929688,106.27999877929688,106.27999877929688,106.27999877929688,106.27999877929688,552
2023-08-31 14:58:00-04:00,106.23999786376953,106.23999786376953,106.23999786376953,106.23999786376953,106.23999786376953,961
2023-08-31 15:00:00-04:00,106.2249984741211,106.2249984741211,106.2249984741211,106.2249984741211,106.2249984741211,522
2023-08-31 15:02:00-04:00,106.26000213623047,106.26000213623047,106.26000213623047,106.26000213623047,106.26000213623047,174
2023-08-31 15:03:00-04:00,106.22000122070312,106.22000122070312,106.22000122070312,106.22000122070312,106.22000122070312,492
2023-08-31 15:05:00-04:00,106.23999786376953,106.23999786376953,106.23999786376953,106.23999786376953,106.23999786376953,820
2023-08-31 15:07:00-04:00,106.2300033569336,106.2300033569336,106.2300033569336,106.2300033569336,106.2300033569336,1497
2023-08-31 15:09:00-04:00,106.30999755859375,106.30999755859375,106.29000091552734,106.29000091552734,106.29000091552734,489
2023-08-31 15:10:00-04:00,106.30999755859375,106.30999755859375,106.30999755859375,106.30999755859375,106.30999755859375,465
2023-08-31 15:13:00-04:00,106.30999755859375,106.30999755859375,106.30999755859375,106.30999755859375,106.30999755859375,391
2023-08-31 15:14:00-04:00,106.30000305175781,106.30000305175781,106.30000305175781,106.30000305175781,106.30000305175781,554
2023-08-31 15:15:00-04:00,106.27999877929688,106.29000091552734,106.27999877929688,106.29000091552734,106.29000091552734,1120
2023-08-31 15:16:00-04:00,106.33000183105469,106.33000183105469,106.31999969482422,106.33000183105469,106.33000183105469,410
2023-08-31 15:18:00-04:00,106.30049896240234,106.30049896240234,106.30049896240234,106.30049896240234,106.30049896240234,454
2023-08-31 15:19:00-04:00,106.33999633789062,106.33999633789062,106.33999633789062,106.33999633789062,106.33999633789062,1690
2023-08-31 15:23:00-04:00,106.33999633789062,106.33999633789062,106.31999969482422,106.31999969482422,106.31999969482422,1041
2023-08-31 15:24:00-04:00,106.26000213623047,106.26000213623047,106.2300033569336,106.2300033569336,106.2300033569336,858
2023-08-31 15:26:00-04:00,106.2300033569336,106.25,106.2300033569336,106.25,106.25,1054
2023-08-31 15:28:00-04:00,106.23999786376953,106.23999786376953,106.23999786376953,106.23999786376953,106.23999786376953,742
2023-08-31 15:29:00-04:00,106.19999694824219,106.19999694824219,106.18000030517578,106.18000030517578,106.18000030517578,675
2023-08-31 15:31:00-04:00,106.19000244140625,106.19000244140625,106.19000244140625,106.19000244140625,106.19000244140625,746
2023-08-31 15:32:00-04:00,106.15299987792969,106.15299987792969,106.15299987792969,106.15299987792969,106.15299987792969,272
2023-08-31 15:33:00-04:00,106.16000366210938,106.16000366210938,106.16000366210938,106.16000366210938,106.16000366210938,673
2023-08-31 15:34:00-04:00,106.13999938964844,106.13999938964844,106.13999938964844,106.13999938964844,106.13999938964844,567
2023-08-31 15:35:00-04:00,106.12000274658203,106.12000274658203,106.11000061035156,106.11000061035156,106.11000061035156,298
2023-08-31 15:36:00-04:00,106.08000183105469,106.08000183105469,106.08000183105469,106.08000183105469,106.08000183105469,449
2023-08-31 15:38:00-04:00,106.05000305175781,106.05000305175781,106.05000305175781,106.05000305175781,106.05000305175781,148
2023-08-31 15:39:00-04:00,106.08000183105469,106.0999984741211,106.06999969482422,106.0999984741211,106.0999984741211,1518
2023-08-31 15:41:00-04:00,106.0999984741211,106.0999984741211,106.0999984741211,106.0999984741211,106.0999984741211,394
2023-08-31 15:42:00-04:00,106.0999984741211,106.16000366210938,106.09300231933594,106.16000366210938,106.16000366210938,2387
2023-08-31 15:43:00-04:00,106.16999816894531,106.16999816894531,106.16000366210938,106.16000366210938,106.16000366210938,1337
2023-08-31 15:44:00-04:00,106.18499755859375,106.18499755859375,106.18499755859375,106.18499755859375,106.18499755859375,209
2023-08-31 15:45:00-04:00,106.18000030517578,106.18000030517578,106.11009979248047,106.11009979248047,106.11009979248047,867
2023-08-31 15:46:00-04:00,106.15499877929688,106.15499877929688,106.1500015258789,106.1500015258789,106.1500015258789,469
2023-08-31 15:47:00-04:00,106.16999816894531,106.23999786376953,106.16999816894531,106.19999694824219,106.19999694824219,2933
2023-08-31 15:48:00-04:00,106.18000030517578,106.18000030517578,106.16999816894531,106.18000030517578,106.18000030517578,838
2023-08-31 15:49:00-04:00,106.18000030517578,106.18000030517578,106.14099884033203,106.16000366210938,106.16000366210938,1264
2023-08-31 15:50:00-04:00,106.19999694824219,106.2300033569336,106.13999938964844,106.1500015258789,106.1500015258789,3735
2023-08-31 15:51:00-04:00,106.18000030517578,106.18000030517578,106.11000061035156,106.16500091552734,106.16500091552734,5804
2023-08-31 15:52:00-04:00,106.18000030517578,106.19000244140625,106.11000061035156,106.12000274658203,106.12000274658203,2829
2023-08-31 15:53:00-04:00,106.11000061035156,106.11000061035156,106.08000183105469,106.08999633789062,106.08999633789062,2360
2023-08-31 15:54:00-04:00,106.06999969482422,106.08000183105469,106.01000213623047,106.01000213623047,106.01000213623047,2874
2023-08-31 15:55:00-04:00,106.0,106.0,105.94499969482422,106.0,106.0,4942
2023-08-31 15:56:00-04:00,105.98999786376953,106.02999877929688,105.95999908447266,106.0,106.0,7325
2023-08-31 15:57:00-04:00,106.0,106.01000213623047,105.97000122070312,106.01000213623047,106.01000213623047,4748
2023-08-31 15:58:00-04:00,106.01000213623047,106.02999877929688,106.0,106.00499725341797,106.00499725341797,6871
2023-08-31 15:59:00-04:00,106.0199966430664,106.12000274658203,106.01000213623047,106.01000213623047,106.01000213623047,34012
