Date,Open,High,Low,Close,Adj Close,Volume,Date
2023-05-29 09:00:00+02:00,156.63999938964844,156.63999938964844,156.47999572753906,156.47999572753906,156.47999572753906,0,2023-05-29 09:00:00+02:00
2023-05-29 09:01:00+02:00,156.27999877929688,156.32000732421875,156.25999450683594,156.32000732421875,156.32000732421875,199,2023-05-29 09:01:00+02:00
2023-05-29 09:05:00+02:00,156.27999877929688,156.5,156.27999877929688,156.3800048828125,156.3800048828125,1531,2023-05-29 09:05:00+02:00
2023-05-29 09:06:00+02:00,156.3000030517578,156.36000061035156,156.13999938964844,156.13999938964844,156.13999938964844,742,2023-05-29 09:06:00+02:00
2023-05-29 09:08:00+02:00,156.0800018310547,156.10000610351562,155.8000030517578,155.8000030517578,155.8000030517578,260,2023-05-29 09:08:00+02:00
2023-05-29 09:09:00+02:00,155.74000549316406,155.89999389648438,155.55999755859375,155.89999389648438,155.89999389648438,5505,2023-05-29 09:09:00+02:00
2023-05-29 09:10:00+02:00,155.86000061035156,155.8800048828125,155.86000061035156,155.86000061035156,155.86000061035156,122,2023-05-29 09:10:00+02:00
2023-05-29 09:11:00+02:00,156.0399932861328,156.05999755859375,156.0399932861328,156.05999755859375,156.05999755859375,92,2023-05-29 09:11:00+02:00
2023-05-29 09:12:00+02:00,156.10000610351562,156.10000610351562,156.0,156.0,156.0,1200,2023-05-29 09:12:00+02:00
2023-05-29 09:14:00+02:00,155.89999389648438,155.89999389648438,155.8000030517578,155.8000030517578,155.8000030517578,712,2023-05-29 09:14:00+02:00
2023-05-29 09:15:00+02:00,155.8000030517578,155.82000732421875,155.8000030517578,155.82000732421875,155.82000732421875,664,2023-05-29 09:15:00+02:00
2023-05-29 09:16:00+02:00,155.8800048828125,155.9199981689453,155.8800048828125,155.9199981689453,155.9199981689453,36,2023-05-29 09:16:00+02:00
2023-05-29 09:18:00+02:00,155.97999572753906,156.0,155.9600067138672,155.97999572753906,155.97999572753906,174,2023-05-29 09:18:00+02:00
2023-05-29 09:19:00+02:00,155.94000244140625,155.94000244140625,155.94000244140625,155.94000244140625,155.94000244140625,18,2023-05-29 09:19:00+02:00
2023-05-29 09:20:00+02:00,156.0800018310547,156.0800018310547,156.0399932861328,156.0399932861328,156.0399932861328,95,2023-05-29 09:20:00+02:00
2023-05-29 09:22:00+02:00,155.94000244140625,155.94000244140625,155.94000244140625,155.94000244140625,155.94000244140625,4,2023-05-29 09:22:00+02:00
2023-05-29 09:23:00+02:00,155.8800048828125,155.8800048828125,155.8800048828125,155.8800048828125,155.8800048828125,19,2023-05-29 09:23:00+02:00
2023-05-29 09:24:00+02:00,155.89999389648438,155.89999389648438,155.89999389648438,155.89999389648438,155.89999389648438,100,2023-05-29 09:24:00+02:00
2023-05-29 09:25:00+02:00,155.8800048828125,155.8800048828125,155.8800048828125,155.8800048828125,155.8800048828125,378,2023-05-29 09:25:00+02:00
2023-05-29 09:26:00+02:00,155.6999969482422,155.74000549316406,155.6999969482422,155.74000549316406,155.74000549316406,49,2023-05-29 09:26:00+02:00
2023-05-29 09:27:00+02:00,155.6199951171875,155.66000366210938,155.6199951171875,155.63999938964844,155.63999938964844,91,2023-05-29 09:27:00+02:00
2023-05-29 09:28:00+02:00,155.44000244140625,155.44000244140625,155.44000244140625,155.44000244140625,155.44000244140625,31,2023-05-29 09:28:00+02:00
2023-05-29 09:29:00+02:00,155.39999389648438,155.39999389648438,155.39999389648438,155.39999389648438,155.39999389648438,77,2023-05-29 09:29:00+02:00
2023-05-29 09:30:00+02:00,155.33999633789062,155.36000061035156,155.33999633789062,155.36000061035156,155.36000061035156,25,2023-05-29 09:30:00+02:00
2023-05-29 09:32:00+02:00,155.27999877929688,155.27999877929688,155.25999450683594,155.25999450683594,155.25999450683594,64,2023-05-29 09:32:00+02:00
2023-05-29 09:33:00+02:00,155.1999969482422,155.32000732421875,155.1199951171875,155.32000732421875,155.32000732421875,403,2023-05-29 09:33:00+02:00
2023-05-29 09:34:00+02:00,155.27999877929688,155.27999877929688,155.27999877929688,155.27999877929688,155.27999877929688,66,2023-05-29 09:34:00+02:00
2023-05-29 09:37:00+02:00,155.1999969482422,155.1999969482422,155.1999969482422,155.1999969482422,155.1999969482422,108,2023-05-29 09:37:00+02:00
2023-05-29 09:40:00+02:00,155.13999938964844,155.16000366210938,155.13999938964844,155.16000366210938,155.16000366210938,118,2023-05-29 09:40:00+02:00
2023-05-29 09:41:00+02:00,155.16000366210938,155.3000030517578,155.16000366210938,155.3000030517578,155.3000030517578,113,2023-05-29 09:41:00+02:00
2023-05-29 09:45:00+02:00,155.25999450683594,155.25999450683594,155.25999450683594,155.25999450683594,155.25999450683594,22,2023-05-29 09:45:00+02:00
2023-05-29 09:46:00+02:00,155.3800048828125,155.3800048828125,155.3800048828125,155.3800048828125,155.3800048828125,6,2023-05-29 09:46:00+02:00
2023-05-29 09:48:00+02:00,155.32000732421875,155.32000732421875,155.32000732421875,155.32000732421875,155.32000732421875,2,2023-05-29 09:48:00+02:00
2023-05-29 09:49:00+02:00,155.3000030517578,155.47999572753906,155.3000030517578,155.47999572753906,155.47999572753906,16,2023-05-29 09:49:00+02:00
2023-05-29 09:55:00+02:00,155.22000122070312,155.22000122070312,155.0,155.0,155.0,746,2023-05-29 09:55:00+02:00
2023-05-29 09:57:00+02:00,155.0,155.0,155.0,155.0,155.0,2,2023-05-29 09:57:00+02:00
2023-05-29 09:58:00+02:00,154.9600067138672,154.97999572753906,154.9600067138672,154.97999572753906,154.97999572753906,77,2023-05-29 09:58:00+02:00
2023-05-29 10:00:00+02:00,154.97999572753906,155.0800018310547,154.9199981689453,155.0800018310547,155.0800018310547,1067,2023-05-29 10:00:00+02:00
2023-05-29 10:03:00+02:00,155.0399932861328,155.0399932861328,155.0399932861328,155.0399932861328,155.0399932861328,24,2023-05-29 10:03:00+02:00
2023-05-29 10:04:00+02:00,155.1199951171875,155.1199951171875,155.0800018310547,155.1199951171875,155.1199951171875,390,2023-05-29 10:04:00+02:00
2023-05-29 10:05:00+02:00,155.16000366210938,155.16000366210938,155.16000366210938,155.16000366210938,155.16000366210938,26,2023-05-29 10:05:00+02:00
2023-05-29 10:10:00+02:00,155.1199951171875,155.1199951171875,155.10000610351562,155.10000610351562,155.10000610351562,82,2023-05-29 10:10:00+02:00
2023-05-29 10:12:00+02:00,155.10000610351562,155.10000610351562,155.05999755859375,155.05999755859375,155.05999755859375,170,2023-05-29 10:12:00+02:00
2023-05-29 10:13:00+02:00,155.10000610351562,155.13999938964844,155.10000610351562,155.13999938964844,155.13999938964844,75,2023-05-29 10:13:00+02:00
2023-05-29 10:14:00+02:00,155.1999969482422,155.1999969482422,155.1999969482422,155.1999969482422,155.1999969482422,54,2023-05-29 10:14:00+02:00
2023-05-29 10:15:00+02:00,155.10000610351562,155.10000610351562,155.05999755859375,155.05999755859375,155.05999755859375,161,2023-05-29 10:15:00+02:00
2023-05-29 10:16:00+02:00,155.0399932861328,155.0399932861328,155.0399932861328,155.0399932861328,155.0399932861328,16,2023-05-29 10:16:00+02:00
2023-05-29 10:19:00+02:00,155.0,155.0,155.0,155.0,155.0,85,2023-05-29 10:19:00+02:00
2023-05-29 10:20:00+02:00,154.97999572753906,154.97999572753906,154.97999572753906,154.97999572753906,154.97999572753906,46,2023-05-29 10:20:00+02:00
2023-05-29 10:21:00+02:00,154.97999572753906,155.02000427246094,154.97999572753906,155.02000427246094,155.02000427246094,60,2023-05-29 10:21:00+02:00
2023-05-29 10:23:00+02:00,155.16000366210938,155.16000366210938,155.13999938964844,155.13999938964844,155.13999938964844,133,2023-05-29 10:23:00+02:00
2023-05-29 10:24:00+02:00,155.17999267578125,155.17999267578125,155.17999267578125,155.17999267578125,155.17999267578125,53,2023-05-29 10:24:00+02:00
2023-05-29 10:25:00+02:00,155.17999267578125,155.17999267578125,155.17999267578125,155.17999267578125,155.17999267578125,26,2023-05-29 10:25:00+02:00
2023-05-29 10:29:00+02:00,155.17999267578125,155.17999267578125,155.17999267578125,155.17999267578125,155.17999267578125,32,2023-05-29 10:29:00+02:00
2023-05-29 10:32:00+02:00,155.16000366210938,155.16000366210938,155.16000366210938,155.16000366210938,155.16000366210938,230,2023-05-29 10:32:00+02:00
2023-05-29 10:34:00+02:00,155.13999938964844,155.13999938964844,155.13999938964844,155.13999938964844,155.13999938964844,36,2023-05-29 10:34:00+02:00
2023-05-29 10:37:00+02:00,155.1199951171875,155.1199951171875,155.1199951171875,155.1199951171875,155.1199951171875,19,2023-05-29 10:37:00+02:00
2023-05-29 10:38:00+02:00,155.13999938964844,155.13999938964844,155.13999938964844,155.13999938964844,155.13999938964844,28,2023-05-29 10:38:00+02:00
2023-05-29 10:39:00+02:00,155.16000366210938,155.16000366210938,155.1199951171875,155.16000366210938,155.16000366210938,301,2023-05-29 10:39:00+02:00
2023-05-29 10:41:00+02:00,155.1199951171875,155.1199951171875,155.05999755859375,155.05999755859375,155.05999755859375,103,2023-05-29 10:41:00+02:00
2023-05-29 10:42:00+02:00,155.0399932861328,155.0399932861328,155.0399932861328,155.0399932861328,155.0399932861328,37,2023-05-29 10:42:00+02:00
2023-05-29 10:44:00+02:00,155.0,155.0,154.97999572753906,154.97999572753906,154.97999572753906,37,2023-05-29 10:44:00+02:00
2023-05-29 10:47:00+02:00,154.8000030517578,154.83999633789062,154.8000030517578,154.83999633789062,154.83999633789062,227,2023-05-29 10:47:00+02:00
2023-05-29 10:48:00+02:00,154.86000061035156,154.86000061035156,154.86000061035156,154.86000061035156,154.86000061035156,27,2023-05-29 10:48:00+02:00
2023-05-29 10:52:00+02:00,154.8800048828125,154.97999572753906,154.8800048828125,154.97999572753906,154.97999572753906,86,2023-05-29 10:52:00+02:00
2023-05-29 10:53:00+02:00,154.97999572753906,154.97999572753906,154.97999572753906,154.97999572753906,154.97999572753906,15,2023-05-29 10:53:00+02:00
2023-05-29 10:54:00+02:00,154.94000244140625,154.94000244140625,154.94000244140625,154.94000244140625,154.94000244140625,65,2023-05-29 10:54:00+02:00
2023-05-29 10:55:00+02:00,154.9199981689453,154.9600067138672,154.9199981689453,154.9600067138672,154.9600067138672,17,2023-05-29 10:55:00+02:00
2023-05-29 10:56:00+02:00,154.86000061035156,154.86000061035156,154.86000061035156,154.86000061035156,154.86000061035156,22,2023-05-29 10:56:00+02:00
2023-05-29 10:58:00+02:00,154.8800048828125,154.8800048828125,154.77999877929688,154.77999877929688,154.77999877929688,82,2023-05-29 10:58:00+02:00
2023-05-29 11:00:00+02:00,154.77999877929688,154.83999633789062,154.77999877929688,154.83999633789062,154.83999633789062,187,2023-05-29 11:00:00+02:00
2023-05-29 11:01:00+02:00,154.82000732421875,154.82000732421875,154.82000732421875,154.82000732421875,154.82000732421875,1,2023-05-29 11:01:00+02:00
2023-05-29 11:02:00+02:00,154.82000732421875,154.89999389648438,154.82000732421875,154.89999389648438,154.89999389648438,240,2023-05-29 11:02:00+02:00
2023-05-29 11:04:00+02:00,154.9600067138672,154.9600067138672,154.9199981689453,154.9199981689453,154.9199981689453,129,2023-05-29 11:04:00+02:00
2023-05-29 11:05:00+02:00,154.97999572753906,154.97999572753906,154.97999572753906,154.97999572753906,154.97999572753906,18,2023-05-29 11:05:00+02:00
2023-05-29 11:06:00+02:00,155.05999755859375,155.0800018310547,155.05999755859375,155.0800018310547,155.0800018310547,205,2023-05-29 11:06:00+02:00
2023-05-29 11:07:00+02:00,155.0800018310547,155.0800018310547,155.0800018310547,155.0800018310547,155.0800018310547,2,2023-05-29 11:07:00+02:00
2023-05-29 11:08:00+02:00,155.1199951171875,155.32000732421875,155.1199951171875,155.32000732421875,155.32000732421875,78,2023-05-29 11:08:00+02:00
2023-05-29 11:10:00+02:00,155.39999389648438,155.4600067138672,155.39999389648438,155.4600067138672,155.4600067138672,8,2023-05-29 11:10:00+02:00
2023-05-29 11:11:00+02:00,155.5,155.5,155.4199981689453,155.4199981689453,155.4199981689453,244,2023-05-29 11:11:00+02:00
2023-05-29 11:12:00+02:00,155.27999877929688,155.27999877929688,155.27999877929688,155.27999877929688,155.27999877929688,54,2023-05-29 11:12:00+02:00
2023-05-29 11:14:00+02:00,155.22000122070312,155.22000122070312,155.1999969482422,155.1999969482422,155.1999969482422,136,2023-05-29 11:14:00+02:00
2023-05-29 11:15:00+02:00,155.22000122070312,155.22000122070312,155.22000122070312,155.22000122070312,155.22000122070312,4,2023-05-29 11:15:00+02:00
2023-05-29 11:18:00+02:00,155.25999450683594,155.25999450683594,155.25999450683594,155.25999450683594,155.25999450683594,137,2023-05-29 11:18:00+02:00
2023-05-29 11:20:00+02:00,155.24000549316406,155.24000549316406,155.24000549316406,155.24000549316406,155.24000549316406,66,2023-05-29 11:20:00+02:00
2023-05-29 11:24:00+02:00,155.05999755859375,155.0800018310547,155.05999755859375,155.0800018310547,155.0800018310547,318,2023-05-29 11:24:00+02:00
2023-05-29 11:25:00+02:00,155.13999938964844,155.1999969482422,155.13999938964844,155.16000366210938,155.16000366210938,516,2023-05-29 11:25:00+02:00
2023-05-29 11:26:00+02:00,155.13999938964844,155.13999938964844,155.13999938964844,155.13999938964844,155.13999938964844,100,2023-05-29 11:26:00+02:00
2023-05-29 11:27:00+02:00,155.13999938964844,155.13999938964844,155.13999938964844,155.13999938964844,155.13999938964844,41,2023-05-29 11:27:00+02:00
2023-05-29 11:28:00+02:00,155.0800018310547,155.0800018310547,155.0800018310547,155.0800018310547,155.0800018310547,38,2023-05-29 11:28:00+02:00
2023-05-29 11:29:00+02:00,155.10000610351562,155.13999938964844,155.10000610351562,155.1199951171875,155.1199951171875,146,2023-05-29 11:29:00+02:00
2023-05-29 11:30:00+02:00,155.10000610351562,155.10000610351562,155.10000610351562,155.10000610351562,155.10000610351562,7,2023-05-29 11:30:00+02:00
2023-05-29 11:31:00+02:00,155.1199951171875,155.1199951171875,155.1199951171875,155.1199951171875,155.1199951171875,62,2023-05-29 11:31:00+02:00
2023-05-29 11:32:00+02:00,155.1199951171875,155.1199951171875,155.05999755859375,155.05999755859375,155.05999755859375,896,2023-05-29 11:32:00+02:00
2023-05-29 11:33:00+02:00,155.0,155.0,155.0,155.0,155.0,30,2023-05-29 11:33:00+02:00
2023-05-29 11:34:00+02:00,155.0,155.0,155.0,155.0,155.0,40,2023-05-29 11:34:00+02:00
2023-05-29 11:35:00+02:00,154.97999572753906,154.97999572753906,154.89999389648438,154.94000244140625,154.94000244140625,297,2023-05-29 11:35:00+02:00
2023-05-29 11:36:00+02:00,154.9199981689453,154.9199981689453,154.9199981689453,154.9199981689453,154.9199981689453,86,2023-05-29 11:36:00+02:00
2023-05-29 11:37:00+02:00,154.8800048828125,154.9199981689453,154.8800048828125,154.9199981689453,154.9199981689453,427,2023-05-29 11:37:00+02:00
2023-05-29 11:38:00+02:00,154.83999633789062,154.83999633789062,154.83999633789062,154.83999633789062,154.83999633789062,4,2023-05-29 11:38:00+02:00
2023-05-29 11:39:00+02:00,154.89999389648438,154.89999389648438,154.89999389648438,154.89999389648438,154.89999389648438,1,2023-05-29 11:39:00+02:00
2023-05-29 11:40:00+02:00,154.8800048828125,154.8800048828125,154.83999633789062,154.83999633789062,154.83999633789062,28,2023-05-29 11:40:00+02:00
2023-05-29 11:41:00+02:00,154.83999633789062,154.83999633789062,154.83999633789062,154.83999633789062,154.83999633789062,19,2023-05-29 11:41:00+02:00
2023-05-29 11:42:00+02:00,154.9199981689453,154.9199981689453,154.9199981689453,154.9199981689453,154.9199981689453,25,2023-05-29 11:42:00+02:00
2023-05-29 11:43:00+02:00,154.97999572753906,155.05999755859375,154.97999572753906,155.05999755859375,155.05999755859375,277,2023-05-29 11:43:00+02:00
2023-05-29 11:44:00+02:00,155.13999938964844,155.13999938964844,155.13999938964844,155.13999938964844,155.13999938964844,37,2023-05-29 11:44:00+02:00
2023-05-29 11:46:00+02:00,155.10000610351562,155.10000610351562,155.10000610351562,155.10000610351562,155.10000610351562,18,2023-05-29 11:46:00+02:00
2023-05-29 11:48:00+02:00,155.05999755859375,155.10000610351562,155.05999755859375,155.10000610351562,155.10000610351562,76,2023-05-29 11:48:00+02:00
2023-05-29 11:50:00+02:00,155.0800018310547,155.0800018310547,155.0800018310547,155.0800018310547,155.0800018310547,152,2023-05-29 11:50:00+02:00
2023-05-29 11:52:00+02:00,155.13999938964844,155.13999938964844,155.13999938964844,155.13999938964844,155.13999938964844,9,2023-05-29 11:52:00+02:00
2023-05-29 11:54:00+02:00,155.1999969482422,155.1999969482422,155.1999969482422,155.1999969482422,155.1999969482422,23,2023-05-29 11:54:00+02:00
2023-05-29 11:56:00+02:00,155.16000366210938,155.17999267578125,155.16000366210938,155.16000366210938,155.16000366210938,40,2023-05-29 11:56:00+02:00
2023-05-29 11:57:00+02:00,155.13999938964844,155.13999938964844,155.13999938964844,155.13999938964844,155.13999938964844,41,2023-05-29 11:57:00+02:00
2023-05-29 11:59:00+02:00,155.0800018310547,155.1199951171875,155.0800018310547,155.1199951171875,155.1199951171875,138,2023-05-29 11:59:00+02:00
2023-05-29 12:00:00+02:00,155.16000366210938,155.16000366210938,155.16000366210938,155.16000366210938,155.16000366210938,44,2023-05-29 12:00:00+02:00
2023-05-29 12:01:00+02:00,155.10000610351562,155.10000610351562,155.10000610351562,155.10000610351562,155.10000610351562,38,2023-05-29 12:01:00+02:00
2023-05-29 12:02:00+02:00,155.05999755859375,155.05999755859375,155.05999755859375,155.05999755859375,155.05999755859375,113,2023-05-29 12:02:00+02:00
2023-05-29 12:03:00+02:00,155.10000610351562,155.10000610351562,155.10000610351562,155.10000610351562,155.10000610351562,19,2023-05-29 12:03:00+02:00
2023-05-29 12:05:00+02:00,155.0399932861328,155.0399932861328,155.0399932861328,155.0399932861328,155.0399932861328,66,2023-05-29 12:05:00+02:00
2023-05-29 12:06:00+02:00,155.0399932861328,155.0399932861328,155.0399932861328,155.0399932861328,155.0399932861328,7,2023-05-29 12:06:00+02:00
2023-05-29 12:07:00+02:00,155.02000427246094,155.05999755859375,154.97999572753906,155.0,155.0,808,2023-05-29 12:07:00+02:00
2023-05-29 12:08:00+02:00,154.97999572753906,154.97999572753906,154.97999572753906,154.97999572753906,154.97999572753906,100,2023-05-29 12:08:00+02:00
2023-05-29 12:10:00+02:00,154.89999389648438,154.89999389648438,154.89999389648438,154.89999389648438,154.89999389648438,38,2023-05-29 12:10:00+02:00
2023-05-29 12:11:00+02:00,154.86000061035156,154.86000061035156,154.86000061035156,154.86000061035156,154.86000061035156,165,2023-05-29 12:11:00+02:00
2023-05-29 12:12:00+02:00,154.9600067138672,154.9600067138672,154.9600067138672,154.9600067138672,154.9600067138672,234,2023-05-29 12:12:00+02:00
2023-05-29 12:14:00+02:00,154.9199981689453,154.9199981689453,154.9199981689453,154.9199981689453,154.9199981689453,39,2023-05-29 12:14:00+02:00
2023-05-29 12:16:00+02:00,154.9600067138672,154.9600067138672,154.9600067138672,154.9600067138672,154.9600067138672,2,2023-05-29 12:16:00+02:00
2023-05-29 12:17:00+02:00,154.9600067138672,154.9600067138672,154.9600067138672,154.9600067138672,154.9600067138672,2,2023-05-29 12:17:00+02:00
2023-05-29 12:18:00+02:00,154.9600067138672,155.0,154.9600067138672,155.0,155.0,36,2023-05-29 12:18:00+02:00
2023-05-29 12:19:00+02:00,154.9600067138672,154.97999572753906,154.9600067138672,154.97999572753906,154.97999572753906,282,2023-05-29 12:19:00+02:00
2023-05-29 12:20:00+02:00,154.9199981689453,154.9199981689453,154.8800048828125,154.8800048828125,154.8800048828125,123,2023-05-29 12:20:00+02:00
2023-05-29 12:21:00+02:00,154.86000061035156,154.86000061035156,154.86000061035156,154.86000061035156,154.86000061035156,2,2023-05-29 12:21:00+02:00
2023-05-29 12:23:00+02:00,154.86000061035156,154.86000061035156,154.83999633789062,154.83999633789062,154.83999633789062,42,2023-05-29 12:23:00+02:00
2023-05-29 12:24:00+02:00,154.8000030517578,154.83999633789062,154.8000030517578,154.8000030517578,154.8000030517578,269,2023-05-29 12:24:00+02:00
2023-05-29 12:25:00+02:00,154.75999450683594,154.75999450683594,154.6999969482422,154.6999969482422,154.6999969482422,63,2023-05-29 12:25:00+02:00
2023-05-29 12:26:00+02:00,154.77999877929688,154.77999877929688,154.77999877929688,154.77999877929688,154.77999877929688,18,2023-05-29 12:26:00+02:00
2023-05-29 12:27:00+02:00,154.8000030517578,154.8000030517578,154.8000030517578,154.8000030517578,154.8000030517578,1,2023-05-29 12:27:00+02:00
2023-05-29 12:28:00+02:00,154.75999450683594,154.75999450683594,154.75999450683594,154.75999450683594,154.75999450683594,19,2023-05-29 12:28:00+02:00
2023-05-29 12:29:00+02:00,154.6999969482422,154.77999877929688,154.6999969482422,154.77999877929688,154.77999877929688,77,2023-05-29 12:29:00+02:00
2023-05-29 12:30:00+02:00,154.77999877929688,154.77999877929688,154.77999877929688,154.77999877929688,154.77999877929688,1,2023-05-29 12:30:00+02:00
2023-05-29 12:31:00+02:00,154.8000030517578,154.82000732421875,154.8000030517578,154.82000732421875,154.82000732421875,16,2023-05-29 12:31:00+02:00
2023-05-29 12:32:00+02:00,154.75999450683594,154.75999450683594,154.75999450683594,154.75999450683594,154.75999450683594,34,2023-05-29 12:32:00+02:00
2023-05-29 12:33:00+02:00,154.6999969482422,154.6999969482422,154.6999969482422,154.6999969482422,154.6999969482422,1,2023-05-29 12:33:00+02:00
2023-05-29 12:37:00+02:00,154.6199951171875,154.6199951171875,154.6199951171875,154.6199951171875,154.6199951171875,1,2023-05-29 12:37:00+02:00
2023-05-29 12:38:00+02:00,154.6199951171875,154.6199951171875,154.6199951171875,154.6199951171875,154.6199951171875,40,2023-05-29 12:38:00+02:00
2023-05-29 12:39:00+02:00,154.63999938964844,154.66000366210938,154.63999938964844,154.63999938964844,154.63999938964844,148,2023-05-29 12:39:00+02:00
2023-05-29 12:40:00+02:00,154.6199951171875,154.6199951171875,154.5800018310547,154.5800018310547,154.5800018310547,110,2023-05-29 12:40:00+02:00
2023-05-29 12:41:00+02:00,154.5,154.5,154.47999572753906,154.47999572753906,154.47999572753906,65,2023-05-29 12:41:00+02:00
2023-05-29 12:42:00+02:00,154.44000244140625,154.44000244140625,154.44000244140625,154.44000244140625,154.44000244140625,38,2023-05-29 12:42:00+02:00
2023-05-29 12:46:00+02:00,154.36000061035156,154.36000061035156,154.32000732421875,154.32000732421875,154.32000732421875,106,2023-05-29 12:46:00+02:00
2023-05-29 12:48:00+02:00,154.3800048828125,154.3800048828125,154.3800048828125,154.3800048828125,154.3800048828125,91,2023-05-29 12:48:00+02:00
2023-05-29 12:49:00+02:00,154.3800048828125,154.3800048828125,154.3800048828125,154.3800048828125,154.3800048828125,27,2023-05-29 12:49:00+02:00
2023-05-29 12:50:00+02:00,154.32000732421875,154.32000732421875,154.3000030517578,154.3000030517578,154.3000030517578,39,2023-05-29 12:50:00+02:00
2023-05-29 12:51:00+02:00,154.3000030517578,154.3000030517578,154.24000549316406,154.24000549316406,154.24000549316406,421,2023-05-29 12:51:00+02:00
2023-05-29 12:52:00+02:00,154.25999450683594,154.33999633789062,154.25999450683594,154.33999633789062,154.33999633789062,111,2023-05-29 12:52:00+02:00
2023-05-29 12:53:00+02:00,154.36000061035156,154.36000061035156,154.32000732421875,154.32000732421875,154.32000732421875,152,2023-05-29 12:53:00+02:00
2023-05-29 12:54:00+02:00,154.27999877929688,154.27999877929688,154.27999877929688,154.27999877929688,154.27999877929688,74,2023-05-29 12:54:00+02:00
2023-05-29 12:55:00+02:00,154.24000549316406,154.32000732421875,154.1999969482422,154.25999450683594,154.25999450683594,657,2023-05-29 12:55:00+02:00
2023-05-29 12:58:00+02:00,154.27999877929688,154.27999877929688,154.27999877929688,154.27999877929688,154.27999877929688,117,2023-05-29 12:58:00+02:00
2023-05-29 12:59:00+02:00,154.27999877929688,154.32000732421875,154.27999877929688,154.32000732421875,154.32000732421875,177,2023-05-29 12:59:00+02:00
2023-05-29 13:02:00+02:00,154.3800048828125,154.3800048828125,154.25999450683594,154.3000030517578,154.3000030517578,301,2023-05-29 13:02:00+02:00
2023-05-29 13:03:00+02:00,154.3000030517578,154.3000030517578,154.3000030517578,154.3000030517578,154.3000030517578,19,2023-05-29 13:03:00+02:00
2023-05-29 13:06:00+02:00,154.32000732421875,154.32000732421875,154.32000732421875,154.32000732421875,154.32000732421875,102,2023-05-29 13:06:00+02:00
2023-05-29 13:07:00+02:00,154.25999450683594,154.25999450683594,154.25999450683594,154.25999450683594,154.25999450683594,38,2023-05-29 13:07:00+02:00
2023-05-29 13:08:00+02:00,154.25999450683594,154.25999450683594,154.25999450683594,154.25999450683594,154.25999450683594,73,2023-05-29 13:08:00+02:00
2023-05-29 13:09:00+02:00,154.3000030517578,154.3000030517578,154.3000030517578,154.3000030517578,154.3000030517578,167,2023-05-29 13:09:00+02:00
2023-05-29 13:10:00+02:00,154.27999877929688,154.27999877929688,154.27999877929688,154.27999877929688,154.27999877929688,15,2023-05-29 13:10:00+02:00
2023-05-29 13:11:00+02:00,154.33999633789062,154.33999633789062,154.33999633789062,154.33999633789062,154.33999633789062,30,2023-05-29 13:11:00+02:00
2023-05-29 13:13:00+02:00,154.3800048828125,154.3800048828125,154.3800048828125,154.3800048828125,154.3800048828125,16,2023-05-29 13:13:00+02:00
2023-05-29 13:15:00+02:00,154.33999633789062,154.33999633789062,154.33999633789062,154.33999633789062,154.33999633789062,38,2023-05-29 13:15:00+02:00
2023-05-29 13:18:00+02:00,154.27999877929688,154.27999877929688,154.27999877929688,154.27999877929688,154.27999877929688,14,2023-05-29 13:18:00+02:00
2023-05-29 13:19:00+02:00,154.1999969482422,154.1999969482422,154.1999969482422,154.1999969482422,154.1999969482422,147,2023-05-29 13:19:00+02:00
2023-05-29 13:22:00+02:00,154.22000122070312,154.22000122070312,154.22000122070312,154.22000122070312,154.22000122070312,69,2023-05-29 13:22:00+02:00
2023-05-29 13:23:00+02:00,154.1999969482422,154.22000122070312,154.1999969482422,154.22000122070312,154.22000122070312,49,2023-05-29 13:23:00+02:00
2023-05-29 13:24:00+02:00,154.16000366210938,154.16000366210938,154.16000366210938,154.16000366210938,154.16000366210938,66,2023-05-29 13:24:00+02:00
2023-05-29 13:29:00+02:00,154.3000030517578,154.3000030517578,154.3000030517578,154.3000030517578,154.3000030517578,18,2023-05-29 13:29:00+02:00
2023-05-29 13:32:00+02:00,154.25999450683594,154.25999450683594,154.25999450683594,154.25999450683594,154.25999450683594,1,2023-05-29 13:32:00+02:00
2023-05-29 13:34:00+02:00,154.22000122070312,154.22000122070312,154.1999969482422,154.22000122070312,154.22000122070312,254,2023-05-29 13:34:00+02:00
2023-05-29 13:35:00+02:00,154.22000122070312,154.25999450683594,154.22000122070312,154.25999450683594,154.25999450683594,24,2023-05-29 13:35:00+02:00
2023-05-29 13:36:00+02:00,154.24000549316406,154.24000549316406,154.24000549316406,154.24000549316406,154.24000549316406,5,2023-05-29 13:36:00+02:00
2023-05-29 13:37:00+02:00,154.24000549316406,154.24000549316406,154.24000549316406,154.24000549316406,154.24000549316406,14,2023-05-29 13:37:00+02:00
2023-05-29 13:38:00+02:00,154.25999450683594,154.25999450683594,154.25999450683594,154.25999450683594,154.25999450683594,14,2023-05-29 13:38:00+02:00
2023-05-29 13:39:00+02:00,154.27999877929688,154.27999877929688,154.27999877929688,154.27999877929688,154.27999877929688,15,2023-05-29 13:39:00+02:00
2023-05-29 13:40:00+02:00,154.27999877929688,154.27999877929688,154.27999877929688,154.27999877929688,154.27999877929688,36,2023-05-29 13:40:00+02:00
2023-05-29 13:46:00+02:00,154.1999969482422,154.1999969482422,154.17999267578125,154.1999969482422,154.1999969482422,100,2023-05-29 13:46:00+02:00
2023-05-29 13:47:00+02:00,154.1999969482422,154.1999969482422,154.10000610351562,154.10000610351562,154.10000610351562,78,2023-05-29 13:47:00+02:00
2023-05-29 13:48:00+02:00,154.05999755859375,154.0800018310547,154.05999755859375,154.0800018310547,154.0800018310547,66,2023-05-29 13:48:00+02:00
2023-05-29 13:49:00+02:00,154.13999938964844,154.16000366210938,154.13999938964844,154.16000366210938,154.16000366210938,95,2023-05-29 13:49:00+02:00
2023-05-29 13:50:00+02:00,154.13999938964844,154.13999938964844,154.05999755859375,154.05999755859375,154.05999755859375,245,2023-05-29 13:50:00+02:00
2023-05-29 13:52:00+02:00,154.0399932861328,154.0399932861328,153.97999572753906,153.97999572753906,153.97999572753906,284,2023-05-29 13:52:00+02:00
2023-05-29 13:53:00+02:00,153.89999389648438,153.89999389648438,153.8800048828125,153.8800048828125,153.8800048828125,42,2023-05-29 13:53:00+02:00
2023-05-29 13:54:00+02:00,153.86000061035156,153.89999389648438,153.86000061035156,153.89999389648438,153.89999389648438,51,2023-05-29 13:54:00+02:00
2023-05-29 13:55:00+02:00,153.8800048828125,153.8800048828125,153.8800048828125,153.8800048828125,153.8800048828125,91,2023-05-29 13:55:00+02:00
2023-05-29 13:56:00+02:00,153.86000061035156,153.86000061035156,153.8000030517578,153.8000030517578,153.8000030517578,648,2023-05-29 13:56:00+02:00
2023-05-29 13:57:00+02:00,153.82000732421875,153.83999633789062,153.82000732421875,153.83999633789062,153.83999633789062,63,2023-05-29 13:57:00+02:00
2023-05-29 13:58:00+02:00,153.82000732421875,153.82000732421875,153.8000030517578,153.8000030517578,153.8000030517578,43,2023-05-29 13:58:00+02:00
2023-05-29 13:59:00+02:00,153.82000732421875,153.82000732421875,153.82000732421875,153.82000732421875,153.82000732421875,14,2023-05-29 13:59:00+02:00
2023-05-29 14:00:00+02:00,153.86000061035156,153.94000244140625,153.86000061035156,153.94000244140625,153.94000244140625,138,2023-05-29 14:00:00+02:00
2023-05-29 14:01:00+02:00,153.8800048828125,153.9199981689453,153.8800048828125,153.9199981689453,153.9199981689453,92,2023-05-29 14:01:00+02:00
2023-05-29 14:02:00+02:00,153.8800048828125,153.8800048828125,153.8800048828125,153.8800048828125,153.8800048828125,37,2023-05-29 14:02:00+02:00
2023-05-29 14:03:00+02:00,153.9199981689453,154.0,153.9199981689453,154.0,154.0,146,2023-05-29 14:03:00+02:00
2023-05-29 14:04:00+02:00,153.9600067138672,153.9600067138672,153.94000244140625,153.9600067138672,153.9600067138672,12,2023-05-29 14:04:00+02:00
2023-05-29 14:05:00+02:00,153.97999572753906,153.97999572753906,153.97999572753906,153.97999572753906,153.97999572753906,78,2023-05-29 14:05:00+02:00
2023-05-29 14:06:00+02:00,154.05999755859375,154.05999755859375,154.05999755859375,154.05999755859375,154.05999755859375,22,2023-05-29 14:06:00+02:00
2023-05-29 14:07:00+02:00,154.05999755859375,154.05999755859375,153.9600067138672,153.9600067138672,153.9600067138672,34,2023-05-29 14:07:00+02:00
2023-05-29 14:08:00+02:00,154.0399932861328,154.0399932861328,154.0399932861328,154.0399932861328,154.0399932861328,12,2023-05-29 14:08:00+02:00
2023-05-29 14:09:00+02:00,154.05999755859375,154.0800018310547,154.05999755859375,154.0800018310547,154.0800018310547,175,2023-05-29 14:09:00+02:00
2023-05-29 14:10:00+02:00,154.0800018310547,154.0800018310547,154.02000427246094,154.0399932861328,154.0399932861328,42,2023-05-29 14:10:00+02:00
2023-05-29 14:11:00+02:00,154.0800018310547,154.0800018310547,154.0800018310547,154.0800018310547,154.0800018310547,12,2023-05-29 14:11:00+02:00
2023-05-29 14:13:00+02:00,154.0399932861328,154.1199951171875,154.02000427246094,154.1199951171875,154.1199951171875,210,2023-05-29 14:13:00+02:00
2023-05-29 14:15:00+02:00,154.0800018310547,154.0800018310547,154.0800018310547,154.0800018310547,154.0800018310547,70,2023-05-29 14:15:00+02:00
2023-05-29 14:16:00+02:00,154.10000610351562,154.10000610351562,154.10000610351562,154.10000610351562,154.10000610351562,1,2023-05-29 14:16:00+02:00
2023-05-29 14:17:00+02:00,154.02000427246094,154.02000427246094,154.02000427246094,154.02000427246094,154.02000427246094,49,2023-05-29 14:17:00+02:00
2023-05-29 14:18:00+02:00,154.05999755859375,154.05999755859375,154.05999755859375,154.05999755859375,154.05999755859375,26,2023-05-29 14:18:00+02:00
2023-05-29 14:19:00+02:00,154.0399932861328,154.0399932861328,154.0399932861328,154.0399932861328,154.0399932861328,139,2023-05-29 14:19:00+02:00
2023-05-29 14:21:00+02:00,154.0399932861328,154.0399932861328,154.0399932861328,154.0399932861328,154.0399932861328,139,2023-05-29 14:21:00+02:00
2023-05-29 14:22:00+02:00,154.0399932861328,154.0399932861328,154.0399932861328,154.0399932861328,154.0399932861328,2,2023-05-29 14:22:00+02:00
2023-05-29 14:23:00+02:00,154.02000427246094,154.02000427246094,154.02000427246094,154.02000427246094,154.02000427246094,26,2023-05-29 14:23:00+02:00
2023-05-29 14:24:00+02:00,154.0,154.0,153.94000244140625,153.9600067138672,153.9600067138672,56,2023-05-29 14:24:00+02:00
2023-05-29 14:25:00+02:00,154.02000427246094,154.02000427246094,154.02000427246094,154.02000427246094,154.02000427246094,44,2023-05-29 14:25:00+02:00
2023-05-29 14:26:00+02:00,154.05999755859375,154.05999755859375,154.05999755859375,154.05999755859375,154.05999755859375,25,2023-05-29 14:26:00+02:00
2023-05-29 14:27:00+02:00,154.0399932861328,154.0399932861328,154.02000427246094,154.02000427246094,154.02000427246094,80,2023-05-29 14:27:00+02:00
2023-05-29 14:28:00+02:00,154.0800018310547,154.0800018310547,154.0800018310547,154.0800018310547,154.0800018310547,25,2023-05-29 14:28:00+02:00
2023-05-29 14:30:00+02:00,153.97999572753906,154.0800018310547,153.97999572753906,154.05999755859375,154.05999755859375,462,2023-05-29 14:30:00+02:00
2023-05-29 14:31:00+02:00,154.10000610351562,154.10000610351562,154.10000610351562,154.10000610351562,154.10000610351562,19,2023-05-29 14:31:00+02:00
2023-05-29 14:32:00+02:00,154.10000610351562,154.10000610351562,154.10000610351562,154.10000610351562,154.10000610351562,26,2023-05-29 14:32:00+02:00
2023-05-29 14:33:00+02:00,154.0399932861328,154.05999755859375,154.0399932861328,154.05999755859375,154.05999755859375,52,2023-05-29 14:33:00+02:00
2023-05-29 14:34:00+02:00,154.0,154.0399932861328,154.0,154.02000427246094,154.02000427246094,1294,2023-05-29 14:34:00+02:00
2023-05-29 14:36:00+02:00,154.0,154.0,154.0,154.0,154.0,317,2023-05-29 14:36:00+02:00
2023-05-29 14:37:00+02:00,153.9600067138672,153.9600067138672,153.83999633789062,153.83999633789062,153.83999633789062,93,2023-05-29 14:37:00+02:00
2023-05-29 14:38:00+02:00,153.8000030517578,153.82000732421875,153.75999450683594,153.82000732421875,153.82000732421875,82,2023-05-29 14:38:00+02:00
2023-05-29 14:39:00+02:00,153.83999633789062,153.83999633789062,153.83999633789062,153.83999633789062,153.83999633789062,94,2023-05-29 14:39:00+02:00
2023-05-29 14:40:00+02:00,153.8800048828125,153.8800048828125,153.8800048828125,153.8800048828125,153.8800048828125,80,2023-05-29 14:40:00+02:00
2023-05-29 14:42:00+02:00,153.75999450683594,153.75999450683594,153.74000549316406,153.74000549316406,153.74000549316406,40,2023-05-29 14:42:00+02:00
2023-05-29 14:43:00+02:00,153.75999450683594,153.75999450683594,153.75999450683594,153.75999450683594,153.75999450683594,169,2023-05-29 14:43:00+02:00
2023-05-29 14:44:00+02:00,153.75999450683594,153.77999877929688,153.75999450683594,153.77999877929688,153.77999877929688,226,2023-05-29 14:44:00+02:00
2023-05-29 14:45:00+02:00,153.72000122070312,153.72000122070312,153.72000122070312,153.72000122070312,153.72000122070312,15,2023-05-29 14:45:00+02:00
2023-05-29 14:46:00+02:00,153.6999969482422,153.6999969482422,153.63999938964844,153.63999938964844,153.63999938964844,70,2023-05-29 14:46:00+02:00
2023-05-29 14:47:00+02:00,153.66000366210938,153.66000366210938,153.60000610351562,153.60000610351562,153.60000610351562,56,2023-05-29 14:47:00+02:00
2023-05-29 14:48:00+02:00,153.55999755859375,153.55999755859375,153.55999755859375,153.55999755859375,153.55999755859375,66,2023-05-29 14:48:00+02:00
2023-05-29 14:49:00+02:00,153.5800018310547,153.5800018310547,153.5800018310547,153.5800018310547,153.5800018310547,10,2023-05-29 14:49:00+02:00
2023-05-29 14:51:00+02:00,153.55999755859375,153.55999755859375,153.55999755859375,153.55999755859375,153.55999755859375,85,2023-05-29 14:51:00+02:00
2023-05-29 14:52:00+02:00,153.55999755859375,153.55999755859375,153.5399932861328,153.5399932861328,153.5399932861328,39,2023-05-29 14:52:00+02:00
2023-05-29 14:53:00+02:00,153.5800018310547,153.60000610351562,153.5800018310547,153.60000610351562,153.60000610351562,96,2023-05-29 14:53:00+02:00
2023-05-29 14:54:00+02:00,153.67999267578125,153.6999969482422,153.55999755859375,153.55999755859375,153.55999755859375,827,2023-05-29 14:54:00+02:00
2023-05-29 14:55:00+02:00,153.5800018310547,153.67999267578125,153.5800018310547,153.67999267578125,153.67999267578125,216,2023-05-29 14:55:00+02:00
2023-05-29 14:56:00+02:00,153.67999267578125,153.67999267578125,153.67999267578125,153.67999267578125,153.67999267578125,18,2023-05-29 14:56:00+02:00
2023-05-29 14:57:00+02:00,153.6999969482422,153.74000549316406,153.6999969482422,153.74000549316406,153.74000549316406,152,2023-05-29 14:57:00+02:00
2023-05-29 14:58:00+02:00,153.72000122070312,153.75999450683594,153.72000122070312,153.75999450683594,153.75999450683594,56,2023-05-29 14:58:00+02:00
2023-05-29 15:00:00+02:00,153.74000549316406,153.74000549316406,153.72000122070312,153.72000122070312,153.72000122070312,112,2023-05-29 15:00:00+02:00
2023-05-29 15:01:00+02:00,153.63999938964844,153.72000122070312,153.63999938964844,153.72000122070312,153.72000122070312,63,2023-05-29 15:01:00+02:00
2023-05-29 15:02:00+02:00,153.72000122070312,153.74000549316406,153.72000122070312,153.72000122070312,153.72000122070312,109,2023-05-29 15:02:00+02:00
2023-05-29 15:03:00+02:00,153.6999969482422,153.6999969482422,153.6999969482422,153.6999969482422,153.6999969482422,28,2023-05-29 15:03:00+02:00
2023-05-29 15:04:00+02:00,153.72000122070312,153.72000122070312,153.72000122070312,153.72000122070312,153.72000122070312,94,2023-05-29 15:04:00+02:00
2023-05-29 15:06:00+02:00,153.6999969482422,153.72000122070312,153.66000366210938,153.66000366210938,153.66000366210938,181,2023-05-29 15:06:00+02:00
2023-05-29 15:09:00+02:00,153.5800018310547,153.5800018310547,153.5800018310547,153.5800018310547,153.5800018310547,4,2023-05-29 15:09:00+02:00
2023-05-29 15:10:00+02:00,153.63999938964844,153.63999938964844,153.63999938964844,153.63999938964844,153.63999938964844,69,2023-05-29 15:10:00+02:00
2023-05-29 15:11:00+02:00,153.66000366210938,153.66000366210938,153.55999755859375,153.63999938964844,153.63999938964844,363,2023-05-29 15:11:00+02:00
2023-05-29 15:12:00+02:00,153.60000610351562,153.60000610351562,153.60000610351562,153.60000610351562,153.60000610351562,60,2023-05-29 15:12:00+02:00
2023-05-29 15:14:00+02:00,153.60000610351562,153.60000610351562,153.60000610351562,153.60000610351562,153.60000610351562,152,2023-05-29 15:14:00+02:00
2023-05-29 15:15:00+02:00,153.5800018310547,153.5800018310547,153.5399932861328,153.5399932861328,153.5399932861328,76,2023-05-29 15:15:00+02:00
2023-05-29 15:16:00+02:00,153.52000427246094,153.67999267578125,153.5,153.67999267578125,153.67999267578125,1310,2023-05-29 15:16:00+02:00
2023-05-29 15:17:00+02:00,153.6999969482422,153.6999969482422,153.6199951171875,153.63999938964844,153.63999938964844,259,2023-05-29 15:17:00+02:00
2023-05-29 15:18:00+02:00,153.63999938964844,153.63999938964844,153.63999938964844,153.63999938964844,153.63999938964844,42,2023-05-29 15:18:00+02:00
2023-05-29 15:19:00+02:00,153.66000366210938,153.66000366210938,153.66000366210938,153.66000366210938,153.66000366210938,68,2023-05-29 15:19:00+02:00
2023-05-29 15:24:00+02:00,153.72000122070312,153.72000122070312,153.72000122070312,153.72000122070312,153.72000122070312,42,2023-05-29 15:24:00+02:00
2023-05-29 15:26:00+02:00,153.72000122070312,153.74000549316406,153.72000122070312,153.74000549316406,153.74000549316406,75,2023-05-29 15:26:00+02:00
2023-05-29 15:29:00+02:00,153.6999969482422,153.6999969482422,153.67999267578125,153.67999267578125,153.67999267578125,32,2023-05-29 15:29:00+02:00
2023-05-29 15:30:00+02:00,153.67999267578125,153.67999267578125,153.67999267578125,153.67999267578125,153.67999267578125,75,2023-05-29 15:30:00+02:00
2023-05-29 15:33:00+02:00,153.6999969482422,153.72000122070312,153.63999938964844,153.63999938964844,153.63999938964844,472,2023-05-29 15:33:00+02:00
2023-05-29 15:34:00+02:00,153.66000366210938,153.67999267578125,153.66000366210938,153.67999267578125,153.67999267578125,15,2023-05-29 15:34:00+02:00
2023-05-29 15:35:00+02:00,153.63999938964844,153.66000366210938,153.63999938964844,153.66000366210938,153.66000366210938,105,2023-05-29 15:35:00+02:00
2023-05-29 15:37:00+02:00,153.63999938964844,153.63999938964844,153.63999938964844,153.63999938964844,153.63999938964844,125,2023-05-29 15:37:00+02:00
2023-05-29 15:38:00+02:00,153.55999755859375,153.60000610351562,153.55999755859375,153.60000610351562,153.60000610351562,127,2023-05-29 15:38:00+02:00
2023-05-29 15:39:00+02:00,153.63999938964844,153.63999938964844,153.63999938964844,153.63999938964844,153.63999938964844,50,2023-05-29 15:39:00+02:00
2023-05-29 15:40:00+02:00,153.67999267578125,153.67999267578125,153.63999938964844,153.63999938964844,153.63999938964844,104,2023-05-29 15:40:00+02:00
2023-05-29 15:41:00+02:00,153.63999938964844,153.63999938964844,153.63999938964844,153.63999938964844,153.63999938964844,26,2023-05-29 15:41:00+02:00
2023-05-29 15:42:00+02:00,153.63999938964844,153.63999938964844,153.63999938964844,153.63999938964844,153.63999938964844,112,2023-05-29 15:42:00+02:00
2023-05-29 15:43:00+02:00,153.60000610351562,153.60000610351562,153.60000610351562,153.60000610351562,153.60000610351562,154,2023-05-29 15:43:00+02:00
2023-05-29 15:44:00+02:00,153.55999755859375,153.55999755859375,153.52000427246094,153.52000427246094,153.52000427246094,36,2023-05-29 15:44:00+02:00
2023-05-29 15:45:00+02:00,153.52000427246094,153.5399932861328,153.52000427246094,153.52000427246094,153.52000427246094,250,2023-05-29 15:45:00+02:00
2023-05-29 15:46:00+02:00,153.5399932861328,153.55999755859375,153.5,153.5399932861328,153.5399932861328,558,2023-05-29 15:46:00+02:00
2023-05-29 15:49:00+02:00,153.5,153.5800018310547,153.5,153.5800018310547,153.5800018310547,274,2023-05-29 15:49:00+02:00
2023-05-29 15:50:00+02:00,153.5800018310547,153.5800018310547,153.5800018310547,153.5800018310547,153.5800018310547,52,2023-05-29 15:50:00+02:00
2023-05-29 15:51:00+02:00,153.5800018310547,153.5800018310547,153.5800018310547,153.5800018310547,153.5800018310547,6,2023-05-29 15:51:00+02:00
2023-05-29 15:52:00+02:00,153.55999755859375,153.5800018310547,153.55999755859375,153.5800018310547,153.5800018310547,264,2023-05-29 15:52:00+02:00
2023-05-29 15:53:00+02:00,153.52000427246094,153.55999755859375,153.52000427246094,153.55999755859375,153.55999755859375,73,2023-05-29 15:53:00+02:00
2023-05-29 15:54:00+02:00,153.5800018310547,153.60000610351562,153.5800018310547,153.5800018310547,153.5800018310547,221,2023-05-29 15:54:00+02:00
2023-05-29 15:55:00+02:00,153.6199951171875,153.67999267578125,153.6199951171875,153.66000366210938,153.66000366210938,257,2023-05-29 15:55:00+02:00
2023-05-29 15:56:00+02:00,153.66000366210938,153.6999969482422,153.66000366210938,153.6999969482422,153.6999969482422,126,2023-05-29 15:56:00+02:00
2023-05-29 15:57:00+02:00,153.6999969482422,153.74000549316406,153.6999969482422,153.74000549316406,153.74000549316406,33,2023-05-29 15:57:00+02:00
2023-05-29 15:58:00+02:00,153.72000122070312,153.72000122070312,153.67999267578125,153.67999267578125,153.67999267578125,134,2023-05-29 15:58:00+02:00
2023-05-29 16:00:00+02:00,153.72000122070312,153.72000122070312,153.72000122070312,153.72000122070312,153.72000122070312,3,2023-05-29 16:00:00+02:00
2023-05-29 16:01:00+02:00,153.66000366210938,153.66000366210938,153.66000366210938,153.66000366210938,153.66000366210938,59,2023-05-29 16:01:00+02:00
2023-05-29 16:02:00+02:00,153.66000366210938,153.72000122070312,153.66000366210938,153.6999969482422,153.6999969482422,119,2023-05-29 16:02:00+02:00
2023-05-29 16:03:00+02:00,153.72000122070312,153.72000122070312,153.72000122070312,153.72000122070312,153.72000122070312,3,2023-05-29 16:03:00+02:00
2023-05-29 16:04:00+02:00,153.74000549316406,153.77999877929688,153.74000549316406,153.77999877929688,153.77999877929688,39,2023-05-29 16:04:00+02:00
2023-05-29 16:05:00+02:00,153.77999877929688,153.77999877929688,153.72000122070312,153.72000122070312,153.72000122070312,239,2023-05-29 16:05:00+02:00
2023-05-29 16:06:00+02:00,153.67999267578125,153.6999969482422,153.67999267578125,153.6999969482422,153.6999969482422,37,2023-05-29 16:06:00+02:00
2023-05-29 16:08:00+02:00,153.67999267578125,153.67999267578125,153.67999267578125,153.67999267578125,153.67999267578125,101,2023-05-29 16:08:00+02:00
2023-05-29 16:10:00+02:00,153.6199951171875,153.6199951171875,153.6199951171875,153.6199951171875,153.6199951171875,63,2023-05-29 16:10:00+02:00
2023-05-29 16:11:00+02:00,153.63999938964844,153.63999938964844,153.63999938964844,153.63999938964844,153.63999938964844,63,2023-05-29 16:11:00+02:00
2023-05-29 16:12:00+02:00,153.67999267578125,153.6999969482422,153.67999267578125,153.6999969482422,153.6999969482422,149,2023-05-29 16:12:00+02:00
2023-05-29 16:13:00+02:00,153.67999267578125,153.8000030517578,153.67999267578125,153.8000030517578,153.8000030517578,412,2023-05-29 16:13:00+02:00
2023-05-29 16:14:00+02:00,153.8000030517578,153.8000030517578,153.8000030517578,153.8000030517578,153.8000030517578,58,2023-05-29 16:14:00+02:00
2023-05-29 16:15:00+02:00,153.74000549316406,153.9199981689453,153.74000549316406,153.9199981689453,153.9199981689453,597,2023-05-29 16:15:00+02:00
2023-05-29 16:16:00+02:00,153.89999389648438,154.02000427246094,153.89999389648438,154.02000427246094,154.02000427246094,232,2023-05-29 16:16:00+02:00
2023-05-29 16:17:00+02:00,154.02000427246094,154.10000610351562,154.02000427246094,154.0800018310547,154.0800018310547,166,2023-05-29 16:17:00+02:00
2023-05-29 16:18:00+02:00,154.10000610351562,154.16000366210938,154.10000610351562,154.13999938964844,154.13999938964844,285,2023-05-29 16:18:00+02:00
2023-05-29 16:19:00+02:00,154.16000366210938,154.1999969482422,154.16000366210938,154.1999969482422,154.1999969482422,141,2023-05-29 16:19:00+02:00
2023-05-29 16:20:00+02:00,154.1999969482422,154.1999969482422,154.1199951171875,154.1199951171875,154.1199951171875,243,2023-05-29 16:20:00+02:00
2023-05-29 16:21:00+02:00,154.05999755859375,154.0800018310547,154.05999755859375,154.0800018310547,154.0800018310547,200,2023-05-29 16:21:00+02:00
2023-05-29 16:22:00+02:00,154.0399932861328,154.0399932861328,154.0399932861328,154.0399932861328,154.0399932861328,171,2023-05-29 16:22:00+02:00
2023-05-29 16:23:00+02:00,153.97999572753906,153.97999572753906,153.97999572753906,153.97999572753906,153.97999572753906,25,2023-05-29 16:23:00+02:00
2023-05-29 16:24:00+02:00,154.02000427246094,154.02000427246094,153.9600067138672,153.9600067138672,153.9600067138672,383,2023-05-29 16:24:00+02:00
2023-05-29 16:25:00+02:00,154.0,154.05999755859375,154.0,154.05999755859375,154.05999755859375,176,2023-05-29 16:25:00+02:00
2023-05-29 16:26:00+02:00,154.05999755859375,154.05999755859375,154.05999755859375,154.05999755859375,154.05999755859375,95,2023-05-29 16:26:00+02:00
2023-05-29 16:27:00+02:00,154.05999755859375,154.0800018310547,154.05999755859375,154.0800018310547,154.0800018310547,38,2023-05-29 16:27:00+02:00
2023-05-29 16:28:00+02:00,154.0800018310547,154.0800018310547,154.0399932861328,154.0399932861328,154.0399932861328,192,2023-05-29 16:28:00+02:00
2023-05-29 16:29:00+02:00,154.0,154.0,154.0,154.0,154.0,41,2023-05-29 16:29:00+02:00
2023-05-29 16:30:00+02:00,153.9600067138672,153.9600067138672,153.9600067138672,153.9600067138672,153.9600067138672,155,2023-05-29 16:30:00+02:00
2023-05-29 16:31:00+02:00,153.89999389648438,153.89999389648438,153.89999389648438,153.89999389648438,153.89999389648438,57,2023-05-29 16:31:00+02:00
2023-05-29 16:32:00+02:00,153.9199981689453,153.94000244140625,153.9199981689453,153.94000244140625,153.94000244140625,45,2023-05-29 16:32:00+02:00
2023-05-29 16:34:00+02:00,153.9600067138672,153.9600067138672,153.9600067138672,153.9600067138672,153.9600067138672,38,2023-05-29 16:34:00+02:00
2023-05-29 16:36:00+02:00,153.89999389648438,153.94000244140625,153.89999389648438,153.94000244140625,153.94000244140625,178,2023-05-29 16:36:00+02:00
2023-05-29 16:37:00+02:00,153.94000244140625,153.94000244140625,153.94000244140625,153.94000244140625,153.94000244140625,75,2023-05-29 16:37:00+02:00
2023-05-29 16:38:00+02:00,153.94000244140625,153.94000244140625,153.94000244140625,153.94000244140625,153.94000244140625,97,2023-05-29 16:38:00+02:00
2023-05-29 16:40:00+02:00,153.94000244140625,154.02000427246094,153.94000244140625,154.02000427246094,154.02000427246094,43,2023-05-29 16:40:00+02:00
2023-05-29 16:41:00+02:00,153.9600067138672,153.9600067138672,153.9600067138672,153.9600067138672,153.9600067138672,29,2023-05-29 16:41:00+02:00
2023-05-29 16:43:00+02:00,154.02000427246094,154.0800018310547,154.02000427246094,154.0800018310547,154.0800018310547,217,2023-05-29 16:43:00+02:00
2023-05-29 16:44:00+02:00,154.10000610351562,154.10000610351562,154.0800018310547,154.0800018310547,154.0800018310547,61,2023-05-29 16:44:00+02:00
2023-05-29 16:46:00+02:00,154.16000366210938,154.16000366210938,154.16000366210938,154.16000366210938,154.16000366210938,14,2023-05-29 16:46:00+02:00
2023-05-29 16:48:00+02:00,154.17999267578125,154.24000549316406,154.17999267578125,154.24000549316406,154.24000549316406,55,2023-05-29 16:48:00+02:00
2023-05-29 16:49:00+02:00,154.25999450683594,154.25999450683594,154.24000549316406,154.25999450683594,154.25999450683594,70,2023-05-29 16:49:00+02:00
2023-05-29 16:50:00+02:00,154.32000732421875,154.32000732421875,154.27999877929688,154.27999877929688,154.27999877929688,201,2023-05-29 16:50:00+02:00
2023-05-29 16:51:00+02:00,154.32000732421875,154.32000732421875,154.32000732421875,154.32000732421875,154.32000732421875,24,2023-05-29 16:51:00+02:00
2023-05-29 16:52:00+02:00,154.27999877929688,154.27999877929688,154.27999877929688,154.27999877929688,154.27999877929688,15,2023-05-29 16:52:00+02:00
2023-05-29 16:53:00+02:00,154.25999450683594,154.25999450683594,154.25999450683594,154.25999450683594,154.25999450683594,117,2023-05-29 16:53:00+02:00
2023-05-29 16:54:00+02:00,154.3000030517578,154.3000030517578,154.3000030517578,154.3000030517578,154.3000030517578,37,2023-05-29 16:54:00+02:00
2023-05-29 16:55:00+02:00,154.32000732421875,154.32000732421875,154.3000030517578,154.3000030517578,154.3000030517578,115,2023-05-29 16:55:00+02:00
2023-05-29 16:56:00+02:00,154.3000030517578,154.4199981689453,154.3000030517578,154.4199981689453,154.4199981689453,496,2023-05-29 16:56:00+02:00
2023-05-29 16:57:00+02:00,154.3800048828125,154.3800048828125,154.27999877929688,154.27999877929688,154.27999877929688,370,2023-05-29 16:57:00+02:00
2023-05-29 16:58:00+02:00,154.3000030517578,154.39999389648438,154.3000030517578,154.39999389648438,154.39999389648438,83,2023-05-29 16:58:00+02:00
2023-05-29 16:59:00+02:00,154.3800048828125,154.3800048828125,154.3800048828125,154.3800048828125,154.3800048828125,83,2023-05-29 16:59:00+02:00
2023-05-29 17:00:00+02:00,154.39999389648438,154.39999389648438,154.3800048828125,154.3800048828125,154.3800048828125,28,2023-05-29 17:00:00+02:00
2023-05-29 17:01:00+02:00,154.36000061035156,154.36000061035156,154.33999633789062,154.33999633789062,154.33999633789062,388,2023-05-29 17:01:00+02:00
2023-05-29 17:03:00+02:00,154.32000732421875,154.32000732421875,154.32000732421875,154.32000732421875,154.32000732421875,42,2023-05-29 17:03:00+02:00
2023-05-29 17:04:00+02:00,154.3000030517578,154.32000732421875,154.25999450683594,154.32000732421875,154.32000732421875,257,2023-05-29 17:04:00+02:00
2023-05-29 17:05:00+02:00,154.32000732421875,154.33999633789062,154.32000732421875,154.33999633789062,154.33999633789062,133,2023-05-29 17:05:00+02:00
2023-05-29 17:06:00+02:00,154.32000732421875,154.3800048828125,154.3000030517578,154.3800048828125,154.3800048828125,240,2023-05-29 17:06:00+02:00
2023-05-29 17:07:00+02:00,154.36000061035156,154.36000061035156,154.33999633789062,154.33999633789062,154.33999633789062,224,2023-05-29 17:07:00+02:00
2023-05-29 17:08:00+02:00,154.44000244140625,154.47999572753906,154.44000244140625,154.47999572753906,154.47999572753906,129,2023-05-29 17:08:00+02:00
2023-05-29 17:09:00+02:00,154.4600067138672,154.47999572753906,154.3800048828125,154.3800048828125,154.3800048828125,337,2023-05-29 17:09:00+02:00
2023-05-29 17:10:00+02:00,154.39999389648438,154.39999389648438,154.36000061035156,154.3800048828125,154.3800048828125,503,2023-05-29 17:10:00+02:00
2023-05-29 17:11:00+02:00,154.36000061035156,154.36000061035156,154.36000061035156,154.36000061035156,154.36000061035156,157,2023-05-29 17:11:00+02:00
2023-05-29 17:12:00+02:00,154.3800048828125,154.3800048828125,154.36000061035156,154.3800048828125,154.3800048828125,284,2023-05-29 17:12:00+02:00
2023-05-29 17:13:00+02:00,154.3800048828125,154.3800048828125,154.3800048828125,154.3800048828125,154.3800048828125,52,2023-05-29 17:13:00+02:00
2023-05-29 17:14:00+02:00,154.3800048828125,154.3800048828125,154.33999633789062,154.33999633789062,154.33999633789062,111,2023-05-29 17:14:00+02:00
2023-05-29 17:15:00+02:00,154.32000732421875,154.32000732421875,154.3000030517578,154.3000030517578,154.3000030517578,61,2023-05-29 17:15:00+02:00
2023-05-29 17:16:00+02:00,154.24000549316406,154.3000030517578,154.24000549316406,154.3000030517578,154.3000030517578,123,2023-05-29 17:16:00+02:00
2023-05-29 17:17:00+02:00,154.24000549316406,154.25999450683594,154.24000549316406,154.25999450683594,154.25999450683594,112,2023-05-29 17:17:00+02:00
2023-05-29 17:19:00+02:00,154.25999450683594,154.27999877929688,154.25999450683594,154.27999877929688,154.27999877929688,68,2023-05-29 17:19:00+02:00
2023-05-29 17:20:00+02:00,154.25999450683594,154.25999450683594,154.24000549316406,154.25999450683594,154.25999450683594,241,2023-05-29 17:20:00+02:00
2023-05-29 17:21:00+02:00,154.27999877929688,154.27999877929688,154.27999877929688,154.27999877929688,154.27999877929688,173,2023-05-29 17:21:00+02:00
2023-05-29 17:22:00+02:00,154.3000030517578,154.3000030517578,154.27999877929688,154.3000030517578,154.3000030517578,752,2023-05-29 17:22:00+02:00
2023-05-29 17:23:00+02:00,154.32000732421875,154.32000732421875,154.25999450683594,154.25999450683594,154.25999450683594,375,2023-05-29 17:23:00+02:00
2023-05-29 17:24:00+02:00,154.24000549316406,154.24000549316406,154.1999969482422,154.1999969482422,154.1999969482422,503,2023-05-29 17:24:00+02:00
2023-05-29 17:25:00+02:00,154.1999969482422,154.3000030517578,154.1999969482422,154.3000030517578,154.3000030517578,1393,2023-05-29 17:25:00+02:00
2023-05-29 17:26:00+02:00,154.3000030517578,154.3800048828125,154.25999450683594,154.3800048828125,154.3800048828125,790,2023-05-29 17:26:00+02:00
2023-05-29 17:27:00+02:00,154.3800048828125,154.3800048828125,154.32000732421875,154.36000061035156,154.36000061035156,1080,2023-05-29 17:27:00+02:00
2023-05-29 17:28:00+02:00,154.36000061035156,154.36000061035156,154.27999877929688,154.27999877929688,154.27999877929688,1279,2023-05-29 17:28:00+02:00
2023-05-29 17:29:00+02:00,154.27999877929688,154.3000030517578,154.25999450683594,154.3000030517578,154.3000030517578,380,2023-05-29 17:29:00+02:00
2023-05-29 17:35:00+02:00,154.32000732421875,154.32000732421875,154.32000732421875,154.32000732421875,154.32000732421875,73300,2023-05-29 17:35:00+02:00
