Date,Open,High,Low,Close,Adj Close,Volume
2023-10-18 09:02:00+02:00,179.0,180.0,178.33999633789062,178.39999389648438,178.39999389648438,0
2023-10-18 09:03:00+02:00,178.33999633789062,179.24000549316406,177.82000732421875,178.94000244140625,178.94000244140625,14529
2023-10-18 09:04:00+02:00,179.05999755859375,179.9600067138672,178.86000061035156,179.3000030517578,179.3000030517578,10057
2023-10-18 09:05:00+02:00,179.52000427246094,179.5399932861328,178.3800048828125,178.5,178.5,4593
2023-10-18 09:06:00+02:00,178.66000366210938,178.97999572753906,178.5800018310547,178.94000244140625,178.94000244140625,5752
2023-10-18 09:07:00+02:00,179.0,179.1199951171875,178.6199951171875,178.6199951171875,178.6199951171875,10594
2023-10-18 09:08:00+02:00,178.5,179.0800018310547,178.44000244140625,178.52000427246094,178.52000427246094,2619
2023-10-18 09:09:00+02:00,178.5800018310547,179.60000610351562,178.5800018310547,179.22000122070312,179.22000122070312,12382
2023-10-18 09:10:00+02:00,179.32000732421875,179.39999389648438,178.82000732421875,179.0,179.0,2741
2023-10-18 09:11:00+02:00,179.0399932861328,179.1199951171875,178.32000732421875,178.36000061035156,178.36000061035156,3757
2023-10-18 09:12:00+02:00,178.32000732421875,178.3800048828125,177.4199981689453,178.10000610351562,178.10000610351562,8493
2023-10-18 09:13:00+02:00,178.10000610351562,178.5,177.74000549316406,178.05999755859375,178.05999755859375,2681
2023-10-18 09:14:00+02:00,178.1199951171875,178.3000030517578,177.5,177.75999450683594,177.75999450683594,1890
2023-10-18 09:15:00+02:00,177.75999450683594,177.86000061035156,177.47999572753906,177.72000122070312,177.72000122070312,1118
2023-10-18 09:17:00+02:00,177.1199951171875,177.25999450683594,176.75999450683594,177.02000427246094,177.02000427246094,15411
2023-10-18 09:18:00+02:00,177.10000610351562,177.10000610351562,176.25999450683594,176.4600067138672,176.4600067138672,7769
2023-10-18 09:19:00+02:00,176.44000244140625,176.8000030517578,176.0800018310547,176.6199951171875,176.6199951171875,5475
2023-10-18 09:20:00+02:00,176.52000427246094,177.39999389648438,176.5,177.39999389648438,177.39999389648438,13534
2023-10-18 09:21:00+02:00,177.4199981689453,177.66000366210938,177.10000610351562,177.25999450683594,177.25999450683594,4628
2023-10-18 09:22:00+02:00,177.24000549316406,177.82000732421875,177.0800018310547,177.72000122070312,177.72000122070312,3716
2023-10-18 09:23:00+02:00,177.72000122070312,177.97999572753906,177.10000610351562,177.5,177.5,4781
2023-10-18 09:24:00+02:00,177.60000610351562,177.8000030517578,177.4600067138672,177.60000610351562,177.60000610351562,1307
2023-10-18 09:25:00+02:00,177.5800018310547,177.74000549316406,177.32000732421875,177.52000427246094,177.52000427246094,18655
2023-10-18 09:26:00+02:00,177.4199981689453,177.47999572753906,177.24000549316406,177.3800048828125,177.3800048828125,2093
2023-10-18 09:27:00+02:00,177.3800048828125,177.72000122070312,177.22000122070312,177.3800048828125,177.3800048828125,2864
2023-10-18 09:28:00+02:00,177.39999389648438,177.89999389648438,177.39999389648438,177.89999389648438,177.89999389648438,3679
2023-10-18 09:29:00+02:00,177.89999389648438,177.9199981689453,177.60000610351562,177.82000732421875,177.82000732421875,3974
2023-10-18 09:30:00+02:00,177.8800048828125,178.10000610351562,177.82000732421875,177.97999572753906,177.97999572753906,4838
2023-10-18 09:31:00+02:00,178.0399932861328,178.0399932861328,177.82000732421875,177.82000732421875,177.82000732421875,794
2023-10-18 09:32:00+02:00,177.86000061035156,178.10000610351562,177.8000030517578,178.02000427246094,178.02000427246094,1304
2023-10-18 09:33:00+02:00,177.9600067138672,178.25999450683594,177.9600067138672,178.10000610351562,178.10000610351562,2125
2023-10-18 09:34:00+02:00,178.13999938964844,178.13999938964844,177.82000732421875,177.86000061035156,177.86000061035156,1386
2023-10-18 09:35:00+02:00,177.89999389648438,177.89999389648438,177.36000061035156,177.36000061035156,177.36000061035156,1621
2023-10-18 09:36:00+02:00,177.4199981689453,177.6999969482422,177.4199981689453,177.60000610351562,177.60000610351562,907
2023-10-18 09:37:00+02:00,177.55999755859375,177.6999969482422,177.5399932861328,177.6999969482422,177.6999969482422,777
2023-10-18 09:38:00+02:00,177.6999969482422,177.6999969482422,177.55999755859375,177.5800018310547,177.5800018310547,277
2023-10-18 09:39:00+02:00,177.52000427246094,177.66000366210938,177.52000427246094,177.6199951171875,177.6199951171875,792
2023-10-18 09:40:00+02:00,177.66000366210938,177.74000549316406,177.66000366210938,177.67999267578125,177.67999267578125,290
2023-10-18 09:41:00+02:00,177.63999938964844,177.67999267578125,177.55999755859375,177.6199951171875,177.6199951171875,410
2023-10-18 09:42:00+02:00,177.63999938964844,177.6999969482422,177.60000610351562,177.60000610351562,177.60000610351562,611
2023-10-18 09:43:00+02:00,177.55999755859375,177.6999969482422,177.55999755859375,177.5800018310547,177.5800018310547,1215
2023-10-18 09:44:00+02:00,177.67999267578125,177.6999969482422,177.60000610351562,177.6999969482422,177.6999969482422,594
2023-10-18 09:45:00+02:00,177.66000366210938,177.66000366210938,177.55999755859375,177.55999755859375,177.55999755859375,193
2023-10-18 09:46:00+02:00,177.5399932861328,177.5800018310547,177.47999572753906,177.5800018310547,177.5800018310547,701
2023-10-18 09:47:00+02:00,177.5800018310547,177.66000366210938,177.5800018310547,177.60000610351562,177.60000610351562,384
2023-10-18 09:48:00+02:00,177.60000610351562,177.60000610351562,177.60000610351562,177.60000610351562,177.60000610351562,11
2023-10-18 09:49:00+02:00,177.60000610351562,177.63999938964844,177.39999389648438,177.5800018310547,177.5800018310547,1701
2023-10-18 09:50:00+02:00,177.60000610351562,177.60000610351562,177.47999572753906,177.52000427246094,177.52000427246094,364
2023-10-18 09:51:00+02:00,177.5800018310547,177.60000610351562,177.5399932861328,177.5800018310547,177.5800018310547,315
2023-10-18 09:52:00+02:00,177.44000244140625,177.5399932861328,177.27999877929688,177.5399932861328,177.5399932861328,1348
2023-10-18 09:53:00+02:00,177.5800018310547,177.63999938964844,177.52000427246094,177.5800018310547,177.5800018310547,600
2023-10-18 09:54:00+02:00,177.55999755859375,177.60000610351562,177.39999389648438,177.5399932861328,177.5399932861328,1499
2023-10-18 09:55:00+02:00,177.52000427246094,177.55999755859375,177.44000244140625,177.5399932861328,177.5399932861328,534
2023-10-18 09:56:00+02:00,177.5,177.55999755859375,177.36000061035156,177.55999755859375,177.55999755859375,1005
2023-10-18 09:57:00+02:00,177.6199951171875,177.63999938964844,177.52000427246094,177.52000427246094,177.52000427246094,1315
2023-10-18 09:58:00+02:00,177.5,177.5,177.3800048828125,177.4199981689453,177.4199981689453,892
2023-10-18 09:59:00+02:00,177.4199981689453,177.44000244140625,177.4199981689453,177.44000244140625,177.44000244140625,207
2023-10-18 10:00:00+02:00,177.4199981689453,177.5399932861328,177.33999633789062,177.5399932861328,177.5399932861328,1817
2023-10-18 10:01:00+02:00,177.60000610351562,177.60000610351562,177.33999633789062,177.33999633789062,177.33999633789062,1711
2023-10-18 10:02:00+02:00,177.33999633789062,177.5399932861328,177.27999877929688,177.5399932861328,177.5399932861328,983
2023-10-18 10:03:00+02:00,177.5,177.5,177.39999389648438,177.44000244140625,177.44000244140625,351
2023-10-18 10:04:00+02:00,177.44000244140625,177.5399932861328,177.4199981689453,177.5399932861328,177.5399932861328,176
2023-10-18 10:05:00+02:00,177.5,177.52000427246094,177.47999572753906,177.52000427246094,177.52000427246094,202
2023-10-18 10:06:00+02:00,177.44000244140625,177.5399932861328,177.44000244140625,177.5399932861328,177.5399932861328,147
2023-10-18 10:07:00+02:00,177.5800018310547,178.75999450683594,177.5800018310547,178.0399932861328,178.0399932861328,12219
2023-10-18 10:08:00+02:00,177.75999450683594,177.9199981689453,177.66000366210938,177.77999877929688,177.77999877929688,2093
2023-10-18 10:09:00+02:00,177.74000549316406,177.8800048828125,177.6999969482422,177.6999969482422,177.6999969482422,357
2023-10-18 10:10:00+02:00,177.66000366210938,178.1999969482422,177.5800018310547,178.13999938964844,178.13999938964844,5471
2023-10-18 10:11:00+02:00,178.13999938964844,178.44000244140625,178.13999938964844,178.33999633789062,178.33999633789062,1256
2023-10-18 10:12:00+02:00,178.39999389648438,178.47999572753906,178.39999389648438,178.39999389648438,178.39999389648438,410
2023-10-18 10:13:00+02:00,178.3800048828125,178.52000427246094,178.1999969482422,178.3800048828125,178.3800048828125,1320
2023-10-18 10:14:00+02:00,178.39999389648438,178.55999755859375,178.33999633789062,178.52000427246094,178.52000427246094,467
2023-10-18 10:15:00+02:00,178.5399932861328,178.5800018310547,178.36000061035156,178.36000061035156,178.36000061035156,1133
2023-10-18 10:16:00+02:00,178.3800048828125,178.4600067138672,178.16000366210938,178.39999389648438,178.39999389648438,720
2023-10-18 10:17:00+02:00,178.36000061035156,178.44000244140625,178.16000366210938,178.16000366210938,178.16000366210938,377
2023-10-18 10:18:00+02:00,178.17999267578125,178.25999450683594,178.1199951171875,178.1199951171875,178.1199951171875,504
2023-10-18 10:19:00+02:00,178.10000610351562,178.17999267578125,177.9600067138672,177.9600067138672,177.9600067138672,355
2023-10-18 10:20:00+02:00,177.97999572753906,178.44000244140625,177.9600067138672,178.33999633789062,178.33999633789062,716
2023-10-18 10:21:00+02:00,178.32000732421875,178.36000061035156,178.27999877929688,178.27999877929688,178.27999877929688,371
2023-10-18 10:22:00+02:00,178.25999450683594,178.25999450683594,178.1199951171875,178.17999267578125,178.17999267578125,187
2023-10-18 10:23:00+02:00,178.1999969482422,178.25999450683594,178.16000366210938,178.25999450683594,178.25999450683594,333
2023-10-18 10:24:00+02:00,178.22000122070312,178.25999450683594,178.16000366210938,178.16000366210938,178.16000366210938,169
2023-10-18 10:25:00+02:00,178.0800018310547,178.16000366210938,177.72000122070312,177.86000061035156,177.86000061035156,3466
2023-10-18 10:26:00+02:00,177.8800048828125,177.8800048828125,177.74000549316406,177.74000549316406,177.74000549316406,408
2023-10-18 10:27:00+02:00,177.8000030517578,178.0399932861328,177.6999969482422,177.94000244140625,177.94000244140625,1677
2023-10-18 10:28:00+02:00,177.97999572753906,178.10000610351562,177.9199981689453,177.97999572753906,177.97999572753906,841
2023-10-18 10:29:00+02:00,177.97999572753906,178.05999755859375,177.9600067138672,178.0,178.0,495
2023-10-18 10:30:00+02:00,178.02000427246094,178.17999267578125,178.02000427246094,178.17999267578125,178.17999267578125,198
2023-10-18 10:31:00+02:00,178.16000366210938,178.22000122070312,177.94000244140625,177.9600067138672,177.9600067138672,408
2023-10-18 10:32:00+02:00,177.94000244140625,178.0,177.89999389648438,177.97999572753906,177.97999572753906,889
2023-10-18 10:33:00+02:00,177.83999633789062,178.10000610351562,177.77999877929688,178.05999755859375,178.05999755859375,2913
2023-10-18 10:34:00+02:00,178.0399932861328,178.0800018310547,178.0399932861328,178.05999755859375,178.05999755859375,144
2023-10-18 10:35:00+02:00,178.0,178.0,177.8800048828125,177.8800048828125,177.8800048828125,216
2023-10-18 10:36:00+02:00,177.86000061035156,177.86000061035156,177.72000122070312,177.77999877929688,177.77999877929688,168
2023-10-18 10:37:00+02:00,177.74000549316406,177.86000061035156,177.74000549316406,177.83999633789062,177.83999633789062,923
2023-10-18 10:38:00+02:00,177.9199981689453,177.9600067138672,177.9199981689453,177.94000244140625,177.94000244140625,158
2023-10-18 10:39:00+02:00,177.94000244140625,178.13999938964844,177.9199981689453,178.1199951171875,178.1199951171875,1273
2023-10-18 10:40:00+02:00,178.17999267578125,178.17999267578125,178.13999938964844,178.13999938964844,178.13999938964844,214
2023-10-18 10:41:00+02:00,178.1999969482422,178.1999969482422,178.1199951171875,178.13999938964844,178.13999938964844,228
2023-10-18 10:42:00+02:00,178.17999267578125,178.5399932861328,178.17999267578125,178.5399932861328,178.5399932861328,1335
2023-10-18 10:43:00+02:00,178.52000427246094,178.5399932861328,178.39999389648438,178.47999572753906,178.47999572753906,859
2023-10-18 10:44:00+02:00,178.44000244140625,178.44000244140625,178.3000030517578,178.3800048828125,178.3800048828125,957
2023-10-18 10:45:00+02:00,178.33999633789062,178.3800048828125,178.25999450683594,178.3000030517578,178.3000030517578,665
2023-10-18 10:46:00+02:00,178.3000030517578,178.4600067138672,178.1999969482422,178.4600067138672,178.4600067138672,1378
2023-10-18 10:47:00+02:00,178.36000061035156,178.39999389648438,178.36000061035156,178.3800048828125,178.3800048828125,81
2023-10-18 10:48:00+02:00,178.3800048828125,178.5,178.25999450683594,178.5,178.5,2137
2023-10-18 10:49:00+02:00,178.5399932861328,178.5399932861328,178.39999389648438,178.4600067138672,178.4600067138672,517
2023-10-18 10:50:00+02:00,178.4199981689453,178.5399932861328,178.4199981689453,178.5399932861328,178.5399932861328,450
2023-10-18 10:51:00+02:00,178.47999572753906,178.47999572753906,178.47999572753906,178.47999572753906,178.47999572753906,44
2023-10-18 10:52:00+02:00,178.5399932861328,178.83999633789062,178.5399932861328,178.72000122070312,178.72000122070312,847
2023-10-18 10:53:00+02:00,178.77999877929688,178.86000061035156,178.60000610351562,178.60000610351562,178.60000610351562,1660
2023-10-18 10:54:00+02:00,178.60000610351562,178.8000030517578,178.60000610351562,178.77999877929688,178.77999877929688,366
2023-10-18 10:55:00+02:00,178.77999877929688,178.97999572753906,178.75999450683594,178.9199981689453,178.9199981689453,985
2023-10-18 10:56:00+02:00,178.89999389648438,178.89999389648438,178.67999267578125,178.67999267578125,178.67999267578125,543
2023-10-18 10:57:00+02:00,178.6999969482422,178.86000061035156,178.60000610351562,178.86000061035156,178.86000061035156,760
2023-10-18 10:58:00+02:00,178.82000732421875,178.82000732421875,178.67999267578125,178.67999267578125,178.67999267578125,335
2023-10-18 10:59:00+02:00,178.82000732421875,178.9199981689453,178.82000732421875,178.83999633789062,178.83999633789062,1255
2023-10-18 11:00:00+02:00,178.86000061035156,179.0,178.86000061035156,178.9600067138672,178.9600067138672,3321
2023-10-18 11:01:00+02:00,178.9199981689453,178.9199981689453,178.9199981689453,178.9199981689453,178.9199981689453,662
2023-10-18 11:02:00+02:00,178.9199981689453,179.02000427246094,178.9199981689453,179.0,179.0,1014
2023-10-18 11:03:00+02:00,178.9600067138672,179.0,178.9199981689453,178.97999572753906,178.97999572753906,524
2023-10-18 11:04:00+02:00,178.97999572753906,179.25999450683594,178.9600067138672,179.22000122070312,179.22000122070312,4541
2023-10-18 11:05:00+02:00,179.27999877929688,179.33999633789062,179.13999938964844,179.33999633789062,179.33999633789062,1183
2023-10-18 11:06:00+02:00,179.33999633789062,179.5800018310547,179.3000030517578,179.32000732421875,179.32000732421875,2434
2023-10-18 11:07:00+02:00,179.32000732421875,179.55999755859375,179.22000122070312,179.55999755859375,179.55999755859375,1893
2023-10-18 11:08:00+02:00,179.5399932861328,179.60000610351562,179.47999572753906,179.55999755859375,179.55999755859375,683
2023-10-18 11:09:00+02:00,179.60000610351562,179.89999389648438,179.5800018310547,179.83999633789062,179.83999633789062,4641
2023-10-18 11:10:00+02:00,179.83999633789062,179.86000061035156,179.33999633789062,179.33999633789062,179.33999633789062,2050
2023-10-18 11:11:00+02:00,179.3000030517578,179.5,179.17999267578125,179.1999969482422,179.1999969482422,5912
2023-10-18 11:12:00+02:00,179.1999969482422,179.1999969482422,179.02000427246094,179.10000610351562,179.10000610351562,281
2023-10-18 11:13:00+02:00,179.16000366210938,179.5,179.16000366210938,179.4199981689453,179.4199981689453,6745
2023-10-18 11:14:00+02:00,179.3800048828125,179.3800048828125,179.1199951171875,179.24000549316406,179.24000549316406,833
2023-10-18 11:15:00+02:00,179.22000122070312,179.22000122070312,178.83999633789062,178.89999389648438,178.89999389648438,667
2023-10-18 11:16:00+02:00,179.0,179.0,178.9600067138672,178.97999572753906,178.97999572753906,137
2023-10-18 11:17:00+02:00,179.02000427246094,179.1199951171875,178.8800048828125,179.1199951171875,179.1199951171875,1411
2023-10-18 11:18:00+02:00,179.1999969482422,179.1999969482422,178.97999572753906,179.1199951171875,179.1199951171875,885
2023-10-18 11:19:00+02:00,179.10000610351562,179.1199951171875,178.89999389648438,178.89999389648438,178.89999389648438,486
2023-10-18 11:20:00+02:00,178.9600067138672,178.9600067138672,178.72000122070312,178.8800048828125,178.8800048828125,795
2023-10-18 11:21:00+02:00,178.8800048828125,178.8800048828125,178.86000061035156,178.8800048828125,178.8800048828125,131
2023-10-18 11:22:00+02:00,178.8800048828125,179.05999755859375,178.8800048828125,178.97999572753906,178.97999572753906,175
2023-10-18 11:23:00+02:00,178.94000244140625,178.94000244140625,178.8800048828125,178.8800048828125,178.8800048828125,144
2023-10-18 11:24:00+02:00,178.89999389648438,179.05999755859375,178.83999633789062,178.9600067138672,178.9600067138672,636
2023-10-18 11:25:00+02:00,178.94000244140625,178.97999572753906,178.82000732421875,178.8800048828125,178.8800048828125,682
2023-10-18 11:26:00+02:00,178.86000061035156,179.0,178.8000030517578,179.0,179.0,400
2023-10-18 11:27:00+02:00,178.94000244140625,179.0,178.89999389648438,178.89999389648438,178.89999389648438,278
2023-10-18 11:28:00+02:00,178.89999389648438,178.89999389648438,178.82000732421875,178.82000732421875,178.82000732421875,210
2023-10-18 11:29:00+02:00,178.86000061035156,178.9199981689453,178.82000732421875,178.82000732421875,178.82000732421875,267
2023-10-18 11:30:00+02:00,178.86000061035156,178.94000244140625,178.77999877929688,178.83999633789062,178.83999633789062,658
2023-10-18 11:31:00+02:00,178.86000061035156,178.86000061035156,178.52000427246094,178.60000610351562,178.60000610351562,838
2023-10-18 11:32:00+02:00,178.6199951171875,178.82000732421875,178.60000610351562,178.77999877929688,178.77999877929688,643
2023-10-18 11:33:00+02:00,178.77999877929688,178.83999633789062,178.6999969482422,178.75999450683594,178.75999450683594,1273
2023-10-18 11:34:00+02:00,178.72000122070312,178.82000732421875,178.6999969482422,178.82000732421875,178.82000732421875,1012
2023-10-18 11:35:00+02:00,178.82000732421875,178.82000732421875,178.77999877929688,178.77999877929688,178.77999877929688,196
2023-10-18 11:36:00+02:00,178.8000030517578,178.8800048828125,178.75999450683594,178.8800048828125,178.8800048828125,479
2023-10-18 11:37:00+02:00,178.86000061035156,178.86000061035156,178.83999633789062,178.83999633789062,178.83999633789062,193
2023-10-18 11:38:00+02:00,178.86000061035156,178.94000244140625,178.86000061035156,178.94000244140625,178.94000244140625,333
2023-10-18 11:39:00+02:00,178.94000244140625,179.0399932861328,178.94000244140625,178.9600067138672,178.9600067138672,1279
2023-10-18 11:40:00+02:00,178.94000244140625,178.94000244140625,178.83999633789062,178.8800048828125,178.8800048828125,294
2023-10-18 11:41:00+02:00,178.8800048828125,178.8800048828125,178.82000732421875,178.86000061035156,178.86000061035156,564
2023-10-18 11:42:00+02:00,178.82000732421875,178.89999389648438,178.8000030517578,178.86000061035156,178.86000061035156,726
2023-10-18 11:43:00+02:00,178.8800048828125,178.8800048828125,178.8000030517578,178.82000732421875,178.82000732421875,306
2023-10-18 11:44:00+02:00,178.82000732421875,178.8800048828125,178.8000030517578,178.83999633789062,178.83999633789062,584
2023-10-18 11:45:00+02:00,178.82000732421875,178.82000732421875,178.6199951171875,178.63999938964844,178.63999938964844,392
2023-10-18 11:46:00+02:00,178.5800018310547,178.5800018310547,178.36000061035156,178.39999389648438,178.39999389648438,3443
2023-10-18 11:47:00+02:00,178.5,178.66000366210938,178.5,178.5399932861328,178.5399932861328,1805
2023-10-18 11:48:00+02:00,178.55999755859375,178.63999938964844,178.47999572753906,178.6199951171875,178.6199951171875,530
2023-10-18 11:49:00+02:00,178.6199951171875,178.67999267578125,178.6199951171875,178.67999267578125,178.67999267578125,155
2023-10-18 11:50:00+02:00,178.74000549316406,178.82000732421875,178.6999969482422,178.82000732421875,178.82000732421875,388
2023-10-18 11:51:00+02:00,178.86000061035156,178.89999389648438,178.86000061035156,178.8800048828125,178.8800048828125,1402
2023-10-18 11:52:00+02:00,178.89999389648438,178.89999389648438,178.74000549316406,178.89999389648438,178.89999389648438,997
2023-10-18 11:53:00+02:00,178.9199981689453,179.02000427246094,178.9199981689453,179.0,179.0,755
2023-10-18 11:54:00+02:00,178.97999572753906,179.10000610351562,178.9600067138672,179.05999755859375,179.05999755859375,460
2023-10-18 11:55:00+02:00,179.0399932861328,179.05999755859375,178.9600067138672,179.0,179.0,424
2023-10-18 11:56:00+02:00,179.0,179.0,178.9600067138672,178.9600067138672,178.9600067138672,251
2023-10-18 11:57:00+02:00,178.9600067138672,179.0,178.9199981689453,178.97999572753906,178.97999572753906,349
2023-10-18 11:58:00+02:00,178.97999572753906,179.02000427246094,178.82000732421875,178.82000732421875,178.82000732421875,589
2023-10-18 11:59:00+02:00,178.83999633789062,178.94000244140625,178.8000030517578,178.8800048828125,178.8800048828125,357
2023-10-18 12:00:00+02:00,178.8800048828125,178.89999389648438,178.77999877929688,178.77999877929688,178.77999877929688,235
2023-10-18 12:02:00+02:00,178.86000061035156,178.86000061035156,178.82000732421875,178.82000732421875,178.82000732421875,383
2023-10-18 12:03:00+02:00,178.94000244140625,178.94000244140625,178.9199981689453,178.9199981689453,178.9199981689453,284
2023-10-18 12:04:00+02:00,178.9199981689453,178.9199981689453,178.75999450683594,178.75999450683594,178.75999450683594,375
2023-10-18 12:05:00+02:00,178.72000122070312,178.72000122070312,178.67999267578125,178.6999969482422,178.6999969482422,417
2023-10-18 12:06:00+02:00,178.67999267578125,178.67999267578125,178.63999938964844,178.67999267578125,178.67999267578125,113
2023-10-18 12:07:00+02:00,178.67999267578125,178.6999969482422,178.67999267578125,178.67999267578125,178.67999267578125,176
2023-10-18 12:08:00+02:00,178.77999877929688,178.9199981689453,178.6999969482422,178.8800048828125,178.8800048828125,246
2023-10-18 12:09:00+02:00,178.89999389648438,179.0,178.83999633789062,179.0,179.0,705
2023-10-18 12:10:00+02:00,178.9600067138672,178.97999572753906,178.9199981689453,178.97999572753906,178.97999572753906,230
2023-10-18 12:11:00+02:00,178.97999572753906,178.97999572753906,178.9199981689453,178.94000244140625,178.94000244140625,461
2023-10-18 12:12:00+02:00,179.0,179.05999755859375,178.9199981689453,179.0399932861328,179.0399932861328,2348
2023-10-18 12:13:00+02:00,179.0399932861328,179.0399932861328,178.9199981689453,178.94000244140625,178.94000244140625,825
2023-10-18 12:14:00+02:00,178.89999389648438,178.89999389648438,178.86000061035156,178.8800048828125,178.8800048828125,286
2023-10-18 12:15:00+02:00,178.86000061035156,178.9199981689453,178.83999633789062,178.8800048828125,178.8800048828125,313
2023-10-18 12:16:00+02:00,178.86000061035156,179.0,178.86000061035156,179.0,179.0,359
2023-10-18 12:17:00+02:00,179.0,179.0800018310547,179.0,179.0800018310547,179.0800018310547,221
2023-10-18 12:18:00+02:00,179.02000427246094,179.02000427246094,178.9600067138672,179.02000427246094,179.02000427246094,676
2023-10-18 12:19:00+02:00,178.9600067138672,178.97999572753906,178.83999633789062,178.86000061035156,178.86000061035156,972
2023-10-18 12:20:00+02:00,178.86000061035156,178.86000061035156,178.4199981689453,178.5399932861328,178.5399932861328,1140
2023-10-18 12:21:00+02:00,178.52000427246094,178.52000427246094,178.10000610351562,178.10000610351562,178.10000610351562,1205
2023-10-18 12:22:00+02:00,178.1199951171875,178.13999938964844,177.97999572753906,178.13999938964844,178.13999938964844,1274
2023-10-18 12:23:00+02:00,178.16000366210938,178.16000366210938,177.97999572753906,177.97999572753906,177.97999572753906,551
2023-10-18 12:24:00+02:00,177.89999389648438,178.10000610351562,177.8800048828125,178.0399932861328,178.0399932861328,476
2023-10-18 12:25:00+02:00,178.05999755859375,178.0800018310547,177.9199981689453,177.9199981689453,177.9199981689453,564
2023-10-18 12:26:00+02:00,177.89999389648438,177.97999572753906,177.86000061035156,177.86000061035156,177.86000061035156,432
2023-10-18 12:27:00+02:00,177.82000732421875,177.86000061035156,177.72000122070312,177.83999633789062,177.83999633789062,360
2023-10-18 12:28:00+02:00,177.74000549316406,177.82000732421875,177.74000549316406,177.8000030517578,177.8000030517578,847
2023-10-18 12:29:00+02:00,177.8800048828125,177.9600067138672,177.86000061035156,177.9199981689453,177.9199981689453,868
2023-10-18 12:30:00+02:00,177.8800048828125,178.05999755859375,177.82000732421875,178.0399932861328,178.0399932861328,1928
2023-10-18 12:31:00+02:00,178.0800018310547,178.1199951171875,178.0,178.02000427246094,178.02000427246094,244
2023-10-18 12:32:00+02:00,178.0399932861328,178.10000610351562,177.94000244140625,178.0,178.0,702
2023-10-18 12:33:00+02:00,177.97999572753906,178.0399932861328,177.97999572753906,178.02000427246094,178.02000427246094,79
2023-10-18 12:34:00+02:00,178.05999755859375,178.05999755859375,177.8800048828125,177.8800048828125,177.8800048828125,301
2023-10-18 12:35:00+02:00,177.86000061035156,177.89999389648438,177.6199951171875,177.67999267578125,177.67999267578125,932
2023-10-18 12:36:00+02:00,177.6999969482422,177.75999450683594,177.66000366210938,177.75999450683594,177.75999450683594,400
2023-10-18 12:37:00+02:00,177.74000549316406,177.74000549316406,177.63999938964844,177.63999938964844,177.63999938964844,399
2023-10-18 12:38:00+02:00,177.6199951171875,177.6999969482422,177.6199951171875,177.67999267578125,177.67999267578125,951
2023-10-18 12:39:00+02:00,177.66000366210938,177.66000366210938,177.5,177.5,177.5,1487
2023-10-18 12:40:00+02:00,177.5,177.60000610351562,177.5,177.60000610351562,177.60000610351562,1907
2023-10-18 12:41:00+02:00,177.60000610351562,177.82000732421875,177.55999755859375,177.77999877929688,177.77999877929688,902
2023-10-18 12:42:00+02:00,177.82000732421875,177.8800048828125,177.82000732421875,177.83999633789062,177.83999633789062,721
2023-10-18 12:43:00+02:00,177.94000244140625,178.0,177.77999877929688,177.9199981689453,177.9199981689453,1611
2023-10-18 12:44:00+02:00,177.9199981689453,177.9600067138672,177.8800048828125,177.8800048828125,177.8800048828125,741
2023-10-18 12:45:00+02:00,177.86000061035156,178.02000427246094,177.86000061035156,178.02000427246094,178.02000427246094,237
2023-10-18 12:46:00+02:00,178.0399932861328,178.0800018310547,177.86000061035156,177.86000061035156,177.86000061035156,489
2023-10-18 12:47:00+02:00,177.86000061035156,177.86000061035156,177.72000122070312,177.72000122070312,177.72000122070312,144
2023-10-18 12:49:00+02:00,177.72000122070312,177.8000030517578,177.72000122070312,177.8000030517578,177.8000030517578,127
2023-10-18 12:50:00+02:00,177.77999877929688,177.86000061035156,177.74000549316406,177.82000732421875,177.82000732421875,311
2023-10-18 12:51:00+02:00,177.82000732421875,177.82000732421875,177.77999877929688,177.82000732421875,177.82000732421875,396
2023-10-18 12:52:00+02:00,177.82000732421875,177.82000732421875,177.75999450683594,177.77999877929688,177.77999877929688,162
2023-10-18 12:53:00+02:00,177.77999877929688,177.8000030517578,177.66000366210938,177.66000366210938,177.66000366210938,1409
2023-10-18 12:54:00+02:00,177.72000122070312,177.72000122070312,177.5,177.6199951171875,177.6199951171875,1387
2023-10-18 12:55:00+02:00,177.66000366210938,177.77999877929688,177.63999938964844,177.77999877929688,177.77999877929688,457
2023-10-18 12:56:00+02:00,177.74000549316406,177.74000549316406,177.6999969482422,177.6999969482422,177.6999969482422,250
2023-10-18 12:57:00+02:00,177.5800018310547,177.5800018310547,177.5800018310547,177.5800018310547,177.5800018310547,4
2023-10-18 12:58:00+02:00,177.5800018310547,177.5800018310547,177.44000244140625,177.5,177.5,500
2023-10-18 12:59:00+02:00,177.52000427246094,177.52000427246094,177.52000427246094,177.52000427246094,177.52000427246094,23
2023-10-18 13:02:00+02:00,177.44000244140625,177.60000610351562,177.36000061035156,177.44000244140625,177.44000244140625,4122
2023-10-18 13:03:00+02:00,177.4600067138672,177.5,177.4600067138672,177.4600067138672,177.4600067138672,894
2023-10-18 13:04:00+02:00,177.47999572753906,177.47999572753906,177.3800048828125,177.39999389648438,177.39999389648438,1350
2023-10-18 13:05:00+02:00,177.39999389648438,177.5,177.39999389648438,177.5,177.5,1160
2023-10-18 13:06:00+02:00,177.44000244140625,177.44000244140625,177.3800048828125,177.3800048828125,177.3800048828125,447
2023-10-18 13:07:00+02:00,177.39999389648438,177.55999755859375,177.39999389648438,177.5,177.5,353
2023-10-18 13:08:00+02:00,177.44000244140625,177.44000244140625,177.4199981689453,177.4199981689453,177.4199981689453,89
2023-10-18 13:09:00+02:00,177.44000244140625,177.44000244140625,177.44000244140625,177.44000244140625,177.44000244140625,29
2023-10-18 13:10:00+02:00,177.4600067138672,177.5,177.44000244140625,177.44000244140625,177.44000244140625,214
2023-10-18 13:11:00+02:00,177.39999389648438,177.72000122070312,177.3800048828125,177.72000122070312,177.72000122070312,890
2023-10-18 13:12:00+02:00,177.72000122070312,177.75999450683594,177.63999938964844,177.63999938964844,177.63999938964844,945
2023-10-18 13:13:00+02:00,177.5,177.5399932861328,177.47999572753906,177.5,177.5,236
2023-10-18 13:14:00+02:00,177.47999572753906,177.47999572753906,177.47999572753906,177.47999572753906,177.47999572753906,49
2023-10-18 13:15:00+02:00,177.39999389648438,177.39999389648438,177.39999389648438,177.39999389648438,177.39999389648438,48
2023-10-18 13:16:00+02:00,177.4199981689453,177.44000244140625,177.36000061035156,177.44000244140625,177.44000244140625,247
2023-10-18 13:17:00+02:00,177.47999572753906,177.52000427246094,177.4600067138672,177.4600067138672,177.4600067138672,508
2023-10-18 13:18:00+02:00,177.39999389648438,177.39999389648438,177.39999389648438,177.39999389648438,177.39999389648438,123
2023-10-18 13:19:00+02:00,177.39999389648438,177.39999389648438,177.39999389648438,177.39999389648438,177.39999389648438,97
2023-10-18 13:20:00+02:00,177.3800048828125,177.44000244140625,177.3800048828125,177.4199981689453,177.4199981689453,180
2023-10-18 13:21:00+02:00,177.39999389648438,177.39999389648438,177.13999938964844,177.16000366210938,177.16000366210938,1977
2023-10-18 13:22:00+02:00,177.16000366210938,177.1999969482422,177.16000366210938,177.1999969482422,177.1999969482422,183
2023-10-18 13:23:00+02:00,177.1199951171875,177.22000122070312,177.10000610351562,177.22000122070312,177.22000122070312,454
2023-10-18 13:24:00+02:00,177.1999969482422,177.1999969482422,177.16000366210938,177.16000366210938,177.16000366210938,203
2023-10-18 13:25:00+02:00,177.13999938964844,177.13999938964844,177.13999938964844,177.13999938964844,177.13999938964844,8
2023-10-18 13:26:00+02:00,177.16000366210938,177.16000366210938,177.10000610351562,177.10000610351562,177.10000610351562,141
2023-10-18 13:27:00+02:00,177.10000610351562,177.24000549316406,177.10000610351562,177.24000549316406,177.24000549316406,624
2023-10-18 13:28:00+02:00,177.22000122070312,177.22000122070312,177.22000122070312,177.22000122070312,177.22000122070312,18
2023-10-18 13:29:00+02:00,177.24000549316406,177.32000732421875,177.24000549316406,177.27999877929688,177.27999877929688,147
2023-10-18 13:31:00+02:00,177.25999450683594,177.3000030517578,177.25999450683594,177.27999877929688,177.27999877929688,54
2023-10-18 13:32:00+02:00,177.33999633789062,177.33999633789062,177.33999633789062,177.33999633789062,177.33999633789062,12
2023-10-18 13:33:00+02:00,177.44000244140625,177.52000427246094,177.44000244140625,177.52000427246094,177.52000427246094,66
2023-10-18 13:35:00+02:00,177.6199951171875,177.82000732421875,177.5399932861328,177.82000732421875,177.82000732421875,738
2023-10-18 13:36:00+02:00,177.74000549316406,177.94000244140625,177.74000549316406,177.8800048828125,177.8800048828125,77
2023-10-18 13:37:00+02:00,177.82000732421875,177.82000732421875,177.75999450683594,177.8000030517578,177.8000030517578,82
2023-10-18 13:38:00+02:00,177.89999389648438,177.9199981689453,177.89999389648438,177.9199981689453,177.9199981689453,29
2023-10-18 13:39:00+02:00,177.94000244140625,177.94000244140625,177.94000244140625,177.94000244140625,177.94000244140625,35
2023-10-18 13:40:00+02:00,177.9600067138672,177.97999572753906,177.8800048828125,177.8800048828125,177.8800048828125,226
2023-10-18 13:41:00+02:00,178.0,178.0800018310547,177.9600067138672,178.0800018310547,178.0800018310547,432
2023-10-18 13:42:00+02:00,178.0399932861328,178.55999755859375,178.0399932861328,178.4199981689453,178.4199981689453,810
2023-10-18 13:43:00+02:00,178.36000061035156,178.36000061035156,178.10000610351562,178.10000610351562,178.10000610351562,202
2023-10-18 13:44:00+02:00,178.10000610351562,178.1199951171875,178.05999755859375,178.1199951171875,178.1199951171875,362
2023-10-18 13:45:00+02:00,178.0,178.0,177.8800048828125,177.8800048828125,177.8800048828125,148
2023-10-18 13:46:00+02:00,177.9199981689453,178.0,177.9199981689453,178.0,178.0,50
2023-10-18 13:47:00+02:00,178.05999755859375,178.0800018310547,178.05999755859375,178.05999755859375,178.05999755859375,98
2023-10-18 13:48:00+02:00,178.16000366210938,178.16000366210938,178.10000610351562,178.10000610351562,178.10000610351562,117
2023-10-18 13:49:00+02:00,178.05999755859375,178.05999755859375,177.94000244140625,178.0,178.0,225
2023-10-18 13:50:00+02:00,178.02000427246094,178.05999755859375,177.97999572753906,177.97999572753906,177.97999572753906,112
2023-10-18 13:51:00+02:00,177.9600067138672,177.9600067138672,177.77999877929688,177.77999877929688,177.77999877929688,487
2023-10-18 13:52:00+02:00,178.0,178.0399932861328,177.97999572753906,178.0399932861328,178.0399932861328,365
2023-10-18 13:53:00+02:00,177.9600067138672,177.97999572753906,177.9600067138672,177.97999572753906,177.97999572753906,123
2023-10-18 13:54:00+02:00,178.0800018310547,178.10000610351562,177.9199981689453,177.9199981689453,177.9199981689453,176
2023-10-18 13:55:00+02:00,177.94000244140625,178.0,177.94000244140625,178.0,178.0,80
2023-10-18 13:56:00+02:00,178.0800018310547,178.0800018310547,178.0800018310547,178.0800018310547,178.0800018310547,1
2023-10-18 13:57:00+02:00,178.1199951171875,178.1199951171875,178.0800018310547,178.0800018310547,178.0800018310547,79
2023-10-18 13:58:00+02:00,178.05999755859375,178.0800018310547,178.02000427246094,178.02000427246094,178.02000427246094,156
2023-10-18 13:59:00+02:00,178.1199951171875,178.24000549316406,178.1199951171875,178.24000549316406,178.24000549316406,139
2023-10-18 14:00:00+02:00,178.3000030517578,178.36000061035156,178.3000030517578,178.3000030517578,178.3000030517578,282
2023-10-18 14:01:00+02:00,178.27999877929688,178.39999389648438,178.27999877929688,178.39999389648438,178.39999389648438,146
2023-10-18 14:02:00+02:00,178.39999389648438,178.4600067138672,178.36000061035156,178.44000244140625,178.44000244140625,100
2023-10-18 14:03:00+02:00,178.39999389648438,178.39999389648438,178.17999267578125,178.25999450683594,178.25999450683594,591
2023-10-18 14:04:00+02:00,178.22000122070312,178.25999450683594,178.0800018310547,178.0800018310547,178.0800018310547,438
2023-10-18 14:05:00+02:00,178.16000366210938,178.24000549316406,178.0399932861328,178.22000122070312,178.22000122070312,2046
2023-10-18 14:06:00+02:00,178.27999877929688,178.27999877929688,178.22000122070312,178.22000122070312,178.22000122070312,46
2023-10-18 14:07:00+02:00,178.22000122070312,178.22000122070312,178.22000122070312,178.22000122070312,178.22000122070312,86
2023-10-18 14:08:00+02:00,178.1999969482422,178.1999969482422,178.1199951171875,178.1199951171875,178.1199951171875,165
2023-10-18 14:09:00+02:00,178.0399932861328,178.17999267578125,178.02000427246094,178.1199951171875,178.1199951171875,939
2023-10-18 14:10:00+02:00,178.10000610351562,178.10000610351562,178.10000610351562,178.10000610351562,178.10000610351562,37
2023-10-18 14:11:00+02:00,178.16000366210938,178.1999969482422,178.16000366210938,178.1999969482422,178.1999969482422,430
2023-10-18 14:12:00+02:00,178.22000122070312,178.4600067138672,178.22000122070312,178.36000061035156,178.36000061035156,772
2023-10-18 14:13:00+02:00,178.32000732421875,178.32000732421875,178.13999938964844,178.13999938964844,178.13999938964844,187
2023-10-18 14:14:00+02:00,178.22000122070312,178.27999877929688,178.22000122070312,178.27999877929688,178.27999877929688,81
2023-10-18 14:16:00+02:00,178.27999877929688,178.32000732421875,178.25999450683594,178.32000732421875,178.32000732421875,187
2023-10-18 14:17:00+02:00,178.27999877929688,178.3000030517578,178.27999877929688,178.3000030517578,178.3000030517578,271
2023-10-18 14:18:00+02:00,178.27999877929688,178.3800048828125,178.27999877929688,178.3800048828125,178.3800048828125,109
2023-10-18 14:19:00+02:00,178.36000061035156,178.47999572753906,178.33999633789062,178.4600067138672,178.4600067138672,1259
2023-10-18 14:20:00+02:00,178.4199981689453,178.4199981689453,178.3000030517578,178.32000732421875,178.32000732421875,267
2023-10-18 14:21:00+02:00,178.4199981689453,178.60000610351562,178.4199981689453,178.52000427246094,178.52000427246094,355
2023-10-18 14:22:00+02:00,178.5,178.67999267578125,178.5,178.5800018310547,178.5800018310547,365
2023-10-18 14:23:00+02:00,178.60000610351562,178.60000610351562,178.44000244140625,178.44000244140625,178.44000244140625,364
2023-10-18 14:24:00+02:00,178.36000061035156,178.3800048828125,178.36000061035156,178.3800048828125,178.3800048828125,127
2023-10-18 14:25:00+02:00,178.44000244140625,178.5399932861328,178.44000244140625,178.52000427246094,178.52000427246094,151
2023-10-18 14:26:00+02:00,178.47999572753906,178.55999755859375,178.47999572753906,178.55999755859375,178.55999755859375,68
2023-10-18 14:27:00+02:00,178.4199981689453,178.4199981689453,178.33999633789062,178.33999633789062,178.33999633789062,171
2023-10-18 14:28:00+02:00,178.32000732421875,178.32000732421875,178.27999877929688,178.27999877929688,178.27999877929688,169
2023-10-18 14:29:00+02:00,178.13999938964844,178.27999877929688,178.13999938964844,178.25999450683594,178.25999450683594,583
2023-10-18 14:30:00+02:00,178.27999877929688,178.33999633789062,178.25999450683594,178.3000030517578,178.3000030517578,343
2023-10-18 14:31:00+02:00,178.36000061035156,178.4199981689453,178.36000061035156,178.3800048828125,178.3800048828125,407
2023-10-18 14:32:00+02:00,178.39999389648438,178.39999389648438,178.33999633789062,178.39999389648438,178.39999389648438,196
2023-10-18 14:33:00+02:00,178.33999633789062,178.3800048828125,178.3000030517578,178.3000030517578,178.3000030517578,522
2023-10-18 14:34:00+02:00,178.22000122070312,178.33999633789062,178.22000122070312,178.33999633789062,178.33999633789062,289
2023-10-18 14:35:00+02:00,178.32000732421875,178.32000732421875,178.3000030517578,178.3000030517578,178.3000030517578,148
2023-10-18 14:36:00+02:00,178.27999877929688,178.36000061035156,178.27999877929688,178.32000732421875,178.32000732421875,271
2023-10-18 14:37:00+02:00,178.36000061035156,178.36000061035156,178.36000061035156,178.36000061035156,178.36000061035156,66
2023-10-18 14:38:00+02:00,178.36000061035156,178.36000061035156,178.13999938964844,178.13999938964844,178.13999938964844,156
2023-10-18 14:39:00+02:00,178.13999938964844,178.13999938964844,178.0,178.02000427246094,178.02000427246094,416
2023-10-18 14:40:00+02:00,178.02000427246094,178.0800018310547,177.9600067138672,177.9600067138672,177.9600067138672,281
2023-10-18 14:41:00+02:00,177.94000244140625,177.94000244140625,177.9199981689453,177.94000244140625,177.94000244140625,282
2023-10-18 14:42:00+02:00,177.9199981689453,177.9199981689453,177.8000030517578,177.8000030517578,177.8000030517578,230
2023-10-18 14:43:00+02:00,177.86000061035156,177.9600067138672,177.86000061035156,177.94000244140625,177.94000244140625,186
2023-10-18 14:44:00+02:00,177.9600067138672,177.9600067138672,177.83999633789062,177.83999633789062,177.83999633789062,64
2023-10-18 14:45:00+02:00,177.82000732421875,177.82000732421875,177.6999969482422,177.74000549316406,177.74000549316406,769
2023-10-18 14:46:00+02:00,177.66000366210938,177.66000366210938,177.5,177.5,177.5,505
2023-10-18 14:47:00+02:00,177.4199981689453,177.5399932861328,177.4199981689453,177.52000427246094,177.52000427246094,343
2023-10-18 14:48:00+02:00,177.4600067138672,177.5,177.4600067138672,177.47999572753906,177.47999572753906,134
2023-10-18 14:49:00+02:00,177.4600067138672,177.5,177.44000244140625,177.5,177.5,115
2023-10-18 14:50:00+02:00,177.5,177.5800018310547,177.5,177.5399932861328,177.5399932861328,200
2023-10-18 14:51:00+02:00,177.47999572753906,177.5,177.4600067138672,177.4600067138672,177.4600067138672,342
2023-10-18 14:52:00+02:00,177.44000244140625,177.5399932861328,177.39999389648438,177.5399932861328,177.5399932861328,656
2023-10-18 14:53:00+02:00,177.52000427246094,177.52000427246094,177.39999389648438,177.4199981689453,177.4199981689453,288
2023-10-18 14:54:00+02:00,177.4199981689453,177.4199981689453,177.1999969482422,177.1999969482422,177.1999969482422,731
2023-10-18 14:55:00+02:00,177.24000549316406,177.25999450683594,177.16000366210938,177.16000366210938,177.16000366210938,323
2023-10-18 14:56:00+02:00,177.1199951171875,177.3000030517578,177.1199951171875,177.27999877929688,177.27999877929688,594
2023-10-18 14:57:00+02:00,177.32000732421875,177.32000732421875,177.16000366210938,177.16000366210938,177.16000366210938,315
2023-10-18 14:58:00+02:00,177.16000366210938,177.3000030517578,177.16000366210938,177.3000030517578,177.3000030517578,294
2023-10-18 14:59:00+02:00,177.24000549316406,177.24000549316406,177.17999267578125,177.22000122070312,177.22000122070312,231
2023-10-18 15:00:00+02:00,177.1999969482422,177.22000122070312,177.17999267578125,177.1999969482422,177.1999969482422,34
2023-10-18 15:01:00+02:00,177.25999450683594,177.33999633789062,177.25999450683594,177.33999633789062,177.33999633789062,134
2023-10-18 15:02:00+02:00,177.36000061035156,177.3800048828125,177.24000549316406,177.3000030517578,177.3000030517578,788
2023-10-18 15:03:00+02:00,177.32000732421875,177.36000061035156,177.3000030517578,177.36000061035156,177.36000061035156,122
2023-10-18 15:04:00+02:00,177.39999389648438,177.55999755859375,177.39999389648438,177.55999755859375,177.55999755859375,622
2023-10-18 15:05:00+02:00,177.60000610351562,177.8800048828125,177.60000610351562,177.8800048828125,177.8800048828125,369
2023-10-18 15:06:00+02:00,177.89999389648438,177.94000244140625,177.47999572753906,177.47999572753906,177.47999572753906,1334
2023-10-18 15:07:00+02:00,177.5399932861328,177.5399932861328,177.33999633789062,177.3800048828125,177.3800048828125,229
2023-10-18 15:08:00+02:00,177.33999633789062,177.5,177.3000030517578,177.5,177.5,154
2023-10-18 15:09:00+02:00,177.44000244140625,177.44000244140625,177.32000732421875,177.36000061035156,177.36000061035156,323
2023-10-18 15:10:00+02:00,177.4600067138672,177.55999755859375,177.4600067138672,177.55999755859375,177.55999755859375,342
2023-10-18 15:11:00+02:00,177.55999755859375,177.55999755859375,177.44000244140625,177.44000244140625,177.44000244140625,278
2023-10-18 15:12:00+02:00,177.44000244140625,177.52000427246094,177.44000244140625,177.52000427246094,177.52000427246094,442
2023-10-18 15:13:00+02:00,177.5399932861328,177.5399932861328,177.24000549316406,177.36000061035156,177.36000061035156,982
2023-10-18 15:14:00+02:00,177.3800048828125,177.5,177.36000061035156,177.4199981689453,177.4199981689453,374
2023-10-18 15:15:00+02:00,177.4199981689453,177.47999572753906,177.4199981689453,177.44000244140625,177.44000244140625,165
2023-10-18 15:19:00+02:00,177.22000122070312,177.24000549316406,177.22000122070312,177.24000549316406,177.24000549316406,613
2023-10-18 15:20:00+02:00,177.22000122070312,177.3000030517578,177.22000122070312,177.22000122070312,177.22000122070312,167
2023-10-18 15:21:00+02:00,177.17999267578125,177.24000549316406,177.10000610351562,177.1999969482422,177.1999969482422,395
2023-10-18 15:22:00+02:00,177.24000549316406,177.52000427246094,177.24000549316406,177.52000427246094,177.52000427246094,390
2023-10-18 15:23:00+02:00,177.4600067138672,177.4600067138672,177.32000732421875,177.32000732421875,177.32000732421875,87
2023-10-18 15:24:00+02:00,177.3800048828125,177.3800048828125,177.3800048828125,177.3800048828125,177.3800048828125,6
2023-10-18 15:25:00+02:00,177.4199981689453,177.4199981689453,177.27999877929688,177.36000061035156,177.36000061035156,359
2023-10-18 15:26:00+02:00,177.33999633789062,177.36000061035156,177.3000030517578,177.36000061035156,177.36000061035156,50
2023-10-18 15:27:00+02:00,177.36000061035156,177.3800048828125,177.27999877929688,177.27999877929688,177.27999877929688,269
2023-10-18 15:28:00+02:00,177.27999877929688,177.27999877929688,177.22000122070312,177.22000122070312,177.22000122070312,7
2023-10-18 15:29:00+02:00,177.13999938964844,177.13999938964844,176.83999633789062,176.8800048828125,176.8800048828125,846
2023-10-18 15:30:00+02:00,176.86000061035156,177.13999938964844,176.83999633789062,177.1199951171875,177.1199951171875,1061
2023-10-18 15:31:00+02:00,177.13999938964844,177.3000030517578,177.13999938964844,177.17999267578125,177.17999267578125,606
2023-10-18 15:32:00+02:00,177.16000366210938,177.24000549316406,177.0800018310547,177.16000366210938,177.16000366210938,134
2023-10-18 15:33:00+02:00,177.05999755859375,177.33999633789062,177.05999755859375,177.32000732421875,177.32000732421875,247
2023-10-18 15:34:00+02:00,177.3800048828125,177.72000122070312,177.3800048828125,177.60000610351562,177.60000610351562,210
2023-10-18 15:35:00+02:00,177.47999572753906,177.5399932861328,177.22000122070312,177.25999450683594,177.25999450683594,527
2023-10-18 15:36:00+02:00,177.13999938964844,177.13999938964844,176.94000244140625,176.94000244140625,176.94000244140625,96
2023-10-18 15:37:00+02:00,176.9600067138672,176.9600067138672,176.83999633789062,176.86000061035156,176.86000061035156,501
2023-10-18 15:38:00+02:00,176.8800048828125,176.89999389648438,176.8800048828125,176.89999389648438,176.89999389648438,106
2023-10-18 15:39:00+02:00,176.94000244140625,177.16000366210938,176.94000244140625,177.05999755859375,177.05999755859375,556
2023-10-18 15:40:00+02:00,177.02000427246094,177.0399932861328,176.86000061035156,176.9600067138672,176.9600067138672,2550
2023-10-18 15:41:00+02:00,176.89999389648438,177.10000610351562,176.82000732421875,177.02000427246094,177.02000427246094,2783
2023-10-18 15:42:00+02:00,177.0,177.0399932861328,176.8800048828125,176.97999572753906,176.97999572753906,496
2023-10-18 15:43:00+02:00,177.24000549316406,177.24000549316406,177.05999755859375,177.13999938964844,177.13999938964844,275
2023-10-18 15:44:00+02:00,177.1999969482422,177.33999633789062,177.1999969482422,177.33999633789062,177.33999633789062,645
2023-10-18 15:45:00+02:00,177.33999633789062,177.63999938964844,177.25999450683594,177.5800018310547,177.5800018310547,1057
2023-10-18 15:46:00+02:00,177.5,177.52000427246094,177.3800048828125,177.52000427246094,177.52000427246094,263
2023-10-18 15:47:00+02:00,177.52000427246094,177.52000427246094,177.36000061035156,177.39999389648438,177.39999389648438,297
2023-10-18 15:48:00+02:00,177.39999389648438,177.5,177.33999633789062,177.4600067138672,177.4600067138672,324
2023-10-18 15:49:00+02:00,177.4199981689453,177.5800018310547,177.4199981689453,177.5,177.5,286
2023-10-18 15:50:00+02:00,177.5399932861328,177.5800018310547,177.47999572753906,177.52000427246094,177.52000427246094,194
2023-10-18 15:51:00+02:00,177.5800018310547,177.60000610351562,177.33999633789062,177.33999633789062,177.33999633789062,520
2023-10-18 15:52:00+02:00,177.3000030517578,177.32000732421875,177.25999450683594,177.25999450683594,177.25999450683594,62
2023-10-18 15:53:00+02:00,177.1999969482422,177.32000732421875,176.97999572753906,177.25999450683594,177.25999450683594,3682
2023-10-18 15:54:00+02:00,177.24000549316406,177.4600067138672,177.22000122070312,177.4600067138672,177.4600067138672,1404
2023-10-18 15:55:00+02:00,177.4600067138672,177.4600067138672,177.22000122070312,177.3800048828125,177.3800048828125,1124
2023-10-18 15:56:00+02:00,177.3800048828125,177.39999389648438,177.0800018310547,177.16000366210938,177.16000366210938,804
2023-10-18 15:57:00+02:00,177.13999938964844,177.22000122070312,177.10000610351562,177.17999267578125,177.17999267578125,159
2023-10-18 15:58:00+02:00,177.22000122070312,177.22000122070312,177.0399932861328,177.1199951171875,177.1199951171875,376
2023-10-18 15:59:00+02:00,177.1999969482422,177.4199981689453,177.1999969482422,177.4199981689453,177.4199981689453,424
2023-10-18 16:00:00+02:00,177.39999389648438,177.39999389648438,177.27999877929688,177.32000732421875,177.32000732421875,1090
2023-10-18 16:01:00+02:00,177.3000030517578,177.3000030517578,177.02000427246094,177.1199951171875,177.1199951171875,414
2023-10-18 16:02:00+02:00,177.10000610351562,177.13999938964844,176.82000732421875,176.82000732421875,176.82000732421875,162
2023-10-18 16:03:00+02:00,176.75999450683594,176.77999877929688,176.5399932861328,176.72000122070312,176.72000122070312,2492
2023-10-18 16:04:00+02:00,176.6199951171875,176.6199951171875,176.36000061035156,176.39999389648438,176.39999389648438,565
2023-10-18 16:05:00+02:00,176.25999450683594,176.6199951171875,176.25999450683594,176.52000427246094,176.52000427246094,1289
2023-10-18 16:06:00+02:00,176.60000610351562,176.75999450683594,176.60000610351562,176.75999450683594,176.75999450683594,218
2023-10-18 16:07:00+02:00,176.86000061035156,177.05999755859375,176.86000061035156,176.94000244140625,176.94000244140625,661
2023-10-18 16:08:00+02:00,176.86000061035156,177.05999755859375,176.83999633789062,177.05999755859375,177.05999755859375,615
2023-10-18 16:09:00+02:00,177.0800018310547,177.0800018310547,176.89999389648438,176.9600067138672,176.9600067138672,1090
2023-10-18 16:10:00+02:00,176.97999572753906,177.05999755859375,176.8800048828125,176.89999389648438,176.89999389648438,558
2023-10-18 16:11:00+02:00,176.8800048828125,176.8800048828125,176.75999450683594,176.77999877929688,176.77999877929688,633
2023-10-18 16:12:00+02:00,176.77999877929688,176.86000061035156,176.60000610351562,176.60000610351562,176.60000610351562,521
2023-10-18 16:13:00+02:00,176.60000610351562,176.72000122070312,176.60000610351562,176.6199951171875,176.6199951171875,358
2023-10-18 16:14:00+02:00,176.63999938964844,176.66000366210938,176.5800018310547,176.66000366210938,176.66000366210938,115
2023-10-18 16:15:00+02:00,176.63999938964844,176.66000366210938,176.52000427246094,176.52000427246094,176.52000427246094,409
2023-10-18 16:16:00+02:00,176.60000610351562,176.74000549316406,176.55999755859375,176.74000549316406,176.74000549316406,487
2023-10-18 16:17:00+02:00,176.72000122070312,176.9199981689453,176.72000122070312,176.9199981689453,176.9199981689453,665
2023-10-18 16:18:00+02:00,176.9199981689453,177.32000732421875,176.8800048828125,177.32000732421875,177.32000732421875,552
2023-10-18 16:19:00+02:00,177.3800048828125,177.6999969482422,177.3800048828125,177.63999938964844,177.63999938964844,2076
2023-10-18 16:20:00+02:00,177.72000122070312,178.0,177.60000610351562,177.97999572753906,177.97999572753906,728
2023-10-18 16:21:00+02:00,177.97999572753906,178.0,177.83999633789062,177.97999572753906,177.97999572753906,2802
2023-10-18 16:22:00+02:00,177.9600067138672,177.9600067138672,177.75999450683594,177.8000030517578,177.8000030517578,450
2023-10-18 16:23:00+02:00,177.86000061035156,177.86000061035156,177.67999267578125,177.67999267578125,177.67999267578125,1122
2023-10-18 16:24:00+02:00,177.60000610351562,177.6199951171875,177.55999755859375,177.55999755859375,177.55999755859375,123
2023-10-18 16:25:00+02:00,177.55999755859375,177.55999755859375,177.3000030517578,177.3000030517578,177.3000030517578,451
2023-10-18 16:26:00+02:00,177.33999633789062,177.33999633789062,177.13999938964844,177.13999938964844,177.13999938964844,476
2023-10-18 16:27:00+02:00,177.22000122070312,177.24000549316406,177.16000366210938,177.24000549316406,177.24000549316406,472
2023-10-18 16:28:00+02:00,177.25999450683594,177.27999877929688,177.1999969482422,177.22000122070312,177.22000122070312,1169
2023-10-18 16:29:00+02:00,177.17999267578125,177.25999450683594,176.97999572753906,176.97999572753906,176.97999572753906,471
2023-10-18 16:30:00+02:00,176.89999389648438,176.9199981689453,176.63999938964844,176.63999938964844,176.63999938964844,432
2023-10-18 16:31:00+02:00,176.82000732421875,176.86000061035156,176.77999877929688,176.86000061035156,176.86000061035156,671
2023-10-18 16:32:00+02:00,176.8000030517578,176.8800048828125,176.8000030517578,176.83999633789062,176.83999633789062,256
2023-10-18 16:33:00+02:00,176.83999633789062,176.86000061035156,176.82000732421875,176.86000061035156,176.86000061035156,396
2023-10-18 16:34:00+02:00,176.8800048828125,176.89999389648438,176.66000366210938,176.74000549316406,176.74000549316406,511
2023-10-18 16:35:00+02:00,176.77999877929688,176.9600067138672,176.77999877929688,176.83999633789062,176.83999633789062,573
2023-10-18 16:36:00+02:00,176.83999633789062,176.9199981689453,176.83999633789062,176.83999633789062,176.83999633789062,454
2023-10-18 16:37:00+02:00,176.83999633789062,176.86000061035156,176.55999755859375,176.55999755859375,176.55999755859375,184
2023-10-18 16:38:00+02:00,176.6199951171875,176.77999877929688,176.6199951171875,176.75999450683594,176.75999450683594,198
2023-10-18 16:39:00+02:00,176.75999450683594,176.9199981689453,176.72000122070312,176.9199981689453,176.9199981689453,310
2023-10-18 16:40:00+02:00,176.9199981689453,176.9600067138672,176.89999389648438,176.94000244140625,176.94000244140625,936
2023-10-18 16:41:00+02:00,176.94000244140625,176.94000244140625,176.86000061035156,176.89999389648438,176.89999389648438,830
2023-10-18 16:42:00+02:00,176.86000061035156,176.97999572753906,176.83999633789062,176.97999572753906,176.97999572753906,765
2023-10-18 16:43:00+02:00,177.0,177.17999267578125,177.0,177.17999267578125,177.17999267578125,177
2023-10-18 16:44:00+02:00,177.13999938964844,177.27999877929688,177.13999938964844,177.27999877929688,177.27999877929688,126
2023-10-18 16:45:00+02:00,177.25999450683594,177.27999877929688,177.02000427246094,177.0399932861328,177.0399932861328,3603
2023-10-18 16:46:00+02:00,177.02000427246094,177.05999755859375,176.82000732421875,176.89999389648438,176.89999389648438,781
2023-10-18 16:47:00+02:00,176.8800048828125,176.89999389648438,176.8000030517578,176.82000732421875,176.82000732421875,720
2023-10-18 16:48:00+02:00,176.8000030517578,176.8000030517578,176.67999267578125,176.72000122070312,176.72000122070312,165
2023-10-18 16:49:00+02:00,176.63999938964844,176.6999969482422,176.5800018310547,176.5800018310547,176.5800018310547,625
2023-10-18 16:50:00+02:00,176.5800018310547,176.6999969482422,176.5800018310547,176.66000366210938,176.66000366210938,841
2023-10-18 16:51:00+02:00,176.66000366210938,176.67999267578125,176.36000061035156,176.39999389648438,176.39999389648438,920
2023-10-18 16:52:00+02:00,176.4199981689453,176.4199981689453,176.22000122070312,176.22000122070312,176.22000122070312,259
2023-10-18 16:53:00+02:00,176.17999267578125,176.27999877929688,176.1199951171875,176.27999877929688,176.27999877929688,424
2023-10-18 16:54:00+02:00,176.33999633789062,176.33999633789062,176.24000549316406,176.25999450683594,176.25999450683594,543
2023-10-18 16:55:00+02:00,176.24000549316406,176.33999633789062,176.24000549316406,176.33999633789062,176.33999633789062,548
2023-10-18 16:56:00+02:00,176.36000061035156,176.5399932861328,176.36000061035156,176.44000244140625,176.44000244140625,822
2023-10-18 16:57:00+02:00,176.33999633789062,176.33999633789062,176.10000610351562,176.1999969482422,176.1999969482422,858
2023-10-18 16:58:00+02:00,176.1999969482422,176.1999969482422,176.10000610351562,176.13999938964844,176.13999938964844,948
2023-10-18 16:59:00+02:00,176.1199951171875,176.16000366210938,175.94000244140625,176.16000366210938,176.16000366210938,995
2023-10-18 17:00:00+02:00,176.13999938964844,176.13999938964844,176.0800018310547,176.0800018310547,176.0800018310547,472
2023-10-18 17:01:00+02:00,176.05999755859375,176.22000122070312,176.05999755859375,176.22000122070312,176.22000122070312,826
2023-10-18 17:08:00+02:00,176.17999267578125,176.22000122070312,176.17999267578125,176.1999969482422,176.1999969482422,15065
2023-10-18 17:09:00+02:00,176.1999969482422,176.36000061035156,176.16000366210938,176.25999450683594,176.25999450683594,2162
2023-10-18 17:10:00+02:00,176.25999450683594,176.27999877929688,176.17999267578125,176.17999267578125,176.17999267578125,1385
2023-10-18 17:11:00+02:00,176.16000366210938,176.4199981689453,176.16000366210938,176.33999633789062,176.33999633789062,500
2023-10-18 17:12:00+02:00,176.25999450683594,176.44000244140625,176.17999267578125,176.44000244140625,176.44000244140625,674
2023-10-18 17:13:00+02:00,176.44000244140625,176.4600067138672,176.39999389648438,176.4600067138672,176.4600067138672,222
2023-10-18 17:14:00+02:00,176.39999389648438,176.39999389648438,176.32000732421875,176.36000061035156,176.36000061035156,913
2023-10-18 17:15:00+02:00,176.3800048828125,176.5800018310547,176.3800048828125,176.5399932861328,176.5399932861328,1747
2023-10-18 17:16:00+02:00,176.5399932861328,176.5399932861328,176.3000030517578,176.32000732421875,176.32000732421875,1220
2023-10-18 17:17:00+02:00,176.3000030517578,176.44000244140625,176.3000030517578,176.3800048828125,176.3800048828125,312
2023-10-18 17:18:00+02:00,176.3800048828125,176.60000610351562,176.3800048828125,176.5800018310547,176.5800018310547,882
2023-10-18 17:19:00+02:00,176.55999755859375,176.55999755859375,176.47999572753906,176.55999755859375,176.55999755859375,619
2023-10-18 17:20:00+02:00,176.55999755859375,176.6999969482422,176.5399932861328,176.6999969482422,176.6999969482422,2634
2023-10-18 17:21:00+02:00,176.67999267578125,176.72000122070312,176.3800048828125,176.3800048828125,176.3800048828125,2687
2023-10-18 17:22:00+02:00,176.4199981689453,176.47999572753906,176.36000061035156,176.4600067138672,176.4600067138672,1090
2023-10-18 17:23:00+02:00,176.44000244140625,176.4600067138672,176.3800048828125,176.44000244140625,176.44000244140625,2804
2023-10-18 17:24:00+02:00,176.4199981689453,176.5399932861328,176.4199981689453,176.5399932861328,176.5399932861328,3828
2023-10-18 17:25:00+02:00,176.55999755859375,176.60000610351562,176.52000427246094,176.5800018310547,176.5800018310547,1002
2023-10-18 17:26:00+02:00,176.60000610351562,176.6999969482422,176.60000610351562,176.60000610351562,176.60000610351562,1223
2023-10-18 17:27:00+02:00,176.5800018310547,176.60000610351562,176.55999755859375,176.60000610351562,176.60000610351562,831
2023-10-18 17:28:00+02:00,176.55999755859375,176.55999755859375,176.52000427246094,176.52000427246094,176.52000427246094,943
2023-10-18 17:29:00+02:00,176.5399932861328,176.5800018310547,176.4600067138672,176.47999572753906,176.47999572753906,2608
