Date,Open,High,Low,Close,Adj Close,Volume
2023-10-04 09:30:00-04:00,44.939998626708984,45.040000915527344,44.869998931884766,44.97999954223633,44.97999954223633,246931
2023-10-04 09:31:00-04:00,44.96369934082031,44.96379852294922,44.65999984741211,44.709999084472656,44.709999084472656,96322
2023-10-04 09:32:00-04:00,44.709999084472656,44.7400016784668,44.470001220703125,44.470001220703125,44.470001220703125,113660
2023-10-04 09:33:00-04:00,44.459999084472656,44.53499984741211,44.40999984741211,44.459999084472656,44.459999084472656,55169
2023-10-04 09:34:00-04:00,44.45000076293945,44.519901275634766,44.34000015258789,44.369998931884766,44.369998931884766,54921
2023-10-04 09:35:00-04:00,44.369998931884766,44.380001068115234,44.20000076293945,44.209999084472656,44.209999084472656,75491
2023-10-04 09:36:00-04:00,44.209999084472656,44.38999938964844,44.15999984741211,44.38999938964844,44.38999938964844,62092
2023-10-04 09:37:00-04:00,44.38999938964844,44.46500015258789,44.224998474121094,44.224998474121094,44.224998474121094,47623
2023-10-04 09:38:00-04:00,44.22999954223633,44.3047981262207,44.209999084472656,44.255001068115234,44.255001068115234,30567
2023-10-04 09:39:00-04:00,44.25,44.37990188598633,44.2400016784668,44.31999969482422,44.31999969482422,32860
2023-10-04 09:40:00-04:00,44.31999969482422,44.41999816894531,44.20989990234375,44.209999084472656,44.209999084472656,84963
2023-10-04 09:41:00-04:00,44.21500015258789,44.29999923706055,44.20349884033203,44.29999923706055,44.29999923706055,31953
2023-10-04 09:42:00-04:00,44.29499816894531,44.32500076293945,44.22999954223633,44.27000045776367,44.27000045776367,36194
2023-10-04 09:43:00-04:00,44.27000045776367,44.314998626708984,44.255001068115234,44.290000915527344,44.290000915527344,23461
2023-10-04 09:44:00-04:00,44.28499984741211,44.31999969482422,44.27000045776367,44.3036003112793,44.3036003112793,29958
2023-10-04 09:45:00-04:00,44.310001373291016,44.340999603271484,44.15999984741211,44.220001220703125,44.220001220703125,65182
2023-10-04 09:46:00-04:00,44.20009994506836,44.22999954223633,44.15999984741211,44.18000030517578,44.18000030517578,29451
2023-10-04 09:47:00-04:00,44.16999816894531,44.28499984741211,44.150001525878906,44.27000045776367,44.27000045776367,71905
2023-10-04 09:48:00-04:00,44.250099182128906,44.314998626708984,44.22999954223633,44.3125,44.3125,36417
2023-10-04 09:49:00-04:00,44.31999969482422,44.404998779296875,44.30500030517578,44.38999938964844,44.38999938964844,37036
2023-10-04 09:50:00-04:00,44.375,44.459999084472656,44.36000061035156,44.415000915527344,44.415000915527344,32028
2023-10-04 09:51:00-04:00,44.404998779296875,44.41999816894531,44.334999084472656,44.34000015258789,44.34000015258789,40919
2023-10-04 09:52:00-04:00,44.36000061035156,44.45500183105469,44.349998474121094,44.41999816894531,44.41999816894531,52325
2023-10-04 09:53:00-04:00,44.43000030517578,44.47999954223633,44.400001525878906,44.45000076293945,44.45000076293945,74199
2023-10-04 09:54:00-04:00,44.44499969482422,44.46500015258789,44.400001525878906,44.43000030517578,44.43000030517578,61853
2023-10-04 09:55:00-04:00,44.4375,44.52149963378906,44.41999816894531,44.494998931884766,44.494998931884766,69305
2023-10-04 09:56:00-04:00,44.4900016784668,44.4900016784668,44.36000061035156,44.36000061035156,44.36000061035156,61628
2023-10-04 09:57:00-04:00,44.3650016784668,44.38999938964844,44.34000015258789,44.35499954223633,44.35499954223633,49998
2023-10-04 09:58:00-04:00,44.349998474121094,44.349998474121094,44.27000045776367,44.34000015258789,44.34000015258789,46657
2023-10-04 09:59:00-04:00,44.34000015258789,44.38999938964844,44.330101013183594,44.36000061035156,44.36000061035156,84157
2023-10-04 10:00:00-04:00,44.38240051269531,44.5,44.349998474121094,44.367698669433594,44.367698669433594,59469
2023-10-04 10:01:00-04:00,44.369998931884766,44.369998931884766,44.27000045776367,44.279998779296875,44.279998779296875,41776
2023-10-04 10:02:00-04:00,44.27000045776367,44.310001373291016,44.255001068115234,44.290000915527344,44.290000915527344,62300
2023-10-04 10:03:00-04:00,44.270999908447266,44.29999923706055,44.220001220703125,44.25,44.25,76870
2023-10-04 10:04:00-04:00,44.2599983215332,44.290000915527344,44.23929977416992,44.256900787353516,44.256900787353516,13949
2023-10-04 10:05:00-04:00,44.2599983215332,44.29499816894531,44.25,44.2599983215332,44.2599983215332,26925
2023-10-04 10:06:00-04:00,44.26499938964844,44.33000183105469,44.2400016784668,44.32500076293945,44.32500076293945,13447
2023-10-04 10:07:00-04:00,44.31999969482422,44.33000183105469,44.2400016784668,44.244998931884766,44.244998931884766,27636
2023-10-04 10:08:00-04:00,44.244998931884766,44.27000045776367,44.220001220703125,44.255001068115234,44.255001068115234,19218
2023-10-04 10:09:00-04:00,44.2599983215332,44.28499984741211,44.220001220703125,44.279998779296875,44.279998779296875,17977
2023-10-04 10:10:00-04:00,44.279998779296875,44.31999969482422,44.22999954223633,44.25,44.25,36523
2023-10-04 10:11:00-04:00,44.2400016784668,44.27000045776367,44.220001220703125,44.22999954223633,44.22999954223633,24013
2023-10-04 10:12:00-04:00,44.244998931884766,44.26499938964844,44.209999084472656,44.2599983215332,44.2599983215332,21865
2023-10-04 10:13:00-04:00,44.2495002746582,44.25,44.209999084472656,44.25,44.25,14539
2023-10-04 10:14:00-04:00,44.24789810180664,44.26499938964844,44.220001220703125,44.23500061035156,44.23500061035156,15306
2023-10-04 10:15:00-04:00,44.2400016784668,44.2400016784668,44.16999816894531,44.16999816894531,44.16999816894531,38539
2023-10-04 10:16:00-04:00,44.179901123046875,44.179901123046875,44.029998779296875,44.03120040893555,44.03120040893555,87669
2023-10-04 10:17:00-04:00,44.03919982910156,44.08000183105469,44.02000045776367,44.064998626708984,44.064998626708984,35636
2023-10-04 10:18:00-04:00,44.060001373291016,44.077301025390625,44.0099983215332,44.02000045776367,44.02000045776367,35069
2023-10-04 10:19:00-04:00,44.01499938964844,44.04499816894531,44.0099983215332,44.03499984741211,44.03499984741211,34532
2023-10-04 10:20:00-04:00,44.03010177612305,44.08000183105469,44.01499938964844,44.08000183105469,44.08000183105469,24185
2023-10-04 10:21:00-04:00,44.0724983215332,44.11000061035156,44.02000045776367,44.02000045776367,44.02000045776367,30121
2023-10-04 10:22:00-04:00,44.02000045776367,44.04999923706055,44.02000045776367,44.03499984741211,44.03499984741211,22812
2023-10-04 10:23:00-04:00,44.040000915527344,44.06010055541992,44.01499938964844,44.01499938964844,44.01499938964844,21482
2023-10-04 10:24:00-04:00,44.0099983215332,44.025001525878906,43.95000076293945,44.025001525878906,44.025001525878906,133970
2023-10-04 10:25:00-04:00,44.029998779296875,44.04999923706055,43.95100021362305,43.969600677490234,43.969600677490234,52426
2023-10-04 10:26:00-04:00,43.96500015258789,43.98649978637695,43.91999816894531,43.95000076293945,43.95000076293945,23242
2023-10-04 10:27:00-04:00,43.94329833984375,43.970001220703125,43.93000030517578,43.94990158081055,43.94990158081055,22615
2023-10-04 10:28:00-04:00,43.95000076293945,43.95989990234375,43.900001525878906,43.915000915527344,43.915000915527344,26090
2023-10-04 10:29:00-04:00,43.915000915527344,43.939998626708984,43.900001525878906,43.929100036621094,43.929100036621094,21688
2023-10-04 10:30:00-04:00,43.91999816894531,43.92499923706055,43.85499954223633,43.90999984741211,43.90999984741211,45965
2023-10-04 10:31:00-04:00,43.91999816894531,43.939998626708984,43.8650016784668,43.8650016784668,43.8650016784668,20055
2023-10-04 10:32:00-04:00,43.86000061035156,43.940101623535156,43.85499954223633,43.85499954223633,43.85499954223633,16128
2023-10-04 10:33:00-04:00,43.8588981628418,43.90999984741211,43.83000183105469,43.90999984741211,43.90999984741211,17613
2023-10-04 10:34:00-04:00,43.90999984741211,44.064998626708984,43.90999984741211,44.064998626708984,44.064998626708984,54246
2023-10-04 10:35:00-04:00,44.060001373291016,44.11000061035156,44.05009841918945,44.0786018371582,44.0786018371582,36227
2023-10-04 10:36:00-04:00,44.07500076293945,44.08890151977539,44.040000915527344,44.060001373291016,44.060001373291016,11509
2023-10-04 10:37:00-04:00,44.04999923706055,44.11000061035156,44.029998779296875,44.11000061035156,44.11000061035156,11404
2023-10-04 10:38:00-04:00,44.119998931884766,44.150001525878906,44.02000045776367,44.029998779296875,44.029998779296875,31916
2023-10-04 10:39:00-04:00,44.03990173339844,44.05110168457031,44.0099983215332,44.029998779296875,44.029998779296875,21407
2023-10-04 10:40:00-04:00,44.03499984741211,44.04999923706055,43.98500061035156,44.04999923706055,44.04999923706055,9395
2023-10-04 10:41:00-04:00,44.04499816894531,44.084999084472656,44.005001068115234,44.064998626708984,44.064998626708984,25701
2023-10-04 10:42:00-04:00,44.060001373291016,44.06999969482422,44.03499984741211,44.040000915527344,44.040000915527344,11261
2023-10-04 10:43:00-04:00,44.03499984741211,44.040000915527344,43.97999954223633,43.994998931884766,43.994998931884766,11395
2023-10-04 10:44:00-04:00,43.994998931884766,44.029998779296875,43.95000076293945,43.959999084472656,43.959999084472656,21194
2023-10-04 10:45:00-04:00,43.96500015258789,44.04499816894531,43.96500015258789,44.00709915161133,44.00709915161133,14029
2023-10-04 10:46:00-04:00,44.0099983215332,44.0099983215332,43.88999938964844,43.88999938964844,43.88999938964844,24054
2023-10-04 10:47:00-04:00,43.88999938964844,43.88999938964844,43.834999084472656,43.84000015258789,43.84000015258789,16189
2023-10-04 10:48:00-04:00,43.849998474121094,43.849998474121094,43.79499816894531,43.81999969482422,43.81999969482422,23005
2023-10-04 10:49:00-04:00,43.83000183105469,43.85499954223633,43.80500030517578,43.80500030517578,43.80500030517578,18241
2023-10-04 10:50:00-04:00,43.810001373291016,43.880001068115234,43.80500030517578,43.869998931884766,43.869998931884766,20703
2023-10-04 10:51:00-04:00,43.86000061035156,43.88999938964844,43.834999084472656,43.875,43.875,15543
2023-10-04 10:52:00-04:00,43.87630081176758,43.89500045776367,43.869998931884766,43.8849983215332,43.8849983215332,13474
2023-10-04 10:53:00-04:00,43.88999938964844,43.88999938964844,43.85499954223633,43.86000061035156,43.86000061035156,8495
2023-10-04 10:54:00-04:00,43.86000061035156,43.869998931884766,43.81999969482422,43.83000183105469,43.83000183105469,26045
2023-10-04 10:55:00-04:00,43.83869934082031,43.86000061035156,43.81999969482422,43.845001220703125,43.845001220703125,9002
2023-10-04 10:56:00-04:00,43.849998474121094,43.875,43.83000183105469,43.849998474121094,43.849998474121094,23687
2023-10-04 10:57:00-04:00,43.84000015258789,43.849998474121094,43.808799743652344,43.81999969482422,43.81999969482422,19670
2023-10-04 10:58:00-04:00,43.810001373291016,43.845001220703125,43.810001373291016,43.81560134887695,43.81560134887695,27299
2023-10-04 10:59:00-04:00,43.810001373291016,43.834999084472656,43.7599983215332,43.775001525878906,43.775001525878906,37704
2023-10-04 11:01:00-04:00,43.76649856567383,43.77000045776367,43.744998931884766,43.76499938964844,43.76499938964844,40642
2023-10-04 11:02:00-04:00,43.7599983215332,43.798500061035156,43.755001068115234,43.78499984741211,43.78499984741211,24796
2023-10-04 11:03:00-04:00,43.790000915527344,43.810001373291016,43.78860092163086,43.79999923706055,43.79999923706055,18525
2023-10-04 11:04:00-04:00,43.79999923706055,43.83829879760742,43.79069900512695,43.810001373291016,43.810001373291016,30331
2023-10-04 11:05:00-04:00,43.810001373291016,43.875,43.810001373291016,43.869998931884766,43.869998931884766,13481
2023-10-04 11:06:00-04:00,43.8650016784668,43.939998626708984,43.849998474121094,43.92940139770508,43.92940139770508,18225
2023-10-04 11:07:00-04:00,43.91999816894531,43.95000076293945,43.90999984741211,43.94499969482422,43.94499969482422,11121
2023-10-04 11:08:00-04:00,43.939998626708984,43.959999084472656,43.912601470947266,43.93000030517578,43.93000030517578,23955
2023-10-04 11:09:00-04:00,43.935001373291016,43.95500183105469,43.904998779296875,43.90999984741211,43.90999984741211,18178
2023-10-04 11:10:00-04:00,43.90999984741211,43.959999084472656,43.90999984741211,43.959999084472656,43.959999084472656,9587
2023-10-04 11:11:00-04:00,43.959999084472656,44.02000045776367,43.959999084472656,44.02000045776367,44.02000045776367,18308
2023-10-04 11:12:00-04:00,44.029998779296875,44.029998779296875,43.9900016784668,43.990299224853516,43.990299224853516,13541
2023-10-04 11:13:00-04:00,43.9900016784668,43.994998931884766,43.939998626708984,43.95000076293945,43.95000076293945,21423
2023-10-04 11:14:00-04:00,43.935001373291016,43.970001220703125,43.90999984741211,43.96500015258789,43.96500015258789,15159
2023-10-04 11:15:00-04:00,43.96879959106445,43.9900016784668,43.939998626708984,43.95100021362305,43.95100021362305,14094
2023-10-04 11:16:00-04:00,43.959999084472656,43.990299224853516,43.95000076293945,43.95000076293945,43.95000076293945,6736
2023-10-04 11:17:00-04:00,43.94499969482422,44.02000045776367,43.94499969482422,44.0099983215332,44.0099983215332,11199
2023-10-04 11:18:00-04:00,44.02000045776367,44.04499816894531,44.0098991394043,44.03010177612305,44.03010177612305,14825
2023-10-04 11:19:00-04:00,44.029998779296875,44.08000183105469,44.02000045776367,44.07500076293945,44.07500076293945,13541
2023-10-04 11:20:00-04:00,44.095001220703125,44.099700927734375,44.07500076293945,44.09000015258789,44.09000015258789,10060
2023-10-04 11:21:00-04:00,44.09000015258789,44.0984001159668,44.0099983215332,44.0099983215332,44.0099983215332,13760
2023-10-04 11:22:00-04:00,44.0,44.0,43.91999816894531,43.921600341796875,43.921600341796875,26018
2023-10-04 11:23:00-04:00,43.91999816894531,43.939998626708984,43.900001525878906,43.92499923706055,43.92499923706055,27096
2023-10-04 11:24:00-04:00,43.93000030517578,43.974998474121094,43.93000030517578,43.970001220703125,43.970001220703125,8286
2023-10-04 11:25:00-04:00,43.97999954223633,44.04999923706055,43.974998474121094,44.029998779296875,44.029998779296875,8054
2023-10-04 11:26:00-04:00,44.029998779296875,44.029998779296875,43.998600006103516,44.0099983215332,44.0099983215332,8271
2023-10-04 11:27:00-04:00,44.02000045776367,44.079898834228516,44.02000045776367,44.064998626708984,44.064998626708984,9015
2023-10-04 11:28:00-04:00,44.07500076293945,44.08610153198242,44.060001373291016,44.060001373291016,44.060001373291016,8443
2023-10-04 11:29:00-04:00,44.04999923706055,44.08509826660156,44.04499816894531,44.06999969482422,44.06999969482422,10046
2023-10-04 11:30:00-04:00,44.064998626708984,44.06999969482422,44.040000915527344,44.04999923706055,44.04999923706055,12741
2023-10-04 11:31:00-04:00,44.040000915527344,44.040000915527344,43.92499923706055,43.93000030517578,43.93000030517578,17772
2023-10-04 11:32:00-04:00,43.920101165771484,43.939998626708984,43.8849983215332,43.91999816894531,43.91999816894531,24515
2023-10-04 11:33:00-04:00,43.93000030517578,43.939998626708984,43.90999984741211,43.91999816894531,43.91999816894531,13370
2023-10-04 11:34:00-04:00,43.904998779296875,43.959999084472656,43.900001525878906,43.94879913330078,43.94879913330078,8044
2023-10-04 11:35:00-04:00,43.95009994506836,43.95500183105469,43.92499923706055,43.939998626708984,43.939998626708984,8351
2023-10-04 11:36:00-04:00,43.93000030517578,43.93000030517578,43.875,43.88999938964844,43.88999938964844,8483
2023-10-04 11:37:00-04:00,43.89500045776367,43.95000076293945,43.88999938964844,43.939998626708984,43.939998626708984,14131
2023-10-04 11:38:00-04:00,43.94499969482422,43.94499969482422,43.880001068115234,43.880001068115234,43.880001068115234,13127
2023-10-04 11:39:00-04:00,43.88639831542969,43.91999816894531,43.880001068115234,43.89500045776367,43.89500045776367,8242
2023-10-04 11:40:00-04:00,43.900001525878906,43.93000030517578,43.900001525878906,43.93000030517578,43.93000030517578,42204
2023-10-04 11:41:00-04:00,43.8650016784668,43.875,43.862300872802734,43.862300872802734,43.862300872802734,18788
2023-10-04 11:42:00-04:00,43.867401123046875,43.87990188598633,43.84000015258789,43.87990188598633,43.87990188598633,16711
2023-10-04 11:43:00-04:00,43.869998931884766,43.88999938964844,43.839900970458984,43.87990188598633,43.87990188598633,16851
2023-10-04 11:44:00-04:00,43.869998931884766,43.878501892089844,43.83000183105469,43.83000183105469,43.83000183105469,11929
2023-10-04 11:45:00-04:00,43.83879852294922,43.84000015258789,43.810001373291016,43.810001373291016,43.810001373291016,17221
2023-10-04 11:46:00-04:00,43.810001373291016,43.84000015258789,43.79999923706055,43.82500076293945,43.82500076293945,6178
2023-10-04 11:47:00-04:00,43.82500076293945,43.994998931884766,43.82500076293945,43.970001220703125,43.970001220703125,32847
2023-10-04 11:48:00-04:00,43.970001220703125,44.029998779296875,43.96120071411133,43.97999954223633,43.97999954223633,14114
2023-10-04 11:49:00-04:00,43.9900016784668,44.02000045776367,43.970001220703125,44.0099983215332,44.0099983215332,20406
2023-10-04 11:50:00-04:00,44.0,44.00849914550781,43.959999084472656,43.970001220703125,43.970001220703125,20103
2023-10-04 11:51:00-04:00,43.970001220703125,43.994998931884766,43.9630012512207,43.98500061035156,43.98500061035156,6684
2023-10-04 11:52:00-04:00,43.98500061035156,44.0099983215332,43.98500061035156,44.00749969482422,44.00749969482422,11450
2023-10-04 11:53:00-04:00,44.0099983215332,44.03499984741211,43.970001220703125,43.97999954223633,43.97999954223633,11495
2023-10-04 11:54:00-04:00,43.970001220703125,43.9900016784668,43.970001220703125,43.970001220703125,43.970001220703125,12997
2023-10-04 11:55:00-04:00,43.970001220703125,43.970001220703125,43.93000030517578,43.936500549316406,43.936500549316406,16041
2023-10-04 11:56:00-04:00,43.939998626708984,43.97249984741211,43.90999984741211,43.90999984741211,43.90999984741211,12699
2023-10-04 11:57:00-04:00,43.904998779296875,43.91999816894531,43.8650016784668,43.869998931884766,43.869998931884766,17416
2023-10-04 11:58:00-04:00,43.875,43.880001068115234,43.85499954223633,43.869998931884766,43.869998931884766,15052
2023-10-04 11:59:00-04:00,43.88999938964844,43.88999938964844,43.86000061035156,43.88999938964844,43.88999938964844,19849
2023-10-04 12:00:00-04:00,43.900001525878906,43.90999984741211,43.85499954223633,43.85649871826172,43.85649871826172,15593
2023-10-04 12:01:00-04:00,43.849998474121094,43.85499954223633,43.81999969482422,43.849998474121094,43.849998474121094,12103
2023-10-04 12:02:00-04:00,43.849998474121094,43.85499954223633,43.79999923706055,43.84000015258789,43.84000015258789,11587
2023-10-04 12:03:00-04:00,43.84000015258789,43.84830093383789,43.810001373291016,43.810001373291016,43.810001373291016,9618
2023-10-04 12:04:00-04:00,43.81999969482422,43.81999969482422,43.76499938964844,43.77000045776367,43.77000045776367,48176
2023-10-04 12:05:00-04:00,43.77989959716797,43.79990005493164,43.755001068115234,43.7599983215332,43.7599983215332,21259
2023-10-04 12:06:00-04:00,43.7599983215332,43.779998779296875,43.755001068115234,43.7599983215332,43.7599983215332,42074
2023-10-04 12:07:00-04:00,43.7599983215332,43.779998779296875,43.709999084472656,43.71500015258789,43.71500015258789,33670
2023-10-04 12:08:00-04:00,43.720001220703125,43.72999954223633,43.66999816894531,43.66999816894531,43.66999816894531,31201
2023-10-04 12:09:00-04:00,43.65999984741211,43.72999954223633,43.65999984741211,43.719398498535156,43.719398498535156,18409
2023-10-04 12:10:00-04:00,43.71989822387695,43.769901275634766,43.71989822387695,43.75,43.75,32214
2023-10-04 12:11:00-04:00,43.755001068115234,43.779998779296875,43.7400016784668,43.744998931884766,43.744998931884766,14048
2023-10-04 12:12:00-04:00,43.73780059814453,43.779998779296875,43.720001220703125,43.7400016784668,43.7400016784668,20690
2023-10-04 12:13:00-04:00,43.72999954223633,43.73500061035156,43.68000030517578,43.68769836425781,43.68769836425781,34188
2023-10-04 12:14:00-04:00,43.68000030517578,43.68000030517578,43.63999938964844,43.65999984741211,43.65999984741211,34123
2023-10-04 12:15:00-04:00,43.66999816894531,43.66999816894531,43.58000183105469,43.589900970458984,43.589900970458984,56119
2023-10-04 12:16:00-04:00,43.59000015258789,43.70000076293945,43.584999084472656,43.69200134277344,43.69200134277344,30105
2023-10-04 12:17:00-04:00,43.70000076293945,43.70000076293945,43.650001525878906,43.65760040283203,43.65760040283203,19754
2023-10-04 12:18:00-04:00,43.650901794433594,43.68000030517578,43.650001525878906,43.68000030517578,43.68000030517578,14017
2023-10-04 12:19:00-04:00,43.685001373291016,43.71889877319336,43.68000030517578,43.70000076293945,43.70000076293945,35679
2023-10-04 12:20:00-04:00,43.70000076293945,43.70000076293945,43.66999816894531,43.70000076293945,43.70000076293945,22369
2023-10-04 12:21:00-04:00,43.698699951171875,43.72999954223633,43.68000030517578,43.709999084472656,43.709999084472656,21331
2023-10-04 12:22:00-04:00,43.724998474121094,43.724998474121094,43.70000076293945,43.71699905395508,43.71699905395508,11863
2023-10-04 12:23:00-04:00,43.720001220703125,43.75,43.66999816894531,43.7400016784668,43.7400016784668,36791
2023-10-04 12:24:00-04:00,43.75,43.76499938964844,43.7328987121582,43.73500061035156,43.73500061035156,21074
2023-10-04 12:25:00-04:00,43.7400016784668,43.790000915527344,43.73500061035156,43.790000915527344,43.790000915527344,28727
2023-10-04 12:26:00-04:00,43.79999923706055,43.810001373291016,43.76499938964844,43.78499984741211,43.78499984741211,19652
2023-10-04 12:27:00-04:00,43.790000915527344,43.814998626708984,43.77000045776367,43.779998779296875,43.779998779296875,15938
2023-10-04 12:28:00-04:00,43.788299560546875,43.79999923706055,43.770999908447266,43.78499984741211,43.78499984741211,22192
2023-10-04 12:29:00-04:00,43.790000915527344,43.81999969482422,43.779998779296875,43.810001373291016,43.810001373291016,23133
2023-10-04 12:30:00-04:00,43.81679916381836,43.84000015258789,43.797298431396484,43.82500076293945,43.82500076293945,31274
2023-10-04 12:31:00-04:00,43.82500076293945,43.869998931884766,43.820098876953125,43.86000061035156,43.86000061035156,28399
2023-10-04 12:32:00-04:00,43.8650016784668,43.93000030517578,43.8650016784668,43.898799896240234,43.898799896240234,28675
2023-10-04 12:33:00-04:00,43.900001525878906,43.935001373291016,43.900001525878906,43.92499923706055,43.92499923706055,27586
2023-10-04 12:34:00-04:00,43.9275016784668,43.935001373291016,43.90169906616211,43.9286003112793,43.9286003112793,20147
2023-10-04 12:35:00-04:00,43.92499923706055,43.935001373291016,43.86000061035156,43.869998931884766,43.869998931884766,28487
2023-10-04 12:36:00-04:00,43.869998931884766,43.887699127197266,43.849998474121094,43.849998474121094,43.849998474121094,11955
2023-10-04 12:37:00-04:00,43.857200622558594,43.86000061035156,43.810001373291016,43.81999969482422,43.81999969482422,20268
2023-10-04 12:38:00-04:00,43.81999969482422,43.86000061035156,43.81999969482422,43.83000183105469,43.83000183105469,8770
2023-10-04 12:39:00-04:00,43.82500076293945,43.82500076293945,43.779998779296875,43.79999923706055,43.79999923706055,19417
2023-10-04 12:40:00-04:00,43.79999923706055,43.80500030517578,43.77000045776367,43.790000915527344,43.790000915527344,22082
2023-10-04 12:41:00-04:00,43.79899978637695,43.82500076293945,43.78499984741211,43.78499984741211,43.78499984741211,19828
2023-10-04 12:42:00-04:00,43.78499984741211,43.78499984741211,43.709999084472656,43.709999084472656,43.709999084472656,28717
2023-10-04 12:43:00-04:00,43.70500183105469,43.720001220703125,43.70000076293945,43.70000076293945,43.70000076293945,13362
2023-10-04 12:44:00-04:00,43.69499969482422,43.69499969482422,43.64500045776367,43.650001525878906,43.650001525878906,18091
2023-10-04 12:45:00-04:00,43.654998779296875,43.720001220703125,43.630001068115234,43.720001220703125,43.720001220703125,26598
2023-10-04 12:46:00-04:00,43.720001220703125,43.72999954223633,43.69499969482422,43.70000076293945,43.70000076293945,11554
2023-10-04 12:47:00-04:00,43.70000076293945,43.720001220703125,43.689998626708984,43.69049835205078,43.69049835205078,12829
2023-10-04 12:48:00-04:00,43.689998626708984,43.720001220703125,43.689998626708984,43.70000076293945,43.70000076293945,6759
2023-10-04 12:49:00-04:00,43.70000076293945,43.72710037231445,43.68000030517578,43.71500015258789,43.71500015258789,15596
2023-10-04 12:50:00-04:00,43.709999084472656,43.709999084472656,43.68009948730469,43.70000076293945,43.70000076293945,11407
2023-10-04 12:51:00-04:00,43.70500183105469,43.709999084472656,43.66999816894531,43.67499923706055,43.67499923706055,11744
2023-10-04 12:52:00-04:00,43.66999816894531,43.689998626708984,43.63999938964844,43.63999938964844,43.63999938964844,13916
2023-10-04 12:53:00-04:00,43.64500045776367,43.647300720214844,43.584999084472656,43.595001220703125,43.595001220703125,31575
2023-10-04 12:54:00-04:00,43.595001220703125,43.63999938964844,43.595001220703125,43.63999938964844,43.63999938964844,16978
2023-10-04 12:55:00-04:00,43.63999938964844,43.63999938964844,43.625,43.625,43.625,11929
2023-10-04 12:56:00-04:00,43.625,43.62990188598633,43.560001373291016,43.564998626708984,43.564998626708984,26946
2023-10-04 12:57:00-04:00,43.56999969482422,43.58000183105469,43.55500030517578,43.58000183105469,43.58000183105469,17810
2023-10-04 12:58:00-04:00,43.57500076293945,43.584999084472656,43.529998779296875,43.549400329589844,43.549400329589844,19039
2023-10-04 12:59:00-04:00,43.54499816894531,43.59000015258789,43.540000915527344,43.564998626708984,43.564998626708984,21534
2023-10-04 13:00:00-04:00,43.564998626708984,43.59000015258789,43.540000915527344,43.540000915527344,43.540000915527344,12811
2023-10-04 13:01:00-04:00,43.54499816894531,43.54499816894531,43.474998474121094,43.479400634765625,43.479400634765625,47455
2023-10-04 13:02:00-04:00,43.47990036010742,43.47999954223633,43.439998626708984,43.44499969482422,43.44499969482422,19164
2023-10-04 13:03:00-04:00,43.439998626708984,43.439998626708984,43.400001525878906,43.41780090332031,43.41780090332031,31900
2023-10-04 13:04:00-04:00,43.415000915527344,43.45989990234375,43.404998779296875,43.44929885864258,43.44929885864258,45646
2023-10-04 13:05:00-04:00,43.44499969482422,43.448699951171875,43.404998779296875,43.43000030517578,43.43000030517578,16936
2023-10-04 13:06:00-04:00,43.41999816894531,43.43000030517578,43.390098571777344,43.400001525878906,43.400001525878906,15206
2023-10-04 13:07:00-04:00,43.390098571777344,43.40999984741211,43.351898193359375,43.369998931884766,43.369998931884766,27825
2023-10-04 13:08:00-04:00,43.369998931884766,43.369998931884766,43.32500076293945,43.33000183105469,43.33000183105469,25151
2023-10-04 13:09:00-04:00,43.334999084472656,43.36000061035156,43.26499938964844,43.28499984741211,43.28499984741211,93319
2023-10-04 13:10:00-04:00,43.28499984741211,43.29999923706055,43.27000045776367,43.2864990234375,43.2864990234375,67893
2023-10-04 13:11:00-04:00,43.28499984741211,43.349998474121094,43.28499984741211,43.345001220703125,43.345001220703125,32843
2023-10-04 13:12:00-04:00,43.349998474121094,43.369998931884766,43.345001220703125,43.35820007324219,43.35820007324219,27248
2023-10-04 13:13:00-04:00,43.36000061035156,43.36000061035156,43.290000915527344,43.29499816894531,43.29499816894531,20279
2023-10-04 13:14:00-04:00,43.29499816894531,43.31999969482422,43.28010177612305,43.28879928588867,43.28879928588867,20775
2023-10-04 13:15:00-04:00,43.28879928588867,43.30500030517578,43.279998779296875,43.279998779296875,43.279998779296875,16602
2023-10-04 13:16:00-04:00,43.279998779296875,43.349998474121094,43.27009963989258,43.345001220703125,43.345001220703125,32842
2023-10-04 13:17:00-04:00,43.349998474121094,43.349998474121094,43.290000915527344,43.29499816894531,43.29499816894531,61848
2023-10-04 13:18:00-04:00,43.290000915527344,43.34000015258789,43.279998779296875,43.334999084472656,43.334999084472656,71494
2023-10-04 13:19:00-04:00,43.334999084472656,43.334999084472656,43.2599983215332,43.27000045776367,43.27000045776367,84836
2023-10-04 13:20:00-04:00,43.26499938964844,43.314998626708984,43.26409912109375,43.29499816894531,43.29499816894531,35718
2023-10-04 13:21:00-04:00,43.29499816894531,43.310001373291016,43.275001525878906,43.29499816894531,43.29499816894531,21706
2023-10-04 13:22:00-04:00,43.29499816894531,43.2952995300293,43.21500015258789,43.21500015258789,43.21500015258789,38118
2023-10-04 13:23:00-04:00,43.21500015258789,43.23500061035156,43.16999816894531,43.18050003051758,43.18050003051758,34577
2023-10-04 13:24:00-04:00,43.18000030517578,43.20100021362305,43.17499923706055,43.185298919677734,43.185298919677734,34474
2023-10-04 13:25:00-04:00,43.18989944458008,43.220001220703125,43.17499923706055,43.189998626708984,43.189998626708984,52463
2023-10-04 13:26:00-04:00,43.189998626708984,43.20000076293945,43.130001068115234,43.13999938964844,43.13999938964844,33812
2023-10-04 13:27:00-04:00,43.13990020751953,43.150001525878906,43.11000061035156,43.14500045776367,43.14500045776367,70217
2023-10-04 13:28:00-04:00,43.154998779296875,43.185001373291016,43.125,43.125,43.125,43152
2023-10-04 13:29:00-04:00,43.12030029296875,43.130001068115234,43.099998474121094,43.126800537109375,43.126800537109375,54903
2023-10-04 13:30:00-04:00,43.119998931884766,43.13999938964844,43.09000015258789,43.13399887084961,43.13399887084961,24766
2023-10-04 13:31:00-04:00,43.1349983215332,43.150001525878906,43.08000183105469,43.084999084472656,43.084999084472656,98920
2023-10-04 13:32:00-04:00,43.08530044555664,43.11000061035156,43.073001861572266,43.07500076293945,43.07500076293945,94449
2023-10-04 13:33:00-04:00,43.07749938964844,43.13669967651367,43.060001373291016,43.119998931884766,43.119998931884766,92593
2023-10-04 13:34:00-04:00,43.130001068115234,43.130001068115234,43.095001220703125,43.119998931884766,43.119998931884766,98478
2023-10-04 13:35:00-04:00,43.119998931884766,43.150001525878906,43.095001220703125,43.11000061035156,43.11000061035156,50927
2023-10-04 13:36:00-04:00,43.11000061035156,43.13999938964844,43.095001220703125,43.095001220703125,43.095001220703125,82457
2023-10-04 13:37:00-04:00,43.095001220703125,43.10499954223633,43.05500030517578,43.05500030517578,43.05500030517578,41636
2023-10-04 13:38:00-04:00,43.05500030517578,43.06990051269531,42.970001220703125,42.98500061035156,42.98500061035156,81551
2023-10-04 13:39:00-04:00,42.970001220703125,43.005001068115234,42.95500183105469,43.0,43.0,53624
2023-10-04 13:40:00-04:00,43.007999420166016,43.0099983215332,42.939998626708984,42.959999084472656,42.959999084472656,38841
2023-10-04 13:41:00-04:00,42.95500183105469,42.994998931884766,42.95000076293945,42.95500183105469,42.95500183105469,20710
2023-10-04 13:42:00-04:00,42.95000076293945,42.96009826660156,42.93009948730469,42.935001373291016,42.935001373291016,27354
2023-10-04 13:43:00-04:00,42.935001373291016,42.970001220703125,42.90999984741211,42.970001220703125,42.970001220703125,23887
2023-10-04 13:44:00-04:00,42.96500015258789,43.029998779296875,42.96500015258789,43.029998779296875,43.029998779296875,38015
2023-10-04 13:45:00-04:00,43.040000915527344,43.060001373291016,43.0099983215332,43.0099983215332,43.0099983215332,22475
2023-10-04 13:46:00-04:00,43.0099983215332,43.04499816894531,42.994998931884766,43.040000915527344,43.040000915527344,10932
2023-10-04 13:47:00-04:00,43.040000915527344,43.04999923706055,43.0099983215332,43.0099983215332,43.0099983215332,34827
2023-10-04 13:48:00-04:00,43.01499938964844,43.02000045776367,43.0099983215332,43.0099983215332,43.0099983215332,21767
2023-10-04 13:49:00-04:00,43.0099983215332,43.02000045776367,42.9900016784668,42.994998931884766,42.994998931884766,66184
2023-10-04 13:50:00-04:00,42.9900016784668,42.9900016784668,42.939998626708984,42.959999084472656,42.959999084472656,36624
2023-10-04 13:51:00-04:00,42.95500183105469,42.9900016784668,42.95000076293945,42.96500015258789,42.96500015258789,34138
2023-10-04 13:52:00-04:00,42.959999084472656,42.96500015258789,42.935001373291016,42.939998626708984,42.939998626708984,47986
2023-10-04 13:53:00-04:00,42.939998626708984,42.970001220703125,42.93000030517578,42.95000076293945,42.95000076293945,15889
2023-10-04 13:54:00-04:00,42.949100494384766,42.959999084472656,42.939998626708984,42.95000076293945,42.95000076293945,15634
2023-10-04 13:55:00-04:00,42.95000076293945,42.95500183105469,42.935001373291016,42.93600082397461,42.93600082397461,20121
2023-10-04 13:56:00-04:00,42.935001373291016,42.959999084472656,42.935001373291016,42.939998626708984,42.939998626708984,14604
2023-10-04 13:57:00-04:00,42.939998626708984,42.95000076293945,42.90999984741211,42.92499923706055,42.92499923706055,21161
2023-10-04 13:58:00-04:00,42.93000030517578,42.94499969482422,42.915000915527344,42.919898986816406,42.919898986816406,26571
2023-10-04 13:59:00-04:00,42.90999984741211,42.90999984741211,42.880001068115234,42.88999938964844,42.88999938964844,22807
2023-10-04 14:00:00-04:00,42.88999938964844,42.90999984741211,42.880001068115234,42.900001525878906,42.900001525878906,73481
2023-10-04 14:01:00-04:00,42.89500045776367,42.900001525878906,42.84000015258789,42.86000061035156,42.86000061035156,32897
2023-10-04 14:02:00-04:00,42.86000061035156,42.8650016784668,42.814998626708984,42.82500076293945,42.82500076293945,27314
2023-10-04 14:03:00-04:00,42.83000183105469,42.86000061035156,42.81999969482422,42.81999969482422,42.81999969482422,25129
2023-10-04 14:04:00-04:00,42.82749938964844,42.87990188598633,42.81999969482422,42.8650016784668,42.8650016784668,63265
2023-10-04 14:05:00-04:00,42.86009979248047,42.880001068115234,42.834999084472656,42.84120178222656,42.84120178222656,45030
2023-10-04 14:06:00-04:00,42.84000015258789,42.86000061035156,42.84000015258789,42.85499954223633,42.85499954223633,16665
2023-10-04 14:07:00-04:00,42.849998474121094,42.919898986816406,42.849998474121094,42.919898986816406,42.919898986816406,26479
2023-10-04 14:08:00-04:00,42.91999816894531,42.93000030517578,42.89500045776367,42.93000030517578,42.93000030517578,16197
2023-10-04 14:09:00-04:00,42.929901123046875,42.93000030517578,42.90999984741211,42.90999984741211,42.90999984741211,18301
2023-10-04 14:10:00-04:00,42.93000030517578,42.95000076293945,42.92499923706055,42.93009948730469,42.93009948730469,15799
2023-10-04 14:11:00-04:00,42.9379997253418,42.970001220703125,42.93000030517578,42.96500015258789,42.96500015258789,22176
2023-10-04 14:12:00-04:00,42.96500015258789,43.025001525878906,42.96500015258789,43.0099983215332,43.0099983215332,63040
2023-10-04 14:13:00-04:00,43.0099983215332,43.03499984741211,43.005001068115234,43.01499938964844,43.01499938964844,20829
2023-10-04 14:14:00-04:00,43.01499938964844,43.06999969482422,43.01499938964844,43.04499816894531,43.04499816894531,67355
2023-10-04 14:15:00-04:00,43.04999923706055,43.095001220703125,43.04999923706055,43.07500076293945,43.07500076293945,51433
2023-10-04 14:16:00-04:00,43.07500076293945,43.084999084472656,43.04999923706055,43.07500076293945,43.07500076293945,42324
2023-10-04 14:17:00-04:00,43.07500076293945,43.099998474121094,43.04499816894531,43.04499816894531,43.04499816894531,70212
2023-10-04 14:18:00-04:00,43.04499816894531,43.04899978637695,43.029998779296875,43.040000915527344,43.040000915527344,42262
2023-10-04 14:19:00-04:00,43.029998779296875,43.099998474121094,43.025001525878906,43.08000183105469,43.08000183105469,108447
2023-10-04 14:20:00-04:00,43.084999084472656,43.09000015258789,43.02000045776367,43.029998779296875,43.029998779296875,67151
2023-10-04 14:21:00-04:00,43.03099822998047,43.060001373291016,43.02000045776367,43.04499816894531,43.04499816894531,113410
2023-10-04 14:22:00-04:00,43.03499984741211,43.040000915527344,43.00019836425781,43.0099983215332,43.0099983215332,18438
2023-10-04 14:23:00-04:00,43.02000045776367,43.029998779296875,42.95500183105469,42.960601806640625,42.960601806640625,22131
2023-10-04 14:24:00-04:00,42.959999084472656,42.959999084472656,42.834999084472656,42.86000061035156,42.86000061035156,33352
2023-10-04 14:25:00-04:00,42.85499954223633,42.959999084472656,42.849998474121094,42.93000030517578,42.93000030517578,22324
2023-10-04 14:26:00-04:00,42.935001373291016,42.970001220703125,42.935001373291016,42.970001220703125,42.970001220703125,23450
2023-10-04 14:27:00-04:00,42.96839904785156,42.970001220703125,42.93000030517578,42.95000076293945,42.95000076293945,18248
2023-10-04 14:28:00-04:00,42.95000076293945,42.959999084472656,42.92499923706055,42.94499969482422,42.94499969482422,17018
2023-10-04 14:29:00-04:00,42.94499969482422,42.96500015258789,42.93000030517578,42.959999084472656,42.959999084472656,8974
2023-10-04 14:30:00-04:00,42.96009826660156,43.0,42.95500183105469,42.9900016784668,42.9900016784668,19445
2023-10-04 14:31:00-04:00,43.0,43.0099983215332,42.97999954223633,42.9900016784668,42.9900016784668,15501
2023-10-04 14:32:00-04:00,42.97999954223633,42.9900016784668,42.959999084472656,42.970001220703125,42.970001220703125,18815
2023-10-04 14:33:00-04:00,42.959999084472656,42.9900016784668,42.94499969482422,42.970001220703125,42.970001220703125,12397
2023-10-04 14:34:00-04:00,42.970001220703125,43.01499938964844,42.95500183105469,42.999900817871094,42.999900817871094,38103
2023-10-04 14:35:00-04:00,43.000999450683594,43.01300048828125,42.96500015258789,42.97999954223633,42.97999954223633,33564
2023-10-04 14:36:00-04:00,42.974998474121094,42.98500061035156,42.970001220703125,42.97999954223633,42.97999954223633,17508
2023-10-04 14:37:00-04:00,42.97999954223633,43.005001068115234,42.974998474121094,42.99150085449219,42.99150085449219,23793
2023-10-04 14:38:00-04:00,42.9900016784668,43.0099983215332,42.97999954223633,42.97999954223633,42.97999954223633,41264
2023-10-04 14:39:00-04:00,42.9900016784668,43.0099983215332,42.98500061035156,42.9900016784668,42.9900016784668,15398
2023-10-04 14:40:00-04:00,42.9900016784668,43.0099983215332,42.97999954223633,43.005001068115234,43.005001068115234,16564
2023-10-04 14:41:00-04:00,43.0,43.0099983215332,42.9900016784668,43.0099983215332,43.0099983215332,14477
2023-10-04 14:42:00-04:00,43.005001068115234,43.025001525878906,42.994998931884766,42.994998931884766,42.994998931884766,26285
2023-10-04 14:43:00-04:00,42.99959945678711,43.01499938964844,42.974998474121094,42.9900016784668,42.9900016784668,39648
2023-10-04 14:44:00-04:00,42.9900016784668,43.029998779296875,42.98500061035156,43.0,43.0,33218
2023-10-04 14:45:00-04:00,43.00579833984375,43.04710006713867,42.994998931884766,43.025001525878906,43.025001525878906,71785
2023-10-04 14:46:00-04:00,43.029998779296875,43.15999984741211,43.0099983215332,43.119998931884766,43.119998931884766,115123
2023-10-04 14:47:00-04:00,43.119998931884766,43.15999984741211,43.119998931884766,43.154998779296875,43.154998779296875,13179
2023-10-04 14:48:00-04:00,43.154998779296875,43.18000030517578,43.13999938964844,43.154998779296875,43.154998779296875,22528
2023-10-04 14:49:00-04:00,43.15999984741211,43.185001373291016,43.150001525878906,43.16999816894531,43.16999816894531,27809
2023-10-04 14:50:00-04:00,43.165000915527344,43.16999816894531,43.13999938964844,43.144798278808594,43.144798278808594,44913
2023-10-04 14:51:00-04:00,43.13999938964844,43.13999938964844,43.08000183105469,43.099998474121094,43.099998474121094,27148
2023-10-04 14:52:00-04:00,43.09000015258789,43.095001220703125,43.060001373291016,43.089900970458984,43.089900970458984,21370
2023-10-04 14:53:00-04:00,43.06999969482422,43.09000015258789,43.05500030517578,43.05500030517578,43.05500030517578,7732
2023-10-04 14:54:00-04:00,43.04999923706055,43.084999084472656,43.034400939941406,43.079200744628906,43.079200744628906,29390
2023-10-04 14:55:00-04:00,43.08089828491211,43.11000061035156,43.08000183105469,43.08000183105469,43.08000183105469,15084
2023-10-04 14:56:00-04:00,43.08720016479492,43.11000061035156,43.06999969482422,43.095001220703125,43.095001220703125,23937
2023-10-04 14:57:00-04:00,43.0984992980957,43.10499954223633,43.08430099487305,43.10319900512695,43.10319900512695,36659
2023-10-04 14:58:00-04:00,43.095001220703125,43.099998474121094,43.084999084472656,43.095001220703125,43.095001220703125,21396
2023-10-04 14:59:00-04:00,43.099998474121094,43.13999938964844,43.09880065917969,43.115501403808594,43.115501403808594,26382
2023-10-04 15:00:00-04:00,43.1150016784668,43.17919921875,43.11000061035156,43.17499923706055,43.17499923706055,52788
2023-10-04 15:01:00-04:00,43.18000030517578,43.25,43.17499923706055,43.21369934082031,43.21369934082031,45667
2023-10-04 15:02:00-04:00,43.220001220703125,43.220001220703125,43.14500045776367,43.150001525878906,43.150001525878906,20067
2023-10-04 15:03:00-04:00,43.14500045776367,43.150001525878906,43.11000061035156,43.119998931884766,43.119998931884766,47340
2023-10-04 15:04:00-04:00,43.125,43.12699890136719,43.08000183105469,43.095001220703125,43.095001220703125,41451
2023-10-04 15:05:00-04:00,43.095001220703125,43.1150016784668,43.064998626708984,43.064998626708984,43.064998626708984,22040
2023-10-04 15:06:00-04:00,43.064998626708984,43.099998474121094,43.064998626708984,43.095001220703125,43.095001220703125,10419
2023-10-04 15:07:00-04:00,43.09000015258789,43.130001068115234,43.084999084472656,43.125,43.125,15163
2023-10-04 15:08:00-04:00,43.119998931884766,43.154998779296875,43.095001220703125,43.154998779296875,43.154998779296875,15453
2023-10-04 15:09:00-04:00,43.154998779296875,43.154998779296875,43.13010025024414,43.14500045776367,43.14500045776367,14561
2023-10-04 15:10:00-04:00,43.13999938964844,43.18000030517578,43.130001068115234,43.18000030517578,43.18000030517578,24703
2023-10-04 15:11:00-04:00,43.18000030517578,43.22999954223633,43.18000030517578,43.209999084472656,43.209999084472656,22600
2023-10-04 15:12:00-04:00,43.20500183105469,43.220001220703125,43.170101165771484,43.17499923706055,43.17499923706055,19785
2023-10-04 15:13:00-04:00,43.16999816894531,43.189998626708984,43.154998779296875,43.18009948730469,43.18009948730469,17833
2023-10-04 15:14:00-04:00,43.17100143432617,43.18000030517578,43.13999938964844,43.14500045776367,43.14500045776367,20706
2023-10-04 15:15:00-04:00,43.150001525878906,43.165000915527344,43.1349983215332,43.165000915527344,43.165000915527344,13881
2023-10-04 15:16:00-04:00,43.165000915527344,43.17499923706055,43.150001525878906,43.15999984741211,43.15999984741211,16952
2023-10-04 15:17:00-04:00,43.150001525878906,43.19049835205078,43.1349983215332,43.189998626708984,43.189998626708984,29865
2023-10-04 15:18:00-04:00,43.189998626708984,43.21500015258789,43.165000915527344,43.16999816894531,43.16999816894531,22913
2023-10-04 15:19:00-04:00,43.165000915527344,43.18000030517578,43.15169906616211,43.18000030517578,43.18000030517578,22681
2023-10-04 15:20:00-04:00,43.18000030517578,43.19499969482422,43.16120147705078,43.17100143432617,43.17100143432617,24020
2023-10-04 15:21:00-04:00,43.18000030517578,43.209999084472656,43.16279983520508,43.16279983520508,43.16279983520508,20338
2023-10-04 15:22:00-04:00,43.165000915527344,43.17940139770508,43.150001525878906,43.17499923706055,43.17499923706055,16001
2023-10-04 15:23:00-04:00,43.17259979248047,43.18000030517578,43.13999938964844,43.150001525878906,43.150001525878906,18192
2023-10-04 15:24:00-04:00,43.154998779296875,43.19499969482422,43.15010070800781,43.185001373291016,43.185001373291016,22510
2023-10-04 15:25:00-04:00,43.189998626708984,43.20000076293945,43.17499923706055,43.20000076293945,43.20000076293945,23011
2023-10-04 15:26:00-04:00,43.20500183105469,43.209999084472656,43.189998626708984,43.20119857788086,43.20119857788086,16305
2023-10-04 15:27:00-04:00,43.20500183105469,43.209999084472656,43.18000030517578,43.189998626708984,43.189998626708984,19204
2023-10-04 15:28:00-04:00,43.189998626708984,43.209999084472656,43.17499923706055,43.185001373291016,43.185001373291016,28329
2023-10-04 15:29:00-04:00,43.18000030517578,43.19499969482422,43.15999984741211,43.18000030517578,43.18000030517578,18842
2023-10-04 15:30:00-04:00,43.189998626708984,43.21500015258789,43.189998626708984,43.20589828491211,43.20589828491211,34006
2023-10-04 15:31:00-04:00,43.20000076293945,43.20500183105469,43.15999984741211,43.16999816894531,43.16999816894531,18698
2023-10-04 15:32:00-04:00,43.17499923706055,43.2599983215332,43.17499923706055,43.25870132446289,43.25870132446289,34466
2023-10-04 15:33:00-04:00,43.2599983215332,43.269901275634766,43.220001220703125,43.22999954223633,43.22999954223633,31171
2023-10-04 15:34:00-04:00,43.22999954223633,43.27000045776367,43.212501525878906,43.26499938964844,43.26499938964844,32212
2023-10-04 15:35:00-04:00,43.27000045776367,43.279998779296875,43.2599983215332,43.279998779296875,43.279998779296875,38374
2023-10-04 15:36:00-04:00,43.275001525878906,43.310001373291016,43.275001525878906,43.30500030517578,43.30500030517578,27649
2023-10-04 15:37:00-04:00,43.310001373291016,43.34000015258789,43.310001373291016,43.33000183105469,43.33000183105469,30951
2023-10-04 15:38:00-04:00,43.32529830932617,43.345001220703125,43.310001373291016,43.334999084472656,43.334999084472656,18885
2023-10-04 15:39:00-04:00,43.34000015258789,43.34989929199219,43.31999969482422,43.33000183105469,43.33000183105469,23171
2023-10-04 15:40:00-04:00,43.33000183105469,43.35430145263672,43.33000183105469,43.349998474121094,43.349998474121094,17809
2023-10-04 15:41:00-04:00,43.342098236083984,43.349998474121094,43.29499816894531,43.314998626708984,43.314998626708984,66592
2023-10-04 15:42:00-04:00,43.314998626708984,43.32500076293945,43.29499816894531,43.31999969482422,43.31999969482422,55690
2023-10-04 15:43:00-04:00,43.31999969482422,43.34989929199219,43.314998626708984,43.345001220703125,43.345001220703125,23351
2023-10-04 15:44:00-04:00,43.34109878540039,43.349998474121094,43.31999969482422,43.32500076293945,43.32500076293945,34135
2023-10-04 15:45:00-04:00,43.31999969482422,43.32500076293945,43.290000915527344,43.32500076293945,43.32500076293945,38300
2023-10-04 15:46:00-04:00,43.31999969482422,43.3390007019043,43.30500030517578,43.31999969482422,43.31999969482422,65239
2023-10-04 15:47:00-04:00,43.310001373291016,43.334999084472656,43.30500030517578,43.33000183105469,43.33000183105469,28297
2023-10-04 15:48:00-04:00,43.31999969482422,43.349998474121094,43.310001373291016,43.349998474121094,43.349998474121094,46878
2023-10-04 15:49:00-04:00,43.345001220703125,43.35499954223633,43.31999969482422,43.31999969482422,43.31999969482422,59823
2023-10-04 15:50:00-04:00,43.33000183105469,43.349998474121094,43.255001068115234,43.349998474121094,43.349998474121094,136821
2023-10-04 15:51:00-04:00,43.349998474121094,43.415000915527344,43.345001220703125,43.415000915527344,43.415000915527344,115676
2023-10-04 15:52:00-04:00,43.40999984741211,43.40999984741211,43.36000061035156,43.380001068115234,43.380001068115234,102403
2023-10-04 15:53:00-04:00,43.38840103149414,43.38999938964844,43.369998931884766,43.38999938964844,43.38999938964844,68449
2023-10-04 15:54:00-04:00,43.39500045776367,43.439998626708984,43.39500045776367,43.42499923706055,43.42499923706055,78118
2023-10-04 15:55:00-04:00,43.41999816894531,43.439998626708984,43.400001525878906,43.439998626708984,43.439998626708984,77270
2023-10-04 15:56:00-04:00,43.439998626708984,43.439998626708984,43.40999984741211,43.415000915527344,43.415000915527344,95584
2023-10-04 15:57:00-04:00,43.41999816894531,43.41999816894531,43.380001068115234,43.41999816894531,43.41999816894531,140032
2023-10-04 15:58:00-04:00,43.415000915527344,43.439998626708984,43.38999938964844,43.435001373291016,43.435001373291016,159885
2023-10-04 15:59:00-04:00,43.43000030517578,43.439998626708984,43.34000015258789,43.34000015258789,43.34000015258789,274916
