Date,Open,High,Low,Close,Adj Close,Volume
2023-12-11 09:30:00-05:00,94.04000091552734,94.36000061035156,94.04000091552734,94.05000305175781,94.05000305175781,38040
2023-12-11 09:31:00-05:00,94.05000305175781,94.0999984741211,94.02999877929688,94.0999984741211,94.0999984741211,3750
2023-12-11 09:32:00-05:00,94.11000061035156,94.16000366210938,94.06999969482422,94.08499908447266,94.08499908447266,4849
2023-12-11 09:33:00-05:00,94.05999755859375,94.08999633789062,93.81999969482422,93.81999969482422,93.81999969482422,13946
2023-12-11 09:34:00-05:00,93.87000274658203,93.87999725341797,93.80000305175781,93.81400299072266,93.81400299072266,6611
2023-12-11 09:35:00-05:00,93.8499984741211,94.04000091552734,93.83499908447266,94.04000091552734,94.04000091552734,6961
2023-12-11 09:36:00-05:00,94.08999633789062,94.11499786376953,94.06749725341797,94.08000183105469,94.08000183105469,4061
2023-12-11 09:37:00-05:00,94.0999984741211,94.0999984741211,93.97000122070312,93.97000122070312,93.97000122070312,5497
2023-12-11 09:38:00-05:00,93.94499969482422,93.95999908447266,93.81999969482422,93.86000061035156,93.86000061035156,7790
2023-12-11 09:39:00-05:00,93.88999938964844,93.94999694824219,93.87999725341797,93.87999725341797,93.87999725341797,2883
2023-12-11 09:40:00-05:00,93.9000015258789,93.9800033569336,93.86000061035156,93.9800033569336,93.9800033569336,6886
2023-12-11 09:41:00-05:00,93.94999694824219,93.97000122070312,93.79000091552734,93.79000091552734,93.79000091552734,23300
2023-12-11 09:42:00-05:00,93.79000091552734,93.86250305175781,93.77999877929688,93.8499984741211,93.8499984741211,29064
2023-12-11 09:43:00-05:00,93.83999633789062,93.88999938964844,93.79000091552734,93.80999755859375,93.80999755859375,21396
2023-12-11 09:44:00-05:00,93.81500244140625,93.88999938964844,93.81500244140625,93.8499984741211,93.8499984741211,6639
2023-12-11 09:45:00-05:00,93.8499984741211,93.8499984741211,93.70999908447266,93.7699966430664,93.7699966430664,12117
2023-12-11 09:46:00-05:00,93.75,93.76000213623047,93.63999938964844,93.65499877929688,93.65499877929688,6124
2023-12-11 09:47:00-05:00,93.66000366210938,93.66000366210938,93.5999984741211,93.63999938964844,93.63999938964844,8988
2023-12-11 09:48:00-05:00,93.63999938964844,93.68000030517578,93.58999633789062,93.66999816894531,93.66999816894531,4668
2023-12-11 09:49:00-05:00,93.66999816894531,93.77249908447266,93.66999816894531,93.7699966430664,93.7699966430664,7368
2023-12-11 09:50:00-05:00,93.77999877929688,93.83000183105469,93.77999877929688,93.81500244140625,93.81500244140625,5820
2023-12-11 09:51:00-05:00,93.81999969482422,93.86000061035156,93.80000305175781,93.8499984741211,93.8499984741211,11247
2023-12-11 09:52:00-05:00,93.86000061035156,93.88999938964844,93.83999633789062,93.8499984741211,93.8499984741211,5677
2023-12-11 09:53:00-05:00,93.87000274658203,93.88500213623047,93.81500244140625,93.81999969482422,93.81999969482422,8010
2023-12-11 09:54:00-05:00,93.80999755859375,93.80999755859375,93.74500274658203,93.7699966430664,93.7699966430664,7130
2023-12-11 09:55:00-05:00,93.79640197753906,93.79640197753906,93.69000244140625,93.7750015258789,93.7750015258789,12769
2023-12-11 09:56:00-05:00,93.80000305175781,93.8499984741211,93.80000305175781,93.83000183105469,93.83000183105469,4262
2023-12-11 09:57:00-05:00,93.83000183105469,93.83000183105469,93.7699966430664,93.78500366210938,93.78500366210938,2990
2023-12-11 09:58:00-05:00,93.78500366210938,93.83499908447266,93.78500366210938,93.80000305175781,93.80000305175781,4159
2023-12-11 09:59:00-05:00,93.81500244140625,93.82499694824219,93.78500366210938,93.78500366210938,93.78500366210938,4090
2023-12-11 10:00:00-05:00,93.77999877929688,93.90499877929688,93.77749633789062,93.85590362548828,93.85590362548828,19611
2023-12-11 10:01:00-05:00,93.86499786376953,93.94499969482422,93.8499984741211,93.91999816894531,93.91999816894531,2286
2023-12-11 10:02:00-05:00,93.9000015258789,93.94000244140625,93.88999938964844,93.94000244140625,93.94000244140625,7801
2023-12-11 10:03:00-05:00,93.94000244140625,93.95999908447266,93.92680358886719,93.95999908447266,93.95999908447266,2662
2023-12-11 10:04:00-05:00,93.94000244140625,93.94000244140625,93.8499984741211,93.86000061035156,93.86000061035156,3074
2023-12-11 10:05:00-05:00,93.86000061035156,93.87999725341797,93.86000061035156,93.87000274658203,93.87000274658203,4283
2023-12-11 10:06:00-05:00,93.86000061035156,93.87999725341797,93.82250213623047,93.86000061035156,93.86000061035156,6676
2023-12-11 10:07:00-05:00,93.87999725341797,93.97000122070312,93.87000274658203,93.97000122070312,93.97000122070312,5001
2023-12-11 10:08:00-05:00,93.94999694824219,94.01000213623047,93.94000244140625,93.98999786376953,93.98999786376953,5354
2023-12-11 10:09:00-05:00,94.00650024414062,94.0199966430664,93.98999786376953,94.0199966430664,94.0199966430664,4013
2023-12-11 10:10:00-05:00,94.0199966430664,94.08000183105469,94.01080322265625,94.08000183105469,94.08000183105469,18680
2023-12-11 10:11:00-05:00,94.08000183105469,94.08999633789062,94.05000305175781,94.06999969482422,94.06999969482422,7855
2023-12-11 10:12:00-05:00,94.06999969482422,94.11000061035156,94.06999969482422,94.1050033569336,94.1050033569336,15523
2023-12-11 10:13:00-05:00,94.1050033569336,94.1500015258789,94.06999969482422,94.06999969482422,94.06999969482422,4038
2023-12-11 10:14:00-05:00,94.06999969482422,94.08999633789062,94.06999969482422,94.08999633789062,94.08999633789062,1468
2023-12-11 10:15:00-05:00,94.11000061035156,94.18000030517578,94.11000061035156,94.16999816894531,94.16999816894531,7858
2023-12-11 10:16:00-05:00,94.16500091552734,94.18499755859375,94.11000061035156,94.16000366210938,94.16000366210938,7373
2023-12-11 10:17:00-05:00,94.13079833984375,94.17500305175781,94.0999984741211,94.17500305175781,94.17500305175781,17472
2023-12-11 10:18:00-05:00,94.16999816894531,94.21499633789062,94.16000366210938,94.20999908447266,94.20999908447266,16059
2023-12-11 10:19:00-05:00,94.22000122070312,94.24500274658203,94.19999694824219,94.23999786376953,94.23999786376953,8252
2023-12-11 10:20:00-05:00,94.25,94.30000305175781,94.25,94.30000305175781,94.30000305175781,8520
2023-12-11 10:21:00-05:00,94.29499816894531,94.31500244140625,94.27999877929688,94.31500244140625,94.31500244140625,8470
2023-12-11 10:22:00-05:00,94.31500244140625,94.33999633789062,94.30000305175781,94.33999633789062,94.33999633789062,10719
2023-12-11 10:23:00-05:00,94.33999633789062,94.36499786376953,94.33000183105469,94.36499786376953,94.36499786376953,6620
2023-12-11 10:24:00-05:00,94.36000061035156,94.4000015258789,94.3499984741211,94.3949966430664,94.3949966430664,5994
2023-12-11 10:25:00-05:00,94.3949966430664,94.3949966430664,94.2925033569336,94.30999755859375,94.30999755859375,10028
2023-12-11 10:26:00-05:00,94.33000183105469,94.41999816894531,94.30999755859375,94.41000366210938,94.41000366210938,5707
2023-12-11 10:27:00-05:00,94.41000366210938,94.47000122070312,94.4000015258789,94.47000122070312,94.47000122070312,17668
2023-12-11 10:28:00-05:00,94.4800033569336,94.5250015258789,94.46240234375,94.51000213623047,94.51000213623047,6872
2023-12-11 10:29:00-05:00,94.51499938964844,94.54000091552734,94.48999786376953,94.54000091552734,94.54000091552734,16000
2023-12-11 10:30:00-05:00,94.52999877929688,94.61000061035156,94.52999877929688,94.56999969482422,94.56999969482422,21395
2023-12-11 10:31:00-05:00,94.55999755859375,94.6050033569336,94.55999755859375,94.58999633789062,94.58999633789062,6754
2023-12-11 10:32:00-05:00,94.58499908447266,94.58499908447266,94.52999877929688,94.55000305175781,94.55000305175781,11965
2023-12-11 10:33:00-05:00,94.55000305175781,94.56999969482422,94.52999877929688,94.54000091552734,94.54000091552734,22987
2023-12-11 10:34:00-05:00,94.54000091552734,94.54499816894531,94.41999816894531,94.41999816894531,94.41999816894531,12146
2023-12-11 10:35:00-05:00,94.43000030517578,94.43000030517578,94.37999725341797,94.38500213623047,94.38500213623047,9961
2023-12-11 10:36:00-05:00,94.38999938964844,94.4000015258789,94.31999969482422,94.31999969482422,94.31999969482422,10785
2023-12-11 10:37:00-05:00,94.31999969482422,94.36000061035156,94.31999969482422,94.33000183105469,94.33000183105469,9320
2023-12-11 10:38:00-05:00,94.33499908447266,94.41999816894531,94.30999755859375,94.41999816894531,94.41999816894531,14684
2023-12-11 10:39:00-05:00,94.41500091552734,94.45500183105469,94.41500091552734,94.45500183105469,94.45500183105469,4516
2023-12-11 10:40:00-05:00,94.45999908447266,94.5199966430664,94.45500183105469,94.5199966430664,94.5199966430664,14327
2023-12-11 10:41:00-05:00,94.5199966430664,94.58000183105469,94.51499938964844,94.58000183105469,94.58000183105469,4709
2023-12-11 10:42:00-05:00,94.58999633789062,94.618896484375,94.58000183105469,94.61000061035156,94.61000061035156,9445
2023-12-11 10:43:00-05:00,94.61000061035156,94.62000274658203,94.59750366210938,94.5999984741211,94.5999984741211,6636
2023-12-11 10:44:00-05:00,94.59190368652344,94.5999984741211,94.55999755859375,94.57499694824219,94.57499694824219,12003
2023-12-11 10:45:00-05:00,94.57499694824219,94.58499908447266,94.5,94.51000213623047,94.51000213623047,15983
2023-12-11 10:46:00-05:00,94.5199966430664,94.5999984741211,94.5199966430664,94.58999633789062,94.58999633789062,7578
2023-12-11 10:47:00-05:00,94.5999984741211,94.66000366210938,94.58999633789062,94.6500015258789,94.6500015258789,8599
2023-12-11 10:48:00-05:00,94.66999816894531,94.72000122070312,94.66999816894531,94.70999908447266,94.70999908447266,10494
2023-12-11 10:49:00-05:00,94.70999908447266,94.76000213623047,94.70999908447266,94.76000213623047,94.76000213623047,10899
2023-12-11 10:50:00-05:00,94.75499725341797,94.76000213623047,94.70999908447266,94.72000122070312,94.72000122070312,14826
2023-12-11 10:51:00-05:00,94.7300033569336,94.74500274658203,94.7300033569336,94.73999786376953,94.73999786376953,5860
2023-12-11 10:52:00-05:00,94.73999786376953,94.73999786376953,94.72000122070312,94.7300033569336,94.7300033569336,5194
2023-12-11 10:53:00-05:00,94.72000122070312,94.7249984741211,94.70500183105469,94.70999908447266,94.70999908447266,3629
2023-12-11 10:55:00-05:00,94.68000030517578,94.73500061035156,94.66999816894531,94.67500305175781,94.67500305175781,24407
2023-12-11 10:56:00-05:00,94.66999816894531,94.70500183105469,94.66000366210938,94.66000366210938,94.66000366210938,8507
2023-12-11 10:57:00-05:00,94.6500015258789,94.75,94.63999938964844,94.75,94.75,5453
2023-12-11 10:58:00-05:00,94.73999786376953,94.76000213623047,94.7300033569336,94.76000213623047,94.76000213623047,5482
2023-12-11 10:59:00-05:00,94.75,94.7699966430664,94.72019958496094,94.73999786376953,94.73999786376953,17489
2023-12-11 11:00:00-05:00,94.7300033569336,94.7300033569336,94.70999908447266,94.72000122070312,94.72000122070312,6723
2023-12-11 11:01:00-05:00,94.71499633789062,94.7699966430664,94.71499633789062,94.7300033569336,94.7300033569336,10095
2023-12-11 11:02:00-05:00,94.72000122070312,94.7300033569336,94.70999908447266,94.71499633789062,94.71499633789062,5852
2023-12-11 11:03:00-05:00,94.72000122070312,94.75,94.71499633789062,94.72000122070312,94.72000122070312,7639
2023-12-11 11:04:00-05:00,94.71009826660156,94.76000213623047,94.71009826660156,94.75499725341797,94.75499725341797,2583
2023-12-11 11:05:00-05:00,94.75,94.79000091552734,94.7300033569336,94.76010131835938,94.76010131835938,13233
2023-12-11 11:06:00-05:00,94.76499938964844,94.80000305175781,94.76499938964844,94.80000305175781,94.80000305175781,5915
2023-12-11 11:07:00-05:00,94.80999755859375,94.81999969482422,94.80999755859375,94.80999755859375,94.80999755859375,5864
2023-12-11 11:08:00-05:00,94.875,94.9000015258789,94.87000274658203,94.9000015258789,94.9000015258789,19926
2023-12-11 11:09:00-05:00,94.91000366210938,94.93000030517578,94.88999938964844,94.91000366210938,94.91000366210938,9159
2023-12-11 11:10:00-05:00,94.91500091552734,94.93000030517578,94.875,94.87999725341797,94.87999725341797,11169
2023-12-11 11:11:00-05:00,94.87000274658203,94.87999725341797,94.84500122070312,94.84500122070312,94.84500122070312,7449
2023-12-11 11:12:00-05:00,94.8499984741211,94.875,94.8499984741211,94.86499786376953,94.86499786376953,6459
2023-12-11 11:13:00-05:00,94.87000274658203,94.90499877929688,94.87000274658203,94.9000015258789,94.9000015258789,6783
2023-12-11 11:14:00-05:00,94.90879821777344,94.90879821777344,94.87999725341797,94.87999725341797,94.87999725341797,6395
2023-12-11 11:15:00-05:00,94.87999725341797,94.8949966430664,94.83000183105469,94.83999633789062,94.83999633789062,6750
2023-12-11 11:16:00-05:00,94.83999633789062,94.86000061035156,94.83000183105469,94.83000183105469,94.83000183105469,4945
2023-12-11 11:17:00-05:00,94.83999633789062,94.91999816894531,94.83999633789062,94.91999816894531,94.91999816894531,10476
2023-12-11 11:18:00-05:00,94.91999816894531,94.98999786376953,94.91999816894531,94.98999786376953,94.98999786376953,8528
2023-12-11 11:19:00-05:00,94.98500061035156,95.0250015258789,94.9800033569336,95.01000213623047,95.01000213623047,33320
2023-12-11 11:20:00-05:00,95.0199966430664,95.0199966430664,94.9000015258789,94.9000015258789,94.9000015258789,11585
2023-12-11 11:21:00-05:00,94.88999938964844,94.91999816894531,94.87000274658203,94.91000366210938,94.91000366210938,5145
2023-12-11 11:22:00-05:00,94.91000366210938,94.93000030517578,94.9000015258789,94.93000030517578,94.93000030517578,4789
2023-12-11 11:23:00-05:00,94.91999816894531,94.92500305175781,94.91000366210938,94.92500305175781,94.92500305175781,1976
2023-12-11 11:24:00-05:00,94.93000030517578,94.93000030517578,94.875,94.90499877929688,94.90499877929688,7981
2023-12-11 11:25:00-05:00,94.8949966430664,94.8949966430664,94.83000183105469,94.87999725341797,94.87999725341797,7414
2023-12-11 11:26:00-05:00,94.875,94.8949966430664,94.86000061035156,94.8949966430664,94.8949966430664,3686
2023-12-11 11:27:00-05:00,94.8949966430664,94.91999816894531,94.88500213623047,94.91999816894531,94.91999816894531,6221
2023-12-11 11:28:00-05:00,94.91500091552734,95.0,94.90499877929688,95.0,95.0,8263
2023-12-11 11:29:00-05:00,95.01000213623047,95.06999969482422,95.01000213623047,95.05999755859375,95.05999755859375,11711
2023-12-11 11:30:00-05:00,95.05999755859375,95.08000183105469,95.05999755859375,95.07499694824219,95.07499694824219,7860
2023-12-11 11:31:00-05:00,95.07499694824219,95.08000183105469,95.0199966430664,95.07019805908203,95.07019805908203,12928
2023-12-11 11:32:00-05:00,95.05999755859375,95.07499694824219,95.02999877929688,95.07499694824219,95.07499694824219,4230
2023-12-11 11:33:00-05:00,95.07499694824219,95.0999984741211,95.06500244140625,95.08999633789062,95.08999633789062,10220
2023-12-11 11:34:00-05:00,95.09500122070312,95.09500122070312,95.08000183105469,95.08999633789062,95.08999633789062,4891
2023-12-11 11:35:00-05:00,95.08999633789062,95.13500213623047,95.08000183105469,95.12000274658203,95.12000274658203,13333
2023-12-11 11:36:00-05:00,95.12000274658203,95.1449966430664,95.11000061035156,95.13999938964844,95.13999938964844,6486
2023-12-11 11:37:00-05:00,95.1449966430664,95.18000030517578,95.13999938964844,95.18000030517578,95.18000030517578,8358
2023-12-11 11:38:00-05:00,95.18000030517578,95.19499969482422,95.16999816894531,95.16999816894531,95.16999816894531,8823
2023-12-11 11:39:00-05:00,95.16000366210938,95.16999816894531,95.13500213623047,95.14250183105469,95.14250183105469,7303
2023-12-11 11:40:00-05:00,95.16000366210938,95.16999816894531,95.13500213623047,95.16000366210938,95.16000366210938,5966
2023-12-11 11:41:00-05:00,95.16000366210938,95.16000366210938,95.06999969482422,95.06999969482422,95.06999969482422,5475
2023-12-11 11:42:00-05:00,95.07499694824219,95.08000183105469,94.9800033569336,94.98999786376953,94.98999786376953,4987
2023-12-11 11:43:00-05:00,94.98999786376953,95.02999877929688,94.98999786376953,95.02999877929688,95.02999877929688,5671
2023-12-11 11:44:00-05:00,95.0250015258789,95.03500366210938,95.01000213623047,95.03500366210938,95.03500366210938,4646
2023-12-11 11:45:00-05:00,95.02999877929688,95.04499816894531,95.01499938964844,95.04000091552734,95.04000091552734,3836
2023-12-11 11:46:00-05:00,95.03500366210938,95.05500030517578,94.98500061035156,94.98999786376953,94.98999786376953,14891
2023-12-11 11:47:00-05:00,95.0,95.02999877929688,94.97000122070312,95.0250015258789,95.0250015258789,7569
2023-12-11 11:48:00-05:00,95.0199966430664,95.02999877929688,95.01499938964844,95.02999877929688,95.02999877929688,1926
2023-12-11 11:49:00-05:00,95.04000091552734,95.05000305175781,95.02999877929688,95.02999877929688,95.02999877929688,8976
2023-12-11 11:50:00-05:00,95.0199966430664,95.07499694824219,95.0199966430664,95.07499694824219,95.07499694824219,8134
2023-12-11 11:51:00-05:00,95.06999969482422,95.08999633789062,95.06999969482422,95.08999633789062,95.08999633789062,2636
2023-12-11 11:52:00-05:00,95.0999984741211,95.1500015258789,95.0999984741211,95.1449966430664,95.1449966430664,13060
2023-12-11 11:53:00-05:00,95.1449966430664,95.16500091552734,95.13500213623047,95.1500015258789,95.1500015258789,10544
2023-12-11 11:54:00-05:00,95.1500015258789,95.19499969482422,95.1500015258789,95.19000244140625,95.19000244140625,8737
2023-12-11 11:55:00-05:00,95.19000244140625,95.19989776611328,95.1801986694336,95.19000244140625,95.19000244140625,6049
2023-12-11 11:56:00-05:00,95.19499969482422,95.22000122070312,95.18000030517578,95.21499633789062,95.21499633789062,7871
2023-12-11 11:57:00-05:00,95.20999908447266,95.22000122070312,95.20999908447266,95.20999908447266,95.20999908447266,6113
2023-12-11 11:58:00-05:00,95.20999908447266,95.21499633789062,95.20030212402344,95.20999908447266,95.20999908447266,3498
2023-12-11 11:59:00-05:00,95.19999694824219,95.2300033569336,95.19999694824219,95.2300033569336,95.2300033569336,7466
2023-12-11 12:00:00-05:00,95.23500061035156,95.25,95.22000122070312,95.25,95.25,6914
2023-12-11 12:01:00-05:00,95.23999786376953,95.23999786376953,95.21089935302734,95.22000122070312,95.22000122070312,6766
2023-12-11 12:02:00-05:00,95.22000122070312,95.22000122070312,95.16500091552734,95.16500091552734,95.16500091552734,6374
2023-12-11 12:03:00-05:00,95.16000366210938,95.16000366210938,95.08999633789062,95.08999633789062,95.08999633789062,6689
2023-12-11 12:04:00-05:00,95.08999633789062,95.08999633789062,95.05999755859375,95.08499908447266,95.08499908447266,5300
2023-12-11 12:05:00-05:00,95.08499908447266,95.125,95.08499908447266,95.08999633789062,95.08999633789062,11907
2023-12-11 12:06:00-05:00,95.06999969482422,95.08000183105469,95.04499816894531,95.05500030517578,95.05500030517578,11089
2023-12-11 12:07:00-05:00,95.04000091552734,95.04000091552734,94.94000244140625,94.94999694824219,94.94999694824219,20200
2023-12-11 12:09:00-05:00,95.05500030517578,95.05500030517578,95.0199966430664,95.0250015258789,95.0250015258789,13244
2023-12-11 12:10:00-05:00,95.02999877929688,95.08000183105469,95.02999877929688,95.08000183105469,95.08000183105469,11192
2023-12-11 12:11:00-05:00,95.06500244140625,95.0780029296875,95.06500244140625,95.06999969482422,95.06999969482422,3855
2023-12-11 12:12:00-05:00,95.07499694824219,95.08999633789062,95.07460021972656,95.08999633789062,95.08999633789062,4006
2023-12-11 12:13:00-05:00,95.08499908447266,95.1050033569336,95.06999969482422,95.0999984741211,95.0999984741211,7039
2023-12-11 12:14:00-05:00,95.1050033569336,95.1050033569336,95.1050033569336,95.1050033569336,95.1050033569336,2550
2023-12-11 12:15:00-05:00,95.1050033569336,95.12000274658203,95.1050033569336,95.11499786376953,95.11499786376953,8013
2023-12-11 12:16:00-05:00,95.12000274658203,95.13999938964844,95.11199951171875,95.13999938964844,95.13999938964844,5851
2023-12-11 12:17:00-05:00,95.12000274658203,95.1500015258789,95.11000061035156,95.12999725341797,95.12999725341797,7456
2023-12-11 12:18:00-05:00,95.125,95.13500213623047,95.125,95.125,95.125,3767
2023-12-11 12:19:00-05:00,95.125,95.1449966430664,95.11499786376953,95.12079620361328,95.12079620361328,9261
2023-12-11 12:20:00-05:00,95.12000274658203,95.12999725341797,95.11000061035156,95.11000061035156,95.11000061035156,5863
2023-12-11 12:21:00-05:00,95.11499786376953,95.12000274658203,95.11000061035156,95.1187973022461,95.1187973022461,1560
2023-12-11 12:22:00-05:00,95.11499786376953,95.11499786376953,95.05000305175781,95.05000305175781,95.05000305175781,8057
2023-12-11 12:23:00-05:00,95.04000091552734,95.09500122070312,95.04000091552734,95.08000183105469,95.08000183105469,6462
2023-12-11 12:24:00-05:00,95.08999633789062,95.11000061035156,95.08999633789062,95.1050033569336,95.1050033569336,3726
2023-12-11 12:25:00-05:00,95.11000061035156,95.11499786376953,95.0999984741211,95.11000061035156,95.11000061035156,5833
2023-12-11 12:26:00-05:00,95.1050033569336,95.12000274658203,95.06999969482422,95.12000274658203,95.12000274658203,8184
2023-12-11 12:27:00-05:00,95.11000061035156,95.12000274658203,95.0999984741211,95.11930084228516,95.11930084228516,4777
2023-12-11 12:28:00-05:00,95.12999725341797,95.12999725341797,95.0999984741211,95.0999984741211,95.0999984741211,6393
2023-12-11 12:29:00-05:00,95.11000061035156,95.11000061035156,95.07499694824219,95.08999633789062,95.08999633789062,5949
2023-12-11 12:30:00-05:00,95.09500122070312,95.09500122070312,95.05500030517578,95.06500244140625,95.06500244140625,3583
2023-12-11 12:31:00-05:00,95.06330108642578,95.12999725341797,95.06330108642578,95.11000061035156,95.11000061035156,5361
2023-12-11 12:32:00-05:00,95.11000061035156,95.13999938964844,95.11000061035156,95.13999938964844,95.13999938964844,5270
2023-12-11 12:33:00-05:00,95.13999938964844,95.16000366210938,95.12999725341797,95.1500015258789,95.1500015258789,4339
2023-12-11 12:34:00-05:00,95.1500015258789,95.1500015258789,95.11000061035156,95.12000274658203,95.12000274658203,7255
2023-12-11 12:35:00-05:00,95.12000274658203,95.12999725341797,95.0999984741211,95.11000061035156,95.11000061035156,4226
2023-12-11 12:36:00-05:00,95.11000061035156,95.12000274658203,95.08000183105469,95.0801010131836,95.0801010131836,3186
2023-12-11 12:37:00-05:00,95.08910369873047,95.11000061035156,95.08000183105469,95.0875015258789,95.0875015258789,6027
2023-12-11 12:38:00-05:00,95.08670043945312,95.0999984741211,95.06999969482422,95.08039855957031,95.08039855957031,3089
2023-12-11 12:39:00-05:00,95.08000183105469,95.12000274658203,95.08000183105469,95.1050033569336,95.1050033569336,3473
2023-12-11 12:40:00-05:00,95.12000274658203,95.12000274658203,95.09989929199219,95.09989929199219,95.09989929199219,3788
2023-12-11 12:41:00-05:00,95.1050033569336,95.12999725341797,95.1050033569336,95.125,95.125,3408
2023-12-11 12:42:00-05:00,95.12999725341797,95.16000366210938,95.12000274658203,95.16000366210938,95.16000366210938,4519
2023-12-11 12:43:00-05:00,95.1500015258789,95.16000366210938,95.125,95.16000366210938,95.16000366210938,3418
2023-12-11 12:44:00-05:00,95.16999816894531,95.18000030517578,95.1500015258789,95.16999816894531,95.16999816894531,7464
2023-12-11 12:45:00-05:00,95.16500091552734,95.16999816894531,95.13999938964844,95.1500015258789,95.1500015258789,3165
2023-12-11 12:46:00-05:00,95.13999938964844,95.1449966430664,95.02690124511719,95.04000091552734,95.04000091552734,14652
2023-12-11 12:47:00-05:00,95.02999877929688,95.02999877929688,94.9800033569336,94.9800033569336,94.9800033569336,5939
2023-12-11 12:48:00-05:00,94.98999786376953,95.03500366210938,94.98500061035156,95.02999877929688,95.02999877929688,3448
2023-12-11 12:49:00-05:00,95.0199966430664,95.0250015258789,94.9800033569336,94.9800033569336,94.9800033569336,5754
2023-12-11 12:50:00-05:00,94.9800033569336,94.9800033569336,94.95999908447266,94.97000122070312,94.97000122070312,5599
2023-12-11 12:51:00-05:00,94.9749984741211,94.9749984741211,94.9489974975586,94.9489974975586,94.9489974975586,3386
2023-12-11 12:52:00-05:00,94.94999694824219,94.96499633789062,94.94010162353516,94.95500183105469,94.95500183105469,3675
2023-12-11 12:53:00-05:00,94.95999908447266,94.9800033569336,94.95500183105469,94.97010040283203,94.97010040283203,11170
2023-12-11 12:54:00-05:00,94.9749984741211,94.98999786376953,94.97000122070312,94.98500061035156,94.98500061035156,2594
2023-12-11 12:55:00-05:00,94.98999786376953,95.0,94.98500061035156,95.0,95.0,6514
2023-12-11 12:56:00-05:00,95.00499725341797,95.00499725341797,94.99500274658203,94.9999008178711,94.9999008178711,1793
2023-12-11 12:57:00-05:00,94.99500274658203,95.0999984741211,94.9749984741211,95.00499725341797,95.00499725341797,219586
2023-12-11 12:58:00-05:00,95.01499938964844,95.05000305175781,95.01000213623047,95.05000305175781,95.05000305175781,3060
2023-12-11 12:59:00-05:00,95.05999755859375,95.05999755859375,95.02999877929688,95.05000305175781,95.05000305175781,2571
2023-12-11 13:00:00-05:00,95.04000091552734,95.04499816894531,95.02999877929688,95.04000091552734,95.04000091552734,4762
2023-12-11 13:01:00-05:00,95.04499816894531,95.05999755859375,95.01499938964844,95.04000091552734,95.04000091552734,16341
2023-12-11 13:02:00-05:00,95.04000091552734,95.08080291748047,95.03500366210938,95.08000183105469,95.08000183105469,6055
2023-12-11 13:03:00-05:00,95.08499908447266,95.08499908447266,95.05500030517578,95.05500030517578,95.05500030517578,2061
2023-12-11 13:04:00-05:00,95.05000305175781,95.05999755859375,95.05000305175781,95.05999755859375,95.05999755859375,1168
2023-12-11 13:05:00-05:00,95.05999755859375,95.05999755859375,94.98999786376953,95.00499725341797,95.00499725341797,7198
2023-12-11 13:06:00-05:00,95.00499725341797,95.0199966430664,95.00499725341797,95.0199966430664,95.0199966430664,1961
2023-12-11 13:07:00-05:00,95.0250015258789,95.02890014648438,95.01000213623047,95.0250015258789,95.0250015258789,9345
2023-12-11 13:08:00-05:00,95.0250015258789,95.05680084228516,95.0199966430664,95.05500030517578,95.05500030517578,7016
2023-12-11 13:09:00-05:00,95.05000305175781,95.05500030517578,95.02999877929688,95.03500366210938,95.03500366210938,24582
2023-12-11 13:10:00-05:00,95.02999877929688,95.06999969482422,95.02999877929688,95.05999755859375,95.05999755859375,7416
2023-12-11 13:11:00-05:00,95.05500030517578,95.08000183105469,95.05500030517578,95.06500244140625,95.06500244140625,3590
2023-12-11 13:12:00-05:00,95.06500244140625,95.06999969482422,95.04000091552734,95.04000091552734,95.04000091552734,6724
2023-12-11 13:13:00-05:00,95.04499816894531,95.05799865722656,95.04499816894531,95.05500030517578,95.05500030517578,4358
2023-12-11 13:14:00-05:00,95.05500030517578,95.08499908447266,95.05000305175781,95.08499908447266,95.08499908447266,6312
2023-12-11 13:15:00-05:00,95.08499908447266,95.11499786376953,95.08499908447266,95.11499786376953,95.11499786376953,5129
2023-12-11 13:16:00-05:00,95.11499786376953,95.125,95.11000061035156,95.125,95.125,2628
2023-12-11 13:17:00-05:00,95.125,95.15249633789062,95.125,95.15249633789062,95.15249633789062,7278
2023-12-11 13:18:00-05:00,95.15499877929688,95.15499877929688,95.1500015258789,95.15499877929688,95.15499877929688,2820
2023-12-11 13:19:00-05:00,95.15499877929688,95.16999816894531,95.1500015258789,95.16000366210938,95.16000366210938,4255
2023-12-11 13:20:00-05:00,95.17009735107422,95.18000030517578,95.17009735107422,95.18000030517578,95.18000030517578,1061
2023-12-11 13:21:00-05:00,95.18499755859375,95.18499755859375,95.16000366210938,95.16500091552734,95.16500091552734,5349
2023-12-11 13:22:00-05:00,95.17500305175781,95.17500305175781,95.1500015258789,95.16719818115234,95.16719818115234,4342
2023-12-11 13:23:00-05:00,95.16120147705078,95.17500305175781,95.16120147705078,95.17500305175781,95.17500305175781,871
2023-12-11 13:24:00-05:00,95.18000030517578,95.18000030517578,95.16500091552734,95.16999816894531,95.16999816894531,4012
2023-12-11 13:25:00-05:00,95.16999816894531,95.16999816894531,95.11499786376953,95.11499786376953,95.11499786376953,6755
2023-12-11 13:26:00-05:00,95.11499786376953,95.13999938964844,95.11499786376953,95.13069915771484,95.13069915771484,4333
2023-12-11 13:27:00-05:00,95.12000274658203,95.125,95.09989929199219,95.125,95.125,3217
2023-12-11 13:28:00-05:00,95.12999725341797,95.13999938964844,95.12999725341797,95.13980102539062,95.13980102539062,3329
2023-12-11 13:29:00-05:00,95.1415023803711,95.16000366210938,95.1415023803711,95.16000366210938,95.16000366210938,2850
2023-12-11 13:30:00-05:00,95.15499877929688,95.16000366210938,95.1500015258789,95.16000366210938,95.16000366210938,5312
2023-12-11 13:31:00-05:00,95.16000366210938,95.16999816894531,95.16000366210938,95.16999816894531,95.16999816894531,3415
2023-12-11 13:32:00-05:00,95.16999816894531,95.19000244140625,95.16999816894531,95.19000244140625,95.19000244140625,7728
2023-12-11 13:33:00-05:00,95.18000030517578,95.19000244140625,95.18000030517578,95.19000244140625,95.19000244140625,3602
2023-12-11 13:34:00-05:00,95.19999694824219,95.20999908447266,95.19499969482422,95.20999908447266,95.20999908447266,3879
2023-12-11 13:35:00-05:00,95.20500183105469,95.23999786376953,95.20500183105469,95.2300033569336,95.2300033569336,13643
2023-12-11 13:36:00-05:00,95.23500061035156,95.23999786376953,95.2300033569336,95.23999786376953,95.23999786376953,8478
2023-12-11 13:37:00-05:00,95.2300033569336,95.23500061035156,95.19999694824219,95.19999694824219,95.19999694824219,10602
2023-12-11 13:38:00-05:00,95.20500183105469,95.22000122070312,95.20500183105469,95.22000122070312,95.22000122070312,3556
2023-12-11 13:39:00-05:00,95.22000122070312,95.2300033569336,95.22000122070312,95.2300033569336,95.2300033569336,4637
2023-12-11 13:40:00-05:00,95.2300033569336,95.2699966430664,95.2300033569336,95.26499938964844,95.26499938964844,8980
2023-12-11 13:41:00-05:00,95.26000213623047,95.2699966430664,95.25,95.2699966430664,95.2699966430664,5135
2023-12-11 13:42:00-05:00,95.2699966430664,95.2699966430664,95.25,95.26000213623047,95.26000213623047,4198
2023-12-11 13:43:00-05:00,95.26000213623047,95.26000213623047,95.2300033569336,95.23999786376953,95.23999786376953,7597
2023-12-11 13:44:00-05:00,95.23500061035156,95.23999786376953,95.20999908447266,95.22000122070312,95.22000122070312,7692
2023-12-11 13:45:00-05:00,95.20999908447266,95.21499633789062,95.19000244140625,95.19999694824219,95.19999694824219,6321
2023-12-11 13:46:00-05:00,95.19999694824219,95.19999694824219,95.17500305175781,95.17500305175781,95.17500305175781,10626
2023-12-11 13:47:00-05:00,95.17500305175781,95.17500305175781,95.1510009765625,95.16000366210938,95.16000366210938,10068
2023-12-11 13:48:00-05:00,95.16500091552734,95.16999816894531,95.16000366210938,95.16500091552734,95.16500091552734,4292
2023-12-11 13:49:00-05:00,95.16500091552734,95.17500305175781,95.16010284423828,95.17500305175781,95.17500305175781,3278
2023-12-11 13:50:00-05:00,95.16999816894531,95.21499633789062,95.16999816894531,95.21499633789062,95.21499633789062,7296
2023-12-11 13:51:00-05:00,95.20999908447266,95.2300033569336,95.20999908447266,95.2300033569336,95.2300033569336,14869
2023-12-11 13:52:00-05:00,95.2300033569336,95.24500274658203,95.21499633789062,95.21499633789062,95.21499633789062,11308
2023-12-11 13:53:00-05:00,95.22000122070312,95.25,95.22000122070312,95.25,95.25,5404
2023-12-11 13:54:00-05:00,95.24459838867188,95.24500274658203,95.24459838867188,95.24500274658203,95.24500274658203,1056
2023-12-11 13:55:00-05:00,95.25,95.25499725341797,95.24500274658203,95.25,95.25,8149
2023-12-11 13:56:00-05:00,95.26000213623047,95.2699966430664,95.23999786376953,95.26010131835938,95.26010131835938,4903
2023-12-11 13:57:00-05:00,95.26499938964844,95.26499938964844,95.2300033569336,95.2394027709961,95.2394027709961,9541
2023-12-11 13:58:00-05:00,95.23500061035156,95.24500274658203,95.2300033569336,95.23999786376953,95.23999786376953,7909
2023-12-11 13:59:00-05:00,95.24500274658203,95.26069641113281,95.24109649658203,95.26069641113281,95.26069641113281,7498
2023-12-11 14:00:00-05:00,95.2699966430664,95.2750015258789,95.25,95.26000213623047,95.26000213623047,7758
2023-12-11 14:01:00-05:00,95.26000213623047,95.26069641113281,95.21499633789062,95.21499633789062,95.21499633789062,7728
2023-12-11 14:02:00-05:00,95.20999908447266,95.20999908447266,95.19159698486328,95.19999694824219,95.19999694824219,4296
2023-12-11 14:03:00-05:00,95.19999694824219,95.20999908447266,95.19000244140625,95.20500183105469,95.20500183105469,8302
2023-12-11 14:04:00-05:00,95.20500183105469,95.20999908447266,95.18000030517578,95.18000030517578,95.18000030517578,7601
2023-12-11 14:05:00-05:00,95.18000030517578,95.19999694824219,95.13999938964844,95.13999938964844,95.13999938964844,34133
2023-12-11 14:06:00-05:00,95.13500213623047,95.1500015258789,95.11499786376953,95.12000274658203,95.12000274658203,4809
2023-12-11 14:07:00-05:00,95.12000274658203,95.1449966430664,95.12000274658203,95.1449966430664,95.1449966430664,4997
2023-12-11 14:08:00-05:00,95.1449966430664,95.1449966430664,95.12000274658203,95.13999938964844,95.13999938964844,4941
2023-12-11 14:09:00-05:00,95.1449966430664,95.18560028076172,95.13999938964844,95.18560028076172,95.18560028076172,7098
2023-12-11 14:10:00-05:00,95.16999816894531,95.16999816894531,95.1449966430664,95.16999816894531,95.16999816894531,4283
2023-12-11 14:11:00-05:00,95.18499755859375,95.20999908447266,95.18499755859375,95.20999908447266,95.20999908447266,2563
2023-12-11 14:12:00-05:00,95.20500183105469,95.23970031738281,95.20500183105469,95.23970031738281,95.23970031738281,3996
2023-12-11 14:13:00-05:00,95.23500061035156,95.23999786376953,95.2300033569336,95.23500061035156,95.23500061035156,2725
2023-12-11 14:14:00-05:00,95.2300033569336,95.24500274658203,95.2300033569336,95.23500061035156,95.23500061035156,8893
2023-12-11 14:15:00-05:00,95.23500061035156,95.23999786376953,95.23500061035156,95.23999786376953,95.23999786376953,1506
2023-12-11 14:16:00-05:00,95.24500274658203,95.29000091552734,95.24500274658203,95.29000091552734,95.29000091552734,8110
2023-12-11 14:17:00-05:00,95.30000305175781,95.30000305175781,95.27999877929688,95.30000305175781,95.30000305175781,6779
2023-12-11 14:18:00-05:00,95.30999755859375,95.31500244140625,95.26000213623047,95.26000213623047,95.26000213623047,10425
2023-12-11 14:19:00-05:00,95.26000213623047,95.26000213623047,95.20999908447266,95.22000122070312,95.22000122070312,7124
2023-12-11 14:20:00-05:00,95.2249984741211,95.2249984741211,95.20500183105469,95.21499633789062,95.21499633789062,3150
2023-12-11 14:21:00-05:00,95.20999908447266,95.2249984741211,95.20999908447266,95.21499633789062,95.21499633789062,2188
2023-12-11 14:22:00-05:00,95.21499633789062,95.21499633789062,95.16999816894531,95.16999816894531,95.16999816894531,3645
2023-12-11 14:23:00-05:00,95.17500305175781,95.17500305175781,95.17500305175781,95.17500305175781,95.17500305175781,923
2023-12-11 14:24:00-05:00,95.18000030517578,95.19499969482422,95.18000030517578,95.19000244140625,95.19000244140625,3848
2023-12-11 14:25:00-05:00,95.19999694824219,95.19999694824219,95.18000030517578,95.18000030517578,95.18000030517578,4245
2023-12-11 14:26:00-05:00,95.16999816894531,95.17500305175781,95.13999938964844,95.13999938964844,95.13999938964844,8958
2023-12-11 14:27:00-05:00,95.12999725341797,95.16500091552734,95.12999725341797,95.1500015258789,95.1500015258789,29738
2023-12-11 14:28:00-05:00,95.1500015258789,95.1500015258789,95.14080047607422,95.1500015258789,95.1500015258789,1697
2023-12-11 14:29:00-05:00,95.1500015258789,95.1500015258789,95.0999984741211,95.1050033569336,95.1050033569336,63813
2023-12-11 14:30:00-05:00,95.1050033569336,95.12000274658203,95.08999633789062,95.11000061035156,95.11000061035156,7540
2023-12-11 14:31:00-05:00,95.11499786376953,95.12000274658203,95.08499908447266,95.09500122070312,95.09500122070312,2632
2023-12-11 14:32:00-05:00,95.09500122070312,95.1050033569336,95.08999633789062,95.10330200195312,95.10330200195312,7666
2023-12-11 14:33:00-05:00,95.12999725341797,95.13999938964844,95.12999725341797,95.13999938964844,95.13999938964844,4976
2023-12-11 14:34:00-05:00,95.12999725341797,95.1449966430664,95.12999725341797,95.1449966430664,95.1449966430664,4649
2023-12-11 14:35:00-05:00,95.1449966430664,95.16000366210938,95.13999938964844,95.1500015258789,95.1500015258789,4735
2023-12-11 14:36:00-05:00,95.1500015258789,95.19000244140625,95.1500015258789,95.16500091552734,95.16500091552734,8233
2023-12-11 14:37:00-05:00,95.1603012084961,95.16500091552734,95.16000366210938,95.16000366210938,95.16000366210938,1468
2023-12-11 14:38:00-05:00,95.16000366210938,95.16500091552734,95.15499877929688,95.16500091552734,95.16500091552734,7443
2023-12-11 14:39:00-05:00,95.16999816894531,95.16999816894531,95.12000274658203,95.125,95.125,8511
2023-12-11 14:40:00-05:00,95.12000274658203,95.125,95.0999984741211,95.11000061035156,95.11000061035156,14015
2023-12-11 14:41:00-05:00,95.11000061035156,95.125,95.11000061035156,95.125,95.125,3244
2023-12-11 14:42:00-05:00,95.11019897460938,95.11499786376953,95.02999877929688,95.05500030517578,95.05500030517578,11638
2023-12-11 14:43:00-05:00,95.05000305175781,95.05000305175781,95.02999877929688,95.04989624023438,95.04989624023438,3543
2023-12-11 14:44:00-05:00,95.05500030517578,95.12000274658203,95.05500030517578,95.11000061035156,95.11000061035156,7869
2023-12-11 14:45:00-05:00,95.0999984741211,95.11000061035156,95.06999969482422,95.06999969482422,95.06999969482422,38827
2023-12-11 14:46:00-05:00,95.05000305175781,95.05000305175781,95.0250015258789,95.02999877929688,95.02999877929688,2331
2023-12-11 14:47:00-05:00,95.02999877929688,95.04499816894531,95.02629852294922,95.04000091552734,95.04000091552734,4942
2023-12-11 14:48:00-05:00,95.02999877929688,95.05000305175781,95.0199966430664,95.05000305175781,95.05000305175781,5631
2023-12-11 14:49:00-05:00,95.05000305175781,95.06999969482422,95.04000091552734,95.05999755859375,95.05999755859375,6224
2023-12-11 14:50:00-05:00,95.06999969482422,95.11000061035156,95.06999969482422,95.08999633789062,95.08999633789062,7272
2023-12-11 14:51:00-05:00,95.08499908447266,95.08499908447266,95.04499816894531,95.04499816894531,95.04499816894531,5601
2023-12-11 14:52:00-05:00,95.04499816894531,95.05999755859375,95.02220153808594,95.0250015258789,95.0250015258789,7947
2023-12-11 14:53:00-05:00,95.0250015258789,95.02999877929688,95.00499725341797,95.01000213623047,95.01000213623047,5072
2023-12-11 14:54:00-05:00,95.01000213623047,95.01000213623047,94.98269653320312,95.0,95.0,10257
2023-12-11 14:55:00-05:00,94.98999786376953,94.98999786376953,94.97000122070312,94.98999786376953,94.98999786376953,5168
2023-12-11 14:56:00-05:00,94.98999786376953,95.01100158691406,94.98500061035156,95.01100158691406,95.01100158691406,7755
2023-12-11 14:57:00-05:00,95.01110076904297,95.0250015258789,95.01000213623047,95.01499938964844,95.01499938964844,3907
2023-12-11 14:58:00-05:00,95.01499938964844,95.02999877929688,95.01000213623047,95.0199966430664,95.0199966430664,6430
2023-12-11 14:59:00-05:00,95.0250015258789,95.05999755859375,95.0250015258789,95.05999755859375,95.05999755859375,7074
2023-12-11 15:00:00-05:00,95.05500030517578,95.06500244140625,95.05000305175781,95.05000305175781,95.05000305175781,10114
2023-12-11 15:01:00-05:00,95.05000305175781,95.05999755859375,95.0250015258789,95.0250015258789,95.0250015258789,9515
2023-12-11 15:02:00-05:00,95.0250015258789,95.0250015258789,94.98999786376953,95.01499938964844,95.01499938964844,7390
2023-12-11 15:03:00-05:00,95.01499938964844,95.02999877929688,95.01000213623047,95.01499938964844,95.01499938964844,4696
2023-12-11 15:04:00-05:00,95.01499938964844,95.0199966430664,94.98500061035156,94.98999786376953,94.98999786376953,11324
2023-12-11 15:05:00-05:00,94.98999786376953,94.98999786376953,94.9614028930664,94.96499633789062,94.96499633789062,5146
2023-12-11 15:06:00-05:00,94.95999908447266,94.95999908447266,94.94499969482422,94.94499969482422,94.94499969482422,11554
2023-12-11 15:07:00-05:00,94.93000030517578,94.93000030517578,94.87999725341797,94.87999725341797,94.87999725341797,10700
2023-12-11 15:08:00-05:00,94.87000274658203,94.87000274658203,94.80999755859375,94.81999969482422,94.81999969482422,6794
2023-12-11 15:09:00-05:00,94.81999969482422,94.87000274658203,94.81500244140625,94.83399963378906,94.83399963378906,8263
2023-12-11 15:10:00-05:00,94.83499908447266,94.83499908447266,94.76000213623047,94.76000213623047,94.76000213623047,35616
2023-12-11 15:11:00-05:00,94.7698974609375,94.80000305175781,94.76000213623047,94.79499816894531,94.79499816894531,7528
2023-12-11 15:12:00-05:00,94.80000305175781,94.80500030517578,94.78500366210938,94.80500030517578,94.80500030517578,5803
2023-12-11 15:13:00-05:00,94.79499816894531,94.79499816894531,94.7750015258789,94.79499816894531,94.79499816894531,6149
2023-12-11 15:14:00-05:00,94.80000305175781,94.83000183105469,94.79499816894531,94.82499694824219,94.82499694824219,8112
2023-12-11 15:15:00-05:00,94.8280029296875,94.86499786376953,94.81999969482422,94.86000061035156,94.86000061035156,10150
2023-12-11 15:16:00-05:00,94.86000061035156,94.86000061035156,94.80000305175781,94.81999969482422,94.81999969482422,5376
2023-12-11 15:17:00-05:00,94.81500244140625,94.83989715576172,94.81500244140625,94.83499908447266,94.83499908447266,5150
2023-12-11 15:18:00-05:00,94.83000183105469,94.83000183105469,94.81500244140625,94.81999969482422,94.81999969482422,4725
2023-12-11 15:19:00-05:00,94.81999969482422,94.83499908447266,94.80999755859375,94.83499908447266,94.83499908447266,5232
2023-12-11 15:20:00-05:00,94.83000183105469,94.8499984741211,94.81999969482422,94.8499984741211,94.8499984741211,9513
2023-12-11 15:21:00-05:00,94.84500122070312,94.875,94.84500122070312,94.875,94.875,12942
2023-12-11 15:22:00-05:00,94.875,94.91000366210938,94.87000274658203,94.90499877929688,94.90499877929688,10726
2023-12-11 15:23:00-05:00,94.90499877929688,94.91000366210938,94.8949966430664,94.91000366210938,94.91000366210938,12357
2023-12-11 15:24:00-05:00,94.91000366210938,94.94499969482422,94.91000366210938,94.94499969482422,94.94499969482422,9666
2023-12-11 15:25:00-05:00,94.94499969482422,94.94889831542969,94.93199920654297,94.94499969482422,94.94499969482422,7622
2023-12-11 15:26:00-05:00,94.94499969482422,94.94499969482422,94.93000030517578,94.94499969482422,94.94499969482422,10124
2023-12-11 15:27:00-05:00,94.94149780273438,94.96499633789062,94.91000366210938,94.95999908447266,94.95999908447266,25746
2023-12-11 15:28:00-05:00,94.95999908447266,94.95999908447266,94.93000030517578,94.94499969482422,94.94499969482422,10501
2023-12-11 15:29:00-05:00,94.94999694824219,94.95999908447266,94.94000244140625,94.94000244140625,94.94000244140625,8668
2023-12-11 15:30:00-05:00,94.91999816894531,94.94000244140625,94.87999725341797,94.91500091552734,94.91500091552734,12774
2023-12-11 15:31:00-05:00,94.91500091552734,94.97000122070312,94.91500091552734,94.95500183105469,94.95500183105469,15068
2023-12-11 15:32:00-05:00,94.91999816894531,94.97000122070312,94.91999816894531,94.95500183105469,94.95500183105469,8861
2023-12-11 15:33:00-05:00,94.95999908447266,95.01000213623047,94.95500183105469,94.99500274658203,94.99500274658203,9966
2023-12-11 15:34:00-05:00,95.0,95.0199966430664,94.98999786376953,95.01499938964844,95.01499938964844,11575
2023-12-11 15:35:00-05:00,95.01499938964844,95.03500366210938,95.00499725341797,95.01499938964844,95.01499938964844,12521
2023-12-11 15:36:00-05:00,95.01499938964844,95.04869842529297,95.01399993896484,95.04499816894531,95.04499816894531,8110
2023-12-11 15:37:00-05:00,95.04499816894531,95.06500244140625,95.03500366210938,95.05999755859375,95.05999755859375,13143
2023-12-11 15:38:00-05:00,95.05999755859375,95.08999633789062,95.05999755859375,95.08499908447266,95.08499908447266,9775
2023-12-11 15:39:00-05:00,95.08499908447266,95.08999633789062,95.05999755859375,95.06999969482422,95.06999969482422,14116
2023-12-11 15:40:00-05:00,95.07499694824219,95.07499694824219,95.05000305175781,95.06999969482422,95.06999969482422,10572
2023-12-11 15:41:00-05:00,95.07499694824219,95.12999725341797,95.06999969482422,95.12999725341797,95.12999725341797,16548
2023-12-11 15:42:00-05:00,95.125,95.13999938964844,95.1050033569336,95.13500213623047,95.13500213623047,19893
2023-12-11 15:43:00-05:00,95.13500213623047,95.13500213623047,95.0999984741211,95.1050033569336,95.1050033569336,8116
2023-12-11 15:44:00-05:00,95.1050033569336,95.12000274658203,95.08000183105469,95.08999633789062,95.08999633789062,23731
2023-12-11 15:45:00-05:00,95.08499908447266,95.09500122070312,95.06999969482422,95.08499908447266,95.08499908447266,14369
2023-12-11 15:46:00-05:00,95.08499908447266,95.0999984741211,95.04000091552734,95.06500244140625,95.06500244140625,16771
2023-12-11 15:47:00-05:00,95.06999969482422,95.0999984741211,95.05500030517578,95.06500244140625,95.06500244140625,33212
2023-12-11 15:48:00-05:00,95.06500244140625,95.08999633789062,95.06500244140625,95.08999633789062,95.08999633789062,20940
2023-12-11 15:49:00-05:00,95.08499908447266,95.11499786376953,95.07499694824219,95.08000183105469,95.08000183105469,24920
2023-12-11 15:50:00-05:00,95.08999633789062,95.1500015258789,95.06999969482422,95.1500015258789,95.1500015258789,23026
2023-12-11 15:51:00-05:00,95.1449966430664,95.24500274658203,95.1449966430664,95.24500274658203,95.24500274658203,41476
2023-12-11 15:52:00-05:00,95.24500274658203,95.24500274658203,95.18000030517578,95.21499633789062,95.21499633789062,38290
2023-12-11 15:53:00-05:00,95.22000122070312,95.26000213623047,95.22000122070312,95.24500274658203,95.24500274658203,29140
2023-12-11 15:54:00-05:00,95.25,95.26000213623047,95.2300033569336,95.2300033569336,95.2300033569336,38256
2023-12-11 15:55:00-05:00,95.23500061035156,95.33000183105469,95.2300033569336,95.32759857177734,95.32759857177734,60231
2023-12-11 15:56:00-05:00,95.33000183105469,95.36000061035156,95.31999969482422,95.3499984741211,95.3499984741211,57889
2023-12-11 15:57:00-05:00,95.3550033569336,95.37999725341797,95.33999633789062,95.36499786376953,95.36499786376953,45177
2023-12-11 15:58:00-05:00,95.36499786376953,95.37999725341797,95.36000061035156,95.36499786376953,95.36499786376953,53771
2023-12-11 15:59:00-05:00,95.37000274658203,95.4000015258789,95.3499984741211,95.36000061035156,95.36000061035156,166621
