Date,Open,High,Low,Close,Adj Close,Volume
2023-06-23 09:00:00+02:00,97.62000274658203,97.62000274658203,97.18000030517578,97.5,97.5,0
2023-06-23 09:01:00+02:00,97.58000183105469,98.0199966430664,97.58000183105469,97.91999816894531,97.91999816894531,10473
2023-06-23 09:02:00+02:00,97.93000030517578,97.93000030517578,97.86000061035156,97.86000061035156,97.86000061035156,1173
2023-06-23 09:03:00+02:00,97.97000122070312,98.0,97.91000366210938,97.91000366210938,97.91000366210938,422
2023-06-23 09:04:00+02:00,97.95999908447266,98.05999755859375,97.95999908447266,98.05999755859375,98.05999755859375,1955
2023-06-23 09:05:00+02:00,98.0999984741211,98.13999938964844,98.0999984741211,98.12999725341797,98.12999725341797,234
2023-06-23 09:06:00+02:00,98.12999725341797,98.30000305175781,98.12999725341797,98.22000122070312,98.22000122070312,5577
2023-06-23 09:07:00+02:00,98.25,98.25,98.05000305175781,98.05000305175781,98.05000305175781,646
2023-06-23 09:08:00+02:00,98.0199966430664,98.19999694824219,98.0199966430664,98.12000274658203,98.12000274658203,1778
2023-06-23 09:09:00+02:00,98.16000366210938,98.16999816894531,98.12000274658203,98.1500015258789,98.1500015258789,727
2023-06-23 09:10:00+02:00,98.1500015258789,98.1500015258789,98.05999755859375,98.05999755859375,98.05999755859375,369
2023-06-23 09:11:00+02:00,98.04000091552734,98.05999755859375,98.04000091552734,98.04000091552734,98.04000091552734,608
2023-06-23 09:12:00+02:00,97.95999908447266,97.97000122070312,97.94000244140625,97.97000122070312,97.97000122070312,302
2023-06-23 09:13:00+02:00,97.97000122070312,97.98999786376953,97.94999694824219,97.9800033569336,97.9800033569336,334
2023-06-23 09:14:00+02:00,97.97000122070312,97.97000122070312,97.93000030517578,97.93000030517578,97.93000030517578,1335
2023-06-23 09:15:00+02:00,97.94999694824219,97.97000122070312,97.87999725341797,97.88999938964844,97.88999938964844,3264
2023-06-23 09:16:00+02:00,97.87000274658203,97.9000015258789,97.83999633789062,97.83999633789062,97.83999633789062,668
2023-06-23 09:17:00+02:00,97.81999969482422,97.83999633789062,97.77999877929688,97.80999755859375,97.80999755859375,972
2023-06-23 09:18:00+02:00,97.81999969482422,97.93000030517578,97.81999969482422,97.88999938964844,97.88999938964844,1046
2023-06-23 09:19:00+02:00,97.91000366210938,97.91000366210938,97.83000183105469,97.87000274658203,97.87000274658203,1464
2023-06-23 09:20:00+02:00,97.91000366210938,98.01000213623047,97.87000274658203,98.01000213623047,98.01000213623047,6138
2023-06-23 09:21:00+02:00,98.04000091552734,98.05000305175781,98.0199966430664,98.05000305175781,98.05000305175781,612
2023-06-23 09:22:00+02:00,98.04000091552734,98.05000305175781,98.01000213623047,98.0199966430664,98.0199966430664,570
2023-06-23 09:23:00+02:00,98.0,98.0,97.9800033569336,98.0,98.0,425
2023-06-23 09:24:00+02:00,98.01000213623047,98.05999755859375,98.01000213623047,98.04000091552734,98.04000091552734,585
2023-06-23 09:25:00+02:00,98.08000183105469,98.08999633789062,98.08000183105469,98.08999633789062,98.08999633789062,59
2023-06-23 09:26:00+02:00,98.12000274658203,98.23999786376953,98.12000274658203,98.16999816894531,98.16999816894531,409
2023-06-23 09:27:00+02:00,98.16999816894531,98.18000030517578,98.13999938964844,98.13999938964844,98.13999938964844,393
2023-06-23 09:28:00+02:00,98.16000366210938,98.16999816894531,98.12000274658203,98.1500015258789,98.1500015258789,600
2023-06-23 09:29:00+02:00,98.16999816894531,98.19999694824219,98.12999725341797,98.19999694824219,98.19999694824219,723
2023-06-23 09:30:00+02:00,98.19999694824219,98.22000122070312,98.06999969482422,98.06999969482422,98.06999969482422,6741
2023-06-23 09:31:00+02:00,98.06999969482422,98.11000061035156,98.04000091552734,98.05000305175781,98.05000305175781,1795
2023-06-23 09:32:00+02:00,98.02999877929688,98.08999633789062,98.02999877929688,98.05999755859375,98.05999755859375,1455
2023-06-23 09:33:00+02:00,98.06999969482422,98.1500015258789,98.05000305175781,98.05000305175781,98.05000305175781,305
2023-06-23 09:34:00+02:00,98.05999755859375,98.05999755859375,97.94000244140625,97.94999694824219,97.94999694824219,1530
2023-06-23 09:35:00+02:00,97.93000030517578,98.05000305175781,97.93000030517578,98.05000305175781,98.05000305175781,543
2023-06-23 09:36:00+02:00,98.04000091552734,98.04000091552734,97.94000244140625,98.0199966430664,98.0199966430664,2063
2023-06-23 09:37:00+02:00,98.05999755859375,98.08999633789062,98.01000213623047,98.01000213623047,98.01000213623047,588
2023-06-23 09:38:00+02:00,98.0199966430664,98.05000305175781,97.9800033569336,98.0,98.0,852
2023-06-23 09:39:00+02:00,97.98999786376953,98.0,97.9000015258789,97.9000015258789,97.9000015258789,1109
2023-06-23 09:40:00+02:00,97.87000274658203,97.91999816894531,97.8499984741211,97.91999816894531,97.91999816894531,779
2023-06-23 09:41:00+02:00,97.94999694824219,98.0,97.94999694824219,97.9800033569336,97.9800033569336,242
2023-06-23 09:42:00+02:00,98.02999877929688,98.05000305175781,97.94999694824219,97.97000122070312,97.97000122070312,1172
2023-06-23 09:43:00+02:00,97.9800033569336,97.9800033569336,97.91999816894531,97.91999816894531,97.91999816894531,1156
2023-06-23 09:44:00+02:00,97.93000030517578,97.97000122070312,97.88999938964844,97.94000244140625,97.94000244140625,715
2023-06-23 09:45:00+02:00,97.93000030517578,97.95999908447266,97.91000366210938,97.91999816894531,97.91999816894531,779
2023-06-23 09:46:00+02:00,97.88999938964844,97.88999938964844,97.87999725341797,97.88999938964844,97.88999938964844,270
2023-06-23 09:47:00+02:00,97.91999816894531,97.94000244140625,97.88999938964844,97.88999938964844,97.88999938964844,490
2023-06-23 09:48:00+02:00,97.9000015258789,97.91000366210938,97.81999969482422,97.86000061035156,97.86000061035156,857
2023-06-23 09:49:00+02:00,97.83999633789062,97.91999816894531,97.81999969482422,97.91999816894531,97.91999816894531,270
2023-06-23 09:50:00+02:00,97.91999816894531,97.94999694824219,97.91999816894531,97.94999694824219,97.94999694824219,412
2023-06-23 09:51:00+02:00,97.94000244140625,97.94999694824219,97.94000244140625,97.94999694824219,97.94999694824219,148
2023-06-23 09:52:00+02:00,97.91999816894531,97.94000244140625,97.91999816894531,97.94000244140625,97.94000244140625,271
2023-06-23 09:53:00+02:00,97.94000244140625,97.95999908447266,97.94000244140625,97.95999908447266,97.95999908447266,371
2023-06-23 09:54:00+02:00,97.94999694824219,97.95999908447266,97.94000244140625,97.95999908447266,97.95999908447266,627
2023-06-23 09:55:00+02:00,97.97000122070312,98.0,97.97000122070312,97.9800033569336,97.9800033569336,846
2023-06-23 09:56:00+02:00,97.95999908447266,98.05000305175781,97.95999908447266,98.05000305175781,98.05000305175781,615
2023-06-23 09:57:00+02:00,98.08000183105469,98.0999984741211,98.06999969482422,98.0999984741211,98.0999984741211,717
2023-06-23 09:58:00+02:00,98.12000274658203,98.12000274658203,98.05000305175781,98.05000305175781,98.05000305175781,1075
2023-06-23 09:59:00+02:00,97.98999786376953,98.0,97.97000122070312,97.97000122070312,97.97000122070312,458
2023-06-23 10:00:00+02:00,97.9800033569336,98.02999877929688,97.9800033569336,97.98999786376953,97.98999786376953,666
2023-06-23 10:01:00+02:00,98.0,98.0,98.0,98.0,98.0,203
2023-06-23 10:02:00+02:00,98.19999694824219,98.2300033569336,98.19999694824219,98.2300033569336,98.2300033569336,8955
2023-06-23 10:03:00+02:00,98.25,98.30000305175781,98.25,98.29000091552734,98.29000091552734,984
2023-06-23 10:04:00+02:00,98.29000091552734,98.29000091552734,98.19999694824219,98.19999694824219,98.19999694824219,311
2023-06-23 10:05:00+02:00,98.18000030517578,98.22000122070312,98.16999816894531,98.22000122070312,98.22000122070312,743
2023-06-23 10:06:00+02:00,98.2300033569336,98.2300033569336,98.20999908447266,98.20999908447266,98.20999908447266,202
2023-06-23 10:07:00+02:00,98.23999786376953,98.30999755859375,98.2300033569336,98.30999755859375,98.30999755859375,799
2023-06-23 10:08:00+02:00,98.31999969482422,98.37000274658203,98.31999969482422,98.37000274658203,98.37000274658203,681
2023-06-23 10:09:00+02:00,98.36000061035156,98.37000274658203,98.31999969482422,98.31999969482422,98.31999969482422,918
2023-06-23 10:10:00+02:00,98.33999633789062,98.33999633789062,98.30000305175781,98.31999969482422,98.31999969482422,173
2023-06-23 10:11:00+02:00,98.30000305175781,98.30999755859375,98.2699966430664,98.30999755859375,98.30999755859375,948
2023-06-23 10:12:00+02:00,98.31999969482422,98.44000244140625,98.31999969482422,98.41999816894531,98.41999816894531,2303
2023-06-23 10:13:00+02:00,98.41999816894531,98.48999786376953,98.41999816894531,98.47000122070312,98.47000122070312,1932
2023-06-23 10:14:00+02:00,98.44999694824219,98.44999694824219,98.41000366210938,98.41000366210938,98.41000366210938,327
2023-06-23 10:15:00+02:00,98.41000366210938,98.41999816894531,98.4000015258789,98.41000366210938,98.41000366210938,302
2023-06-23 10:16:00+02:00,98.38999938964844,98.44999694824219,98.3499984741211,98.43000030517578,98.43000030517578,6015
2023-06-23 10:17:00+02:00,98.44999694824219,98.5,98.44999694824219,98.45999908447266,98.45999908447266,747
2023-06-23 10:18:00+02:00,98.41999816894531,98.4800033569336,98.41000366210938,98.44000244140625,98.44000244140625,1998
2023-06-23 10:19:00+02:00,98.44999694824219,98.51000213623047,98.44999694824219,98.47000122070312,98.47000122070312,1496
2023-06-23 10:20:00+02:00,98.43000030517578,98.45999908447266,98.41999816894531,98.45999908447266,98.45999908447266,439
2023-06-23 10:21:00+02:00,98.44999694824219,98.44999694824219,98.41999816894531,98.41999816894531,98.41999816894531,292
2023-06-23 10:22:00+02:00,98.41000366210938,98.44000244140625,98.38999938964844,98.41000366210938,98.41000366210938,2682
2023-06-23 10:23:00+02:00,98.38999938964844,98.41999816894531,98.37999725341797,98.4000015258789,98.4000015258789,3549
2023-06-23 10:24:00+02:00,98.4000015258789,98.41000366210938,98.37999725341797,98.4000015258789,98.4000015258789,3173
2023-06-23 10:25:00+02:00,98.27999877929688,98.33999633789062,98.27999877929688,98.30999755859375,98.30999755859375,969
2023-06-23 10:26:00+02:00,98.33999633789062,98.33999633789062,98.27999877929688,98.29000091552734,98.29000091552734,351
2023-06-23 10:27:00+02:00,98.33000183105469,98.33999633789062,98.33000183105469,98.33999633789062,98.33999633789062,421
2023-06-23 10:28:00+02:00,98.33000183105469,98.33000183105469,98.31999969482422,98.31999969482422,98.31999969482422,292
2023-06-23 10:29:00+02:00,98.31999969482422,98.31999969482422,98.25,98.25,98.25,735
2023-06-23 10:30:00+02:00,98.2699966430664,98.29000091552734,98.26000213623047,98.29000091552734,98.29000091552734,355
2023-06-23 10:31:00+02:00,98.27999877929688,98.31999969482422,98.27999877929688,98.30999755859375,98.30999755859375,779
2023-06-23 10:32:00+02:00,98.3499984741211,98.3499984741211,98.3499984741211,98.3499984741211,98.3499984741211,130
2023-06-23 10:33:00+02:00,98.38999938964844,98.41000366210938,98.36000061035156,98.38999938964844,98.38999938964844,1167
2023-06-23 10:34:00+02:00,98.37999725341797,98.37999725341797,98.37999725341797,98.37999725341797,98.37999725341797,30
2023-06-23 10:35:00+02:00,98.37000274658203,98.43000030517578,98.37000274658203,98.43000030517578,98.43000030517578,626
2023-06-23 10:36:00+02:00,98.44000244140625,98.47000122070312,98.43000030517578,98.44999694824219,98.44999694824219,1137
2023-06-23 10:37:00+02:00,98.43000030517578,98.45999908447266,98.41999816894531,98.45999908447266,98.45999908447266,1969
2023-06-23 10:38:00+02:00,98.44999694824219,98.47000122070312,98.41999816894531,98.47000122070312,98.47000122070312,700
2023-06-23 10:39:00+02:00,98.44999694824219,98.5,98.44999694824219,98.5,98.5,636
2023-06-23 10:40:00+02:00,98.51000213623047,98.51000213623047,98.47000122070312,98.4800033569336,98.4800033569336,541
2023-06-23 10:41:00+02:00,98.41000366210938,98.44000244140625,98.41000366210938,98.44000244140625,98.44000244140625,502
2023-06-23 10:42:00+02:00,98.44000244140625,98.44999694824219,98.41999816894531,98.41999816894531,98.41999816894531,832
2023-06-23 10:43:00+02:00,98.41999816894531,98.43000030517578,98.41000366210938,98.43000030517578,98.43000030517578,552
2023-06-23 10:44:00+02:00,98.41999816894531,98.44000244140625,98.41000366210938,98.44000244140625,98.44000244140625,1284
2023-06-23 10:45:00+02:00,98.44999694824219,98.5199966430664,98.44999694824219,98.5199966430664,98.5199966430664,1192
2023-06-23 10:46:00+02:00,98.51000213623047,98.51000213623047,98.5,98.5,98.5,164
2023-06-23 10:47:00+02:00,98.5,98.5,98.5,98.5,98.5,135
2023-06-23 10:48:00+02:00,98.48999786376953,98.51000213623047,98.48999786376953,98.51000213623047,98.51000213623047,829
2023-06-23 10:49:00+02:00,98.5199966430664,98.54000091552734,98.5,98.54000091552734,98.54000091552734,1286
2023-06-23 10:50:00+02:00,98.5199966430664,98.52999877929688,98.51000213623047,98.52999877929688,98.52999877929688,142
2023-06-23 10:51:00+02:00,98.52999877929688,98.52999877929688,98.5,98.51000213623047,98.51000213623047,680
2023-06-23 10:52:00+02:00,98.5,98.5,98.45999908447266,98.45999908447266,98.45999908447266,569
2023-06-23 10:53:00+02:00,98.44000244140625,98.44000244140625,98.44000244140625,98.44000244140625,98.44000244140625,27
2023-06-23 10:54:00+02:00,98.47000122070312,98.55000305175781,98.47000122070312,98.54000091552734,98.54000091552734,462
2023-06-23 10:55:00+02:00,98.54000091552734,98.54000091552734,98.47000122070312,98.47000122070312,98.47000122070312,696
2023-06-23 10:56:00+02:00,98.47000122070312,98.5,98.47000122070312,98.5,98.5,247
2023-06-23 10:57:00+02:00,98.47000122070312,98.5199966430664,98.47000122070312,98.5199966430664,98.5199966430664,339
2023-06-23 10:58:00+02:00,98.51000213623047,98.52999877929688,98.48999786376953,98.52999877929688,98.52999877929688,395
2023-06-23 10:59:00+02:00,98.5,98.5,98.5,98.5,98.5,33
2023-06-23 11:02:00+02:00,98.43000030517578,98.51000213623047,98.43000030517578,98.51000213623047,98.51000213623047,1258
2023-06-23 11:03:00+02:00,98.48999786376953,98.51000213623047,98.4800033569336,98.51000213623047,98.51000213623047,208
2023-06-23 11:04:00+02:00,98.5199966430664,98.5199966430664,98.5,98.51000213623047,98.51000213623047,436
2023-06-23 11:05:00+02:00,98.5,98.5199966430664,98.5,98.5199966430664,98.5199966430664,63
2023-06-23 11:06:00+02:00,98.52999877929688,98.54000091552734,98.52999877929688,98.52999877929688,98.52999877929688,272
2023-06-23 11:07:00+02:00,98.52999877929688,98.52999877929688,98.5,98.52999877929688,98.52999877929688,721
2023-06-23 11:08:00+02:00,98.54000091552734,98.55999755859375,98.54000091552734,98.55000305175781,98.55000305175781,96
2023-06-23 11:09:00+02:00,98.5199966430664,98.52999877929688,98.5199966430664,98.52999877929688,98.52999877929688,573
2023-06-23 11:10:00+02:00,98.54000091552734,98.56999969482422,98.54000091552734,98.56999969482422,98.56999969482422,176
2023-06-23 11:11:00+02:00,98.58999633789062,98.58999633789062,98.58999633789062,98.58999633789062,98.58999633789062,49
2023-06-23 11:12:00+02:00,98.58999633789062,98.5999984741211,98.58000183105469,98.58000183105469,98.58000183105469,1468
2023-06-23 11:13:00+02:00,98.58000183105469,98.58000183105469,98.56999969482422,98.56999969482422,98.56999969482422,141
2023-06-23 11:14:00+02:00,98.55999755859375,98.56999969482422,98.55999755859375,98.56999969482422,98.56999969482422,561
2023-06-23 11:15:00+02:00,98.58000183105469,98.62999725341797,98.58000183105469,98.61000061035156,98.61000061035156,3468
2023-06-23 11:16:00+02:00,98.58999633789062,98.5999984741211,98.58999633789062,98.5999984741211,98.5999984741211,215
2023-06-23 11:17:00+02:00,98.5999984741211,98.66000366210938,98.58000183105469,98.66000366210938,98.66000366210938,2099
2023-06-23 11:18:00+02:00,98.66000366210938,98.66999816894531,98.62999725341797,98.62999725341797,98.62999725341797,538
2023-06-23 11:19:00+02:00,98.63999938964844,98.6500015258789,98.62999725341797,98.62999725341797,98.62999725341797,490
2023-06-23 11:20:00+02:00,98.61000061035156,98.6500015258789,98.58999633789062,98.6500015258789,98.6500015258789,2143
2023-06-23 11:21:00+02:00,98.63999938964844,98.66999816894531,98.5999984741211,98.66999816894531,98.66999816894531,1041
2023-06-23 11:22:00+02:00,98.68000030517578,98.77999877929688,98.68000030517578,98.72000122070312,98.72000122070312,4583
2023-06-23 11:23:00+02:00,98.72000122070312,98.75,98.72000122070312,98.73999786376953,98.73999786376953,3876
2023-06-23 11:24:00+02:00,98.7300033569336,98.73999786376953,98.70999908447266,98.72000122070312,98.72000122070312,2560
2023-06-23 11:25:00+02:00,98.69999694824219,98.70999908447266,98.68000030517578,98.69999694824219,98.69999694824219,921
2023-06-23 11:26:00+02:00,98.69999694824219,98.7300033569336,98.69999694824219,98.7300033569336,98.7300033569336,356
2023-06-23 11:27:00+02:00,98.72000122070312,98.7300033569336,98.68000030517578,98.69000244140625,98.69000244140625,832
2023-06-23 11:28:00+02:00,98.68000030517578,98.72000122070312,98.66999816894531,98.70999908447266,98.70999908447266,3039
2023-06-23 11:29:00+02:00,98.72000122070312,98.72000122070312,98.70999908447266,98.72000122070312,98.72000122070312,1040
2023-06-23 11:30:00+02:00,98.69999694824219,98.7300033569336,98.69000244140625,98.69999694824219,98.69999694824219,1055
2023-06-23 11:31:00+02:00,98.70999908447266,98.70999908447266,98.6500015258789,98.6500015258789,98.6500015258789,1055
2023-06-23 11:32:00+02:00,98.6500015258789,98.6500015258789,98.58999633789062,98.58999633789062,98.58999633789062,809
2023-06-23 11:33:00+02:00,98.58999633789062,98.5999984741211,98.58000183105469,98.58000183105469,98.58000183105469,1475
2023-06-23 11:34:00+02:00,98.56999969482422,98.56999969482422,98.51000213623047,98.52999877929688,98.52999877929688,797
2023-06-23 11:35:00+02:00,98.54000091552734,98.58000183105469,98.52999877929688,98.56999969482422,98.56999969482422,1272
2023-06-23 11:36:00+02:00,98.58999633789062,98.63999938964844,98.58999633789062,98.63999938964844,98.63999938964844,1870
2023-06-23 11:37:00+02:00,98.63999938964844,98.76000213623047,98.63999938964844,98.76000213623047,98.76000213623047,1383
2023-06-23 11:38:00+02:00,98.76000213623047,98.83000183105469,98.76000213623047,98.83000183105469,98.83000183105469,765
2023-06-23 11:39:00+02:00,98.8499984741211,98.8499984741211,98.83000183105469,98.83999633789062,98.83999633789062,380
2023-06-23 11:40:00+02:00,98.8499984741211,98.8499984741211,98.79000091552734,98.79000091552734,98.79000091552734,1408
2023-06-23 11:41:00+02:00,98.83000183105469,98.83000183105469,98.79000091552734,98.80999755859375,98.80999755859375,877
2023-06-23 11:42:00+02:00,98.80000305175781,98.80000305175781,98.80000305175781,98.80000305175781,98.80000305175781,76
2023-06-23 11:43:00+02:00,98.81999969482422,98.8499984741211,98.81999969482422,98.8499984741211,98.8499984741211,2228
2023-06-23 11:44:00+02:00,98.8499984741211,98.8499984741211,98.80999755859375,98.81999969482422,98.81999969482422,851
2023-06-23 11:45:00+02:00,98.81999969482422,98.86000061035156,98.81999969482422,98.8499984741211,98.8499984741211,1021
2023-06-23 11:46:00+02:00,98.8499984741211,98.87999725341797,98.83000183105469,98.83000183105469,98.83000183105469,1390
2023-06-23 11:47:00+02:00,98.81999969482422,98.83000183105469,98.81999969482422,98.83000183105469,98.83000183105469,514
2023-06-23 11:48:00+02:00,98.83999633789062,98.88999938964844,98.83999633789062,98.88999938964844,98.88999938964844,1256
2023-06-23 11:49:00+02:00,98.87999725341797,98.94999694824219,98.87000274658203,98.93000030517578,98.93000030517578,3294
2023-06-23 11:50:00+02:00,98.93000030517578,98.97000122070312,98.9000015258789,98.94999694824219,98.94999694824219,12306
2023-06-23 11:51:00+02:00,98.95999908447266,98.9800033569336,98.8499984741211,98.87000274658203,98.87000274658203,7020
2023-06-23 11:52:00+02:00,98.86000061035156,98.95999908447266,98.8499984741211,98.93000030517578,98.93000030517578,7320
2023-06-23 11:53:00+02:00,98.94999694824219,99.0,98.91999816894531,98.91999816894531,98.91999816894531,9463
2023-06-23 11:54:00+02:00,98.94999694824219,99.02999877929688,98.94000244140625,98.94999694824219,98.94999694824219,14286
2023-06-23 11:55:00+02:00,98.97000122070312,98.97000122070312,98.8499984741211,98.9000015258789,98.9000015258789,9060
2023-06-23 11:56:00+02:00,98.91000366210938,98.94000244140625,98.87000274658203,98.91000366210938,98.91000366210938,6131
2023-06-23 11:57:00+02:00,98.91000366210938,98.93000030517578,98.8499984741211,98.8499984741211,98.8499984741211,5885
2023-06-23 11:58:00+02:00,98.87000274658203,98.91999816894531,98.86000061035156,98.87000274658203,98.87000274658203,7774
2023-06-23 11:59:00+02:00,98.87000274658203,98.91999816894531,98.81999969482422,98.91000366210938,98.91000366210938,7455
2023-06-23 12:00:00+02:00,98.9000015258789,98.93000030517578,98.9000015258789,98.93000030517578,98.93000030517578,330
2023-06-23 12:01:00+02:00,98.91000366210938,98.93000030517578,98.91000366210938,98.91999816894531,98.91999816894531,367
2023-06-23 12:02:00+02:00,98.91999816894531,98.94999694824219,98.91000366210938,98.91999816894531,98.91999816894531,1015
2023-06-23 12:03:00+02:00,98.91000366210938,98.91999816894531,98.91000366210938,98.91000366210938,98.91000366210938,483
2023-06-23 12:04:00+02:00,98.9000015258789,98.9000015258789,98.86000061035156,98.87999725341797,98.87999725341797,383
2023-06-23 12:06:00+02:00,98.91000366210938,98.93000030517578,98.91000366210938,98.93000030517578,98.93000030517578,708
2023-06-23 12:07:00+02:00,98.9800033569336,98.9800033569336,98.97000122070312,98.97000122070312,98.97000122070312,288
2023-06-23 12:08:00+02:00,98.9800033569336,98.98999786376953,98.97000122070312,98.97000122070312,98.97000122070312,470
2023-06-23 12:09:00+02:00,98.97000122070312,98.97000122070312,98.97000122070312,98.97000122070312,98.97000122070312,194
2023-06-23 12:10:00+02:00,98.95999908447266,98.98999786376953,98.95999908447266,98.98999786376953,98.98999786376953,649
2023-06-23 12:11:00+02:00,99.0,99.0199966430664,99.0,99.01000213623047,99.01000213623047,625
2023-06-23 12:12:00+02:00,99.0,99.0,99.0,99.0,99.0,177
2023-06-23 12:13:00+02:00,99.0199966430664,99.0199966430664,98.9800033569336,99.0,99.0,1673
2023-06-23 12:14:00+02:00,99.04000091552734,99.04000091552734,99.02999877929688,99.02999877929688,99.02999877929688,80
2023-06-23 12:15:00+02:00,99.04000091552734,99.06999969482422,99.01000213623047,99.01000213623047,99.01000213623047,1507
2023-06-23 12:16:00+02:00,99.0199966430664,99.0199966430664,99.0199966430664,99.0199966430664,99.0199966430664,8
2023-06-23 12:17:00+02:00,99.05000305175781,99.05000305175781,99.01000213623047,99.01000213623047,99.01000213623047,316
2023-06-23 12:18:00+02:00,99.02999877929688,99.04000091552734,99.02999877929688,99.04000091552734,99.04000091552734,1095
2023-06-23 12:19:00+02:00,99.02999877929688,99.02999877929688,99.02999877929688,99.02999877929688,99.02999877929688,282
2023-06-23 12:20:00+02:00,99.04000091552734,99.04000091552734,99.04000091552734,99.04000091552734,99.04000091552734,138
2023-06-23 12:21:00+02:00,99.06999969482422,99.08000183105469,99.06999969482422,99.08000183105469,99.08000183105469,628
2023-06-23 12:22:00+02:00,99.06999969482422,99.11000061035156,99.06999969482422,99.11000061035156,99.11000061035156,1519
2023-06-23 12:24:00+02:00,99.13999938964844,99.16000366210938,99.12999725341797,99.12999725341797,99.12999725341797,963
2023-06-23 12:25:00+02:00,99.12000274658203,99.12000274658203,99.12000274658203,99.12000274658203,99.12000274658203,5
2023-06-23 12:26:00+02:00,99.1500015258789,99.1500015258789,99.13999938964844,99.13999938964844,99.13999938964844,217
2023-06-23 12:27:00+02:00,99.12999725341797,99.12999725341797,99.12999725341797,99.12999725341797,99.12999725341797,136
2023-06-23 12:28:00+02:00,99.13999938964844,99.1500015258789,99.13999938964844,99.1500015258789,99.1500015258789,660
2023-06-23 12:29:00+02:00,99.16999816894531,99.18000030517578,99.16000366210938,99.16999816894531,99.16999816894531,440
2023-06-23 12:30:00+02:00,99.16000366210938,99.16000366210938,99.16000366210938,99.16000366210938,99.16000366210938,107
2023-06-23 12:31:00+02:00,99.18000030517578,99.18000030517578,99.16999816894531,99.16999816894531,99.16999816894531,223
2023-06-23 12:32:00+02:00,99.16999816894531,99.19999694824219,99.16999816894531,99.18000030517578,99.18000030517578,1785
2023-06-23 12:33:00+02:00,99.19000244140625,99.19000244140625,99.19000244140625,99.19000244140625,99.19000244140625,144
2023-06-23 12:34:00+02:00,99.19000244140625,99.19999694824219,99.16999816894531,99.16999816894531,99.16999816894531,245
2023-06-23 12:35:00+02:00,99.1500015258789,99.1500015258789,99.12999725341797,99.12999725341797,99.12999725341797,9
2023-06-23 12:36:00+02:00,99.0999984741211,99.11000061035156,99.06999969482422,99.11000061035156,99.11000061035156,1900
2023-06-23 12:37:00+02:00,99.08999633789062,99.08999633789062,99.04000091552734,99.04000091552734,99.04000091552734,465
2023-06-23 12:38:00+02:00,99.0199966430664,99.04000091552734,99.0,99.04000091552734,99.04000091552734,1343
2023-06-23 12:39:00+02:00,99.0199966430664,99.0199966430664,99.0199966430664,99.0199966430664,99.0199966430664,500
2023-06-23 12:40:00+02:00,99.04000091552734,99.04000091552734,99.04000091552734,99.04000091552734,99.04000091552734,100
2023-06-23 12:41:00+02:00,99.05000305175781,99.06999969482422,99.04000091552734,99.06999969482422,99.06999969482422,275
2023-06-23 12:42:00+02:00,99.06999969482422,99.06999969482422,99.05999755859375,99.05999755859375,99.05999755859375,349
2023-06-23 12:43:00+02:00,99.08000183105469,99.08000183105469,99.05000305175781,99.05000305175781,99.05000305175781,365
2023-06-23 12:44:00+02:00,99.04000091552734,99.04000091552734,99.04000091552734,99.04000091552734,99.04000091552734,186
2023-06-23 12:45:00+02:00,99.05000305175781,99.05000305175781,99.02999877929688,99.02999877929688,99.02999877929688,305
2023-06-23 12:46:00+02:00,99.02999877929688,99.02999877929688,99.02999877929688,99.02999877929688,99.02999877929688,79
2023-06-23 12:47:00+02:00,99.02999877929688,99.02999877929688,98.9800033569336,98.98999786376953,98.98999786376953,2191
2023-06-23 12:48:00+02:00,98.9800033569336,98.9800033569336,98.95999908447266,98.95999908447266,98.95999908447266,273
2023-06-23 12:49:00+02:00,98.94000244140625,98.95999908447266,98.94000244140625,98.95999908447266,98.95999908447266,489
2023-06-23 12:50:00+02:00,98.95999908447266,99.01000213623047,98.95999908447266,99.01000213623047,99.01000213623047,164
2023-06-23 12:51:00+02:00,98.98999786376953,98.98999786376953,98.9800033569336,98.9800033569336,98.9800033569336,300
2023-06-23 12:52:00+02:00,98.97000122070312,98.9800033569336,98.97000122070312,98.9800033569336,98.9800033569336,112
2023-06-23 12:53:00+02:00,98.9800033569336,98.9800033569336,98.94999694824219,98.95999908447266,98.95999908447266,466
2023-06-23 12:54:00+02:00,98.97000122070312,98.97000122070312,98.91000366210938,98.91000366210938,98.91000366210938,884
2023-06-23 12:55:00+02:00,98.9000015258789,98.93000030517578,98.87999725341797,98.91999816894531,98.91999816894531,2134
2023-06-23 12:56:00+02:00,98.87999725341797,98.87999725341797,98.86000061035156,98.86000061035156,98.86000061035156,558
2023-06-23 12:57:00+02:00,98.87000274658203,98.87000274658203,98.8499984741211,98.8499984741211,98.8499984741211,123
2023-06-23 12:58:00+02:00,98.8499984741211,98.87000274658203,98.8499984741211,98.87000274658203,98.87000274658203,644
2023-06-23 12:59:00+02:00,98.87999725341797,98.87999725341797,98.8499984741211,98.8499984741211,98.8499984741211,680
2023-06-23 13:00:00+02:00,98.83999633789062,98.8499984741211,98.83000183105469,98.83000183105469,98.83000183105469,1460
2023-06-23 13:01:00+02:00,98.83000183105469,98.83000183105469,98.83000183105469,98.83000183105469,98.83000183105469,102
2023-06-23 13:02:00+02:00,98.8499984741211,98.87999725341797,98.8499984741211,98.87000274658203,98.87000274658203,900
2023-06-23 13:03:00+02:00,98.87000274658203,98.9000015258789,98.87000274658203,98.9000015258789,98.9000015258789,407
2023-06-23 13:04:00+02:00,98.91000366210938,98.91000366210938,98.88999938964844,98.9000015258789,98.9000015258789,749
2023-06-23 13:05:00+02:00,98.91000366210938,98.91000366210938,98.91000366210938,98.91000366210938,98.91000366210938,35
2023-06-23 13:06:00+02:00,98.9000015258789,98.9000015258789,98.9000015258789,98.9000015258789,98.9000015258789,23
2023-06-23 13:07:00+02:00,98.9000015258789,98.9000015258789,98.87000274658203,98.87000274658203,98.87000274658203,674
2023-06-23 13:08:00+02:00,98.86000061035156,98.86000061035156,98.83999633789062,98.83999633789062,98.83999633789062,374
2023-06-23 13:09:00+02:00,98.8499984741211,98.8499984741211,98.80999755859375,98.80999755859375,98.80999755859375,432
2023-06-23 13:10:00+02:00,98.81999969482422,98.83999633789062,98.80999755859375,98.83999633789062,98.83999633789062,828
2023-06-23 13:11:00+02:00,98.8499984741211,98.87000274658203,98.8499984741211,98.86000061035156,98.86000061035156,469
2023-06-23 13:12:00+02:00,98.8499984741211,98.86000061035156,98.8499984741211,98.86000061035156,98.86000061035156,205
2023-06-23 13:13:00+02:00,98.86000061035156,98.86000061035156,98.8499984741211,98.8499984741211,98.8499984741211,390
2023-06-23 13:14:00+02:00,98.86000061035156,98.86000061035156,98.86000061035156,98.86000061035156,98.86000061035156,158
2023-06-23 13:15:00+02:00,98.87999725341797,98.87999725341797,98.87999725341797,98.87999725341797,98.87999725341797,702
2023-06-23 13:16:00+02:00,98.87999725341797,98.87999725341797,98.83999633789062,98.83999633789062,98.83999633789062,980
2023-06-23 13:17:00+02:00,98.83000183105469,98.8499984741211,98.81999969482422,98.81999969482422,98.81999969482422,627
2023-06-23 13:18:00+02:00,98.81999969482422,98.8499984741211,98.80999755859375,98.8499984741211,98.8499984741211,898
2023-06-23 13:19:00+02:00,98.86000061035156,98.86000061035156,98.86000061035156,98.86000061035156,98.86000061035156,59
2023-06-23 13:20:00+02:00,98.86000061035156,98.87000274658203,98.86000061035156,98.87000274658203,98.87000274658203,282
2023-06-23 13:21:00+02:00,98.87999725341797,98.87999725341797,98.8499984741211,98.86000061035156,98.86000061035156,1471
2023-06-23 13:23:00+02:00,98.87000274658203,98.87000274658203,98.87000274658203,98.87000274658203,98.87000274658203,259
2023-06-23 13:24:00+02:00,98.9000015258789,98.93000030517578,98.9000015258789,98.93000030517578,98.93000030517578,356
2023-06-23 13:25:00+02:00,98.93000030517578,98.93000030517578,98.93000030517578,98.93000030517578,98.93000030517578,113
2023-06-23 13:26:00+02:00,98.95999908447266,98.97000122070312,98.94000244140625,98.97000122070312,98.97000122070312,1169
2023-06-23 13:27:00+02:00,98.97000122070312,98.9800033569336,98.97000122070312,98.97000122070312,98.97000122070312,1180
2023-06-23 13:28:00+02:00,98.97000122070312,98.97000122070312,98.95999908447266,98.97000122070312,98.97000122070312,617
2023-06-23 13:29:00+02:00,98.97000122070312,98.9800033569336,98.97000122070312,98.97000122070312,98.97000122070312,900
2023-06-23 13:30:00+02:00,98.98999786376953,99.01000213623047,98.98999786376953,98.98999786376953,98.98999786376953,1000
2023-06-23 13:31:00+02:00,98.98999786376953,99.0,98.98999786376953,98.98999786376953,98.98999786376953,673
2023-06-23 13:32:00+02:00,98.98999786376953,98.98999786376953,98.95999908447266,98.95999908447266,98.95999908447266,525
2023-06-23 13:33:00+02:00,98.95999908447266,98.98999786376953,98.95999908447266,98.98999786376953,98.98999786376953,1885
2023-06-23 13:34:00+02:00,98.98999786376953,99.05000305175781,98.98999786376953,99.05000305175781,99.05000305175781,524
2023-06-23 13:35:00+02:00,99.06999969482422,99.06999969482422,99.06999969482422,99.06999969482422,99.06999969482422,338
2023-06-23 13:36:00+02:00,99.05000305175781,99.05000305175781,99.02999877929688,99.02999877929688,99.02999877929688,128
2023-06-23 13:37:00+02:00,99.04000091552734,99.04000091552734,99.02999877929688,99.02999877929688,99.02999877929688,400
2023-06-23 13:38:00+02:00,99.02999877929688,99.02999877929688,99.01000213623047,99.0199966430664,99.0199966430664,1073
2023-06-23 13:39:00+02:00,99.0199966430664,99.0199966430664,98.95999908447266,98.97000122070312,98.97000122070312,896
2023-06-23 13:40:00+02:00,98.98999786376953,98.98999786376953,98.98999786376953,98.98999786376953,98.98999786376953,258
2023-06-23 13:41:00+02:00,98.9800033569336,98.9800033569336,98.91999816894531,98.93000030517578,98.93000030517578,353
2023-06-23 13:42:00+02:00,98.9000015258789,98.9000015258789,98.9000015258789,98.9000015258789,98.9000015258789,118
2023-06-23 13:43:00+02:00,98.87999725341797,98.9000015258789,98.86000061035156,98.9000015258789,98.9000015258789,971
2023-06-23 13:44:00+02:00,98.9000015258789,98.91999816894531,98.9000015258789,98.91999816894531,98.91999816894531,299
2023-06-23 13:45:00+02:00,98.91999816894531,98.91999816894531,98.9000015258789,98.9000015258789,98.9000015258789,516
2023-06-23 13:46:00+02:00,98.9000015258789,98.9000015258789,98.88999938964844,98.88999938964844,98.88999938964844,398
2023-06-23 13:47:00+02:00,98.9000015258789,98.9000015258789,98.87999725341797,98.87999725341797,98.87999725341797,561
2023-06-23 13:48:00+02:00,98.87999725341797,98.9000015258789,98.87999725341797,98.9000015258789,98.9000015258789,665
2023-06-23 13:49:00+02:00,98.93000030517578,98.97000122070312,98.93000030517578,98.97000122070312,98.97000122070312,1215
2023-06-23 13:50:00+02:00,98.95999908447266,98.97000122070312,98.94999694824219,98.94999694824219,98.94999694824219,751
2023-06-23 13:51:00+02:00,98.94999694824219,98.94999694824219,98.91000366210938,98.91000366210938,98.91000366210938,794
2023-06-23 13:52:00+02:00,98.91000366210938,98.91000366210938,98.9000015258789,98.9000015258789,98.9000015258789,792
2023-06-23 13:53:00+02:00,98.88999938964844,98.9000015258789,98.87999725341797,98.88999938964844,98.88999938964844,1133
2023-06-23 13:54:00+02:00,98.9000015258789,98.91000366210938,98.9000015258789,98.91000366210938,98.91000366210938,424
2023-06-23 13:55:00+02:00,98.93000030517578,98.93000030517578,98.93000030517578,98.93000030517578,98.93000030517578,3
2023-06-23 13:56:00+02:00,98.94999694824219,98.97000122070312,98.94999694824219,98.95999908447266,98.95999908447266,497
2023-06-23 13:57:00+02:00,98.95999908447266,98.95999908447266,98.88999938964844,98.91999816894531,98.91999816894531,1067
2023-06-23 13:58:00+02:00,98.91999816894531,98.91999816894531,98.91999816894531,98.91999816894531,98.91999816894531,156
2023-06-23 13:59:00+02:00,98.91000366210938,98.91999816894531,98.87999725341797,98.91999816894531,98.91999816894531,1048
2023-06-23 14:00:00+02:00,98.91000366210938,98.91999816894531,98.91000366210938,98.91999816894531,98.91999816894531,55
2023-06-23 14:01:00+02:00,98.9000015258789,98.91000366210938,98.88999938964844,98.88999938964844,98.88999938964844,400
2023-06-23 14:02:00+02:00,98.88999938964844,98.9000015258789,98.88999938964844,98.9000015258789,98.9000015258789,309
2023-06-23 14:03:00+02:00,98.91999816894531,98.94000244140625,98.91999816894531,98.94000244140625,98.94000244140625,1720
2023-06-23 14:04:00+02:00,98.93000030517578,98.93000030517578,98.91000366210938,98.91000366210938,98.91000366210938,1024
2023-06-23 14:05:00+02:00,98.87999725341797,98.87999725341797,98.87000274658203,98.87999725341797,98.87999725341797,1112
2023-06-23 14:06:00+02:00,98.88999938964844,98.9000015258789,98.88999938964844,98.88999938964844,98.88999938964844,353
2023-06-23 14:07:00+02:00,98.88999938964844,98.88999938964844,98.83999633789062,98.83999633789062,98.83999633789062,1766
2023-06-23 14:08:00+02:00,98.8499984741211,98.86000061035156,98.83999633789062,98.83999633789062,98.83999633789062,861
2023-06-23 14:09:00+02:00,98.83000183105469,98.83000183105469,98.80000305175781,98.80000305175781,98.80000305175781,581
2023-06-23 14:10:00+02:00,98.79000091552734,98.79000091552734,98.76000213623047,98.79000091552734,98.79000091552734,405
2023-06-23 14:11:00+02:00,98.77999877929688,98.77999877929688,98.75,98.76000213623047,98.76000213623047,310
2023-06-23 14:12:00+02:00,98.76000213623047,98.83000183105469,98.76000213623047,98.83000183105469,98.83000183105469,1378
2023-06-23 14:13:00+02:00,98.83000183105469,98.8499984741211,98.81999969482422,98.83999633789062,98.83999633789062,1678
2023-06-23 14:14:00+02:00,98.8499984741211,98.87000274658203,98.8499984741211,98.87000274658203,98.87000274658203,910
2023-06-23 14:15:00+02:00,98.86000061035156,98.87000274658203,98.86000061035156,98.87000274658203,98.87000274658203,395
2023-06-23 14:16:00+02:00,98.86000061035156,98.86000061035156,98.83999633789062,98.83999633789062,98.83999633789062,718
2023-06-23 14:17:00+02:00,98.83999633789062,98.8499984741211,98.83999633789062,98.8499984741211,98.8499984741211,309
2023-06-23 14:18:00+02:00,98.86000061035156,98.88999938964844,98.86000061035156,98.88999938964844,98.88999938964844,1063
2023-06-23 14:19:00+02:00,98.88999938964844,98.88999938964844,98.8499984741211,98.86000061035156,98.86000061035156,1706
2023-06-23 14:20:00+02:00,98.87000274658203,98.87000274658203,98.87000274658203,98.87000274658203,98.87000274658203,60
2023-06-23 14:21:00+02:00,98.88999938964844,98.88999938964844,98.87000274658203,98.87000274658203,98.87000274658203,164
2023-06-23 14:22:00+02:00,98.86000061035156,98.86000061035156,98.8499984741211,98.86000061035156,98.86000061035156,660
2023-06-23 14:23:00+02:00,98.8499984741211,98.8499984741211,98.83000183105469,98.83000183105469,98.83000183105469,391
2023-06-23 14:24:00+02:00,98.83999633789062,98.87999725341797,98.83999633789062,98.87999725341797,98.87999725341797,703
2023-06-23 14:25:00+02:00,98.87999725341797,98.87999725341797,98.86000061035156,98.87999725341797,98.87999725341797,1134
2023-06-23 14:26:00+02:00,98.87000274658203,98.87999725341797,98.87000274658203,98.87000274658203,98.87000274658203,328
2023-06-23 14:27:00+02:00,98.86000061035156,98.86000061035156,98.81999969482422,98.81999969482422,98.81999969482422,713
2023-06-23 14:28:00+02:00,98.80999755859375,98.81999969482422,98.80999755859375,98.80999755859375,98.80999755859375,631
2023-06-23 14:29:00+02:00,98.80000305175781,98.80999755859375,98.79000091552734,98.79000091552734,98.79000091552734,1418
2023-06-23 14:30:00+02:00,98.79000091552734,98.80999755859375,98.79000091552734,98.80999755859375,98.80999755859375,643
2023-06-23 14:31:00+02:00,98.80999755859375,98.80999755859375,98.79000091552734,98.80999755859375,98.80999755859375,1291
2023-06-23 14:32:00+02:00,98.80000305175781,98.80999755859375,98.80000305175781,98.80999755859375,98.80999755859375,826
2023-06-23 14:33:00+02:00,98.80999755859375,98.83999633789062,98.80999755859375,98.83999633789062,98.83999633789062,1147
2023-06-23 14:34:00+02:00,98.8499984741211,98.87999725341797,98.83999633789062,98.87000274658203,98.87000274658203,930
2023-06-23 14:35:00+02:00,98.87999725341797,98.88999938964844,98.83999633789062,98.83999633789062,98.83999633789062,1477
2023-06-23 14:36:00+02:00,98.83999633789062,98.83999633789062,98.81999969482422,98.81999969482422,98.81999969482422,733
2023-06-23 14:37:00+02:00,98.81999969482422,98.83000183105469,98.77999877929688,98.77999877929688,98.77999877929688,982
2023-06-23 14:38:00+02:00,98.7699966430664,98.79000091552734,98.76000213623047,98.7699966430664,98.7699966430664,1121
2023-06-23 14:39:00+02:00,98.7699966430664,98.79000091552734,98.7699966430664,98.77999877929688,98.77999877929688,1582
2023-06-23 14:40:00+02:00,98.7699966430664,98.80000305175781,98.76000213623047,98.77999877929688,98.77999877929688,1210
2023-06-23 14:41:00+02:00,98.80000305175781,98.87000274658203,98.79000091552734,98.87000274658203,98.87000274658203,1539
2023-06-23 14:42:00+02:00,98.87000274658203,98.87000274658203,98.83000183105469,98.83999633789062,98.83999633789062,2203
2023-06-23 14:43:00+02:00,98.83000183105469,98.83000183105469,98.7699966430664,98.7699966430664,98.7699966430664,1160
2023-06-23 14:44:00+02:00,98.77999877929688,98.81999969482422,98.77999877929688,98.81999969482422,98.81999969482422,2651
2023-06-23 14:45:00+02:00,98.81999969482422,98.83999633789062,98.80999755859375,98.81999969482422,98.81999969482422,1556
2023-06-23 14:46:00+02:00,98.80999755859375,98.81999969482422,98.75,98.75,98.75,1899
2023-06-23 14:47:00+02:00,98.73999786376953,98.86000061035156,98.7300033569336,98.86000061035156,98.86000061035156,3578
2023-06-23 14:48:00+02:00,98.83000183105469,98.8499984741211,98.80999755859375,98.80999755859375,98.80999755859375,3184
2023-06-23 14:49:00+02:00,98.80000305175781,98.80000305175781,98.75,98.77999877929688,98.77999877929688,1149
2023-06-23 14:50:00+02:00,98.79000091552734,98.8499984741211,98.7699966430664,98.77999877929688,98.77999877929688,6658
2023-06-23 14:51:00+02:00,98.77999877929688,98.80000305175781,98.77999877929688,98.79000091552734,98.79000091552734,872
2023-06-23 14:52:00+02:00,98.79000091552734,98.80000305175781,98.76000213623047,98.7699966430664,98.7699966430664,2391
2023-06-23 14:53:00+02:00,98.7699966430664,98.77999877929688,98.75,98.77999877929688,98.77999877929688,1985
2023-06-23 14:54:00+02:00,98.7699966430664,98.7699966430664,98.68000030517578,98.73999786376953,98.73999786376953,3969
2023-06-23 14:55:00+02:00,98.73999786376953,98.80000305175781,98.66999816894531,98.66999816894531,98.66999816894531,4292
2023-06-23 14:56:00+02:00,98.66000366210938,98.70999908447266,98.66000366210938,98.70999908447266,98.70999908447266,1860
2023-06-23 14:57:00+02:00,98.70999908447266,98.70999908447266,98.6500015258789,98.66000366210938,98.66000366210938,2116
2023-06-23 14:58:00+02:00,98.6500015258789,98.6500015258789,98.58000183105469,98.58999633789062,98.58999633789062,2231
2023-06-23 14:59:00+02:00,98.58000183105469,98.62999725341797,98.56999969482422,98.62000274658203,98.62000274658203,2453
2023-06-23 15:00:00+02:00,98.62000274658203,98.69999694824219,98.61000061035156,98.69999694824219,98.69999694824219,1601
2023-06-23 15:01:00+02:00,98.69999694824219,98.72000122070312,98.68000030517578,98.72000122070312,98.72000122070312,2135
2023-06-23 15:02:00+02:00,98.72000122070312,98.73999786376953,98.69000244140625,98.73999786376953,98.73999786376953,1761
2023-06-23 15:03:00+02:00,98.7300033569336,98.76000213623047,98.7300033569336,98.73999786376953,98.73999786376953,1727
2023-06-23 15:04:00+02:00,98.73999786376953,98.73999786376953,98.72000122070312,98.73999786376953,98.73999786376953,1737
2023-06-23 15:05:00+02:00,98.7300033569336,98.73999786376953,98.69999694824219,98.69999694824219,98.69999694824219,1370
2023-06-23 15:06:00+02:00,98.69000244140625,98.69999694824219,98.66999816894531,98.66999816894531,98.66999816894531,1051
2023-06-23 15:07:00+02:00,98.66000366210938,98.66000366210938,98.61000061035156,98.61000061035156,98.61000061035156,2842
2023-06-23 15:08:00+02:00,98.58999633789062,98.66000366210938,98.58999633789062,98.62999725341797,98.62999725341797,4765
2023-06-23 15:09:00+02:00,98.62000274658203,98.62999725341797,98.5999984741211,98.62000274658203,98.62000274658203,1317
2023-06-23 15:10:00+02:00,98.62000274658203,98.66999816894531,98.55999755859375,98.58000183105469,98.58000183105469,3692
2023-06-23 15:11:00+02:00,98.58000183105469,98.58000183105469,98.45999908447266,98.5199966430664,98.5199966430664,4723
2023-06-23 15:12:00+02:00,98.52999877929688,98.52999877929688,98.47000122070312,98.4800033569336,98.4800033569336,2459
2023-06-23 15:13:00+02:00,98.4800033569336,98.48999786376953,98.45999908447266,98.48999786376953,98.48999786376953,1421
2023-06-23 15:14:00+02:00,98.4800033569336,98.4800033569336,98.41999816894531,98.44000244140625,98.44000244140625,4790
2023-06-23 15:15:00+02:00,98.44999694824219,98.4800033569336,98.44999694824219,98.47000122070312,98.47000122070312,2545
2023-06-23 15:16:00+02:00,98.48999786376953,98.52999877929688,98.48999786376953,98.51000213623047,98.51000213623047,2567
2023-06-23 15:17:00+02:00,98.5,98.5,98.44999694824219,98.44999694824219,98.44999694824219,2243
2023-06-23 15:18:00+02:00,98.45999908447266,98.45999908447266,98.44000244140625,98.44999694824219,98.44999694824219,1781
2023-06-23 15:19:00+02:00,98.44999694824219,98.45999908447266,98.43000030517578,98.43000030517578,98.43000030517578,1967
2023-06-23 15:20:00+02:00,98.41999816894531,98.41999816894531,98.37999725341797,98.41000366210938,98.41000366210938,2301
2023-06-23 15:21:00+02:00,98.38999938964844,98.38999938964844,98.37999725341797,98.37999725341797,98.37999725341797,777
2023-06-23 15:22:00+02:00,98.4000015258789,98.44000244140625,98.4000015258789,98.44000244140625,98.44000244140625,1337
2023-06-23 15:23:00+02:00,98.44000244140625,98.45999908447266,98.44000244140625,98.44000244140625,98.44000244140625,634
2023-06-23 15:24:00+02:00,98.44000244140625,98.44000244140625,98.44000244140625,98.44000244140625,98.44000244140625,637
2023-06-23 15:25:00+02:00,98.44000244140625,98.44000244140625,98.44000244140625,98.44000244140625,98.44000244140625,618
2023-06-23 15:26:00+02:00,98.44000244140625,98.44000244140625,98.44000244140625,98.44000244140625,98.44000244140625,309
2023-06-23 15:27:00+02:00,98.44000244140625,98.4800033569336,98.44000244140625,98.47000122070312,98.47000122070312,6473
2023-06-23 15:28:00+02:00,98.47000122070312,98.48999786376953,98.47000122070312,98.47000122070312,98.47000122070312,3400
2023-06-23 15:29:00+02:00,98.47000122070312,98.4800033569336,98.44000244140625,98.47000122070312,98.47000122070312,4333
2023-06-23 15:30:00+02:00,98.48999786376953,98.6500015258789,98.4800033569336,98.6500015258789,98.6500015258789,9493
2023-06-23 15:31:00+02:00,98.63999938964844,98.63999938964844,98.41000366210938,98.41999816894531,98.41999816894531,18812
2023-06-23 15:32:00+02:00,98.41000366210938,98.52999877929688,98.41000366210938,98.45999908447266,98.45999908447266,8249
2023-06-23 15:33:00+02:00,98.45999908447266,98.47000122070312,98.30999755859375,98.37000274658203,98.37000274658203,3367
2023-06-23 15:34:00+02:00,98.37000274658203,98.37000274658203,98.30000305175781,98.33000183105469,98.33000183105469,2515
2023-06-23 15:35:00+02:00,98.33999633789062,98.37999725341797,98.30999755859375,98.33999633789062,98.33999633789062,5847
2023-06-23 15:36:00+02:00,98.30999755859375,98.3499984741211,98.29000091552734,98.33999633789062,98.33999633789062,4913
2023-06-23 15:37:00+02:00,98.33999633789062,98.38999938964844,98.30999755859375,98.33999633789062,98.33999633789062,5349
2023-06-23 15:38:00+02:00,98.33000183105469,98.33000183105469,98.31999969482422,98.31999969482422,98.31999969482422,2968
2023-06-23 15:39:00+02:00,98.31999969482422,98.36000061035156,98.30000305175781,98.33000183105469,98.33000183105469,2297
2023-06-23 15:40:00+02:00,98.33999633789062,98.33999633789062,98.27999877929688,98.30999755859375,98.30999755859375,3288
2023-06-23 15:41:00+02:00,98.33000183105469,98.4000015258789,98.33000183105469,98.3499984741211,98.3499984741211,2163
2023-06-23 15:42:00+02:00,98.3499984741211,98.37000274658203,98.30999755859375,98.36000061035156,98.36000061035156,9996
2023-06-23 15:43:00+02:00,98.36000061035156,98.36000061035156,98.27999877929688,98.29000091552734,98.29000091552734,3304
2023-06-23 15:44:00+02:00,98.29000091552734,98.33000183105469,98.2699966430664,98.30000305175781,98.30000305175781,4782
2023-06-23 15:45:00+02:00,98.31999969482422,98.48999786376953,98.2699966430664,98.45999908447266,98.45999908447266,12587
2023-06-23 15:46:00+02:00,98.4800033569336,98.48999786376953,98.41999816894531,98.44999694824219,98.44999694824219,4887
2023-06-23 15:47:00+02:00,98.44999694824219,98.55000305175781,98.44999694824219,98.52999877929688,98.52999877929688,5622
2023-06-23 15:48:00+02:00,98.52999877929688,98.58000183105469,98.52999877929688,98.55999755859375,98.55999755859375,3751
2023-06-23 15:49:00+02:00,98.55000305175781,98.56999969482422,98.5,98.5199966430664,98.5199966430664,4630
2023-06-23 15:50:00+02:00,98.51000213623047,98.5999984741211,98.51000213623047,98.58000183105469,98.58000183105469,4420
2023-06-23 15:51:00+02:00,98.58000183105469,98.6500015258789,98.56999969482422,98.62999725341797,98.62999725341797,3663
2023-06-23 15:52:00+02:00,98.61000061035156,98.66000366210938,98.61000061035156,98.62000274658203,98.62000274658203,3727
2023-06-23 15:53:00+02:00,98.62000274658203,98.62000274658203,98.52999877929688,98.52999877929688,98.52999877929688,1896
2023-06-23 15:54:00+02:00,98.55999755859375,98.58999633789062,98.5,98.5199966430664,98.5199966430664,3977
2023-06-23 15:55:00+02:00,98.52999877929688,98.58000183105469,98.52999877929688,98.52999877929688,98.52999877929688,2699
2023-06-23 15:56:00+02:00,98.52999877929688,98.55999755859375,98.48999786376953,98.5,98.5,5885
2023-06-23 15:57:00+02:00,98.5199966430664,98.62999725341797,98.5199966430664,98.62000274658203,98.62000274658203,4172
2023-06-23 15:58:00+02:00,98.61000061035156,98.6500015258789,98.5999984741211,98.61000061035156,98.61000061035156,3475
2023-06-23 15:59:00+02:00,98.5999984741211,98.62000274658203,98.5199966430664,98.54000091552734,98.54000091552734,3996
2023-06-23 16:00:00+02:00,98.55000305175781,98.55999755859375,98.52999877929688,98.52999877929688,98.52999877929688,2418
2023-06-23 16:01:00+02:00,98.5199966430664,98.55999755859375,98.51000213623047,98.5199966430664,98.5199966430664,5317
2023-06-23 16:02:00+02:00,98.54000091552734,98.55999755859375,98.52999877929688,98.54000091552734,98.54000091552734,2973
2023-06-23 16:03:00+02:00,98.55000305175781,98.58999633789062,98.54000091552734,98.56999969482422,98.56999969482422,5078
2023-06-23 16:04:00+02:00,98.58000183105469,98.5999984741211,98.55000305175781,98.55000305175781,98.55000305175781,2827
2023-06-23 16:05:00+02:00,98.55000305175781,98.56999969482422,98.52999877929688,98.55000305175781,98.55000305175781,6500
2023-06-23 16:06:00+02:00,98.55000305175781,98.61000061035156,98.55000305175781,98.55999755859375,98.55999755859375,2795
2023-06-23 16:07:00+02:00,98.55000305175781,98.55000305175781,98.51000213623047,98.52999877929688,98.52999877929688,4734
2023-06-23 16:08:00+02:00,98.52999877929688,98.56999969482422,98.52999877929688,98.55000305175781,98.55000305175781,6481
2023-06-23 16:09:00+02:00,98.52999877929688,98.52999877929688,98.5,98.51000213623047,98.51000213623047,1835
2023-06-23 16:10:00+02:00,98.5199966430664,98.58000183105469,98.51000213623047,98.54000091552734,98.54000091552734,4927
2023-06-23 16:11:00+02:00,98.56999969482422,98.62999725341797,98.56999969482422,98.5999984741211,98.5999984741211,6893
2023-06-23 16:12:00+02:00,98.5999984741211,98.5999984741211,98.52999877929688,98.55000305175781,98.55000305175781,3366
2023-06-23 16:13:00+02:00,98.55999755859375,98.55999755859375,98.5,98.51000213623047,98.51000213623047,2796
2023-06-23 16:14:00+02:00,98.51000213623047,98.55000305175781,98.5,98.55000305175781,98.55000305175781,3367
2023-06-23 16:15:00+02:00,98.54000091552734,98.54000091552734,98.44999694824219,98.45999908447266,98.45999908447266,3902
2023-06-23 16:16:00+02:00,98.45999908447266,98.47000122070312,98.44000244140625,98.45999908447266,98.45999908447266,3788
2023-06-23 16:17:00+02:00,98.44999694824219,98.44999694824219,98.33999633789062,98.36000061035156,98.36000061035156,3336
2023-06-23 16:18:00+02:00,98.37000274658203,98.37000274658203,98.33999633789062,98.37000274658203,98.37000274658203,4282
2023-06-23 16:19:00+02:00,98.37000274658203,98.4000015258789,98.37000274658203,98.4000015258789,98.4000015258789,1752
2023-06-23 16:20:00+02:00,98.38999938964844,98.41999816894531,98.38999938964844,98.38999938964844,98.38999938964844,2282
2023-06-23 16:21:00+02:00,98.41999816894531,98.47000122070312,98.41999816894531,98.44000244140625,98.44000244140625,5502
2023-06-23 16:22:00+02:00,98.44000244140625,98.5,98.44000244140625,98.48999786376953,98.48999786376953,2801
2023-06-23 16:23:00+02:00,98.5,98.5,98.4800033569336,98.4800033569336,98.4800033569336,2084
2023-06-23 16:24:00+02:00,98.4800033569336,98.52999877929688,98.44999694824219,98.51000213623047,98.51000213623047,2843
2023-06-23 16:25:00+02:00,98.52999877929688,98.52999877929688,98.51000213623047,98.51000213623047,98.51000213623047,1314
2023-06-23 16:26:00+02:00,98.51000213623047,98.51000213623047,98.47000122070312,98.48999786376953,98.48999786376953,1671
2023-06-23 16:27:00+02:00,98.48999786376953,98.54000091552734,98.48999786376953,98.54000091552734,98.54000091552734,2289
2023-06-23 16:28:00+02:00,98.54000091552734,98.54000091552734,98.51000213623047,98.5199966430664,98.5199966430664,2226
2023-06-23 16:29:00+02:00,98.5199966430664,98.5199966430664,98.51000213623047,98.51000213623047,98.51000213623047,1459
2023-06-23 16:30:00+02:00,98.5,98.55000305175781,98.4800033569336,98.55000305175781,98.55000305175781,3382
2023-06-23 16:31:00+02:00,98.54000091552734,98.58000183105469,98.54000091552734,98.58000183105469,98.58000183105469,2118
2023-06-23 16:32:00+02:00,98.58999633789062,98.5999984741211,98.58000183105469,98.5999984741211,98.5999984741211,2614
2023-06-23 16:33:00+02:00,98.5999984741211,98.68000030517578,98.5999984741211,98.63999938964844,98.63999938964844,2212
2023-06-23 16:34:00+02:00,98.62999725341797,98.62999725341797,98.62999725341797,98.62999725341797,98.62999725341797,526
2023-06-23 16:35:00+02:00,98.62999725341797,98.62999725341797,98.61000061035156,98.61000061035156,98.61000061035156,1548
2023-06-23 16:36:00+02:00,98.62000274658203,98.68000030517578,98.5999984741211,98.5999984741211,98.5999984741211,2347
2023-06-23 16:37:00+02:00,98.5999984741211,98.66000366210938,98.5999984741211,98.63999938964844,98.63999938964844,1290
2023-06-23 16:38:00+02:00,98.63999938964844,98.7300033569336,98.63999938964844,98.7300033569336,98.7300033569336,1564
2023-06-23 16:39:00+02:00,98.72000122070312,98.7300033569336,98.70999908447266,98.72000122070312,98.72000122070312,1734
2023-06-23 16:40:00+02:00,98.73999786376953,98.75,98.69999694824219,98.69999694824219,98.69999694824219,1545
2023-06-23 16:41:00+02:00,98.69999694824219,98.7300033569336,98.69000244140625,98.7300033569336,98.7300033569336,409
2023-06-23 16:42:00+02:00,98.70999908447266,98.7300033569336,98.69999694824219,98.7300033569336,98.7300033569336,4418
2023-06-23 16:43:00+02:00,98.72000122070312,98.7699966430664,98.72000122070312,98.7699966430664,98.7699966430664,6436
2023-06-23 16:44:00+02:00,98.76000213623047,98.77999877929688,98.75,98.75,98.75,3036
2023-06-23 16:45:00+02:00,98.76000213623047,98.80000305175781,98.76000213623047,98.7699966430664,98.7699966430664,3906
2023-06-23 16:46:00+02:00,98.7699966430664,98.8499984741211,98.7699966430664,98.83000183105469,98.83000183105469,6720
2023-06-23 16:47:00+02:00,98.83999633789062,98.83999633789062,98.80000305175781,98.80999755859375,98.80999755859375,1602
2023-06-23 16:48:00+02:00,98.80000305175781,98.86000061035156,98.80000305175781,98.86000061035156,98.86000061035156,1224
2023-06-23 16:49:00+02:00,98.83999633789062,98.9000015258789,98.83000183105469,98.88999938964844,98.88999938964844,4841
2023-06-23 16:50:00+02:00,98.9000015258789,98.9000015258789,98.9000015258789,98.9000015258789,98.9000015258789,1348
2023-06-23 16:52:00+02:00,98.83000183105469,98.86000061035156,98.81999969482422,98.83999633789062,98.83999633789062,6439
2023-06-23 16:53:00+02:00,98.8499984741211,98.86000061035156,98.83999633789062,98.83999633789062,98.83999633789062,1058
2023-06-23 16:54:00+02:00,98.83999633789062,98.83999633789062,98.80000305175781,98.80000305175781,98.80000305175781,1533
2023-06-23 16:55:00+02:00,98.80000305175781,98.9000015258789,98.80000305175781,98.88999938964844,98.88999938964844,5478
2023-06-23 16:56:00+02:00,98.9000015258789,98.94000244140625,98.88999938964844,98.91999816894531,98.91999816894531,8444
2023-06-23 16:57:00+02:00,98.91000366210938,98.94000244140625,98.91000366210938,98.91000366210938,98.91000366210938,2026
2023-06-23 16:58:00+02:00,98.88999938964844,98.91999816894531,98.87999725341797,98.91000366210938,98.91000366210938,1450
2023-06-23 16:59:00+02:00,98.87999725341797,98.88999938964844,98.83999633789062,98.8499984741211,98.8499984741211,2078
2023-06-23 17:00:00+02:00,98.8499984741211,98.8499984741211,98.73999786376953,98.75,98.75,5432
2023-06-23 17:01:00+02:00,98.73999786376953,98.76000213623047,98.73999786376953,98.73999786376953,98.73999786376953,735
2023-06-23 17:02:00+02:00,98.7300033569336,98.73999786376953,98.69999694824219,98.69999694824219,98.69999694824219,1481
2023-06-23 17:03:00+02:00,98.69999694824219,98.73999786376953,98.69999694824219,98.7300033569336,98.7300033569336,5722
2023-06-23 17:04:00+02:00,98.73999786376953,98.75,98.68000030517578,98.68000030517578,98.68000030517578,2163
2023-06-23 17:05:00+02:00,98.68000030517578,98.68000030517578,98.5999984741211,98.61000061035156,98.61000061035156,1648
2023-06-23 17:06:00+02:00,98.62000274658203,98.63999938964844,98.51000213623047,98.58000183105469,98.58000183105469,14938
2023-06-23 17:07:00+02:00,98.58000183105469,98.66999816894531,98.56999969482422,98.61000061035156,98.61000061035156,9963
2023-06-23 17:08:00+02:00,98.62999725341797,98.69000244140625,98.61000061035156,98.69000244140625,98.69000244140625,3168
2023-06-23 17:09:00+02:00,98.69000244140625,98.69000244140625,98.62999725341797,98.63999938964844,98.63999938964844,3906
2023-06-23 17:10:00+02:00,98.63999938964844,98.63999938964844,98.5999984741211,98.62000274658203,98.62000274658203,4679
2023-06-23 17:11:00+02:00,98.62000274658203,98.63999938964844,98.58000183105469,98.62000274658203,98.62000274658203,8341
2023-06-23 17:12:00+02:00,98.62000274658203,98.63999938964844,98.61000061035156,98.61000061035156,98.61000061035156,5413
2023-06-23 17:13:00+02:00,98.62000274658203,98.66000366210938,98.62000274658203,98.62999725341797,98.62999725341797,3948
2023-06-23 17:14:00+02:00,98.62000274658203,98.62000274658203,98.58999633789062,98.61000061035156,98.61000061035156,3838
2023-06-23 17:15:00+02:00,98.62000274658203,98.62000274658203,98.56999969482422,98.56999969482422,98.56999969482422,2194
2023-06-23 17:16:00+02:00,98.55999755859375,98.56999969482422,98.55000305175781,98.55000305175781,98.55000305175781,2408
2023-06-23 17:17:00+02:00,98.56999969482422,98.62000274658203,98.55999755859375,98.61000061035156,98.61000061035156,2352
2023-06-23 17:18:00+02:00,98.61000061035156,98.61000061035156,98.58000183105469,98.58000183105469,98.58000183105469,2338
2023-06-23 17:19:00+02:00,98.58999633789062,98.63999938964844,98.58999633789062,98.63999938964844,98.63999938964844,9742
2023-06-23 17:20:00+02:00,98.63999938964844,98.6500015258789,98.62000274658203,98.62999725341797,98.62999725341797,4911
2023-06-23 17:21:00+02:00,98.62999725341797,98.62999725341797,98.5999984741211,98.5999984741211,98.5999984741211,8354
2023-06-23 17:22:00+02:00,98.61000061035156,98.62000274658203,98.5999984741211,98.61000061035156,98.61000061035156,5569
2023-06-23 17:23:00+02:00,98.61000061035156,98.62000274658203,98.5999984741211,98.61000061035156,98.61000061035156,3713
2023-06-23 17:24:00+02:00,98.61000061035156,98.62000274658203,98.58999633789062,98.61000061035156,98.61000061035156,8005
2023-06-23 17:25:00+02:00,98.62000274658203,98.62999725341797,98.5999984741211,98.61000061035156,98.61000061035156,2132
2023-06-23 17:26:00+02:00,98.61000061035156,98.62999725341797,98.5999984741211,98.62999725341797,98.62999725341797,4445
2023-06-23 17:27:00+02:00,98.62999725341797,98.63999938964844,98.5999984741211,98.61000061035156,98.61000061035156,13324
2023-06-23 17:28:00+02:00,98.62000274658203,98.62000274658203,98.55000305175781,98.55999755859375,98.55999755859375,5268
2023-06-23 17:29:00+02:00,98.55999755859375,98.6500015258789,98.55999755859375,98.62000274658203,98.62000274658203,3313
