Date,Open,High,Low,Close,Adj Close,Volume
2023-08-24 09:30:00-04:00,83.43000030517578,83.43000030517578,83.43000030517578,83.43000030517578,83.43000030517578,8256
2023-08-24 09:31:00-04:00,83.40499877929688,83.40499877929688,83.20999908447266,83.20999908447266,83.20999908447266,272
2023-08-24 09:32:00-04:00,83.4207992553711,83.4207992553711,83.4207992553711,83.4207992553711,83.4207992553711,521
2023-08-24 09:33:00-04:00,83.4000015258789,83.45999908447266,83.19999694824219,83.32499694824219,83.32499694824219,6896
2023-08-24 09:34:00-04:00,83.31999969482422,83.375,83.31999969482422,83.37000274658203,83.37000274658203,1186
2023-08-24 09:35:00-04:00,83.41999816894531,83.43000030517578,83.40499877929688,83.40499877929688,83.40499877929688,1161
2023-08-24 09:36:00-04:00,83.5199966430664,83.55999755859375,83.43000030517578,83.52999877929688,83.52999877929688,1017
2023-08-24 09:37:00-04:00,83.51000213623047,83.61499786376953,83.51000213623047,83.61000061035156,83.61000061035156,1609
2023-08-24 09:38:00-04:00,83.58000183105469,83.58000183105469,83.58000183105469,83.58000183105469,83.58000183105469,102
2023-08-24 09:39:00-04:00,83.63999938964844,83.69000244140625,83.61000061035156,83.66999816894531,83.66999816894531,1796
2023-08-24 09:40:00-04:00,83.58000183105469,83.58000183105469,83.43000030517578,83.52999877929688,83.52999877929688,1853
2023-08-24 09:41:00-04:00,83.55000305175781,83.55999755859375,83.48999786376953,83.55000305175781,83.55000305175781,620
2023-08-24 09:42:00-04:00,83.55500030517578,83.56999969482422,83.55500030517578,83.56999969482422,83.56999969482422,508
2023-08-24 09:43:00-04:00,83.54000091552734,83.6449966430664,83.54000091552734,83.62999725341797,83.62999725341797,1129
2023-08-24 09:44:00-04:00,83.66000366210938,83.66000366210938,83.62000274658203,83.62000274658203,83.62000274658203,628
2023-08-24 09:45:00-04:00,83.62000274658203,83.6500015258789,83.5999984741211,83.5999984741211,83.5999984741211,935
2023-08-24 09:46:00-04:00,83.61000061035156,83.63999938964844,83.57499694824219,83.61499786376953,83.61499786376953,2542
2023-08-24 09:47:00-04:00,83.66000366210938,83.69000244140625,83.66000366210938,83.69000244140625,83.69000244140625,553
2023-08-24 09:48:00-04:00,83.69000244140625,83.7300033569336,83.67500305175781,83.7300033569336,83.7300033569336,1470
2023-08-24 09:49:00-04:00,83.73500061035156,83.75,83.7300033569336,83.75,83.75,552
2023-08-24 09:51:00-04:00,83.75,83.8499984741211,83.66999816894531,83.73500061035156,83.73500061035156,4251
2023-08-24 09:52:00-04:00,83.77999877929688,83.81999969482422,83.7300033569336,83.81999969482422,83.81999969482422,1463
2023-08-24 09:53:00-04:00,83.86000061035156,83.91000366210938,83.83039855957031,83.9000015258789,83.9000015258789,1392
2023-08-24 09:54:00-04:00,83.95999908447266,84.05819702148438,83.95999908447266,84.01499938964844,84.01499938964844,2754
2023-08-24 09:55:00-04:00,84.06999969482422,84.11000061035156,84.06999969482422,84.06999969482422,84.06999969482422,1553
2023-08-24 09:56:00-04:00,84.06999969482422,84.1449966430664,84.06999969482422,84.13999938964844,84.13999938964844,1004
2023-08-24 09:57:00-04:00,84.1050033569336,84.19999694824219,84.1050033569336,84.19000244140625,84.19000244140625,1620
2023-08-24 09:58:00-04:00,84.22000122070312,84.2699966430664,84.22000122070312,84.2699966430664,84.2699966430664,1386
2023-08-24 09:59:00-04:00,84.20999908447266,84.22000122070312,84.18000030517578,84.19999694824219,84.19999694824219,1523
2023-08-24 10:00:00-04:00,84.12000274658203,84.19999694824219,84.12000274658203,84.16000366210938,84.16000366210938,821
2023-08-24 10:01:00-04:00,84.08999633789062,84.0999984741211,84.04000091552734,84.04000091552734,84.04000091552734,1124
2023-08-24 10:02:00-04:00,84.02999877929688,84.03500366210938,83.97000122070312,83.98500061035156,83.98500061035156,2470
2023-08-24 10:03:00-04:00,83.98999786376953,83.98999786376953,83.94000244140625,83.95999908447266,83.95999908447266,1113
2023-08-24 10:04:00-04:00,83.96499633789062,84.04000091552734,83.96499633789062,84.04000091552734,84.04000091552734,2495
2023-08-24 10:05:00-04:00,84.05999755859375,84.18000030517578,84.05999755859375,84.16000366210938,84.16000366210938,3159
2023-08-24 10:06:00-04:00,84.16500091552734,84.18000030517578,84.13999938964844,84.1500015258789,84.1500015258789,2164
2023-08-24 10:07:00-04:00,84.19000244140625,84.20999908447266,84.08999633789062,84.08999633789062,84.08999633789062,2221
2023-08-24 10:08:00-04:00,84.05999755859375,84.11000061035156,84.0,84.11000061035156,84.11000061035156,2788
2023-08-24 10:09:00-04:00,84.12000274658203,84.23999786376953,84.0,84.2300033569336,84.2300033569336,17307
2023-08-24 10:10:00-04:00,84.22000122070312,84.22000122070312,84.11499786376953,84.11499786376953,84.11499786376953,2053
2023-08-24 10:11:00-04:00,84.11000061035156,84.11000061035156,84.11000061035156,84.11000061035156,84.11000061035156,1435
2023-08-24 10:12:00-04:00,84.12999725341797,84.16999816894531,84.12999725341797,84.16000366210938,84.16000366210938,2367
2023-08-24 10:13:00-04:00,84.16999816894531,84.16999816894531,84.08999633789062,84.08999633789062,84.08999633789062,1566
2023-08-24 10:14:00-04:00,84.01000213623047,84.12000274658203,84.01000213623047,84.12000274658203,84.12000274658203,1184
2023-08-24 10:15:00-04:00,84.13999938964844,84.16000366210938,84.08999633789062,84.13999938964844,84.13999938964844,2290
2023-08-24 10:16:00-04:00,84.13999938964844,84.13999938964844,84.06999969482422,84.06999969482422,84.06999969482422,590
2023-08-24 10:17:00-04:00,84.02999877929688,84.0999984741211,84.02999877929688,84.05999755859375,84.05999755859375,1328
2023-08-24 10:18:00-04:00,84.08000183105469,84.08999633789062,84.06999969482422,84.08999633789062,84.08999633789062,1013
2023-08-24 10:19:00-04:00,84.11000061035156,84.20999908447266,84.11000061035156,84.19999694824219,84.19999694824219,2128
2023-08-24 10:20:00-04:00,84.2300033569336,84.27999877929688,84.2300033569336,84.26000213623047,84.26000213623047,2031
2023-08-24 10:21:00-04:00,84.20999908447266,84.20999908447266,84.20999908447266,84.20999908447266,84.20999908447266,310
2023-08-24 10:22:00-04:00,84.2300033569336,84.23999786376953,84.19000244140625,84.19000244140625,84.19000244140625,545
2023-08-24 10:23:00-04:00,84.19000244140625,84.19000244140625,84.1500015258789,84.16000366210938,84.16000366210938,2283
2023-08-24 10:24:00-04:00,84.18000030517578,84.18000030517578,84.1500015258789,84.1500015258789,84.1500015258789,924
2023-08-24 10:25:00-04:00,84.12999725341797,84.13999938964844,84.12999725341797,84.13999938964844,84.13999938964844,1242
2023-08-24 10:26:00-04:00,84.1500015258789,84.1500015258789,84.0999984741211,84.0999984741211,84.0999984741211,1894
2023-08-24 10:27:00-04:00,84.11000061035156,84.11000061035156,84.05999755859375,84.05999755859375,84.05999755859375,524
2023-08-24 10:28:00-04:00,84.05999755859375,84.08999633789062,84.05999755859375,84.08999633789062,84.08999633789062,5379
2023-08-24 10:29:00-04:00,84.11000061035156,84.1500015258789,84.11000061035156,84.12000274658203,84.12000274658203,1202
2023-08-24 10:30:00-04:00,84.09010314941406,84.11000061035156,84.06999969482422,84.06999969482422,84.06999969482422,5565
2023-08-24 10:31:00-04:00,84.0199966430664,84.05999755859375,84.0,84.05500030517578,84.05500030517578,1596
2023-08-24 10:32:00-04:00,84.05000305175781,84.05000305175781,84.04000091552734,84.05000305175781,84.05000305175781,921
2023-08-24 10:33:00-04:00,84.0,84.0,83.9749984741211,83.9749984741211,83.9749984741211,1305
2023-08-24 10:34:00-04:00,83.88999938964844,83.95999908447266,83.88999938964844,83.91000366210938,83.91000366210938,1016
2023-08-24 10:35:00-04:00,83.9000015258789,83.91999816894531,83.8499984741211,83.9000015258789,83.9000015258789,4446
2023-08-24 10:36:00-04:00,83.88999938964844,83.88999938964844,83.8499984741211,83.8499984741211,83.8499984741211,1058
2023-08-24 10:37:00-04:00,83.79499816894531,83.9000015258789,83.79499816894531,83.9000015258789,83.9000015258789,1752
2023-08-24 10:38:00-04:00,83.9000015258789,83.93000030517578,83.9000015258789,83.93000030517578,83.93000030517578,1553
2023-08-24 10:39:00-04:00,83.91000366210938,83.9800033569336,83.88999938964844,83.9800033569336,83.9800033569336,2041
2023-08-24 10:40:00-04:00,83.98500061035156,83.98500061035156,83.93000030517578,83.93000030517578,83.93000030517578,1308
2023-08-24 10:41:00-04:00,83.91999816894531,83.91999816894531,83.81999969482422,83.81999969482422,83.81999969482422,1837
2023-08-24 10:42:00-04:00,83.80000305175781,83.81999969482422,83.76000213623047,83.76000213623047,83.76000213623047,778
2023-08-24 10:43:00-04:00,83.70999908447266,83.70999908447266,83.70999908447266,83.70999908447266,83.70999908447266,1968
2023-08-24 10:44:00-04:00,83.71499633789062,83.73999786376953,83.71499633789062,83.71499633789062,83.71499633789062,332
2023-08-24 10:45:00-04:00,83.69999694824219,83.7300033569336,83.69000244140625,83.7300033569336,83.7300033569336,989
2023-08-24 10:46:00-04:00,83.68000030517578,83.68000030517578,83.56999969482422,83.62000274658203,83.62000274658203,1351
2023-08-24 10:47:00-04:00,83.625,83.63999938964844,83.59500122070312,83.59500122070312,83.59500122070312,2137
2023-08-24 10:48:00-04:00,83.56999969482422,83.58999633789062,83.55000305175781,83.58999633789062,83.58999633789062,1316
2023-08-24 10:49:00-04:00,83.54000091552734,83.5999984741211,83.54000091552734,83.58999633789062,83.58999633789062,507
2023-08-24 10:50:00-04:00,83.62999725341797,83.69000244140625,83.62000274658203,83.66999816894531,83.66999816894531,3021
2023-08-24 10:51:00-04:00,83.66000366210938,83.7300033569336,83.66000366210938,83.7300033569336,83.7300033569336,1479
2023-08-24 10:52:00-04:00,83.7300033569336,83.75,83.7300033569336,83.75,83.75,467
2023-08-24 10:53:00-04:00,83.76000213623047,83.76000213623047,83.76000213623047,83.76000213623047,83.76000213623047,1867
2023-08-24 10:54:00-04:00,83.76499938964844,83.81999969482422,83.76499938964844,83.79000091552734,83.79000091552734,1575
2023-08-24 10:55:00-04:00,83.77999877929688,83.88500213623047,83.7699966430664,83.88500213623047,83.88500213623047,2938
2023-08-24 10:56:00-04:00,83.9000015258789,83.91000366210938,83.87000274658203,83.87000274658203,83.87000274658203,1467
2023-08-24 10:57:00-04:00,83.80000305175781,83.80000305175781,83.80000305175781,83.80000305175781,83.80000305175781,895
2023-08-24 10:58:00-04:00,83.76000213623047,83.76000213623047,83.69999694824219,83.72000122070312,83.72000122070312,1019
2023-08-24 10:59:00-04:00,83.7300033569336,83.7699966430664,83.69999694824219,83.7699966430664,83.7699966430664,1788
2023-08-24 11:00:00-04:00,83.75,83.75,83.63999938964844,83.63999938964844,83.63999938964844,4013
2023-08-24 11:01:00-04:00,83.66999816894531,83.68000030517578,83.66999816894531,83.68000030517578,83.68000030517578,814
2023-08-24 11:02:00-04:00,83.63999938964844,83.63999938964844,83.63999938964844,83.63999938964844,83.63999938964844,663
2023-08-24 11:03:00-04:00,83.62999725341797,83.6500015258789,83.62000274658203,83.62000274658203,83.62000274658203,641
2023-08-24 11:04:00-04:00,83.62000274658203,83.62000274658203,83.61000061035156,83.61000061035156,83.61000061035156,917
2023-08-24 11:05:00-04:00,83.62999725341797,83.69999694824219,83.62999725341797,83.62999725341797,83.62999725341797,3319
2023-08-24 11:06:00-04:00,83.62000274658203,83.62000274658203,83.58000183105469,83.58000183105469,83.58000183105469,587
2023-08-24 11:07:00-04:00,83.58000183105469,83.5999984741211,83.57499694824219,83.57499694824219,83.57499694824219,1873
2023-08-24 11:08:00-04:00,83.56999969482422,83.56999969482422,83.54499816894531,83.54499816894531,83.54499816894531,720
2023-08-24 11:09:00-04:00,83.54000091552734,83.56999969482422,83.54000091552734,83.55000305175781,83.55000305175781,1184
2023-08-24 11:10:00-04:00,83.55000305175781,83.55000305175781,83.54499816894531,83.54499816894531,83.54499816894531,823
2023-08-24 11:11:00-04:00,83.56999969482422,83.62000274658203,83.56999969482422,83.5999984741211,83.5999984741211,2174
2023-08-24 11:12:00-04:00,83.6050033569336,83.6050033569336,83.58999633789062,83.58999633789062,83.58999633789062,847
2023-08-24 11:13:00-04:00,83.58999633789062,83.58999633789062,83.55000305175781,83.55000305175781,83.55000305175781,1062
2023-08-24 11:14:00-04:00,83.55500030517578,83.625,83.55000305175781,83.6050033569336,83.6050033569336,1533
2023-08-24 11:15:00-04:00,83.58999633789062,83.59500122070312,83.53130340576172,83.56999969482422,83.56999969482422,1853
2023-08-24 11:16:00-04:00,83.57499694824219,83.6050033569336,83.57499694824219,83.6050033569336,83.6050033569336,492
2023-08-24 11:17:00-04:00,83.61000061035156,83.62999725341797,83.56999969482422,83.56999969482422,83.56999969482422,2120
2023-08-24 11:18:00-04:00,83.56999969482422,83.56999969482422,83.55000305175781,83.56999969482422,83.56999969482422,1536
2023-08-24 11:19:00-04:00,83.58999633789062,83.61000061035156,83.58999633789062,83.59500122070312,83.59500122070312,1143
2023-08-24 11:20:00-04:00,83.58999633789062,83.63999938964844,83.58999633789062,83.62000274658203,83.62000274658203,1887
2023-08-24 11:21:00-04:00,83.62000274658203,83.62000274658203,83.59500122070312,83.59500122070312,83.59500122070312,528
2023-08-24 11:22:00-04:00,83.56999969482422,83.58999633789062,83.56999969482422,83.58999633789062,83.58999633789062,616
2023-08-24 11:23:00-04:00,83.62000274658203,83.63999938964844,83.62000274658203,83.62999725341797,83.62999725341797,1031
2023-08-24 11:24:00-04:00,83.63500213623047,83.63999938964844,83.63500213623047,83.63999938964844,83.63999938964844,783
2023-08-24 11:25:00-04:00,83.62999725341797,83.62999725341797,83.62999725341797,83.62999725341797,83.62999725341797,313
2023-08-24 11:26:00-04:00,83.63999938964844,83.63999938964844,83.56999969482422,83.56999969482422,83.56999969482422,1194
2023-08-24 11:27:00-04:00,83.61000061035156,83.625,83.5999984741211,83.5999984741211,83.5999984741211,2470
2023-08-24 11:28:00-04:00,83.5999984741211,83.5999984741211,83.5999984741211,83.5999984741211,83.5999984741211,252
2023-08-24 11:29:00-04:00,83.58999633789062,83.6500015258789,83.58999633789062,83.6500015258789,83.6500015258789,2273
2023-08-24 11:30:00-04:00,83.6500015258789,83.6500015258789,83.55999755859375,83.55999755859375,83.55999755859375,1667
2023-08-24 11:31:00-04:00,83.55999755859375,83.58000183105469,83.55999755859375,83.58000183105469,83.58000183105469,225
2023-08-24 11:32:00-04:00,83.56999969482422,83.56999969482422,83.54499816894531,83.55999755859375,83.55999755859375,1099
2023-08-24 11:33:00-04:00,83.56999969482422,83.58999633789062,83.56999969482422,83.58999633789062,83.58999633789062,2029
2023-08-24 11:34:00-04:00,83.58999633789062,83.58999633789062,83.55000305175781,83.55000305175781,83.55000305175781,1609
2023-08-24 11:35:00-04:00,83.5199966430664,83.55999755859375,83.5199966430664,83.55999755859375,83.55999755859375,1466
2023-08-24 11:36:00-04:00,83.56999969482422,83.56999969482422,83.55000305175781,83.55000305175781,83.55000305175781,819
2023-08-24 11:37:00-04:00,83.55000305175781,83.55000305175781,83.54499816894531,83.54499816894531,83.54499816894531,1011
2023-08-24 11:38:00-04:00,83.52999877929688,83.52999877929688,83.5250015258789,83.5250015258789,83.5250015258789,629
2023-08-24 11:39:00-04:00,83.5199966430664,83.54290008544922,83.5093002319336,83.52999877929688,83.52999877929688,3488
2023-08-24 11:40:00-04:00,83.48999786376953,83.5199966430664,83.47000122070312,83.5199966430664,83.5199966430664,2315
2023-08-24 11:41:00-04:00,83.48999786376953,83.48999786376953,83.48999786376953,83.48999786376953,83.48999786376953,361
2023-08-24 11:42:00-04:00,83.48999786376953,83.48999786376953,83.48999786376953,83.48999786376953,83.48999786376953,155
2023-08-24 11:43:00-04:00,83.47000122070312,83.48999786376953,83.47000122070312,83.48999786376953,83.48999786376953,1121
2023-08-24 11:45:00-04:00,83.48999786376953,83.48999786376953,83.4800033569336,83.48999786376953,83.48999786376953,1072
2023-08-24 11:46:00-04:00,83.4800033569336,83.4800033569336,83.4800033569336,83.4800033569336,83.4800033569336,705
2023-08-24 11:47:00-04:00,83.4800033569336,83.4800033569336,83.45999908447266,83.47000122070312,83.47000122070312,2264
2023-08-24 11:48:00-04:00,83.44999694824219,83.5,83.44000244140625,83.5,83.5,1102
2023-08-24 11:49:00-04:00,83.48999786376953,83.48999786376953,83.48999786376953,83.48999786376953,83.48999786376953,452
2023-08-24 11:50:00-04:00,83.52999877929688,83.52999877929688,83.51000213623047,83.52999877929688,83.52999877929688,999
2023-08-24 11:51:00-04:00,83.54000091552734,83.55000305175781,83.54000091552734,83.55000305175781,83.55000305175781,972
2023-08-24 11:52:00-04:00,83.55000305175781,83.55000305175781,83.52890014648438,83.52890014648438,83.52890014648438,506
2023-08-24 11:53:00-04:00,83.52999877929688,83.55000305175781,83.52999877929688,83.54000091552734,83.54000091552734,729
2023-08-24 11:54:00-04:00,83.53250122070312,83.55000305175781,83.52999877929688,83.52999877929688,83.52999877929688,1026
2023-08-24 11:55:00-04:00,83.5199966430664,83.5199966430664,83.51000213623047,83.51000213623047,83.51000213623047,937
2023-08-24 11:56:00-04:00,83.5,83.5199966430664,83.5,83.51000213623047,83.51000213623047,695
2023-08-24 11:57:00-04:00,83.51000213623047,83.5199966430664,83.48999786376953,83.5199966430664,83.5199966430664,1444
2023-08-24 11:58:00-04:00,83.55000305175781,83.55000305175781,83.5250015258789,83.53500366210938,83.53500366210938,1145
2023-08-24 11:59:00-04:00,83.5199966430664,83.5199966430664,83.48999786376953,83.48999786376953,83.48999786376953,876
2023-08-24 12:00:00-04:00,83.52999877929688,83.52999877929688,83.5199966430664,83.5199966430664,83.5199966430664,301
2023-08-24 12:01:00-04:00,83.52999877929688,83.55999755859375,83.52999877929688,83.55999755859375,83.55999755859375,456
2023-08-24 12:02:00-04:00,83.56999969482422,83.58499908447266,83.56500244140625,83.58499908447266,83.58499908447266,2136
2023-08-24 12:03:00-04:00,83.58999633789062,83.6050033569336,83.58999633789062,83.5999984741211,83.5999984741211,959
2023-08-24 12:04:00-04:00,83.57499694824219,83.57499694824219,83.56999969482422,83.56999969482422,83.56999969482422,214
2023-08-24 12:05:00-04:00,83.56999969482422,83.61000061035156,83.56999969482422,83.5999984741211,83.5999984741211,1127
2023-08-24 12:06:00-04:00,83.5999984741211,83.61000061035156,83.58999633789062,83.61000061035156,83.61000061035156,2084
2023-08-24 12:07:00-04:00,83.62000274658203,83.69999694824219,83.62000274658203,83.69999694824219,83.69999694824219,986
2023-08-24 12:08:00-04:00,83.70500183105469,83.70500183105469,83.66999816894531,83.66999816894531,83.66999816894531,1018
2023-08-24 12:09:00-04:00,83.66999816894531,83.66999816894531,83.6500015258789,83.6500015258789,83.6500015258789,592
2023-08-24 12:10:00-04:00,83.62000274658203,83.62000274658203,83.62000274658203,83.62000274658203,83.62000274658203,687
2023-08-24 12:11:00-04:00,83.68000030517578,83.68000030517578,83.68000030517578,83.68000030517578,83.68000030517578,248
2023-08-24 12:12:00-04:00,83.6500015258789,83.6500015258789,83.63999938964844,83.6500015258789,83.6500015258789,1503
2023-08-24 12:13:00-04:00,83.63999938964844,83.63999938964844,83.61499786376953,83.61499786376953,83.61499786376953,1014
2023-08-24 12:14:00-04:00,83.66000366210938,83.68000030517578,83.6500015258789,83.6500015258789,83.6500015258789,1998
2023-08-24 12:15:00-04:00,83.66999816894531,83.69000244140625,83.66999816894531,83.68000030517578,83.68000030517578,1072
2023-08-24 12:16:00-04:00,83.69999694824219,83.72000122070312,83.69000244140625,83.72000122070312,83.72000122070312,2170
2023-08-24 12:17:00-04:00,83.68080139160156,83.69000244140625,83.68000030517578,83.68000030517578,83.68000030517578,1038
2023-08-24 12:18:00-04:00,83.5999984741211,83.5999984741211,83.5999984741211,83.5999984741211,83.5999984741211,306
2023-08-24 12:19:00-04:00,83.61000061035156,83.61000061035156,83.56999969482422,83.56999969482422,83.56999969482422,423
2023-08-24 12:20:00-04:00,83.59500122070312,83.59500122070312,83.58000183105469,83.58000183105469,83.58000183105469,520
2023-08-24 12:21:00-04:00,83.58000183105469,83.58999633789062,83.58000183105469,83.58999633789062,83.58999633789062,309
2023-08-24 12:22:00-04:00,83.58999633789062,83.5999984741211,83.58999633789062,83.5999984741211,83.5999984741211,2134
2023-08-24 12:23:00-04:00,83.62000274658203,83.62000274658203,83.59500122070312,83.5999984741211,83.5999984741211,961
2023-08-24 12:24:00-04:00,83.58999633789062,83.58999633789062,83.58499908447266,83.58499908447266,83.58499908447266,361
2023-08-24 12:25:00-04:00,83.58000183105469,83.58000183105469,83.58000183105469,83.58000183105469,83.58000183105469,304
2023-08-24 12:26:00-04:00,83.58000183105469,83.58000183105469,83.58000183105469,83.58000183105469,83.58000183105469,693
2023-08-24 12:27:00-04:00,83.58999633789062,83.5999984741211,83.58999633789062,83.5999984741211,83.5999984741211,1238
2023-08-24 12:28:00-04:00,83.55999755859375,83.55999755859375,83.54000091552734,83.55000305175781,83.55000305175781,803
2023-08-24 12:29:00-04:00,83.5199966430664,83.5199966430664,83.49500274658203,83.5,83.5,708
2023-08-24 12:30:00-04:00,83.45999908447266,83.5199966430664,83.45999908447266,83.5199966430664,83.5199966430664,889
2023-08-24 12:31:00-04:00,83.55000305175781,83.55000305175781,83.55000305175781,83.55000305175781,83.55000305175781,299
2023-08-24 12:32:00-04:00,83.56999969482422,83.56999969482422,83.52999877929688,83.52999877929688,83.52999877929688,1765
2023-08-24 12:33:00-04:00,83.5199966430664,83.52999877929688,83.5199966430664,83.52999877929688,83.52999877929688,642
2023-08-24 12:34:00-04:00,83.55999755859375,83.55999755859375,83.55999755859375,83.55999755859375,83.55999755859375,218
2023-08-24 12:35:00-04:00,83.55999755859375,83.61000061035156,83.55999755859375,83.61000061035156,83.61000061035156,1830
2023-08-24 12:36:00-04:00,83.58000183105469,83.58000183105469,83.52999877929688,83.56999969482422,83.56999969482422,1313
2023-08-24 12:38:00-04:00,83.56999969482422,83.56999969482422,83.54000091552734,83.54000091552734,83.54000091552734,936
2023-08-24 12:39:00-04:00,83.54000091552734,83.54000091552734,83.52999877929688,83.52999877929688,83.52999877929688,391
2023-08-24 12:40:00-04:00,83.52999877929688,83.55000305175781,83.5,83.55000305175781,83.55000305175781,574
2023-08-24 12:41:00-04:00,83.52999877929688,83.6050033569336,83.52999877929688,83.6050033569336,83.6050033569336,1655
2023-08-24 12:42:00-04:00,83.61000061035156,83.61000061035156,83.5999984741211,83.5999984741211,83.5999984741211,231
2023-08-24 12:43:00-04:00,83.61000061035156,83.62000274658203,83.61000061035156,83.62000274658203,83.62000274658203,743
2023-08-24 12:44:00-04:00,83.63200378417969,83.63200378417969,83.59500122070312,83.59500122070312,83.59500122070312,1487
2023-08-24 12:45:00-04:00,83.56999969482422,83.56999969482422,83.55000305175781,83.55000305175781,83.55000305175781,545
2023-08-24 12:46:00-04:00,83.54000091552734,83.54000091552734,83.54000091552734,83.54000091552734,83.54000091552734,138
2023-08-24 12:47:00-04:00,83.54000091552734,83.58000183105469,83.5199966430664,83.56999969482422,83.56999969482422,2080
2023-08-24 12:48:00-04:00,83.55000305175781,83.55500030517578,83.55000305175781,83.55000305175781,83.55000305175781,1017
2023-08-24 12:50:00-04:00,83.56999969482422,83.58999633789062,83.56999969482422,83.58000183105469,83.58000183105469,1135
2023-08-24 12:51:00-04:00,83.55999755859375,83.55999755859375,83.52999877929688,83.52999877929688,83.52999877929688,994
2023-08-24 12:52:00-04:00,83.5,83.5,83.47000122070312,83.47000122070312,83.47000122070312,792
2023-08-24 12:53:00-04:00,83.44000244140625,83.44000244140625,83.41000366210938,83.43000030517578,83.43000030517578,527
2023-08-24 12:54:00-04:00,83.38999938964844,83.44999694824219,83.38999938964844,83.44999694824219,83.44999694824219,1370
2023-08-24 12:55:00-04:00,83.37999725341797,83.37999725341797,83.37999725341797,83.37999725341797,83.37999725341797,286
2023-08-24 12:57:00-04:00,83.37000274658203,83.37000274658203,83.36000061035156,83.36000061035156,83.36000061035156,613
2023-08-24 12:58:00-04:00,83.33999633789062,83.33999633789062,83.29000091552734,83.31999969482422,83.31999969482422,1277
2023-08-24 12:59:00-04:00,83.33999633789062,83.36000061035156,83.33999633789062,83.3499984741211,83.3499984741211,1474
2023-08-24 13:00:00-04:00,83.37000274658203,83.41000366210938,83.36000061035156,83.38999938964844,83.38999938964844,1332
2023-08-24 13:01:00-04:00,83.37000274658203,83.37000274658203,83.33000183105469,83.33000183105469,83.33000183105469,1164
2023-08-24 13:02:00-04:00,83.31999969482422,83.33999633789062,83.30500030517578,83.33999633789062,83.33999633789062,1320
2023-08-24 13:03:00-04:00,83.30999755859375,83.30999755859375,83.26499938964844,83.26499938964844,83.26499938964844,483
2023-08-24 13:04:00-04:00,83.2699966430664,83.2699966430664,83.2699966430664,83.2699966430664,83.2699966430664,381
2023-08-24 13:05:00-04:00,83.23999786376953,83.26000213623047,83.23999786376953,83.26000213623047,83.26000213623047,1669
2023-08-24 13:06:00-04:00,83.30000305175781,83.30000305175781,83.30000305175781,83.30000305175781,83.30000305175781,251
2023-08-24 13:07:00-04:00,83.28500366210938,83.28500366210938,83.27999877929688,83.27999877929688,83.27999877929688,823
2023-08-24 13:08:00-04:00,83.2699966430664,83.29000091552734,83.25,83.29000091552734,83.29000091552734,1298
2023-08-24 13:09:00-04:00,83.29000091552734,83.31999969482422,83.29000091552734,83.31999969482422,83.31999969482422,847
2023-08-24 13:10:00-04:00,83.33000183105469,83.33999633789062,83.33000183105469,83.33999633789062,83.33999633789062,914
2023-08-24 13:11:00-04:00,83.3499984741211,83.3499984741211,83.3499984741211,83.3499984741211,83.3499984741211,919
2023-08-24 13:12:00-04:00,83.33000183105469,83.33000183105469,83.29000091552734,83.29000091552734,83.29000091552734,955
2023-08-24 13:13:00-04:00,83.29499816894531,83.29499816894531,83.2699966430664,83.2699966430664,83.2699966430664,652
2023-08-24 13:14:00-04:00,83.2750015258789,83.2750015258789,83.2750015258789,83.2750015258789,83.2750015258789,603
2023-08-24 13:15:00-04:00,83.2699966430664,83.2699966430664,83.22000122070312,83.22000122070312,83.22000122070312,1218
2023-08-24 13:16:00-04:00,83.2300033569336,83.25,83.2300033569336,83.23999786376953,83.23999786376953,1959
2023-08-24 13:17:00-04:00,83.20999908447266,83.21499633789062,83.20999908447266,83.21499633789062,83.21499633789062,654
2023-08-24 13:18:00-04:00,83.19000244140625,83.19000244140625,83.16999816894531,83.16999816894531,83.16999816894531,1357
2023-08-24 13:19:00-04:00,83.15499877929688,83.15499877929688,83.15499877929688,83.15499877929688,83.15499877929688,467
2023-08-24 13:20:00-04:00,83.1415023803711,83.15499877929688,83.0999984741211,83.12000274658203,83.12000274658203,1459
2023-08-24 13:21:00-04:00,83.11499786376953,83.1500015258789,83.11499786376953,83.13999938964844,83.13999938964844,1808
2023-08-24 13:22:00-04:00,83.15399932861328,83.15399932861328,83.08999633789062,83.08999633789062,83.08999633789062,1162
2023-08-24 13:23:00-04:00,83.1050033569336,83.11499786376953,83.1050033569336,83.11499786376953,83.11499786376953,908
2023-08-24 13:24:00-04:00,83.11499786376953,83.11499786376953,83.0999984741211,83.0999984741211,83.0999984741211,520
2023-08-24 13:25:00-04:00,83.08499908447266,83.08499908447266,83.05000305175781,83.05000305175781,83.05000305175781,847
2023-08-24 13:26:00-04:00,83.05999755859375,83.05999755859375,83.04000091552734,83.04000091552734,83.04000091552734,716
2023-08-24 13:27:00-04:00,83.0250015258789,83.05000305175781,83.0250015258789,83.04000091552734,83.04000091552734,1540
2023-08-24 13:28:00-04:00,83.0199966430664,83.0199966430664,83.01000213623047,83.01000213623047,83.01000213623047,600
2023-08-24 13:29:00-04:00,83.01499938964844,83.02999877929688,83.01499938964844,83.0199966430664,83.0199966430664,1005
2023-08-24 13:30:00-04:00,83.0,83.0,82.93000030517578,82.93000030517578,82.93000030517578,15879
2023-08-24 13:31:00-04:00,82.94499969482422,82.97000122070312,82.86499786376953,82.94000244140625,82.94000244140625,10856
2023-08-24 13:32:00-04:00,82.93000030517578,82.93000030517578,82.9000015258789,82.9000015258789,82.9000015258789,676
2023-08-24 13:33:00-04:00,82.9000015258789,82.9000015258789,82.9000015258789,82.9000015258789,82.9000015258789,211
2023-08-24 13:34:00-04:00,82.9000015258789,82.9000015258789,82.7699966430664,82.7699966430664,82.7699966430664,2008
2023-08-24 13:35:00-04:00,82.7699966430664,82.79830169677734,82.73999786376953,82.78500366210938,82.78500366210938,2713
2023-08-24 13:36:00-04:00,82.78500366210938,82.78500366210938,82.68000030517578,82.72000122070312,82.72000122070312,5562
2023-08-24 13:37:00-04:00,82.72000122070312,82.80000305175781,82.70999908447266,82.80000305175781,82.80000305175781,3471
2023-08-24 13:38:00-04:00,82.80500030517578,82.83000183105469,82.80500030517578,82.83000183105469,82.83000183105469,1568
2023-08-24 13:39:00-04:00,82.82499694824219,82.9000015258789,82.82499694824219,82.9000015258789,82.9000015258789,1272
2023-08-24 13:40:00-04:00,82.9000015258789,82.9000015258789,82.83999633789062,82.83999633789062,82.83999633789062,895
2023-08-24 13:41:00-04:00,82.80999755859375,82.80999755859375,82.7699966430664,82.80000305175781,82.80000305175781,595
2023-08-24 13:42:00-04:00,82.80999755859375,82.80999755859375,82.80000305175781,82.80999755859375,82.80999755859375,961
2023-08-24 13:43:00-04:00,82.7979965209961,82.86000061035156,82.7979965209961,82.86000061035156,82.86000061035156,3378
2023-08-24 13:44:00-04:00,82.83999633789062,82.83999633789062,82.77999877929688,82.80999755859375,82.80999755859375,836
2023-08-24 13:45:00-04:00,82.80999755859375,82.83999633789062,82.80999755859375,82.83999633789062,82.83999633789062,878
2023-08-24 13:46:00-04:00,82.83000183105469,82.83999633789062,82.83000183105469,82.83999633789062,82.83999633789062,498
2023-08-24 13:47:00-04:00,82.83999633789062,82.83999633789062,82.83999633789062,82.83999633789062,82.83999633789062,1222
2023-08-24 13:48:00-04:00,82.83000183105469,82.83999633789062,82.81500244140625,82.83000183105469,82.83000183105469,1303
2023-08-24 13:49:00-04:00,82.83000183105469,82.83000183105469,82.80999755859375,82.80999755859375,82.80999755859375,687
2023-08-24 13:50:00-04:00,82.80000305175781,82.80999755859375,82.77999877929688,82.77999877929688,82.77999877929688,1531
2023-08-24 13:51:00-04:00,82.79499816894531,82.80000305175781,82.78500366210938,82.79000091552734,82.79000091552734,2211
2023-08-24 13:52:00-04:00,82.7699966430664,82.7699966430664,82.70999908447266,82.70999908447266,82.70999908447266,1255
2023-08-24 13:53:00-04:00,82.72000122070312,82.72000122070312,82.69999694824219,82.72000122070312,82.72000122070312,1339
2023-08-24 13:54:00-04:00,82.72000122070312,82.7300033569336,82.69999694824219,82.7249984741211,82.7249984741211,1332
2023-08-24 13:55:00-04:00,82.72000122070312,82.75,82.72000122070312,82.75,82.75,2067
2023-08-24 13:56:00-04:00,82.73999786376953,82.75,82.7300033569336,82.7300033569336,82.7300033569336,827
2023-08-24 13:57:00-04:00,82.73500061035156,82.75,82.72000122070312,82.75,82.75,1300
2023-08-24 13:58:00-04:00,82.73999786376953,82.73999786376953,82.72000122070312,82.72000122070312,82.72000122070312,2739
2023-08-24 13:59:00-04:00,82.7300033569336,82.81999969482422,82.72000122070312,82.80500030517578,82.80500030517578,3789
2023-08-24 14:00:00-04:00,82.83000183105469,82.87000274658203,82.83000183105469,82.83999633789062,82.83999633789062,1601
2023-08-24 14:01:00-04:00,82.81999969482422,82.87999725341797,82.81999969482422,82.875,82.875,2012
2023-08-24 14:02:00-04:00,82.9000015258789,82.91999816894531,82.8949966430664,82.9000015258789,82.9000015258789,9830
2023-08-24 14:03:00-04:00,82.9000015258789,82.90499877929688,82.84500122070312,82.8499984741211,82.8499984741211,3071
2023-08-24 14:04:00-04:00,82.83999633789062,82.83999633789062,82.81999969482422,82.81999969482422,82.81999969482422,1679
2023-08-24 14:05:00-04:00,82.80999755859375,82.81500244140625,82.76000213623047,82.7699966430664,82.7699966430664,3090
2023-08-24 14:06:00-04:00,82.76499938964844,82.81500244140625,82.76000213623047,82.76000213623047,82.76000213623047,1968
2023-08-24 14:07:00-04:00,82.7750015258789,82.79000091552734,82.76000213623047,82.76000213623047,82.76000213623047,1430
2023-08-24 14:08:00-04:00,82.79499816894531,82.81999969482422,82.79499816894531,82.80999755859375,82.80999755859375,2461
2023-08-24 14:09:00-04:00,82.81999969482422,82.87000274658203,82.80000305175781,82.87000274658203,82.87000274658203,2370
2023-08-24 14:10:00-04:00,82.88999938964844,82.88999938964844,82.875,82.88999938964844,82.88999938964844,2245
2023-08-24 14:11:00-04:00,82.93000030517578,82.93000030517578,82.93000030517578,82.93000030517578,82.93000030517578,500
2023-08-24 14:12:00-04:00,82.94999694824219,82.95999908447266,82.93000030517578,82.95999908447266,82.95999908447266,1969
2023-08-24 14:13:00-04:00,82.98999786376953,83.0,82.97000122070312,83.0,83.0,1860
2023-08-24 14:14:00-04:00,83.0,83.0,82.95999908447266,82.95999908447266,82.95999908447266,3410
2023-08-24 14:15:00-04:00,82.97000122070312,82.97000122070312,82.91000366210938,82.91000366210938,82.91000366210938,1602
2023-08-24 14:16:00-04:00,82.88999938964844,82.88999938964844,82.88999938964844,82.88999938964844,82.88999938964844,326
2023-08-24 14:17:00-04:00,82.87000274658203,82.87000274658203,82.86000061035156,82.86000061035156,82.86000061035156,835
2023-08-24 14:18:00-04:00,82.8499984741211,82.8499984741211,82.81999969482422,82.81999969482422,82.81999969482422,1097
2023-08-24 14:19:00-04:00,82.83000183105469,82.83499908447266,82.81999969482422,82.81999969482422,82.81999969482422,962
2023-08-24 14:20:00-04:00,82.82499694824219,82.87000274658203,82.82499694824219,82.87000274658203,82.87000274658203,1705
2023-08-24 14:21:00-04:00,82.875,82.875,82.875,82.875,82.875,859
2023-08-24 14:22:00-04:00,82.875,82.9000015258789,82.875,82.8949966430664,82.8949966430664,1434
2023-08-24 14:23:00-04:00,82.91000366210938,82.91000366210938,82.875,82.875,82.875,1215
2023-08-24 14:24:00-04:00,82.9000015258789,82.9000015258789,82.86000061035156,82.88999938964844,82.88999938964844,743
2023-08-24 14:25:00-04:00,82.8499984741211,82.87000274658203,82.8499984741211,82.8550033569336,82.8550033569336,1387
2023-08-24 14:26:00-04:00,82.86000061035156,82.87999725341797,82.83999633789062,82.83999633789062,82.83999633789062,3006
2023-08-24 14:27:00-04:00,82.83999633789062,82.8550033569336,82.83999633789062,82.8550033569336,82.8550033569336,1131
2023-08-24 14:28:00-04:00,82.8550033569336,82.87000274658203,82.83999633789062,82.86000061035156,82.86000061035156,1672
2023-08-24 14:29:00-04:00,82.8499984741211,82.8499984741211,82.8499984741211,82.8499984741211,82.8499984741211,149
2023-08-24 14:30:00-04:00,82.87000274658203,82.87999725341797,82.87000274658203,82.87000274658203,82.87000274658203,1731
2023-08-24 14:31:00-04:00,82.83000183105469,82.83000183105469,82.83000183105469,82.83000183105469,82.83000183105469,167
2023-08-24 14:32:00-04:00,82.8499984741211,82.86499786376953,82.81999969482422,82.83000183105469,82.83000183105469,2886
2023-08-24 14:33:00-04:00,82.80000305175781,82.80000305175781,82.76000213623047,82.76000213623047,82.76000213623047,722
2023-08-24 14:34:00-04:00,82.75,82.7699966430664,82.75,82.7699966430664,82.7699966430664,1659
2023-08-24 14:35:00-04:00,82.7699966430664,82.77999877929688,82.75499725341797,82.75499725341797,82.75499725341797,1711
2023-08-24 14:36:00-04:00,82.7699966430664,82.79000091552734,82.7300033569336,82.73999786376953,82.73999786376953,2101
2023-08-24 14:37:00-04:00,82.7249984741211,82.79000091552734,82.7249984741211,82.78500366210938,82.78500366210938,3152
2023-08-24 14:38:00-04:00,82.78500366210938,82.80999755859375,82.78500366210938,82.79499816894531,82.79499816894531,1480
2023-08-24 14:39:00-04:00,82.79000091552734,82.81999969482422,82.79000091552734,82.81999969482422,82.81999969482422,770
2023-08-24 14:40:00-04:00,82.83000183105469,82.8499984741211,82.83000183105469,82.84400177001953,82.84400177001953,1423
2023-08-24 14:41:00-04:00,82.84120178222656,82.91999816894531,82.83999633789062,82.91999816894531,82.91999816894531,3409
2023-08-24 14:42:00-04:00,82.92500305175781,82.95999908447266,82.92500305175781,82.95999908447266,82.95999908447266,2406
2023-08-24 14:43:00-04:00,82.97000122070312,83.0199966430664,82.97000122070312,83.01499938964844,83.01499938964844,2087
2023-08-24 14:44:00-04:00,83.0199966430664,83.06999969482422,83.0199966430664,83.04000091552734,83.04000091552734,2374
2023-08-24 14:45:00-04:00,83.02999877929688,83.02999877929688,83.0,83.0,83.0,1149
2023-08-24 14:46:00-04:00,83.01000213623047,83.05999755859375,83.01000213623047,83.05999755859375,83.05999755859375,3360
2023-08-24 14:47:00-04:00,83.06999969482422,83.06999969482422,83.05000305175781,83.05000305175781,83.05000305175781,1288
2023-08-24 14:48:00-04:00,83.0199966430664,83.02999877929688,82.98999786376953,82.98999786376953,82.98999786376953,970
2023-08-24 14:49:00-04:00,83.0199966430664,83.0199966430664,82.9800033569336,82.98999786376953,82.98999786376953,1565
2023-08-24 14:50:00-04:00,82.98999786376953,83.0199966430664,82.98999786376953,83.0199966430664,83.0199966430664,2453
2023-08-24 14:51:00-04:00,83.0199966430664,83.04000091552734,83.0199966430664,83.04000091552734,83.04000091552734,1160
2023-08-24 14:52:00-04:00,83.05999755859375,83.05999755859375,83.04499816894531,83.04499816894531,83.04499816894531,2109
2023-08-24 14:53:00-04:00,83.04499816894531,83.04499816894531,83.0,83.0,83.0,1802
2023-08-24 14:54:00-04:00,83.0199966430664,83.05000305175781,83.01000213623047,83.05000305175781,83.05000305175781,2861
2023-08-24 14:55:00-04:00,83.05500030517578,83.05999755859375,83.01000213623047,83.05999755859375,83.05999755859375,2824
2023-08-24 14:56:00-04:00,83.08999633789062,83.11000061035156,83.08999633789062,83.11000061035156,83.11000061035156,2117
2023-08-24 14:57:00-04:00,83.08000183105469,83.08999633789062,83.04000091552734,83.05999755859375,83.05999755859375,8176
2023-08-24 14:58:00-04:00,83.05500030517578,83.13999938964844,83.05500030517578,83.13999938964844,83.13999938964844,3471
2023-08-24 14:59:00-04:00,83.13999938964844,83.18000030517578,83.05999755859375,83.08000183105469,83.08000183105469,5553
2023-08-24 15:00:00-04:00,83.08000183105469,83.12999725341797,83.0199966430664,83.12999725341797,83.12999725341797,5620
2023-08-24 15:01:00-04:00,83.13999938964844,83.16000366210938,83.13500213623047,83.13500213623047,83.13500213623047,2352
2023-08-24 15:02:00-04:00,83.1500015258789,83.2300033569336,83.1500015258789,83.2300033569336,83.2300033569336,2073
2023-08-24 15:03:00-04:00,83.2300033569336,83.23999786376953,83.16500091552734,83.18000030517578,83.18000030517578,3287
2023-08-24 15:04:00-04:00,83.19000244140625,83.19999694824219,83.16999816894531,83.16999816894531,83.16999816894531,2753
2023-08-24 15:05:00-04:00,83.19000244140625,83.30000305175781,83.18000030517578,83.30000305175781,83.30000305175781,6368
2023-08-24 15:06:00-04:00,83.30000305175781,83.33000183105469,83.29000091552734,83.31999969482422,83.31999969482422,2915
2023-08-24 15:07:00-04:00,83.31999969482422,83.33999633789062,83.29910278320312,83.33999633789062,83.33999633789062,3039
2023-08-24 15:08:00-04:00,83.33999633789062,83.37999725341797,83.33999633789062,83.3499984741211,83.3499984741211,3977
2023-08-24 15:09:00-04:00,83.3499984741211,83.4000015258789,83.3499984741211,83.4000015258789,83.4000015258789,3087
2023-08-24 15:10:00-04:00,83.3499984741211,83.41000366210938,83.3499984741211,83.4000015258789,83.4000015258789,4249
2023-08-24 15:11:00-04:00,83.41999816894531,83.5,83.41999816894531,83.5,83.5,4717
2023-08-24 15:12:00-04:00,83.4800033569336,83.48999786376953,83.44000244140625,83.47000122070312,83.47000122070312,3718
2023-08-24 15:13:00-04:00,83.47000122070312,83.5,83.43499755859375,83.5,83.5,4817
2023-08-24 15:14:00-04:00,83.5199966430664,83.56999969482422,83.5199966430664,83.56999969482422,83.56999969482422,2997
2023-08-24 15:15:00-04:00,83.56999969482422,83.5999984741211,83.55999755859375,83.58999633789062,83.58999633789062,7059
2023-08-24 15:16:00-04:00,83.58999633789062,83.61000061035156,83.57099914550781,83.61000061035156,83.61000061035156,3224
2023-08-24 15:17:00-04:00,83.58999633789062,83.62999725341797,83.52999877929688,83.56999969482422,83.56999969482422,5486
2023-08-24 15:18:00-04:00,83.58000183105469,83.5999984741211,83.56500244140625,83.58999633789062,83.58999633789062,2839
2023-08-24 15:19:00-04:00,83.56500244140625,83.58999633789062,83.5199966430664,83.5199966430664,83.5199966430664,6493
2023-08-24 15:20:00-04:00,83.5199966430664,83.63999938964844,83.5199966430664,83.63999938964844,83.63999938964844,6030
2023-08-24 15:21:00-04:00,83.6500015258789,83.6500015258789,83.55000305175781,83.62000274658203,83.62000274658203,4958
2023-08-24 15:22:00-04:00,83.5999984741211,83.66000366210938,83.5999984741211,83.66000366210938,83.66000366210938,4707
2023-08-24 15:23:00-04:00,83.63999938964844,83.63999938964844,83.54100036621094,83.63999938964844,83.63999938964844,6640
2023-08-24 15:24:00-04:00,83.6500015258789,83.66000366210938,83.62100219726562,83.63999938964844,83.63999938964844,4119
2023-08-24 15:25:00-04:00,83.6500015258789,83.66999816894531,83.6449966430664,83.6500015258789,83.6500015258789,3745
2023-08-24 15:26:00-04:00,83.66999816894531,83.66999816894531,83.55500030517578,83.56999969482422,83.56999969482422,5435
2023-08-24 15:27:00-04:00,83.56999969482422,83.66999816894531,83.56999969482422,83.63999938964844,83.63999938964844,4174
2023-08-24 15:28:00-04:00,83.61499786376953,83.66999816894531,83.61499786376953,83.66999816894531,83.66999816894531,4412
2023-08-24 15:29:00-04:00,83.66999816894531,83.69000244140625,83.6500015258789,83.69000244140625,83.69000244140625,4222
2023-08-24 15:30:00-04:00,83.69000244140625,83.76000213623047,83.69000244140625,83.73999786376953,83.73999786376953,5030
2023-08-24 15:31:00-04:00,83.75,83.81999969482422,83.7300033569336,83.7699966430664,83.7699966430664,7936
2023-08-24 15:32:00-04:00,83.7699966430664,83.80999755859375,83.75,83.80999755859375,83.80999755859375,4816
2023-08-24 15:33:00-04:00,83.80999755859375,83.80999755859375,83.76000213623047,83.80000305175781,83.80000305175781,7376
2023-08-24 15:34:00-04:00,83.81999969482422,83.87000274658203,83.81999969482422,83.87000274658203,83.87000274658203,3447
2023-08-24 15:35:00-04:00,83.81999969482422,83.83999633789062,83.74500274658203,83.75,83.75,7359
2023-08-24 15:36:00-04:00,83.76000213623047,83.79000091552734,83.73999786376953,83.73999786376953,83.73999786376953,7062
2023-08-24 15:37:00-04:00,83.73500061035156,83.7699966430664,83.69999694824219,83.7699966430664,83.7699966430664,6070
2023-08-24 15:38:00-04:00,83.7699966430664,83.80000305175781,83.76499938964844,83.80000305175781,83.80000305175781,4779
2023-08-24 15:39:00-04:00,83.7925033569336,83.80000305175781,83.69999694824219,83.72000122070312,83.72000122070312,7715
2023-08-24 15:40:00-04:00,83.7300033569336,83.76000213623047,83.7300033569336,83.73500061035156,83.73500061035156,4588
2023-08-24 15:41:00-04:00,83.72000122070312,83.72000122070312,83.66999816894531,83.68000030517578,83.68000030517578,5521
2023-08-24 15:42:00-04:00,83.69999694824219,83.73999786376953,83.69999694824219,83.7300033569336,83.7300033569336,4567
2023-08-24 15:43:00-04:00,83.69000244140625,83.72000122070312,83.66100311279297,83.70999908447266,83.70999908447266,8741
2023-08-24 15:44:00-04:00,83.69999694824219,83.70500183105469,83.6500015258789,83.69999694824219,83.69999694824219,5386
2023-08-24 15:45:00-04:00,83.70999908447266,83.70999908447266,83.61000061035156,83.62000274658203,83.62000274658203,5150
2023-08-24 15:46:00-04:00,83.61000061035156,83.62000274658203,83.58999633789062,83.6050033569336,83.6050033569336,7445
2023-08-24 15:47:00-04:00,83.58000183105469,83.58000183105469,83.5,83.55000305175781,83.55000305175781,6269
2023-08-24 15:48:00-04:00,83.54499816894531,83.5999984741211,83.5199966430664,83.5999984741211,83.5999984741211,7081
2023-08-24 15:49:00-04:00,83.61000061035156,83.66999816894531,83.5999984741211,83.66000366210938,83.66000366210938,6361
2023-08-24 15:50:00-04:00,83.68000030517578,83.7300033569336,83.63999938964844,83.69000244140625,83.69000244140625,8161
2023-08-24 15:51:00-04:00,83.68000030517578,83.7699966430664,83.66999816894531,83.76000213623047,83.76000213623047,16224
2023-08-24 15:52:00-04:00,83.7699966430664,83.80999755859375,83.7249984741211,83.7249984741211,83.7249984741211,15081
2023-08-24 15:53:00-04:00,83.7249984741211,83.7249984741211,83.66999816894531,83.69000244140625,83.69000244140625,11190
2023-08-24 15:54:00-04:00,83.68000030517578,83.69999694824219,83.66000366210938,83.68499755859375,83.68499755859375,10634
2023-08-24 15:55:00-04:00,83.68000030517578,83.68000030517578,83.54000091552734,83.56999969482422,83.56999969482422,25764
2023-08-24 15:56:00-04:00,83.58000183105469,83.65499877929688,83.58000183105469,83.6500015258789,83.6500015258789,28401
2023-08-24 15:57:00-04:00,83.6500015258789,83.69000244140625,83.62000274658203,83.625,83.625,13116
2023-08-24 15:58:00-04:00,83.625,83.62999725341797,83.61000061035156,83.61499786376953,83.61499786376953,14258
2023-08-24 15:59:00-04:00,83.5999984741211,83.68000030517578,83.52999877929688,83.55000305175781,83.55000305175781,58990
