Date,Open,High,Low,Close,Adj Close,Volume
2023-08-23 09:30:00-04:00,107.04000091552734,107.22000122070312,106.98999786376953,107.11000061035156,107.11000061035156,69491
2023-08-23 09:31:00-04:00,107.1500015258789,107.1500015258789,106.55999755859375,106.58000183105469,106.58000183105469,219333
2023-08-23 09:32:00-04:00,106.58000183105469,106.58999633789062,106.05999755859375,106.37000274658203,106.37000274658203,162391
2023-08-23 09:33:00-04:00,106.33999633789062,106.45999908447266,106.25869750976562,106.30000305175781,106.30000305175781,53537
2023-08-23 09:34:00-04:00,106.28479766845703,106.4000015258789,106.18000030517578,106.36000061035156,106.36000061035156,70432
2023-08-23 09:35:00-04:00,106.36499786376953,106.4000015258789,106.22000122070312,106.23999786376953,106.23999786376953,71737
2023-08-23 09:36:00-04:00,106.2249984741211,106.37000274658203,106.0999984741211,106.29989624023438,106.29989624023438,79066
2023-08-23 09:37:00-04:00,106.2699966430664,106.41929626464844,106.2699966430664,106.33000183105469,106.33000183105469,41485
2023-08-23 09:38:00-04:00,106.3499984741211,106.45500183105469,106.29759979248047,106.33000183105469,106.33000183105469,52500
2023-08-23 09:39:00-04:00,106.33000183105469,106.38999938964844,106.2699966430664,106.33999633789062,106.33999633789062,72921
2023-08-23 09:40:00-04:00,106.33999633789062,106.5,106.29000091552734,106.4749984741211,106.4749984741211,63703
2023-08-23 09:41:00-04:00,106.48999786376953,106.5199966430664,106.36000061035156,106.48999786376953,106.48999786376953,56748
2023-08-23 09:42:00-04:00,106.51000213623047,106.55999755859375,106.43000030517578,106.44000244140625,106.44000244140625,32443
2023-08-23 09:43:00-04:00,106.47000122070312,106.56999969482422,106.43000030517578,106.47000122070312,106.47000122070312,38839
2023-08-23 09:44:00-04:00,106.45999908447266,106.5,106.36000061035156,106.37000274658203,106.37000274658203,30190
2023-08-23 09:45:00-04:00,106.38999938964844,106.46920013427734,106.27999877929688,106.30000305175781,106.30000305175781,60086
2023-08-23 09:46:00-04:00,106.30000305175781,106.30999755859375,106.12999725341797,106.16500091552734,106.16500091552734,81784
2023-08-23 09:47:00-04:00,106.16999816894531,106.18250274658203,106.01000213623047,106.0199966430664,106.0199966430664,105844
2023-08-23 09:48:00-04:00,106.0,106.07499694824219,105.84600067138672,105.9000015258789,105.9000015258789,113987
2023-08-23 09:49:00-04:00,105.9000015258789,106.08000183105469,105.88999938964844,105.94999694824219,105.94999694824219,55489
2023-08-23 09:50:00-04:00,105.95999908447266,106.0199966430664,105.83499908447266,105.93099975585938,105.93099975585938,42050
2023-08-23 09:51:00-04:00,105.94000244140625,106.02999877929688,105.9000015258789,105.9800033569336,105.9800033569336,33995
2023-08-23 09:52:00-04:00,106.0199966430664,106.06999969482422,105.87999725341797,105.89839935302734,105.89839935302734,65102
2023-08-23 09:53:00-04:00,105.9000015258789,105.91999816894531,105.77999877929688,105.87999725341797,105.87999725341797,75861
2023-08-23 09:54:00-04:00,105.88500213623047,105.9000015258789,105.72000122070312,105.73999786376953,105.73999786376953,71147
2023-08-23 09:55:00-04:00,105.75,105.95999908447266,105.75,105.95999908447266,105.95999908447266,48697
2023-08-23 09:56:00-04:00,105.97000122070312,106.08999633789062,105.97000122070312,106.0199966430664,106.0199966430664,69426
2023-08-23 09:57:00-04:00,106.0199966430664,106.16999816894531,106.01000213623047,106.11000061035156,106.11000061035156,41020
2023-08-23 09:58:00-04:00,106.16000366210938,106.16999816894531,105.91999816894531,105.95999908447266,105.95999908447266,40878
2023-08-23 09:59:00-04:00,105.97000122070312,106.01000213623047,105.88999938964844,105.94999694824219,105.94999694824219,57048
2023-08-23 10:00:00-04:00,105.95999908447266,106.0199966430664,105.91000366210938,106.0199966430664,106.0199966430664,46695
2023-08-23 10:01:00-04:00,106.0199966430664,106.1500015258789,106.0,106.08000183105469,106.08000183105469,46816
2023-08-23 10:02:00-04:00,106.08999633789062,106.20999908447266,106.05999755859375,106.20999908447266,106.20999908447266,43059
2023-08-23 10:03:00-04:00,106.22000122070312,106.35990142822266,106.20999908447266,106.33499908447266,106.33499908447266,54570
2023-08-23 10:04:00-04:00,106.36000061035156,106.43000030517578,106.3499984741211,106.3949966430664,106.3949966430664,31308
2023-08-23 10:05:00-04:00,106.41000366210938,106.48999786376953,106.36000061035156,106.46009826660156,106.46009826660156,38703
2023-08-23 10:06:00-04:00,106.45999908447266,106.55000305175781,106.41000366210938,106.55000305175781,106.55000305175781,32679
2023-08-23 10:07:00-04:00,106.55500030517578,106.62999725341797,106.5199966430664,106.5999984741211,106.5999984741211,58988
2023-08-23 10:08:00-04:00,106.61000061035156,106.63999938964844,106.55999755859375,106.58000183105469,106.58000183105469,27470
2023-08-23 10:09:00-04:00,106.58000183105469,106.63999938964844,106.56999969482422,106.63310241699219,106.63310241699219,19408
2023-08-23 10:10:00-04:00,106.62999725341797,106.69999694824219,106.58999633789062,106.66999816894531,106.66999816894531,35338
2023-08-23 10:11:00-04:00,106.68000030517578,106.75,106.63999938964844,106.6500015258789,106.6500015258789,61299
2023-08-23 10:12:00-04:00,106.69000244140625,106.75,106.62000274658203,106.70999908447266,106.70999908447266,27686
2023-08-23 10:13:00-04:00,106.70999908447266,106.72000122070312,106.66500091552734,106.72000122070312,106.72000122070312,17906
2023-08-23 10:14:00-04:00,106.71499633789062,106.7699966430664,106.69000244140625,106.7699966430664,106.7699966430664,16801
2023-08-23 10:15:00-04:00,106.77999877929688,106.80999755859375,106.64399719238281,106.6500015258789,106.6500015258789,22121
2023-08-23 10:16:00-04:00,106.63999938964844,106.80500030517578,106.58999633789062,106.79940032958984,106.79940032958984,23056
2023-08-23 10:17:00-04:00,106.79000091552734,106.80000305175781,106.58999633789062,106.5999984741211,106.5999984741211,52860
2023-08-23 10:18:00-04:00,106.5999984741211,106.5999984741211,106.52999877929688,106.55999755859375,106.55999755859375,17415
2023-08-23 10:19:00-04:00,106.55999755859375,106.58000183105469,106.4800033569336,106.5199966430664,106.5199966430664,21424
2023-08-23 10:20:00-04:00,106.51000213623047,106.51000213623047,106.33999633789062,106.44000244140625,106.44000244140625,38679
2023-08-23 10:21:00-04:00,106.45999908447266,106.5,106.36000061035156,106.4000015258789,106.4000015258789,29939
2023-08-23 10:22:00-04:00,106.4000015258789,106.44999694824219,106.36000061035156,106.37999725341797,106.37999725341797,13654
2023-08-23 10:23:00-04:00,106.375,106.45999908447266,106.3499984741211,106.40499877929688,106.40499877929688,25505
2023-08-23 10:24:00-04:00,106.39340209960938,106.44999694824219,106.37999725341797,106.43370056152344,106.43370056152344,14337
2023-08-23 10:25:00-04:00,106.43000030517578,106.43000030517578,106.32369995117188,106.38999938964844,106.38999938964844,18712
2023-08-23 10:26:00-04:00,106.3949966430664,106.43000030517578,106.36000061035156,106.36000061035156,106.36000061035156,16401
2023-08-23 10:27:00-04:00,106.3499984741211,106.37640380859375,106.2699966430664,106.33000183105469,106.33000183105469,16170
2023-08-23 10:28:00-04:00,106.31659698486328,106.38500213623047,106.31659698486328,106.3499984741211,106.3499984741211,12096
2023-08-23 10:29:00-04:00,106.33999633789062,106.43000030517578,106.30999755859375,106.4000015258789,106.4000015258789,13928
2023-08-23 10:30:00-04:00,106.41999816894531,106.54000091552734,106.41000366210938,106.51000213623047,106.51000213623047,65391
2023-08-23 10:31:00-04:00,106.51000213623047,106.51000213623047,106.37999725341797,106.37999725341797,106.37999725341797,32592
2023-08-23 10:32:00-04:00,106.37999725341797,106.37999725341797,106.25,106.33000183105469,106.33000183105469,54542
2023-08-23 10:33:00-04:00,106.31999969482422,106.45999908447266,106.30000305175781,106.41000366210938,106.41000366210938,22274
2023-08-23 10:34:00-04:00,106.4000015258789,106.4800033569336,106.37999725341797,106.43000030517578,106.43000030517578,11196
2023-08-23 10:35:00-04:00,106.44000244140625,106.44999694824219,106.3499984741211,106.36000061035156,106.36000061035156,31911
2023-08-23 10:36:00-04:00,106.37000274658203,106.43000030517578,106.30000305175781,106.41000366210938,106.41000366210938,32201
2023-08-23 10:37:00-04:00,106.41999816894531,106.43000030517578,106.31999969482422,106.3499984741211,106.3499984741211,27564
2023-08-23 10:38:00-04:00,106.33999633789062,106.37999725341797,106.30000305175781,106.37999725341797,106.37999725341797,14551
2023-08-23 10:39:00-04:00,106.38500213623047,106.38500213623047,106.2750015258789,106.29499816894531,106.29499816894531,24325
2023-08-23 10:40:00-04:00,106.30000305175781,106.3550033569336,106.25,106.27999877929688,106.27999877929688,20720
2023-08-23 10:41:00-04:00,106.27999877929688,106.27999877929688,106.13999938964844,106.16999816894531,106.16999816894531,29454
2023-08-23 10:42:00-04:00,106.19000244140625,106.37999725341797,106.18000030517578,106.36170196533203,106.36170196533203,27822
2023-08-23 10:43:00-04:00,106.37000274658203,106.55999755859375,106.37000274658203,106.54000091552734,106.54000091552734,28826
2023-08-23 10:44:00-04:00,106.52999877929688,106.5999984741211,106.51000213623047,106.5999984741211,106.5999984741211,17936
2023-08-23 10:45:00-04:00,106.5999984741211,106.68000030517578,106.56500244140625,106.66999816894531,106.66999816894531,16341
2023-08-23 10:46:00-04:00,106.68000030517578,106.68000030517578,106.6050033569336,106.63500213623047,106.63500213623047,18253
2023-08-23 10:47:00-04:00,106.63999938964844,106.6500015258789,106.58999633789062,106.61499786376953,106.61499786376953,24466
2023-08-23 10:48:00-04:00,106.62000274658203,106.63999938964844,106.58000183105469,106.62000274658203,106.62000274658203,17916
2023-08-23 10:49:00-04:00,106.61499786376953,106.75,106.61499786376953,106.69999694824219,106.69999694824219,20576
2023-08-23 10:50:00-04:00,106.69000244140625,106.75019836425781,106.66999816894531,106.7300033569336,106.7300033569336,21351
2023-08-23 10:51:00-04:00,106.73999786376953,106.75,106.66999816894531,106.69000244140625,106.69000244140625,20125
2023-08-23 10:52:00-04:00,106.69999694824219,106.76000213623047,106.67369842529297,106.68000030517578,106.68000030517578,16989
2023-08-23 10:53:00-04:00,106.69499969482422,106.76000213623047,106.69499969482422,106.76000213623047,106.76000213623047,13230
2023-08-23 10:54:00-04:00,106.7699966430664,106.79000091552734,106.68000030517578,106.68000030517578,106.68000030517578,15951
2023-08-23 10:55:00-04:00,106.66999816894531,106.69999694824219,106.66999816894531,106.69999694824219,106.69999694824219,2589
2023-08-23 10:57:00-04:00,106.88500213623047,106.9000015258789,106.8499984741211,106.87000274658203,106.87000274658203,68233
2023-08-23 10:58:00-04:00,106.87999725341797,106.88999938964844,106.79000091552734,106.80000305175781,106.80000305175781,25301
2023-08-23 10:59:00-04:00,106.81999969482422,106.87000274658203,106.80000305175781,106.8499984741211,106.8499984741211,12810
2023-08-23 11:00:00-04:00,106.87000274658203,106.91999816894531,106.87000274658203,106.90119934082031,106.90119934082031,19727
2023-08-23 11:01:00-04:00,106.91000366210938,106.91000366210938,106.7300033569336,106.7750015258789,106.7750015258789,23978
2023-08-23 11:02:00-04:00,106.77999877929688,106.87000274658203,106.75,106.86000061035156,106.86000061035156,29429
2023-08-23 11:03:00-04:00,106.86000061035156,106.88999938964844,106.7750015258789,106.79820251464844,106.79820251464844,21446
2023-08-23 11:04:00-04:00,106.80000305175781,106.89250183105469,106.77999877929688,106.86000061035156,106.86000061035156,25253
2023-08-23 11:05:00-04:00,106.87000274658203,106.93000030517578,106.86499786376953,106.87000274658203,106.87000274658203,18363
2023-08-23 11:06:00-04:00,106.87999725341797,106.93000030517578,106.87999725341797,106.91000366210938,106.91000366210938,15994
2023-08-23 11:07:00-04:00,106.91000366210938,106.92500305175781,106.83999633789062,106.8499984741211,106.8499984741211,16926
2023-08-23 11:08:00-04:00,106.86000061035156,106.87999725341797,106.83000183105469,106.87999725341797,106.87999725341797,14800
2023-08-23 11:09:00-04:00,106.88999938964844,106.90499877929688,106.80999755859375,106.80999755859375,106.80999755859375,20718
2023-08-23 11:10:00-04:00,106.81999969482422,106.88999938964844,106.81999969482422,106.87000274658203,106.87000274658203,15182
2023-08-23 11:11:00-04:00,106.87000274658203,106.88999938964844,106.7750015258789,106.80999755859375,106.80999755859375,26520
2023-08-23 11:12:00-04:00,106.80609893798828,106.80609893798828,106.7488021850586,106.7488021850586,106.7488021850586,12192
2023-08-23 11:13:00-04:00,106.75499725341797,106.83000183105469,106.75,106.80000305175781,106.80000305175781,22022
2023-08-23 11:14:00-04:00,106.83999633789062,106.88999938964844,106.83000183105469,106.86000061035156,106.86000061035156,18263
2023-08-23 11:15:00-04:00,106.88899993896484,106.88899993896484,106.79000091552734,106.80500030517578,106.80500030517578,16500
2023-08-23 11:16:00-04:00,106.80999755859375,106.88999938964844,106.80999755859375,106.87000274658203,106.87000274658203,20448
2023-08-23 11:17:00-04:00,106.88999938964844,106.88999938964844,106.86499786376953,106.87000274658203,106.87000274658203,10103
2023-08-23 11:18:00-04:00,106.872802734375,106.94000244140625,106.872802734375,106.93499755859375,106.93499755859375,12175
2023-08-23 11:19:00-04:00,106.94000244140625,106.94999694824219,106.83999633789062,106.88999938964844,106.88999938964844,20293
2023-08-23 11:20:00-04:00,106.88999938964844,106.95999908447266,106.88500213623047,106.94000244140625,106.94000244140625,26315
2023-08-23 11:21:00-04:00,106.94319915771484,106.94999694824219,106.88999938964844,106.9000015258789,106.9000015258789,25065
2023-08-23 11:22:00-04:00,106.88999938964844,106.88999938964844,106.82170104980469,106.87999725341797,106.87999725341797,38420
2023-08-23 11:23:00-04:00,106.87999725341797,106.87999725341797,106.77999877929688,106.77999877929688,106.77999877929688,13140
2023-08-23 11:24:00-04:00,106.79000091552734,106.81500244140625,106.73999786376953,106.74829864501953,106.74829864501953,16217
2023-08-23 11:25:00-04:00,106.75,106.79000091552734,106.71499633789062,106.75,106.75,42725
2023-08-23 11:26:00-04:00,106.76000213623047,106.80999755859375,106.76000213623047,106.79000091552734,106.79000091552734,20260
2023-08-23 11:27:00-04:00,106.79000091552734,106.83499908447266,106.73500061035156,106.81500244140625,106.81500244140625,11227
2023-08-23 11:28:00-04:00,106.81999969482422,106.83000183105469,106.77999877929688,106.77999877929688,106.77999877929688,12521
2023-08-23 11:29:00-04:00,106.79000091552734,106.84500122070312,106.77999877929688,106.81500244140625,106.81500244140625,49027
2023-08-23 11:30:00-04:00,106.83000183105469,106.94999694824219,106.83000183105469,106.91000366210938,106.91000366210938,26257
2023-08-23 11:31:00-04:00,106.91999816894531,106.91999816894531,106.875,106.87999725341797,106.87999725341797,22090
2023-08-23 11:32:00-04:00,106.88999938964844,106.8949966430664,106.83000183105469,106.87000274658203,106.87000274658203,15015
2023-08-23 11:33:00-04:00,106.87999725341797,106.94000244140625,106.83000183105469,106.92500305175781,106.92500305175781,24390
2023-08-23 11:34:00-04:00,106.93499755859375,106.96499633789062,106.87000274658203,106.8949966430664,106.8949966430664,14706
2023-08-23 11:35:00-04:00,106.9000015258789,106.93499755859375,106.80999755859375,106.83999633789062,106.83999633789062,31486
2023-08-23 11:36:00-04:00,106.86000061035156,106.86000061035156,106.77999877929688,106.78500366210938,106.78500366210938,14423
2023-08-23 11:37:00-04:00,106.78500366210938,106.83999633789062,106.78500366210938,106.81500244140625,106.81500244140625,20389
2023-08-23 11:38:00-04:00,106.81999969482422,106.86499786376953,106.80999755859375,106.86000061035156,106.86000061035156,17347
2023-08-23 11:39:00-04:00,106.86499786376953,106.91999816894531,106.8499984741211,106.87000274658203,106.87000274658203,16452
2023-08-23 11:40:00-04:00,106.86499786376953,106.91000366210938,106.8499984741211,106.87999725341797,106.87999725341797,18683
2023-08-23 11:41:00-04:00,106.87999725341797,106.9000015258789,106.83000183105469,106.83999633789062,106.83999633789062,29514
2023-08-23 11:42:00-04:00,106.83499908447266,106.90499877929688,106.83499908447266,106.84500122070312,106.84500122070312,14061
2023-08-23 11:43:00-04:00,106.86000061035156,106.9000015258789,106.79000091552734,106.80500030517578,106.80500030517578,30083
2023-08-23 11:44:00-04:00,106.8197021484375,106.9000015258789,106.81500244140625,106.87000274658203,106.87000274658203,29640
2023-08-23 11:45:00-04:00,106.88999938964844,106.95999908447266,106.88500213623047,106.94999694824219,106.94999694824219,19473
2023-08-23 11:46:00-04:00,106.93000030517578,106.9800033569336,106.90499877929688,106.93000030517578,106.93000030517578,16162
2023-08-23 11:47:00-04:00,106.92500305175781,106.97000122070312,106.92500305175781,106.94999694824219,106.94999694824219,12732
2023-08-23 11:48:00-04:00,106.95999908447266,107.01499938964844,106.94999694824219,106.94999694824219,106.94999694824219,27535
2023-08-23 11:49:00-04:00,106.93000030517578,106.94000244140625,106.86499786376953,106.87000274658203,106.87000274658203,35881
2023-08-23 11:50:00-04:00,106.87000274658203,106.88999938964844,106.83000183105469,106.86499786376953,106.86499786376953,22854
2023-08-23 11:51:00-04:00,106.87000274658203,106.87000274658203,106.83000183105469,106.83000183105469,106.83000183105469,15051
2023-08-23 11:52:00-04:00,106.83000183105469,106.83000183105469,106.77760314941406,106.80999755859375,106.80999755859375,14455
2023-08-23 11:53:00-04:00,106.80999755859375,106.81999969482422,106.77999877929688,106.79000091552734,106.79000091552734,17110
2023-08-23 11:54:00-04:00,106.79000091552734,106.81999969482422,106.76000213623047,106.77999877929688,106.77999877929688,27936
2023-08-23 11:55:00-04:00,106.77999877929688,106.80000305175781,106.73999786376953,106.73999786376953,106.73999786376953,23524
2023-08-23 11:56:00-04:00,106.74500274658203,106.7699966430664,106.72000122070312,106.72000122070312,106.72000122070312,20715
2023-08-23 11:57:00-04:00,106.72000122070312,106.72000122070312,106.68000030517578,106.69000244140625,106.69000244140625,13548
2023-08-23 11:58:00-04:00,106.69999694824219,106.7300033569336,106.69000244140625,106.69499969482422,106.69499969482422,29704
2023-08-23 11:59:00-04:00,106.69000244140625,106.72000122070312,106.66000366210938,106.72000122070312,106.72000122070312,11357
2023-08-23 12:00:00-04:00,106.72000122070312,106.7699966430664,106.69999694824219,106.75499725341797,106.75499725341797,21572
2023-08-23 12:01:00-04:00,106.76499938964844,106.84249877929688,106.73999786376953,106.84249877929688,106.84249877929688,19319
2023-08-23 12:02:00-04:00,106.84500122070312,106.8550033569336,106.80999755859375,106.8499984741211,106.8499984741211,11881
2023-08-23 12:03:00-04:00,106.86000061035156,106.9176025390625,106.83999633789062,106.83999633789062,106.83999633789062,15625
2023-08-23 12:04:00-04:00,106.83000183105469,106.83499908447266,106.80110168457031,106.80999755859375,106.80999755859375,7035
2023-08-23 12:05:00-04:00,106.80999755859375,106.81999969482422,106.77999877929688,106.77999877929688,106.77999877929688,9436
2023-08-23 12:06:00-04:00,106.77999877929688,106.80000305175781,106.77999877929688,106.80000305175781,106.80000305175781,7122
2023-08-23 12:07:00-04:00,106.80500030517578,106.87000274658203,106.80000305175781,106.86000061035156,106.86000061035156,11965
2023-08-23 12:08:00-04:00,106.86000061035156,106.91000366210938,106.83999633789062,106.9000015258789,106.9000015258789,10939
2023-08-23 12:09:00-04:00,106.91280364990234,106.94000244140625,106.88500213623047,106.91999816894531,106.91999816894531,13475
2023-08-23 12:10:00-04:00,106.93000030517578,106.94219970703125,106.90029907226562,106.91000366210938,106.91000366210938,12754
2023-08-23 12:11:00-04:00,106.91000366210938,106.91999816894531,106.83999633789062,106.83999633789062,106.83999633789062,15079
2023-08-23 12:12:00-04:00,106.84500122070312,106.91329956054688,106.84500122070312,106.9000015258789,106.9000015258789,11243
2023-08-23 12:13:00-04:00,106.9124984741211,106.94000244140625,106.88999938964844,106.94000244140625,106.94000244140625,13077
2023-08-23 12:14:00-04:00,106.93000030517578,106.99500274658203,106.93000030517578,106.9800033569336,106.9800033569336,16615
2023-08-23 12:15:00-04:00,106.98999786376953,106.98999786376953,106.9010009765625,106.9800033569336,106.9800033569336,18680
2023-08-23 12:16:00-04:00,106.98999786376953,107.0199966430664,106.94999694824219,107.01010131835938,107.01010131835938,13144
2023-08-23 12:17:00-04:00,107.01000213623047,107.0199966430664,106.98999786376953,107.0,107.0,9476
2023-08-23 12:18:00-04:00,106.99500274658203,107.04000091552734,106.9800033569336,106.9800033569336,106.9800033569336,23210
2023-08-23 12:19:00-04:00,106.98999786376953,107.0009994506836,106.95999908447266,106.98500061035156,106.98500061035156,10440
2023-08-23 12:20:00-04:00,106.9800033569336,107.0250015258789,106.9800033569336,107.0,107.0,13397
2023-08-23 12:21:00-04:00,107.02999877929688,107.02999877929688,106.97000122070312,106.98500061035156,106.98500061035156,11147
2023-08-23 12:22:00-04:00,106.98999786376953,107.00499725341797,106.94000244140625,106.94999694824219,106.94999694824219,10748
2023-08-23 12:23:00-04:00,106.95999908447266,106.95999908447266,106.91999816894531,106.94000244140625,106.94000244140625,15076
2023-08-23 12:24:00-04:00,106.94000244140625,106.94999694824219,106.9000015258789,106.93000030517578,106.93000030517578,9587
2023-08-23 12:25:00-04:00,106.91999816894531,106.93000030517578,106.88999938964844,106.9000015258789,106.9000015258789,12241
2023-08-23 12:26:00-04:00,106.90499877929688,106.94000244140625,106.88999938964844,106.94000244140625,106.94000244140625,10907
2023-08-23 12:27:00-04:00,106.94999694824219,106.99500274658203,106.94999694824219,106.99500274658203,106.99500274658203,17767
2023-08-23 12:28:00-04:00,107.02999877929688,107.08000183105469,107.02999877929688,107.06999969482422,107.06999969482422,18902
2023-08-23 12:29:00-04:00,107.05999755859375,107.05999755859375,107.01499938964844,107.02999877929688,107.02999877929688,15885
2023-08-23 12:30:00-04:00,107.0199966430664,107.02999877929688,106.9800033569336,107.00499725341797,107.00499725341797,10928
2023-08-23 12:31:00-04:00,107.01000213623047,107.0199966430664,106.97930145263672,106.9800033569336,106.9800033569336,11010
2023-08-23 12:32:00-04:00,106.9800033569336,107.01000213623047,106.95999908447266,106.97000122070312,106.97000122070312,9250
2023-08-23 12:33:00-04:00,106.9749984741211,107.05999755859375,106.9749984741211,107.05000305175781,107.05000305175781,10347
2023-08-23 12:34:00-04:00,107.0469970703125,107.05999755859375,107.0199966430664,107.04000091552734,107.04000091552734,10680
2023-08-23 12:35:00-04:00,107.04000091552734,107.04499816894531,107.02999877929688,107.03500366210938,107.03500366210938,8762
2023-08-23 12:36:00-04:00,107.0199966430664,107.0199966430664,106.98999786376953,106.98999786376953,106.98999786376953,30895
2023-08-23 12:37:00-04:00,106.9800033569336,106.98999786376953,106.95999908447266,106.98500061035156,106.98500061035156,17203
2023-08-23 12:38:00-04:00,106.98500061035156,106.99500274658203,106.93000030517578,106.93000030517578,106.93000030517578,11905
2023-08-23 12:39:00-04:00,106.91999816894531,106.93000030517578,106.9000015258789,106.91000366210938,106.91000366210938,11309
2023-08-23 12:40:00-04:00,106.91000366210938,106.94000244140625,106.9000015258789,106.93000030517578,106.93000030517578,12425
2023-08-23 12:41:00-04:00,106.91999816894531,106.9800033569336,106.91999816894531,106.94999694824219,106.94999694824219,11581
2023-08-23 12:42:00-04:00,106.94999694824219,106.94999694824219,106.91000366210938,106.94000244140625,106.94000244140625,10605
2023-08-23 12:43:00-04:00,106.94499969482422,106.9800033569336,106.93000030517578,106.93070220947266,106.93070220947266,9272
2023-08-23 12:44:00-04:00,106.93000030517578,106.94999694824219,106.93000030517578,106.94000244140625,106.94000244140625,9101
2023-08-23 12:45:00-04:00,106.94999694824219,106.97000122070312,106.91500091552734,106.95999908447266,106.95999908447266,17713
2023-08-23 12:46:00-04:00,106.95999908447266,107.01000213623047,106.94999694824219,106.97000122070312,106.97000122070312,11027
2023-08-23 12:47:00-04:00,106.97000122070312,107.0199966430664,106.94999694824219,107.01000213623047,107.01000213623047,9706
2023-08-23 12:48:00-04:00,107.01499938964844,107.01499938964844,106.97250366210938,106.9749984741211,106.9749984741211,9582
2023-08-23 12:49:00-04:00,106.97000122070312,106.9800033569336,106.94000244140625,106.95999908447266,106.95999908447266,11451
2023-08-23 12:50:00-04:00,106.96499633789062,106.97000122070312,106.91000366210938,106.95999908447266,106.95999908447266,9069
2023-08-23 12:51:00-04:00,106.96499633789062,107.04000091552734,106.96499633789062,106.99500274658203,106.99500274658203,19030
2023-08-23 12:52:00-04:00,106.99500274658203,107.04000091552734,106.99089813232422,107.0199966430664,107.0199966430664,10170
2023-08-23 12:53:00-04:00,107.01499938964844,107.01499938964844,106.9749984741211,106.98999786376953,106.98999786376953,12129
2023-08-23 12:54:00-04:00,107.0,107.07499694824219,106.99500274658203,107.04000091552734,107.04000091552734,25666
2023-08-23 12:55:00-04:00,107.04000091552734,107.05500030517578,107.02860260009766,107.05500030517578,107.05500030517578,10569
2023-08-23 12:56:00-04:00,107.05500030517578,107.05999755859375,107.02999877929688,107.04000091552734,107.04000091552734,9481
2023-08-23 12:57:00-04:00,107.04000091552734,107.04000091552734,106.97000122070312,106.97000122070312,106.97000122070312,14049
2023-08-23 12:58:00-04:00,106.9800033569336,107.00499725341797,106.94999694824219,106.94999694824219,106.94999694824219,20447
2023-08-23 12:59:00-04:00,106.95999908447266,106.9800033569336,106.93000030517578,106.9636001586914,106.9636001586914,40009
2023-08-23 13:00:00-04:00,106.9635009765625,107.0,106.95999908447266,106.9749984741211,106.9749984741211,8412
2023-08-23 13:01:00-04:00,106.97000122070312,107.0199966430664,106.97000122070312,107.01000213623047,107.01000213623047,10276
2023-08-23 13:02:00-04:00,107.01000213623047,107.08000183105469,107.01000213623047,107.07499694824219,107.07499694824219,7617
2023-08-23 13:03:00-04:00,107.08000183105469,107.0999984741211,107.05999755859375,107.08999633789062,107.08999633789062,18518
2023-08-23 13:04:00-04:00,107.11000061035156,107.14009857177734,107.08000183105469,107.14009857177734,107.14009857177734,13993
2023-08-23 13:05:00-04:00,107.14089965820312,107.16000366210938,107.11000061035156,107.12999725341797,107.12999725341797,11056
2023-08-23 13:06:00-04:00,107.12999725341797,107.16500091552734,107.12999725341797,107.14800262451172,107.14800262451172,11454
2023-08-23 13:07:00-04:00,107.13999938964844,107.13999938964844,107.12000274658203,107.13999938964844,107.13999938964844,21250
2023-08-23 13:08:00-04:00,107.13999938964844,107.16000366210938,107.11000061035156,107.16000366210938,107.16000366210938,18341
2023-08-23 13:09:00-04:00,107.16500091552734,107.16999816894531,107.12000274658203,107.12000274658203,107.12000274658203,20557
2023-08-23 13:10:00-04:00,107.125,107.1500015258789,107.0999984741211,107.11119842529297,107.11119842529297,8759
2023-08-23 13:11:00-04:00,107.11000061035156,107.1500015258789,107.08499908447266,107.11000061035156,107.11000061035156,10792
2023-08-23 13:12:00-04:00,107.11000061035156,107.11000061035156,107.08000183105469,107.09500122070312,107.09500122070312,11815
2023-08-23 13:13:00-04:00,107.0999984741211,107.11000061035156,107.08000183105469,107.0999984741211,107.0999984741211,12708
2023-08-23 13:14:00-04:00,107.0999984741211,107.12999725341797,107.08000183105469,107.08000183105469,107.08000183105469,14146
2023-08-23 13:15:00-04:00,107.07499694824219,107.1050033569336,107.07499694824219,107.1050033569336,107.1050033569336,12964
2023-08-23 13:16:00-04:00,107.1050033569336,107.13500213623047,107.08999633789062,107.125,107.125,15487
2023-08-23 13:17:00-04:00,107.12239837646484,107.18000030517578,107.0999984741211,107.1500015258789,107.1500015258789,37559
2023-08-23 13:18:00-04:00,107.13999938964844,107.1449966430664,107.11000061035156,107.1449966430664,107.1449966430664,11966
2023-08-23 13:19:00-04:00,107.1500015258789,107.20500183105469,107.1500015258789,107.20500183105469,107.20500183105469,13068
2023-08-23 13:20:00-04:00,107.20999908447266,107.24500274658203,107.19499969482422,107.20500183105469,107.20500183105469,14717
2023-08-23 13:21:00-04:00,107.19999694824219,107.19999694824219,107.16999816894531,107.18000030517578,107.18000030517578,13838
2023-08-23 13:22:00-04:00,107.18000030517578,107.22000122070312,107.18000030517578,107.20999908447266,107.20999908447266,20337
2023-08-23 13:23:00-04:00,107.20999908447266,107.21820068359375,107.16000366210938,107.16000366210938,107.16000366210938,15287
2023-08-23 13:24:00-04:00,107.16000366210938,107.19999694824219,107.16000366210938,107.19999694824219,107.19999694824219,9998
2023-08-23 13:25:00-04:00,107.20500183105469,107.23999786376953,107.19999694824219,107.23999786376953,107.23999786376953,19201
2023-08-23 13:26:00-04:00,107.25,107.25,107.20999908447266,107.20999908447266,107.20999908447266,15716
2023-08-23 13:27:00-04:00,107.22000122070312,107.22000122070312,107.17739868164062,107.19499969482422,107.19499969482422,9286
2023-08-23 13:28:00-04:00,107.19000244140625,107.21499633789062,107.1500015258789,107.16000366210938,107.16000366210938,10400
2023-08-23 13:29:00-04:00,107.168701171875,107.19499969482422,107.16000366210938,107.19000244140625,107.19000244140625,10729
2023-08-23 13:30:00-04:00,107.19999694824219,107.26000213623047,107.19999694824219,107.23999786376953,107.23999786376953,18798
2023-08-23 13:31:00-04:00,107.23999786376953,107.2676010131836,107.2300033569336,107.23999786376953,107.23999786376953,12442
2023-08-23 13:32:00-04:00,107.25,107.29499816894531,107.25,107.29000091552734,107.29000091552734,14000
2023-08-23 13:33:00-04:00,107.29000091552734,107.30000305175781,107.2300033569336,107.23999786376953,107.23999786376953,19300
2023-08-23 13:34:00-04:00,107.24500274658203,107.26000213623047,107.2300033569336,107.23999786376953,107.23999786376953,9408
2023-08-23 13:35:00-04:00,107.23999786376953,107.25,107.2300033569336,107.23999786376953,107.23999786376953,8497
2023-08-23 13:36:00-04:00,107.25,107.2699966430664,107.2300033569336,107.23500061035156,107.23500061035156,9260
2023-08-23 13:37:00-04:00,107.22000122070312,107.2249984741211,107.18000030517578,107.20960235595703,107.20960235595703,13031
2023-08-23 13:38:00-04:00,107.20999908447266,107.2300033569336,107.19000244140625,107.19999694824219,107.19999694824219,15230
2023-08-23 13:39:00-04:00,107.19000244140625,107.22000122070312,107.19000244140625,107.20999908447266,107.20999908447266,11882
2023-08-23 13:40:00-04:00,107.20999908447266,107.22000122070312,107.19999694824219,107.21420288085938,107.21420288085938,8171
2023-08-23 13:41:00-04:00,107.22000122070312,107.2300033569336,107.18000030517578,107.19000244140625,107.19000244140625,10850
2023-08-23 13:42:00-04:00,107.19000244140625,107.19000244140625,107.1500015258789,107.18000030517578,107.18000030517578,10599
2023-08-23 13:43:00-04:00,107.16999816894531,107.16999816894531,107.12000274658203,107.1449966430664,107.1449966430664,12259
2023-08-23 13:44:00-04:00,107.1449966430664,107.1500015258789,107.13999938964844,107.13999938964844,107.13999938964844,6817
2023-08-23 13:45:00-04:00,107.13999938964844,107.20999908447266,107.13990020751953,107.20130157470703,107.20130157470703,17869
2023-08-23 13:46:00-04:00,107.19999694824219,107.22139739990234,107.19499969482422,107.20999908447266,107.20999908447266,13242
2023-08-23 13:47:00-04:00,107.20999908447266,107.22000122070312,107.16999816894531,107.19999694824219,107.19999694824219,13537
2023-08-23 13:48:00-04:00,107.19999694824219,107.22000122070312,107.16000366210938,107.21499633789062,107.21499633789062,12145
2023-08-23 13:49:00-04:00,107.2249984741211,107.2249984741211,107.19000244140625,107.20500183105469,107.20500183105469,10010
2023-08-23 13:50:00-04:00,107.19999694824219,107.2300033569336,107.19000244140625,107.22000122070312,107.22000122070312,8115
2023-08-23 13:51:00-04:00,107.2300033569336,107.25,107.20999908447266,107.2300033569336,107.2300033569336,11216
2023-08-23 13:52:00-04:00,107.2300033569336,107.2313003540039,107.08999633789062,107.08999633789062,107.08999633789062,17271
2023-08-23 13:53:00-04:00,107.08999633789062,107.13999938964844,107.06999969482422,107.08000183105469,107.08000183105469,19589
2023-08-23 13:54:00-04:00,107.08999633789062,107.09500122070312,107.01809692382812,107.0199966430664,107.0199966430664,12873
2023-08-23 13:55:00-04:00,107.0199966430664,107.05999755859375,107.0199966430664,107.04000091552734,107.04000091552734,11805
2023-08-23 13:56:00-04:00,107.02999877929688,107.08000183105469,107.0199966430664,107.05999755859375,107.05999755859375,16113
2023-08-23 13:57:00-04:00,107.05000305175781,107.07499694824219,107.04499816894531,107.05000305175781,107.05000305175781,19658
2023-08-23 13:58:00-04:00,107.05000305175781,107.07499694824219,107.02999877929688,107.02999877929688,107.02999877929688,14665
2023-08-23 13:59:00-04:00,107.01010131835938,107.06500244140625,107.01000213623047,107.05999755859375,107.05999755859375,11060
2023-08-23 14:00:00-04:00,107.05989837646484,107.12000274658203,107.02999877929688,107.12000274658203,107.12000274658203,19393
2023-08-23 14:01:00-04:00,107.125,107.125,107.08499908447266,107.1050033569336,107.1050033569336,20087
2023-08-23 14:02:00-04:00,107.12999725341797,107.12999725341797,107.05999755859375,107.05999755859375,107.05999755859375,13530
2023-08-23 14:03:00-04:00,107.05999755859375,107.08000183105469,107.04000091552734,107.08000183105469,107.08000183105469,11288
2023-08-23 14:04:00-04:00,107.08000183105469,107.08999633789062,107.05870056152344,107.07499694824219,107.07499694824219,11977
2023-08-23 14:05:00-04:00,107.06999969482422,107.12999725341797,107.06999969482422,107.12000274658203,107.12000274658203,11442
2023-08-23 14:06:00-04:00,107.11499786376953,107.1449966430664,107.08979797363281,107.08979797363281,107.08979797363281,27456
2023-08-23 14:07:00-04:00,107.08999633789062,107.0999984741211,107.06999969482422,107.08999633789062,107.08999633789062,11112
2023-08-23 14:08:00-04:00,107.08999633789062,107.16000366210938,107.08000183105469,107.16000366210938,107.16000366210938,12971
2023-08-23 14:09:00-04:00,107.16000366210938,107.16999816894531,107.13500213623047,107.15499877929688,107.15499877929688,9447
2023-08-23 14:10:00-04:00,107.16000366210938,107.20500183105469,107.16000366210938,107.19000244140625,107.19000244140625,9157
2023-08-23 14:11:00-04:00,107.19499969482422,107.19999694824219,107.12000274658203,107.13999938964844,107.13999938964844,11275
2023-08-23 14:12:00-04:00,107.1426010131836,107.16000366210938,107.12000274658203,107.125,107.125,9904
2023-08-23 14:13:00-04:00,107.12999725341797,107.12999725341797,107.08000183105469,107.08000183105469,107.08000183105469,13570
2023-08-23 14:14:00-04:00,107.08000183105469,107.11499786376953,107.08000183105469,107.11499786376953,107.11499786376953,7546
2023-08-23 14:15:00-04:00,107.12000274658203,107.15499877929688,107.11000061035156,107.13999938964844,107.13999938964844,13007
2023-08-23 14:16:00-04:00,107.1500015258789,107.16000366210938,107.0999984741211,107.11000061035156,107.11000061035156,47178
2023-08-23 14:17:00-04:00,107.12000274658203,107.13999938964844,107.0999984741211,107.0999984741211,107.0999984741211,21802
2023-08-23 14:18:00-04:00,107.0999984741211,107.0999984741211,107.01000213623047,107.02899932861328,107.02899932861328,23427
2023-08-23 14:19:00-04:00,107.03500366210938,107.05380249023438,107.0250015258789,107.04499816894531,107.04499816894531,8208
2023-08-23 14:20:00-04:00,107.04000091552734,107.04000091552734,106.98999786376953,106.99079895019531,106.99079895019531,14886
2023-08-23 14:21:00-04:00,106.98999786376953,106.99500274658203,106.94999694824219,106.98999786376953,106.98999786376953,11458
2023-08-23 14:22:00-04:00,106.9800033569336,106.9800033569336,106.94999694824219,106.95500183105469,106.95500183105469,9734
2023-08-23 14:23:00-04:00,106.96890258789062,106.97000122070312,106.94000244140625,106.94999694824219,106.94999694824219,14240
2023-08-23 14:24:00-04:00,106.94999694824219,107.04000091552734,106.94000244140625,107.04000091552734,107.04000091552734,18515
2023-08-23 14:25:00-04:00,107.05000305175781,107.05000305175781,107.01000213623047,107.0199966430664,107.0199966430664,15057
2023-08-23 14:26:00-04:00,107.01000213623047,107.01000213623047,106.94999694824219,106.9800033569336,106.9800033569336,13871
2023-08-23 14:27:00-04:00,106.97470092773438,106.98999786376953,106.97000122070312,106.98999786376953,106.98999786376953,7940
2023-08-23 14:28:00-04:00,107.0,107.04000091552734,107.0,107.0199966430664,107.0199966430664,9611
2023-08-23 14:29:00-04:00,107.02999877929688,107.02999877929688,107.0,107.01000213623047,107.01000213623047,13451
2023-08-23 14:30:00-04:00,107.0,107.01349639892578,106.96199798583984,106.9749984741211,106.9749984741211,14623
2023-08-23 14:31:00-04:00,106.9800033569336,106.9800033569336,106.94499969482422,106.96499633789062,106.96499633789062,10896
2023-08-23 14:32:00-04:00,106.97000122070312,107.0,106.95999908447266,106.98500061035156,106.98500061035156,12056
2023-08-23 14:33:00-04:00,106.98999786376953,107.01000213623047,106.96499633789062,106.97000122070312,106.97000122070312,9666
2023-08-23 14:34:00-04:00,106.9800033569336,107.02999877929688,106.9800033569336,107.01499938964844,107.01499938964844,9137
2023-08-23 14:35:00-04:00,107.0199966430664,107.02989959716797,106.981201171875,107.0,107.0,13260
2023-08-23 14:36:00-04:00,107.0,107.01000213623047,106.98999786376953,106.99500274658203,106.99500274658203,13776
2023-08-23 14:37:00-04:00,106.98999786376953,106.98999786376953,106.94999694824219,106.95999908447266,106.95999908447266,18277
2023-08-23 14:38:00-04:00,106.96499633789062,106.96499633789062,106.92060089111328,106.92060089111328,106.92060089111328,10643
2023-08-23 14:39:00-04:00,106.91999816894531,106.9800033569336,106.91999816894531,106.94499969482422,106.94499969482422,13472
2023-08-23 14:40:00-04:00,106.94000244140625,106.96499633789062,106.91000366210938,106.95999908447266,106.95999908447266,15900
2023-08-23 14:41:00-04:00,106.95999908447266,106.95999908447266,106.93000030517578,106.93000030517578,106.93000030517578,10076
2023-08-23 14:42:00-04:00,106.93000030517578,106.94000244140625,106.91999816894531,106.91999816894531,106.91999816894531,7464
2023-08-23 14:43:00-04:00,106.93000030517578,106.94499969482422,106.91000366210938,106.9207992553711,106.9207992553711,7895
2023-08-23 14:44:00-04:00,106.93000030517578,106.94000244140625,106.91999816894531,106.91999816894531,106.91999816894531,6908
2023-08-23 14:45:00-04:00,106.91999816894531,106.91999816894531,106.87999725341797,106.88999938964844,106.88999938964844,23587
2023-08-23 14:46:00-04:00,106.87000274658203,106.94999694824219,106.87000274658203,106.94999694824219,106.94999694824219,10069
2023-08-23 14:47:00-04:00,106.95919799804688,106.97000122070312,106.94999694824219,106.97000122070312,106.97000122070312,7924
2023-08-23 14:48:00-04:00,106.97000122070312,106.97000122070312,106.93000030517578,106.94000244140625,106.94000244140625,6911
2023-08-23 14:49:00-04:00,106.94000244140625,106.94999694824219,106.93499755859375,106.94999694824219,106.94999694824219,6107
2023-08-23 14:50:00-04:00,106.94999694824219,106.95999908447266,106.94000244140625,106.94000244140625,106.94000244140625,8174
2023-08-23 14:51:00-04:00,106.94499969482422,106.97000122070312,106.93000030517578,106.94999694824219,106.94999694824219,12068
2023-08-23 14:52:00-04:00,106.94999694824219,106.9749984741211,106.94000244140625,106.9749984741211,106.9749984741211,7198
2023-08-23 14:53:00-04:00,106.9800033569336,106.9800033569336,106.95999908447266,106.95999908447266,106.95999908447266,8444
2023-08-23 14:54:00-04:00,106.95999908447266,106.96499633789062,106.94999694824219,106.95999908447266,106.95999908447266,6894
2023-08-23 14:55:00-04:00,106.96499633789062,106.96499633789062,106.91999816894531,106.92500305175781,106.92500305175781,17669
2023-08-23 14:56:00-04:00,106.93000030517578,106.94000244140625,106.91000366210938,106.92500305175781,106.92500305175781,13411
2023-08-23 14:57:00-04:00,106.91999816894531,106.91999816894531,106.88999938964844,106.88999938964844,106.88999938964844,8110
2023-08-23 14:58:00-04:00,106.88829803466797,106.88999938964844,106.8499984741211,106.86000061035156,106.86000061035156,11590
2023-08-23 14:59:00-04:00,106.8499984741211,106.875,106.82009887695312,106.87000274658203,106.87000274658203,18722
2023-08-23 15:00:00-04:00,106.86000061035156,106.87000274658203,106.8301010131836,106.8499984741211,106.8499984741211,12053
2023-08-23 15:01:00-04:00,106.8499984741211,106.8550033569336,106.80999755859375,106.83000183105469,106.83000183105469,19452
2023-08-23 15:02:00-04:00,106.83999633789062,106.84500122070312,106.80000305175781,106.83000183105469,106.83000183105469,23594
2023-08-23 15:03:00-04:00,106.83999633789062,106.8843994140625,106.83000183105469,106.88420104980469,106.88420104980469,12127
2023-08-23 15:04:00-04:00,106.87999725341797,106.95999908447266,106.87999725341797,106.94499969482422,106.94499969482422,16308
2023-08-23 15:05:00-04:00,106.94999694824219,106.94999694824219,106.90499877929688,106.91500091552734,106.91500091552734,9705
2023-08-23 15:06:00-04:00,106.91000366210938,106.96499633789062,106.91000366210938,106.94000244140625,106.94000244140625,9986
2023-08-23 15:07:00-04:00,106.9468002319336,106.95999908447266,106.94000244140625,106.94999694824219,106.94999694824219,7235
2023-08-23 15:08:00-04:00,106.94999694824219,106.94999694824219,106.91000366210938,106.93000030517578,106.93000030517578,15691
2023-08-23 15:09:00-04:00,106.92500305175781,106.93000030517578,106.91999816894531,106.92649841308594,106.92649841308594,8488
2023-08-23 15:10:00-04:00,106.91500091552734,106.95999908447266,106.91500091552734,106.94999694824219,106.94999694824219,36163
2023-08-23 15:11:00-04:00,106.94999694824219,106.95999908447266,106.92410278320312,106.92500305175781,106.92500305175781,11812
2023-08-23 15:12:00-04:00,106.91999816894531,106.92500305175781,106.88500213623047,106.8949966430664,106.8949966430664,14980
2023-08-23 15:13:00-04:00,106.88999938964844,106.91999816894531,106.88999938964844,106.91000366210938,106.91000366210938,11587
2023-08-23 15:14:00-04:00,106.91000366210938,106.91000366210938,106.87999725341797,106.87999725341797,106.87999725341797,11743
2023-08-23 15:15:00-04:00,106.88999938964844,106.93000030517578,106.88999938964844,106.90010070800781,106.90010070800781,15639
2023-08-23 15:16:00-04:00,106.91000366210938,106.98999786376953,106.90499877929688,106.9749984741211,106.9749984741211,16502
2023-08-23 15:17:00-04:00,106.9749984741211,106.9749984741211,106.92500305175781,106.94499969482422,106.94499969482422,16559
2023-08-23 15:18:00-04:00,106.94830322265625,106.94999694824219,106.91000366210938,106.94999694824219,106.94999694824219,13953
2023-08-23 15:19:00-04:00,106.94000244140625,106.94999694824219,106.91999816894531,106.91999816894531,106.91999816894531,13332
2023-08-23 15:20:00-04:00,106.91999816894531,106.91999816894531,106.8729019165039,106.88999938964844,106.88999938964844,14770
2023-08-23 15:21:00-04:00,106.87999725341797,106.91000366210938,106.86000061035156,106.9000015258789,106.9000015258789,20002
2023-08-23 15:22:00-04:00,106.88999938964844,106.9000015258789,106.87000274658203,106.88500213623047,106.88500213623047,13411
2023-08-23 15:23:00-04:00,106.88999938964844,106.88999938964844,106.87000274658203,106.87999725341797,106.87999725341797,9490
2023-08-23 15:24:00-04:00,106.87999725341797,106.88999938964844,106.86000061035156,106.86990356445312,106.86990356445312,32273
2023-08-23 15:25:00-04:00,106.86000061035156,106.91000366210938,106.84010314941406,106.9000015258789,106.9000015258789,31114
2023-08-23 15:26:00-04:00,106.90499877929688,106.94000244140625,106.90499877929688,106.94000244140625,106.94000244140625,19737
2023-08-23 15:27:00-04:00,106.94000244140625,106.94999694824219,106.91000366210938,106.94039916992188,106.94039916992188,20058
2023-08-23 15:28:00-04:00,106.94999694824219,106.99500274658203,106.94499969482422,106.99500274658203,106.99500274658203,15345
2023-08-23 15:29:00-04:00,106.98999786376953,107.02839660644531,106.98500061035156,107.02239990234375,107.02239990234375,11991
2023-08-23 15:30:00-04:00,107.0199966430664,107.03500366210938,107.01000213623047,107.01499938964844,107.01499938964844,16860
2023-08-23 15:31:00-04:00,107.0199966430664,107.05000305175781,107.0,107.04000091552734,107.04000091552734,36350
2023-08-23 15:32:00-04:00,107.04000091552734,107.05999755859375,107.0250015258789,107.04499816894531,107.04499816894531,17481
2023-08-23 15:33:00-04:00,107.04000091552734,107.08000183105469,107.04000091552734,107.06999969482422,107.06999969482422,26235
2023-08-23 15:34:00-04:00,107.06500244140625,107.06999969482422,107.04000091552734,107.06999969482422,107.06999969482422,11864
2023-08-23 15:35:00-04:00,107.08000183105469,107.0999984741211,107.05000305175781,107.05999755859375,107.05999755859375,23126
2023-08-23 15:36:00-04:00,107.05770111083984,107.05999755859375,107.02999877929688,107.05000305175781,107.05000305175781,17006
2023-08-23 15:37:00-04:00,107.05000305175781,107.07499694824219,107.04499816894531,107.06999969482422,107.06999969482422,20834
2023-08-23 15:38:00-04:00,107.05999755859375,107.09500122070312,107.05999755859375,107.08000183105469,107.08000183105469,20235
2023-08-23 15:39:00-04:00,107.08000183105469,107.1050033569336,107.0696029663086,107.08000183105469,107.08000183105469,16329
2023-08-23 15:40:00-04:00,107.08999633789062,107.12000274658203,107.07499694824219,107.08000183105469,107.08000183105469,21463
2023-08-23 15:41:00-04:00,107.08000183105469,107.08000183105469,107.05000305175781,107.08000183105469,107.08000183105469,19811
2023-08-23 15:42:00-04:00,107.08000183105469,107.08999633789062,107.06999969482422,107.07260131835938,107.07260131835938,31894
2023-08-23 15:43:00-04:00,107.0718002319336,107.1050033569336,107.0718002319336,107.08999633789062,107.08999633789062,26243
2023-08-23 15:44:00-04:00,107.08999633789062,107.08999633789062,107.05999755859375,107.06999969482422,107.06999969482422,29802
2023-08-23 15:45:00-04:00,107.06999969482422,107.13999938964844,107.05999755859375,107.13500213623047,107.13500213623047,39394
2023-08-23 15:46:00-04:00,107.12999725341797,107.19000244140625,107.125,107.18499755859375,107.18499755859375,24589
2023-08-23 15:47:00-04:00,107.19000244140625,107.20500183105469,107.16500091552734,107.18000030517578,107.18000030517578,34156
2023-08-23 15:48:00-04:00,107.19000244140625,107.2300033569336,107.19000244140625,107.19999694824219,107.19999694824219,32163
2023-08-23 15:49:00-04:00,107.19000244140625,107.20500183105469,107.16999816894531,107.18499755859375,107.18499755859375,21719
2023-08-23 15:50:00-04:00,107.19999694824219,107.20999908447266,107.0999984741211,107.10530090332031,107.10530090332031,87341
2023-08-23 15:51:00-04:00,107.11000061035156,107.13999938964844,107.1050033569336,107.11000061035156,107.11000061035156,49773
2023-08-23 15:52:00-04:00,107.1050033569336,107.11000061035156,107.02079772949219,107.05000305175781,107.05000305175781,719115
2023-08-23 15:53:00-04:00,107.04000091552734,107.07499694824219,107.0,107.07499694824219,107.07499694824219,62528
2023-08-23 15:54:00-04:00,107.07499694824219,107.1050033569336,107.05500030517578,107.08499908447266,107.08499908447266,40962
2023-08-23 15:55:00-04:00,107.08999633789062,107.08999633789062,107.0199966430664,107.05000305175781,107.05000305175781,68617
2023-08-23 15:56:00-04:00,107.05000305175781,107.0999984741211,107.05000305175781,107.0999984741211,107.0999984741211,55385
2023-08-23 15:57:00-04:00,107.0999984741211,107.1050033569336,107.08000183105469,107.1050033569336,107.1050033569336,41648
2023-08-23 15:58:00-04:00,107.11000061035156,107.11000061035156,107.08000183105469,107.0999984741211,107.0999984741211,92996
2023-08-23 15:59:00-04:00,107.1050033569336,107.19000244140625,107.0999984741211,107.18000030517578,107.18000030517578,149800
