Date,Open,High,Low,Close,Adj Close,Volume
2023-10-12 00:00:00+00:00,7.39296293258667,7.39296293258667,7.39296293258667,7.39296293258667,7.39296293258667,0
2023-10-12 00:01:00+00:00,7.393173694610596,7.393173694610596,7.393173694610596,7.393173694610596,7.393173694610596,0
2023-10-12 00:08:00+00:00,7.3971710205078125,7.3971710205078125,7.3971710205078125,7.3971710205078125,7.3971710205078125,0
2023-10-12 00:09:00+00:00,7.398062705993652,7.398062705993652,7.398062705993652,7.398062705993652,7.398062705993652,28800
2023-10-12 00:10:00+00:00,7.403088569641113,7.403088569641113,7.403088569641113,7.403088569641113,7.403088569641113,258480
2023-10-12 00:11:00+00:00,7.401670455932617,7.401670455932617,7.401670455932617,7.401670455932617,7.401670455932617,0
2023-10-12 00:12:00+00:00,7.401468753814697,7.401468753814697,7.401468753814697,7.401468753814697,7.401468753814697,0
2023-10-12 00:13:00+00:00,7.401468753814697,7.401468753814697,7.401468753814697,7.401468753814697,7.401468753814697,0
2023-10-12 00:14:00+00:00,7.393967628479004,7.393967628479004,7.393967628479004,7.393967628479004,7.393967628479004,0
2023-10-12 00:15:00+00:00,7.393222332000732,7.393222332000732,7.393222332000732,7.393222332000732,7.393222332000732,0
2023-10-12 00:16:00+00:00,7.393021106719971,7.393021106719971,7.393021106719971,7.393021106719971,7.393021106719971,0
2023-10-12 00:17:00+00:00,7.393021106719971,7.393021106719971,7.393021106719971,7.393021106719971,7.393021106719971,0
2023-10-12 00:18:00+00:00,7.388646125793457,7.388646125793457,7.388646125793457,7.388646125793457,7.388646125793457,0
2023-10-12 00:19:00+00:00,7.392521858215332,7.392521858215332,7.392521858215332,7.392521858215332,7.392521858215332,231392
2023-10-12 00:20:00+00:00,7.391152858734131,7.391152858734131,7.391152858734131,7.391152858734131,7.391152858734131,0
2023-10-12 00:21:00+00:00,7.390817642211914,7.390817642211914,7.390817642211914,7.390817642211914,7.390817642211914,6384
2023-10-12 00:22:00+00:00,7.384451866149902,7.384451866149902,7.384451866149902,7.384451866149902,7.384451866149902,19856
2023-10-12 00:23:00+00:00,7.383911609649658,7.383911609649658,7.383911609649658,7.383911609649658,7.383911609649658,0
2023-10-12 00:24:00+00:00,7.384138584136963,7.384138584136963,7.384138584136963,7.384138584136963,7.384138584136963,34160
2023-10-12 00:25:00+00:00,7.38108491897583,7.38108491897583,7.38108491897583,7.38108491897583,7.38108491897583,0
2023-10-12 00:26:00+00:00,7.38108491897583,7.38108491897583,7.38108491897583,7.38108491897583,7.38108491897583,0
2023-10-12 00:27:00+00:00,7.38108491897583,7.38108491897583,7.38108491897583,7.38108491897583,7.38108491897583,0
2023-10-12 00:28:00+00:00,7.377498149871826,7.377498149871826,7.377498149871826,7.377498149871826,7.377498149871826,135088
2023-10-12 00:29:00+00:00,7.377845764160156,7.377845764160156,7.377845764160156,7.377845764160156,7.377845764160156,33056
2023-10-12 00:30:00+00:00,7.377882480621338,7.377882480621338,7.377882480621338,7.377882480621338,7.377882480621338,0
2023-10-12 00:31:00+00:00,7.379008769989014,7.379008769989014,7.379008769989014,7.379008769989014,7.379008769989014,0
2023-10-12 00:32:00+00:00,7.378904819488525,7.378904819488525,7.378904819488525,7.378904819488525,7.378904819488525,0
2023-10-12 00:33:00+00:00,7.378422260284424,7.378422260284424,7.378422260284424,7.378422260284424,7.378422260284424,11392
2023-10-12 00:34:00+00:00,7.374630451202393,7.374630451202393,7.374630451202393,7.374630451202393,7.374630451202393,9712
2023-10-12 00:35:00+00:00,7.374588489532471,7.374588489532471,7.374588489532471,7.374588489532471,7.374588489532471,75632
2023-10-12 00:36:00+00:00,7.3743438720703125,7.3743438720703125,7.3743438720703125,7.3743438720703125,7.3743438720703125,0
2023-10-12 00:37:00+00:00,7.3768510818481445,7.3768510818481445,7.3768510818481445,7.3768510818481445,7.3768510818481445,0
2023-10-12 00:38:00+00:00,7.376589298248291,7.376589298248291,7.376589298248291,7.376589298248291,7.376589298248291,0
2023-10-12 00:39:00+00:00,7.375726222991943,7.375726222991943,7.375726222991943,7.375726222991943,7.375726222991943,0
2023-10-12 00:40:00+00:00,7.370299816131592,7.370299816131592,7.370299816131592,7.370299816131592,7.370299816131592,0
2023-10-12 00:41:00+00:00,7.370218753814697,7.370218753814697,7.370218753814697,7.370218753814697,7.370218753814697,0
2023-10-12 00:42:00+00:00,7.3697428703308105,7.3697428703308105,7.3697428703308105,7.3697428703308105,7.3697428703308105,0
2023-10-12 00:43:00+00:00,7.365772724151611,7.365772724151611,7.365772724151611,7.365772724151611,7.365772724151611,0
2023-10-12 00:44:00+00:00,7.3651838302612305,7.3651838302612305,7.3651838302612305,7.3651838302612305,7.3651838302612305,52192
2023-10-12 00:45:00+00:00,7.365197658538818,7.365197658538818,7.365197658538818,7.365197658538818,7.365197658538818,8864
2023-10-12 00:46:00+00:00,7.365479946136475,7.365479946136475,7.365479946136475,7.365479946136475,7.365479946136475,0
2023-10-12 00:47:00+00:00,7.364805221557617,7.364805221557617,7.364805221557617,7.364805221557617,7.364805221557617,45040
2023-10-12 00:48:00+00:00,7.364205360412598,7.364205360412598,7.364205360412598,7.364205360412598,7.364205360412598,0
2023-10-12 00:49:00+00:00,7.360187530517578,7.360187530517578,7.360187530517578,7.360187530517578,7.360187530517578,66512
2023-10-12 00:50:00+00:00,7.360384941101074,7.360384941101074,7.360384941101074,7.360384941101074,7.360384941101074,39488
2023-10-12 00:51:00+00:00,7.360363006591797,7.360363006591797,7.360363006591797,7.360363006591797,7.360363006591797,0
2023-10-12 00:52:00+00:00,7.360363006591797,7.360363006591797,7.360363006591797,7.360363006591797,7.360363006591797,0
2023-10-12 00:53:00+00:00,7.3601508140563965,7.3601508140563965,7.3601508140563965,7.3601508140563965,7.3601508140563965,0
2023-10-12 00:54:00+00:00,7.359942436218262,7.359942436218262,7.359942436218262,7.359942436218262,7.359942436218262,67936
2023-10-12 00:55:00+00:00,7.359942436218262,7.359942436218262,7.359942436218262,7.359942436218262,7.359942436218262,0
2023-10-12 00:56:00+00:00,7.359833240509033,7.359833240509033,7.359833240509033,7.359833240509033,7.359833240509033,9424
2023-10-12 00:57:00+00:00,7.361188888549805,7.361188888549805,7.361188888549805,7.361188888549805,7.361188888549805,114752
2023-10-12 00:58:00+00:00,7.366004943847656,7.366004943847656,7.366004943847656,7.366004943847656,7.366004943847656,0
2023-10-12 00:59:00+00:00,7.365937232971191,7.365937232971191,7.365937232971191,7.365937232971191,7.365937232971191,0
2023-10-12 01:00:00+00:00,7.3653364181518555,7.3653364181518555,7.3653364181518555,7.3653364181518555,7.3653364181518555,0
2023-10-12 01:01:00+00:00,7.362711429595947,7.362711429595947,7.362711429595947,7.362711429595947,7.362711429595947,0
2023-10-12 01:02:00+00:00,7.362344264984131,7.362344264984131,7.362344264984131,7.362344264984131,7.362344264984131,0
2023-10-12 01:03:00+00:00,7.361606597900391,7.361606597900391,7.361606597900391,7.361606597900391,7.361606597900391,0
2023-10-12 01:04:00+00:00,7.354263782501221,7.354263782501221,7.354263782501221,7.354263782501221,7.354263782501221,0
2023-10-12 01:05:00+00:00,7.354440689086914,7.354440689086914,7.354440689086914,7.354440689086914,7.354440689086914,23056
2023-10-12 01:06:00+00:00,7.35380744934082,7.35380744934082,7.35380744934082,7.35380744934082,7.35380744934082,6624
2023-10-12 01:07:00+00:00,7.352888107299805,7.352888107299805,7.352888107299805,7.352888107299805,7.352888107299805,122064
2023-10-12 01:08:00+00:00,7.352503299713135,7.352503299713135,7.352503299713135,7.352503299713135,7.352503299713135,6832
2023-10-12 01:09:00+00:00,7.351785182952881,7.351785182952881,7.351785182952881,7.351785182952881,7.351785182952881,0
2023-10-12 01:10:00+00:00,7.351722240447998,7.351722240447998,7.351722240447998,7.351722240447998,7.351722240447998,72528
2023-10-12 01:11:00+00:00,7.351607799530029,7.351607799530029,7.351607799530029,7.351607799530029,7.351607799530029,15472
2023-10-12 01:12:00+00:00,7.351080894470215,7.351080894470215,7.351080894470215,7.351080894470215,7.351080894470215,0
2023-10-12 01:13:00+00:00,7.348393440246582,7.348393440246582,7.348393440246582,7.348393440246582,7.348393440246582,0
2023-10-12 01:14:00+00:00,7.346320629119873,7.346320629119873,7.346320629119873,7.346320629119873,7.346320629119873,97664
2023-10-12 01:15:00+00:00,7.345386028289795,7.345386028289795,7.345386028289795,7.345386028289795,7.345386028289795,56144
2023-10-12 01:16:00+00:00,7.338614463806152,7.338614463806152,7.338614463806152,7.338614463806152,7.338614463806152,0
2023-10-12 01:17:00+00:00,7.338322639465332,7.338322639465332,7.338322639465332,7.338322639465332,7.338322639465332,211328
2023-10-12 01:18:00+00:00,7.337946891784668,7.337946891784668,7.337946891784668,7.337946891784668,7.337946891784668,8880
2023-10-12 01:19:00+00:00,7.33712100982666,7.33712100982666,7.33712100982666,7.33712100982666,7.33712100982666,48112
2023-10-12 01:20:00+00:00,7.337213516235352,7.337213516235352,7.337213516235352,7.337213516235352,7.337213516235352,0
2023-10-12 01:21:00+00:00,7.336642265319824,7.336642265319824,7.336642265319824,7.336642265319824,7.336642265319824,0
2023-10-12 01:22:00+00:00,7.337099075317383,7.337099075317383,7.337099075317383,7.337099075317383,7.337099075317383,26752
2023-10-12 01:23:00+00:00,7.336559295654297,7.336559295654297,7.336559295654297,7.336559295654297,7.336559295654297,16784
2023-10-12 01:24:00+00:00,7.3355393409729,7.3355393409729,7.3355393409729,7.3355393409729,7.3355393409729,74560
2023-10-12 01:25:00+00:00,7.3315839767456055,7.3315839767456055,7.3315839767456055,7.3315839767456055,7.3315839767456055,100160
2023-10-12 01:26:00+00:00,7.332715034484863,7.332715034484863,7.332715034484863,7.332715034484863,7.332715034484863,89632
2023-10-12 01:27:00+00:00,7.3330559730529785,7.3330559730529785,7.3330559730529785,7.3330559730529785,7.3330559730529785,70896
2023-10-12 01:28:00+00:00,7.336203575134277,7.336203575134277,7.336203575134277,7.336203575134277,7.336203575134277,0
2023-10-12 01:29:00+00:00,7.336883068084717,7.336883068084717,7.336883068084717,7.336883068084717,7.336883068084717,14400
2023-10-12 01:30:00+00:00,7.3366923332214355,7.3366923332214355,7.3366923332214355,7.3366923332214355,7.3366923332214355,28576
2023-10-12 01:31:00+00:00,7.338220596313477,7.338220596313477,7.338220596313477,7.338220596313477,7.338220596313477,22720
2023-10-12 01:32:00+00:00,7.3384575843811035,7.3384575843811035,7.3384575843811035,7.3384575843811035,7.3384575843811035,6880
2023-10-12 01:33:00+00:00,7.338291168212891,7.338291168212891,7.338291168212891,7.338291168212891,7.338291168212891,0
2023-10-12 01:34:00+00:00,7.34239387512207,7.34239387512207,7.34239387512207,7.34239387512207,7.34239387512207,110336
2023-10-12 01:35:00+00:00,7.342616081237793,7.342616081237793,7.342616081237793,7.342616081237793,7.342616081237793,0
2023-10-12 01:36:00+00:00,7.341665744781494,7.341665744781494,7.341665744781494,7.341665744781494,7.341665744781494,21296
2023-10-12 01:37:00+00:00,7.338393211364746,7.338393211364746,7.338393211364746,7.338393211364746,7.338393211364746,0
2023-10-12 01:38:00+00:00,7.338418006896973,7.338418006896973,7.338418006896973,7.338418006896973,7.338418006896973,0
2023-10-12 01:39:00+00:00,7.338354110717773,7.338354110717773,7.338354110717773,7.338354110717773,7.338354110717773,25328
2023-10-12 01:40:00+00:00,7.338249683380127,7.338249683380127,7.338249683380127,7.338249683380127,7.338249683380127,57632
2023-10-12 01:41:00+00:00,7.337367534637451,7.337367534637451,7.337367534637451,7.337367534637451,7.337367534637451,29984
2023-10-12 01:42:00+00:00,7.337274551391602,7.337274551391602,7.337274551391602,7.337274551391602,7.337274551391602,22032
2023-10-12 01:43:00+00:00,7.335835933685303,7.335835933685303,7.335835933685303,7.335835933685303,7.335835933685303,130736
2023-10-12 01:44:00+00:00,7.335267543792725,7.335267543792725,7.335267543792725,7.335267543792725,7.335267543792725,0
2023-10-12 01:45:00+00:00,7.335093975067139,7.335093975067139,7.335093975067139,7.335093975067139,7.335093975067139,27968
2023-10-12 01:46:00+00:00,7.334043502807617,7.334043502807617,7.334043502807617,7.334043502807617,7.334043502807617,0
2023-10-12 01:47:00+00:00,7.333645343780518,7.333645343780518,7.333645343780518,7.333645343780518,7.333645343780518,170656
2023-10-12 01:48:00+00:00,7.3340373039245605,7.3340373039245605,7.3340373039245605,7.3340373039245605,7.3340373039245605,35488
2023-10-12 01:49:00+00:00,7.335951805114746,7.335951805114746,7.335951805114746,7.335951805114746,7.335951805114746,130864
2023-10-12 01:50:00+00:00,7.335232257843018,7.335232257843018,7.335232257843018,7.335232257843018,7.335232257843018,0
2023-10-12 01:51:00+00:00,7.334660530090332,7.334660530090332,7.334660530090332,7.334660530090332,7.334660530090332,0
2023-10-12 01:52:00+00:00,7.331589698791504,7.331589698791504,7.331589698791504,7.331589698791504,7.331589698791504,0
2023-10-12 01:53:00+00:00,7.331326484680176,7.331326484680176,7.331326484680176,7.331326484680176,7.331326484680176,60336
2023-10-12 01:54:00+00:00,7.331271171569824,7.331271171569824,7.331271171569824,7.331271171569824,7.331271171569824,39040
2023-10-12 01:55:00+00:00,7.330876350402832,7.330876350402832,7.330876350402832,7.330876350402832,7.330876350402832,49824
2023-10-12 01:56:00+00:00,7.330358505249023,7.330358505249023,7.330358505249023,7.330358505249023,7.330358505249023,23904
2023-10-12 01:57:00+00:00,7.330392360687256,7.330392360687256,7.330392360687256,7.330392360687256,7.330392360687256,44336
2023-10-12 01:58:00+00:00,7.327576160430908,7.327576160430908,7.327576160430908,7.327576160430908,7.327576160430908,0
2023-10-12 01:59:00+00:00,7.32747745513916,7.32747745513916,7.32747745513916,7.32747745513916,7.32747745513916,94976
2023-10-12 02:00:00+00:00,7.327749729156494,7.327749729156494,7.327749729156494,7.327749729156494,7.327749729156494,0
2023-10-12 02:01:00+00:00,7.325568675994873,7.325568675994873,7.325568675994873,7.325568675994873,7.325568675994873,0
2023-10-12 02:02:00+00:00,7.324550151824951,7.324550151824951,7.324550151824951,7.324550151824951,7.324550151824951,0
2023-10-12 02:03:00+00:00,7.323767185211182,7.323767185211182,7.323767185211182,7.323767185211182,7.323767185211182,0
2023-10-12 02:04:00+00:00,7.318124294281006,7.318124294281006,7.318124294281006,7.318124294281006,7.318124294281006,0
2023-10-12 02:05:00+00:00,7.317941188812256,7.317941188812256,7.317941188812256,7.317941188812256,7.317941188812256,174128
2023-10-12 02:06:00+00:00,7.317538261413574,7.317538261413574,7.317538261413574,7.317538261413574,7.317538261413574,0
2023-10-12 02:07:00+00:00,7.316587924957275,7.316587924957275,7.316587924957275,7.316587924957275,7.316587924957275,0
2023-10-12 02:08:00+00:00,7.315661430358887,7.315661430358887,7.315661430358887,7.315661430358887,7.315661430358887,0
2023-10-12 02:09:00+00:00,7.312820911407471,7.312820911407471,7.312820911407471,7.312820911407471,7.312820911407471,193872
2023-10-12 02:10:00+00:00,7.307542324066162,7.307542324066162,7.307542324066162,7.307542324066162,7.307542324066162,389056
2023-10-12 02:11:00+00:00,7.306677341461182,7.306677341461182,7.306677341461182,7.306677341461182,7.306677341461182,246160
2023-10-12 02:12:00+00:00,7.30661678314209,7.30661678314209,7.30661678314209,7.30661678314209,7.30661678314209,39168
2023-10-12 02:13:00+00:00,7.306249141693115,7.306249141693115,7.306249141693115,7.306249141693115,7.306249141693115,182592
2023-10-12 02:14:00+00:00,7.307162761688232,7.307162761688232,7.307162761688232,7.307162761688232,7.307162761688232,154496
2023-10-12 02:15:00+00:00,7.307210445404053,7.307210445404053,7.307210445404053,7.307210445404053,7.307210445404053,78752
2023-10-12 02:16:00+00:00,7.310649871826172,7.310649871826172,7.310649871826172,7.310649871826172,7.310649871826172,247728
2023-10-12 02:17:00+00:00,7.311042308807373,7.311042308807373,7.311042308807373,7.311042308807373,7.311042308807373,0
2023-10-12 02:18:00+00:00,7.31138801574707,7.31138801574707,7.31138801574707,7.31138801574707,7.31138801574707,27984
2023-10-12 02:19:00+00:00,7.315230846405029,7.315230846405029,7.315230846405029,7.315230846405029,7.315230846405029,214256
2023-10-12 02:20:00+00:00,7.316587924957275,7.316587924957275,7.316587924957275,7.316587924957275,7.316587924957275,32048
2023-10-12 02:21:00+00:00,7.316354751586914,7.316354751586914,7.316354751586914,7.316354751586914,7.316354751586914,0
2023-10-12 02:22:00+00:00,7.318470001220703,7.318470001220703,7.318470001220703,7.318470001220703,7.318470001220703,262816
2023-10-12 02:23:00+00:00,7.319881916046143,7.319881916046143,7.319881916046143,7.319881916046143,7.319881916046143,45712
2023-10-12 02:24:00+00:00,7.320026874542236,7.320026874542236,7.320026874542236,7.320026874542236,7.320026874542236,36704
2023-10-12 02:25:00+00:00,7.326216220855713,7.326216220855713,7.326216220855713,7.326216220855713,7.326216220855713,277088
2023-10-12 02:26:00+00:00,7.326799392700195,7.326799392700195,7.326799392700195,7.326799392700195,7.326799392700195,0
2023-10-12 02:27:00+00:00,7.327089309692383,7.327089309692383,7.327089309692383,7.327089309692383,7.327089309692383,12416
2023-10-12 02:28:00+00:00,7.328699111938477,7.328699111938477,7.328699111938477,7.328699111938477,7.328699111938477,0
2023-10-12 02:29:00+00:00,7.328394889831543,7.328394889831543,7.328394889831543,7.328394889831543,7.328394889831543,0
2023-10-12 02:30:00+00:00,7.328493118286133,7.328493118286133,7.328493118286133,7.328493118286133,7.328493118286133,0
2023-10-12 02:31:00+00:00,7.329406261444092,7.329406261444092,7.329406261444092,7.329406261444092,7.329406261444092,0
2023-10-12 02:32:00+00:00,7.329412460327148,7.329412460327148,7.329412460327148,7.329412460327148,7.329412460327148,0
2023-10-12 02:33:00+00:00,7.329659461975098,7.329659461975098,7.329659461975098,7.329659461975098,7.329659461975098,0
2023-10-12 02:34:00+00:00,7.33371114730835,7.33371114730835,7.33371114730835,7.33371114730835,7.33371114730835,0
2023-10-12 02:35:00+00:00,7.334493160247803,7.334493160247803,7.334493160247803,7.334493160247803,7.334493160247803,0
2023-10-12 02:36:00+00:00,7.334975242614746,7.334975242614746,7.334975242614746,7.334975242614746,7.334975242614746,0
2023-10-12 02:37:00+00:00,7.339535713195801,7.339535713195801,7.339535713195801,7.339535713195801,7.339535713195801,0
2023-10-12 02:38:00+00:00,7.340615272521973,7.340615272521973,7.340615272521973,7.340615272521973,7.340615272521973,0
2023-10-12 02:39:00+00:00,7.340932369232178,7.340932369232178,7.340932369232178,7.340932369232178,7.340932369232178,0
2023-10-12 02:40:00+00:00,7.347296237945557,7.347296237945557,7.347296237945557,7.347296237945557,7.347296237945557,0
2023-10-12 02:41:00+00:00,7.3482666015625,7.3482666015625,7.3482666015625,7.3482666015625,7.3482666015625,0
2023-10-12 02:42:00+00:00,7.349687576293945,7.349687576293945,7.349687576293945,7.349687576293945,7.349687576293945,0
2023-10-12 02:43:00+00:00,7.352713584899902,7.352713584899902,7.352713584899902,7.352713584899902,7.352713584899902,0
2023-10-12 02:44:00+00:00,7.354011058807373,7.354011058807373,7.354011058807373,7.354011058807373,7.354011058807373,71312
2023-10-12 02:45:00+00:00,7.353618144989014,7.353618144989014,7.353618144989014,7.353618144989014,7.353618144989014,41552
2023-10-12 02:46:00+00:00,7.354037761688232,7.354037761688232,7.354037761688232,7.354037761688232,7.354037761688232,0
2023-10-12 02:47:00+00:00,7.354002952575684,7.354002952575684,7.354002952575684,7.354002952575684,7.354002952575684,22960
2023-10-12 02:48:00+00:00,7.35493803024292,7.35493803024292,7.35493803024292,7.35493803024292,7.35493803024292,0
2023-10-12 02:49:00+00:00,7.361065864562988,7.361065864562988,7.361065864562988,7.361065864562988,7.361065864562988,82496
2023-10-12 02:50:00+00:00,7.361573696136475,7.361573696136475,7.361573696136475,7.361573696136475,7.361573696136475,0
2023-10-12 02:51:00+00:00,7.362006187438965,7.362006187438965,7.362006187438965,7.362006187438965,7.362006187438965,0
2023-10-12 02:52:00+00:00,7.363168239593506,7.363168239593506,7.363168239593506,7.363168239593506,7.363168239593506,0
2023-10-12 02:53:00+00:00,7.364780902862549,7.364780902862549,7.364780902862549,7.364780902862549,7.364780902862549,22992
2023-10-12 02:54:00+00:00,7.36601448059082,7.36601448059082,7.36601448059082,7.36601448059082,7.36601448059082,3184
2023-10-12 02:55:00+00:00,7.376455783843994,7.376455783843994,7.376455783843994,7.376455783843994,7.376455783843994,165312
2023-10-12 02:56:00+00:00,7.37639045715332,7.37639045715332,7.37639045715332,7.37639045715332,7.37639045715332,0
2023-10-12 02:57:00+00:00,7.3767900466918945,7.3767900466918945,7.3767900466918945,7.3767900466918945,7.3767900466918945,65136
2023-10-12 02:58:00+00:00,7.374757289886475,7.374757289886475,7.374757289886475,7.374757289886475,7.374757289886475,26928
2023-10-12 02:59:00+00:00,7.376391887664795,7.376391887664795,7.376391887664795,7.376391887664795,7.376391887664795,0
2023-10-12 03:00:00+00:00,7.375570297241211,7.375570297241211,7.375570297241211,7.375570297241211,7.375570297241211,0
2023-10-12 03:01:00+00:00,7.375613689422607,7.375613689422607,7.375613689422607,7.375613689422607,7.375613689422607,0
2023-10-12 03:02:00+00:00,7.375613689422607,7.375613689422607,7.375613689422607,7.375613689422607,7.375613689422607,0
2023-10-12 03:03:00+00:00,7.375687122344971,7.375687122344971,7.375687122344971,7.375687122344971,7.375687122344971,204832
2023-10-12 03:04:00+00:00,7.369820594787598,7.369820594787598,7.369820594787598,7.369820594787598,7.369820594787598,0
2023-10-12 03:05:00+00:00,7.370082378387451,7.370082378387451,7.370082378387451,7.370082378387451,7.370082378387451,0
2023-10-12 03:06:00+00:00,7.370163917541504,7.370163917541504,7.370163917541504,7.370163917541504,7.370163917541504,14992
2023-10-12 03:07:00+00:00,7.371718883514404,7.371718883514404,7.371718883514404,7.371718883514404,7.371718883514404,0
2023-10-12 03:08:00+00:00,7.371181964874268,7.371181964874268,7.371181964874268,7.371181964874268,7.371181964874268,0
2023-10-12 03:09:00+00:00,7.37097692489624,7.37097692489624,7.37097692489624,7.37097692489624,7.37097692489624,0
2023-10-12 03:10:00+00:00,7.367718696594238,7.367718696594238,7.367718696594238,7.367718696594238,7.367718696594238,0
2023-10-12 03:11:00+00:00,7.367916107177734,7.367916107177734,7.367916107177734,7.367916107177734,7.367916107177734,0
2023-10-12 03:12:00+00:00,7.3678297996521,7.3678297996521,7.3678297996521,7.3678297996521,7.3678297996521,0
2023-10-12 03:13:00+00:00,7.363485336303711,7.363485336303711,7.363485336303711,7.363485336303711,7.363485336303711,0
2023-10-12 03:14:00+00:00,7.363417148590088,7.363417148590088,7.363417148590088,7.363417148590088,7.363417148590088,0
2023-10-12 03:15:00+00:00,7.362877368927002,7.362877368927002,7.362877368927002,7.362877368927002,7.362877368927002,0
2023-10-12 03:16:00+00:00,7.357475280761719,7.357475280761719,7.357475280761719,7.357475280761719,7.357475280761719,0
2023-10-12 03:17:00+00:00,7.357766628265381,7.357766628265381,7.357766628265381,7.357766628265381,7.357766628265381,34800
2023-10-12 03:18:00+00:00,7.357626438140869,7.357626438140869,7.357626438140869,7.357626438140869,7.357626438140869,0
2023-10-12 03:19:00+00:00,7.355787754058838,7.355787754058838,7.355787754058838,7.355787754058838,7.355787754058838,56384
2023-10-12 03:20:00+00:00,7.355828285217285,7.355828285217285,7.355828285217285,7.355828285217285,7.355828285217285,0
2023-10-12 03:21:00+00:00,7.355400085449219,7.355400085449219,7.355400085449219,7.355400085449219,7.355400085449219,0
2023-10-12 03:22:00+00:00,7.35283088684082,7.35283088684082,7.35283088684082,7.35283088684082,7.35283088684082,0
2023-10-12 03:23:00+00:00,7.352546691894531,7.352546691894531,7.352546691894531,7.352546691894531,7.352546691894531,0
2023-10-12 03:24:00+00:00,7.352579116821289,7.352579116821289,7.352579116821289,7.352579116821289,7.352579116821289,8512
2023-10-12 03:25:00+00:00,7.350754737854004,7.350754737854004,7.350754737854004,7.350754737854004,7.350754737854004,0
2023-10-12 03:26:00+00:00,7.3497233390808105,7.3497233390808105,7.3497233390808105,7.3497233390808105,7.3497233390808105,0
2023-10-12 03:27:00+00:00,7.3495612144470215,7.3495612144470215,7.3495612144470215,7.3495612144470215,7.3495612144470215,0
2023-10-12 03:28:00+00:00,7.346344947814941,7.346344947814941,7.346344947814941,7.346344947814941,7.346344947814941,0
2023-10-12 03:29:00+00:00,7.345081329345703,7.345081329345703,7.345081329345703,7.345081329345703,7.345081329345703,0
2023-10-12 03:30:00+00:00,7.344982147216797,7.344982147216797,7.344982147216797,7.344982147216797,7.344982147216797,0
2023-10-12 03:31:00+00:00,7.342597007751465,7.342597007751465,7.342597007751465,7.342597007751465,7.342597007751465,0
2023-10-12 03:32:00+00:00,7.34290885925293,7.34290885925293,7.34290885925293,7.34290885925293,7.34290885925293,0
2023-10-12 03:33:00+00:00,7.3430633544921875,7.3430633544921875,7.3430633544921875,7.3430633544921875,7.3430633544921875,99232
2023-10-12 03:34:00+00:00,7.343696117401123,7.343696117401123,7.343696117401123,7.343696117401123,7.343696117401123,0
2023-10-12 03:35:00+00:00,7.343558311462402,7.343558311462402,7.343558311462402,7.343558311462402,7.343558311462402,0
2023-10-12 03:36:00+00:00,7.343436241149902,7.343436241149902,7.343436241149902,7.343436241149902,7.343436241149902,11280
2023-10-12 03:37:00+00:00,7.340453147888184,7.340453147888184,7.340453147888184,7.340453147888184,7.340453147888184,0
2023-10-12 03:38:00+00:00,7.340579032897949,7.340579032897949,7.340579032897949,7.340579032897949,7.340579032897949,4160
2023-10-12 03:39:00+00:00,7.340244293212891,7.340244293212891,7.340244293212891,7.340244293212891,7.340244293212891,19568
2023-10-12 03:40:00+00:00,7.337646007537842,7.337646007537842,7.337646007537842,7.337646007537842,7.337646007537842,22896
2023-10-12 03:41:00+00:00,7.336709499359131,7.336709499359131,7.336709499359131,7.336709499359131,7.336709499359131,0
2023-10-12 03:42:00+00:00,7.337762832641602,7.337762832641602,7.337762832641602,7.337762832641602,7.337762832641602,60304
2023-10-12 03:43:00+00:00,7.337762832641602,7.337762832641602,7.337762832641602,7.337762832641602,7.337762832641602,0
2023-10-12 03:44:00+00:00,7.337790012359619,7.337790012359619,7.337790012359619,7.337790012359619,7.337790012359619,2032
2023-10-12 03:45:00+00:00,7.345608234405518,7.345608234405518,7.345608234405518,7.345608234405518,7.345608234405518,784096
2023-10-12 03:46:00+00:00,7.356555461883545,7.356555461883545,7.356555461883545,7.356555461883545,7.356555461883545,788048
2023-10-12 03:47:00+00:00,7.354979991912842,7.354979991912842,7.354979991912842,7.354979991912842,7.354979991912842,200720
2023-10-12 03:48:00+00:00,7.3548102378845215,7.3548102378845215,7.3548102378845215,7.3548102378845215,7.3548102378845215,17456
2023-10-12 03:49:00+00:00,7.344664573669434,7.344664573669434,7.344664573669434,7.344664573669434,7.344664573669434,259728
2023-10-12 03:50:00+00:00,7.345052719116211,7.345052719116211,7.345052719116211,7.345052719116211,7.345052719116211,0
2023-10-12 03:51:00+00:00,7.345337867736816,7.345337867736816,7.345337867736816,7.345337867736816,7.345337867736816,0
2023-10-12 03:52:00+00:00,7.342844486236572,7.342844486236572,7.342844486236572,7.342844486236572,7.342844486236572,0
2023-10-12 03:53:00+00:00,7.343337535858154,7.343337535858154,7.343337535858154,7.343337535858154,7.343337535858154,58832
2023-10-12 03:54:00+00:00,7.342329025268555,7.342329025268555,7.342329025268555,7.342329025268555,7.342329025268555,265792
2023-10-12 03:55:00+00:00,7.344293117523193,7.344293117523193,7.344293117523193,7.344293117523193,7.344293117523193,616416
2023-10-12 03:56:00+00:00,7.343498706817627,7.343498706817627,7.343498706817627,7.343498706817627,7.343498706817627,0
2023-10-12 03:57:00+00:00,7.343570232391357,7.343570232391357,7.343570232391357,7.343570232391357,7.343570232391357,10080
2023-10-12 03:58:00+00:00,7.343514919281006,7.343514919281006,7.343514919281006,7.343514919281006,7.343514919281006,88976
2023-10-12 03:59:00+00:00,7.3440752029418945,7.3440752029418945,7.3440752029418945,7.3440752029418945,7.3440752029418945,0
2023-10-12 04:00:00+00:00,7.343832015991211,7.343832015991211,7.343832015991211,7.343832015991211,7.343832015991211,0
2023-10-12 04:01:00+00:00,7.345935821533203,7.345935821533203,7.345935821533203,7.345935821533203,7.345935821533203,0
2023-10-12 04:02:00+00:00,7.3461503982543945,7.3461503982543945,7.3461503982543945,7.3461503982543945,7.3461503982543945,0
2023-10-12 04:03:00+00:00,7.345944404602051,7.345944404602051,7.345944404602051,7.345944404602051,7.345944404602051,0
2023-10-12 04:04:00+00:00,7.341653823852539,7.341653823852539,7.341653823852539,7.341653823852539,7.341653823852539,0
2023-10-12 04:05:00+00:00,7.341511249542236,7.341511249542236,7.341511249542236,7.341511249542236,7.341511249542236,0
2023-10-12 04:06:00+00:00,7.341402530670166,7.341402530670166,7.341402530670166,7.341402530670166,7.341402530670166,0
2023-10-12 04:07:00+00:00,7.338047504425049,7.338047504425049,7.338047504425049,7.338047504425049,7.338047504425049,0
2023-10-12 04:08:00+00:00,7.338089942932129,7.338089942932129,7.338089942932129,7.338089942932129,7.338089942932129,5216
2023-10-12 04:09:00+00:00,7.338146686553955,7.338146686553955,7.338146686553955,7.338146686553955,7.338146686553955,0
2023-10-12 04:10:00+00:00,7.338582992553711,7.338582992553711,7.338582992553711,7.338582992553711,7.338582992553711,0
2023-10-12 04:11:00+00:00,7.33837890625,7.33837890625,7.33837890625,7.33837890625,7.33837890625,0
2023-10-12 04:12:00+00:00,7.33834171295166,7.33834171295166,7.33834171295166,7.33834171295166,7.33834171295166,0
2023-10-12 04:13:00+00:00,7.337690353393555,7.337690353393555,7.337690353393555,7.337690353393555,7.337690353393555,0
2023-10-12 04:14:00+00:00,7.337961196899414,7.337961196899414,7.337961196899414,7.337961196899414,7.337961196899414,12832
2023-10-12 04:15:00+00:00,7.337680816650391,7.337680816650391,7.337680816650391,7.337680816650391,7.337680816650391,0
2023-10-12 04:16:00+00:00,7.339028835296631,7.339028835296631,7.339028835296631,7.339028835296631,7.339028835296631,0
2023-10-12 04:17:00+00:00,7.338685989379883,7.338685989379883,7.338685989379883,7.338685989379883,7.338685989379883,0
2023-10-12 04:18:00+00:00,7.3389458656311035,7.3389458656311035,7.3389458656311035,7.3389458656311035,7.3389458656311035,0
2023-10-12 04:19:00+00:00,7.338778018951416,7.338778018951416,7.338778018951416,7.338778018951416,7.338778018951416,0
2023-10-12 04:20:00+00:00,7.338456153869629,7.338456153869629,7.338456153869629,7.338456153869629,7.338456153869629,0
2023-10-12 04:21:00+00:00,7.338546276092529,7.338546276092529,7.338546276092529,7.338546276092529,7.338546276092529,0
2023-10-12 04:22:00+00:00,7.339437961578369,7.339437961578369,7.339437961578369,7.339437961578369,7.339437961578369,0
2023-10-12 04:23:00+00:00,7.3401007652282715,7.3401007652282715,7.3401007652282715,7.3401007652282715,7.3401007652282715,31360
2023-10-12 04:24:00+00:00,7.339918613433838,7.339918613433838,7.339918613433838,7.339918613433838,7.339918613433838,28016
2023-10-12 04:25:00+00:00,7.343507289886475,7.343507289886475,7.343507289886475,7.343507289886475,7.343507289886475,48400
2023-10-12 04:26:00+00:00,7.343514442443848,7.343514442443848,7.343514442443848,7.343514442443848,7.343514442443848,0
2023-10-12 04:27:00+00:00,7.343240737915039,7.343240737915039,7.343240737915039,7.343240737915039,7.343240737915039,0
2023-10-12 04:28:00+00:00,7.342897891998291,7.342897891998291,7.342897891998291,7.342897891998291,7.342897891998291,0
2023-10-12 04:29:00+00:00,7.342848300933838,7.342848300933838,7.342848300933838,7.342848300933838,7.342848300933838,0
2023-10-12 04:30:00+00:00,7.342848300933838,7.342848300933838,7.342848300933838,7.342848300933838,7.342848300933838,0
2023-10-12 04:31:00+00:00,7.343137264251709,7.343137264251709,7.343137264251709,7.343137264251709,7.343137264251709,0
2023-10-12 04:32:00+00:00,7.344512939453125,7.344512939453125,7.344512939453125,7.344512939453125,7.344512939453125,0
2023-10-12 04:33:00+00:00,7.344844341278076,7.344844341278076,7.344844341278076,7.344844341278076,7.344844341278076,0
2023-10-12 04:34:00+00:00,7.344844341278076,7.344844341278076,7.344844341278076,7.344844341278076,7.344844341278076,0
2023-10-12 04:35:00+00:00,7.3440446853637695,7.3440446853637695,7.3440446853637695,7.3440446853637695,7.3440446853637695,23872
2023-10-12 04:36:00+00:00,7.34391975402832,7.34391975402832,7.34391975402832,7.34391975402832,7.34391975402832,2080
2023-10-12 04:37:00+00:00,7.343204021453857,7.343204021453857,7.343204021453857,7.343204021453857,7.343204021453857,0
2023-10-12 04:38:00+00:00,7.343273162841797,7.343273162841797,7.343273162841797,7.343273162841797,7.343273162841797,11776
2023-10-12 04:39:00+00:00,7.343535900115967,7.343535900115967,7.343535900115967,7.343535900115967,7.343535900115967,0
2023-10-12 04:40:00+00:00,7.347635746002197,7.347635746002197,7.347635746002197,7.347635746002197,7.347635746002197,134720
2023-10-12 04:41:00+00:00,7.347458362579346,7.347458362579346,7.347458362579346,7.347458362579346,7.347458362579346,0
2023-10-12 04:42:00+00:00,7.347206115722656,7.347206115722656,7.347206115722656,7.347206115722656,7.347206115722656,0
2023-10-12 04:43:00+00:00,7.347927093505859,7.347927093505859,7.347927093505859,7.347927093505859,7.347927093505859,19568
2023-10-12 04:44:00+00:00,7.347616195678711,7.347616195678711,7.347616195678711,7.347616195678711,7.347616195678711,16768
2023-10-12 04:45:00+00:00,7.347563743591309,7.347563743591309,7.347563743591309,7.347563743591309,7.347563743591309,0
2023-10-12 04:46:00+00:00,7.3448991775512695,7.3448991775512695,7.3448991775512695,7.3448991775512695,7.3448991775512695,0
2023-10-12 04:47:00+00:00,7.3448991775512695,7.3448991775512695,7.3448991775512695,7.3448991775512695,7.3448991775512695,0
2023-10-12 04:48:00+00:00,7.344898700714111,7.344898700714111,7.344898700714111,7.344898700714111,7.344898700714111,0
2023-10-12 04:49:00+00:00,7.345715522766113,7.345715522766113,7.345715522766113,7.345715522766113,7.345715522766113,67984
2023-10-12 04:50:00+00:00,7.346216201782227,7.346216201782227,7.346216201782227,7.346216201782227,7.346216201782227,11424
2023-10-12 04:51:00+00:00,7.346198081970215,7.346198081970215,7.346198081970215,7.346198081970215,7.346198081970215,4800
2023-10-12 04:52:00+00:00,7.347356796264648,7.347356796264648,7.347356796264648,7.347356796264648,7.347356796264648,0
2023-10-12 04:53:00+00:00,7.3473920822143555,7.3473920822143555,7.3473920822143555,7.3473920822143555,7.3473920822143555,32
2023-10-12 04:54:00+00:00,7.347387313842773,7.347387313842773,7.347387313842773,7.347387313842773,7.347387313842773,17392
2023-10-12 04:55:00+00:00,7.34950065612793,7.34950065612793,7.34950065612793,7.34950065612793,7.34950065612793,110048
2023-10-12 04:56:00+00:00,7.349132537841797,7.349132537841797,7.349132537841797,7.349132537841797,7.349132537841797,28896
2023-10-12 04:57:00+00:00,7.349058628082275,7.349058628082275,7.349058628082275,7.349058628082275,7.349058628082275,64800
2023-10-12 04:58:00+00:00,7.344854354858398,7.344854354858398,7.344854354858398,7.344854354858398,7.344854354858398,0
2023-10-12 04:59:00+00:00,7.344855785369873,7.344855785369873,7.344855785369873,7.344855785369873,7.344855785369873,0
2023-10-12 05:00:00+00:00,7.344492435455322,7.344492435455322,7.344492435455322,7.344492435455322,7.344492435455322,0
2023-10-12 05:01:00+00:00,7.340411186218262,7.340411186218262,7.340411186218262,7.340411186218262,7.340411186218262,0
2023-10-12 05:02:00+00:00,7.33968448638916,7.33968448638916,7.33968448638916,7.33968448638916,7.33968448638916,0
2023-10-12 05:03:00+00:00,7.339219093322754,7.339219093322754,7.339219093322754,7.339219093322754,7.339219093322754,14656
2023-10-12 05:04:00+00:00,7.336681365966797,7.336681365966797,7.336681365966797,7.336681365966797,7.336681365966797,0
2023-10-12 05:05:00+00:00,7.33577299118042,7.33577299118042,7.33577299118042,7.33577299118042,7.33577299118042,12528
2023-10-12 05:06:00+00:00,7.3353705406188965,7.3353705406188965,7.3353705406188965,7.3353705406188965,7.3353705406188965,33712
2023-10-12 05:07:00+00:00,7.332052707672119,7.332052707672119,7.332052707672119,7.332052707672119,7.332052707672119,0
2023-10-12 05:08:00+00:00,7.331299304962158,7.331299304962158,7.331299304962158,7.331299304962158,7.331299304962158,21664
2023-10-12 05:09:00+00:00,7.330245018005371,7.330245018005371,7.330245018005371,7.330245018005371,7.330245018005371,6240
2023-10-12 05:10:00+00:00,7.324835777282715,7.324835777282715,7.324835777282715,7.324835777282715,7.324835777282715,5568
2023-10-12 05:11:00+00:00,7.325690746307373,7.325690746307373,7.325690746307373,7.325690746307373,7.325690746307373,6080
2023-10-12 05:12:00+00:00,7.325088024139404,7.325088024139404,7.325088024139404,7.325088024139404,7.325088024139404,0
2023-10-12 05:13:00+00:00,7.3263258934021,7.3263258934021,7.3263258934021,7.3263258934021,7.3263258934021,0
2023-10-12 05:14:00+00:00,7.325652599334717,7.325652599334717,7.325652599334717,7.325652599334717,7.325652599334717,0
2023-10-12 05:15:00+00:00,7.326879501342773,7.326879501342773,7.326879501342773,7.326879501342773,7.326879501342773,0
2023-10-12 05:16:00+00:00,7.325779438018799,7.325779438018799,7.325779438018799,7.325779438018799,7.325779438018799,10064
2023-10-12 05:17:00+00:00,7.3257598876953125,7.3257598876953125,7.3257598876953125,7.3257598876953125,7.3257598876953125,560
2023-10-12 05:18:00+00:00,7.325762748718262,7.325762748718262,7.325762748718262,7.325762748718262,7.325762748718262,24640
2023-10-12 05:19:00+00:00,7.327267646789551,7.327267646789551,7.327267646789551,7.327267646789551,7.327267646789551,32480
2023-10-12 05:20:00+00:00,7.326800346374512,7.326800346374512,7.326800346374512,7.326800346374512,7.326800346374512,0
2023-10-12 05:21:00+00:00,7.326903343200684,7.326903343200684,7.326903343200684,7.326903343200684,7.326903343200684,12544
2023-10-12 05:22:00+00:00,7.323732852935791,7.323732852935791,7.323732852935791,7.323732852935791,7.323732852935791,0
2023-10-12 05:23:00+00:00,7.323392868041992,7.323392868041992,7.323392868041992,7.323392868041992,7.323392868041992,0
2023-10-12 05:24:00+00:00,7.323573112487793,7.323573112487793,7.323573112487793,7.323573112487793,7.323573112487793,0
2023-10-12 05:25:00+00:00,7.328172206878662,7.328172206878662,7.328172206878662,7.328172206878662,7.328172206878662,88288
2023-10-12 05:26:00+00:00,7.328673839569092,7.328673839569092,7.328673839569092,7.328673839569092,7.328673839569092,0
2023-10-12 05:27:00+00:00,7.328619003295898,7.328619003295898,7.328619003295898,7.328619003295898,7.328619003295898,0
2023-10-12 05:28:00+00:00,7.329377174377441,7.329377174377441,7.329377174377441,7.329377174377441,7.329377174377441,0
2023-10-12 05:29:00+00:00,7.329853057861328,7.329853057861328,7.329853057861328,7.329853057861328,7.329853057861328,4736
2023-10-12 05:30:00+00:00,7.330284118652344,7.330284118652344,7.330284118652344,7.330284118652344,7.330284118652344,13584
2023-10-12 05:31:00+00:00,7.334906101226807,7.334906101226807,7.334906101226807,7.334906101226807,7.334906101226807,26640
2023-10-12 05:32:00+00:00,7.335275173187256,7.335275173187256,7.335275173187256,7.335275173187256,7.335275173187256,0
2023-10-12 05:33:00+00:00,7.335018634796143,7.335018634796143,7.335018634796143,7.335018634796143,7.335018634796143,24224
2023-10-12 05:34:00+00:00,7.334741592407227,7.334741592407227,7.334741592407227,7.334741592407227,7.334741592407227,0
2023-10-12 05:35:00+00:00,7.3344573974609375,7.3344573974609375,7.3344573974609375,7.3344573974609375,7.3344573974609375,0
2023-10-12 05:36:00+00:00,7.3353729248046875,7.3353729248046875,7.3353729248046875,7.3353729248046875,7.3353729248046875,4912
2023-10-12 05:37:00+00:00,7.338346004486084,7.338346004486084,7.338346004486084,7.338346004486084,7.338346004486084,0
2023-10-12 05:38:00+00:00,7.338538646697998,7.338538646697998,7.338538646697998,7.338538646697998,7.338538646697998,17552
2023-10-12 05:39:00+00:00,7.338797092437744,7.338797092437744,7.338797092437744,7.338797092437744,7.338797092437744,13232
2023-10-12 05:40:00+00:00,7.3413896560668945,7.3413896560668945,7.3413896560668945,7.3413896560668945,7.3413896560668945,88624
2023-10-12 05:41:00+00:00,7.341547966003418,7.341547966003418,7.341547966003418,7.341547966003418,7.341547966003418,0
2023-10-12 05:42:00+00:00,7.34174919128418,7.34174919128418,7.34174919128418,7.34174919128418,7.34174919128418,0
2023-10-12 05:43:00+00:00,7.3429975509643555,7.3429975509643555,7.3429975509643555,7.3429975509643555,7.3429975509643555,0
2023-10-12 05:44:00+00:00,7.342878818511963,7.342878818511963,7.342878818511963,7.342878818511963,7.342878818511963,0
2023-10-12 05:45:00+00:00,7.343019008636475,7.343019008636475,7.343019008636475,7.343019008636475,7.343019008636475,0
2023-10-12 05:46:00+00:00,7.343414783477783,7.343414783477783,7.343414783477783,7.343414783477783,7.343414783477783,0
2023-10-12 05:47:00+00:00,7.343638896942139,7.343638896942139,7.343638896942139,7.343638896942139,7.343638896942139,0
2023-10-12 05:48:00+00:00,7.3435444831848145,7.3435444831848145,7.3435444831848145,7.3435444831848145,7.3435444831848145,1536
2023-10-12 05:49:00+00:00,7.343321323394775,7.343321323394775,7.343321323394775,7.343321323394775,7.343321323394775,0
2023-10-12 05:50:00+00:00,7.343479633331299,7.343479633331299,7.343479633331299,7.343479633331299,7.343479633331299,0
2023-10-12 05:51:00+00:00,7.343307971954346,7.343307971954346,7.343307971954346,7.343307971954346,7.343307971954346,10352
2023-10-12 05:52:00+00:00,7.345089912414551,7.345089912414551,7.345089912414551,7.345089912414551,7.345089912414551,0
2023-10-12 05:53:00+00:00,7.3452653884887695,7.3452653884887695,7.3452653884887695,7.3452653884887695,7.3452653884887695,0
2023-10-12 05:54:00+00:00,7.345274925231934,7.345274925231934,7.345274925231934,7.345274925231934,7.345274925231934,0
2023-10-12 05:55:00+00:00,7.347445011138916,7.347445011138916,7.347445011138916,7.347445011138916,7.347445011138916,0
2023-10-12 05:56:00+00:00,7.347299098968506,7.347299098968506,7.347299098968506,7.347299098968506,7.347299098968506,2208
2023-10-12 05:57:00+00:00,7.347769260406494,7.347769260406494,7.347769260406494,7.347769260406494,7.347769260406494,13552
2023-10-12 05:58:00+00:00,7.352161884307861,7.352161884307861,7.352161884307861,7.352161884307861,7.352161884307861,9216
2023-10-12 05:59:00+00:00,7.35321044921875,7.35321044921875,7.35321044921875,7.35321044921875,7.35321044921875,17312
2023-10-12 06:00:00+00:00,7.353429317474365,7.353429317474365,7.353429317474365,7.353429317474365,7.353429317474365,0
2023-10-12 06:01:00+00:00,7.356846332550049,7.356846332550049,7.356846332550049,7.356846332550049,7.356846332550049,0
2023-10-12 06:02:00+00:00,7.356243133544922,7.356243133544922,7.356243133544922,7.356243133544922,7.356243133544922,0
2023-10-12 06:03:00+00:00,7.356107234954834,7.356107234954834,7.356107234954834,7.356107234954834,7.356107234954834,0
2023-10-12 06:04:00+00:00,7.35144567489624,7.35144567489624,7.35144567489624,7.35144567489624,7.35144567489624,0
2023-10-12 06:05:00+00:00,7.351799011230469,7.351799011230469,7.351799011230469,7.351799011230469,7.351799011230469,0
2023-10-12 06:06:00+00:00,7.352323055267334,7.352323055267334,7.352323055267334,7.352323055267334,7.352323055267334,0
2023-10-12 06:07:00+00:00,7.35830020904541,7.35830020904541,7.35830020904541,7.35830020904541,7.35830020904541,77680
2023-10-12 06:08:00+00:00,7.357929229736328,7.357929229736328,7.357929229736328,7.357929229736328,7.357929229736328,0
2023-10-12 06:09:00+00:00,7.35814905166626,7.35814905166626,7.35814905166626,7.35814905166626,7.35814905166626,19712
2023-10-12 06:10:00+00:00,7.360659599304199,7.360659599304199,7.360659599304199,7.360659599304199,7.360659599304199,45584
2023-10-12 06:11:00+00:00,7.361667156219482,7.361667156219482,7.361667156219482,7.361667156219482,7.361667156219482,46144
2023-10-12 06:12:00+00:00,7.362000465393066,7.362000465393066,7.362000465393066,7.362000465393066,7.362000465393066,34576
2023-10-12 06:13:00+00:00,7.364084243774414,7.364084243774414,7.364084243774414,7.364084243774414,7.364084243774414,29184
2023-10-12 06:14:00+00:00,7.364261150360107,7.364261150360107,7.364261150360107,7.364261150360107,7.364261150360107,10656
2023-10-12 06:15:00+00:00,7.364400386810303,7.364400386810303,7.364400386810303,7.364400386810303,7.364400386810303,0
2023-10-12 06:16:00+00:00,7.367715835571289,7.367715835571289,7.367715835571289,7.367715835571289,7.367715835571289,0
2023-10-12 06:17:00+00:00,7.368009567260742,7.368009567260742,7.368009567260742,7.368009567260742,7.368009567260742,1312
2023-10-12 06:18:00+00:00,7.368292808532715,7.368292808532715,7.368292808532715,7.368292808532715,7.368292808532715,0
2023-10-12 06:19:00+00:00,7.371755123138428,7.371755123138428,7.371755123138428,7.371755123138428,7.371755123138428,49104
2023-10-12 06:20:00+00:00,7.371942520141602,7.371942520141602,7.371942520141602,7.371942520141602,7.371942520141602,0
2023-10-12 06:21:00+00:00,7.3718461990356445,7.3718461990356445,7.3718461990356445,7.3718461990356445,7.3718461990356445,2688
2023-10-12 06:22:00+00:00,7.370866298675537,7.370866298675537,7.370866298675537,7.370866298675537,7.370866298675537,0
2023-10-12 06:23:00+00:00,7.3706583976745605,7.3706583976745605,7.3706583976745605,7.3706583976745605,7.3706583976745605,0
2023-10-12 06:24:00+00:00,7.371301174163818,7.371301174163818,7.371301174163818,7.371301174163818,7.371301174163818,40592
2023-10-12 06:25:00+00:00,7.373165607452393,7.373165607452393,7.373165607452393,7.373165607452393,7.373165607452393,274080
2023-10-12 06:26:00+00:00,7.3732194900512695,7.3732194900512695,7.3732194900512695,7.3732194900512695,7.3732194900512695,0
2023-10-12 06:27:00+00:00,7.373868465423584,7.373868465423584,7.373868465423584,7.373868465423584,7.373868465423584,0
2023-10-12 06:28:00+00:00,7.374651908874512,7.374651908874512,7.374651908874512,7.374651908874512,7.374651908874512,0
2023-10-12 06:29:00+00:00,7.3752760887146,7.3752760887146,7.3752760887146,7.3752760887146,7.3752760887146,0
2023-10-12 06:30:00+00:00,7.375439167022705,7.375439167022705,7.375439167022705,7.375439167022705,7.375439167022705,3056
2023-10-12 06:31:00+00:00,7.377679347991943,7.377679347991943,7.377679347991943,7.377679347991943,7.377679347991943,0
2023-10-12 06:32:00+00:00,7.380187034606934,7.380187034606934,7.380187034606934,7.380187034606934,7.380187034606934,27408
2023-10-12 06:33:00+00:00,7.379918575286865,7.379918575286865,7.379918575286865,7.379918575286865,7.379918575286865,0
2023-10-12 06:34:00+00:00,7.377746105194092,7.377746105194092,7.377746105194092,7.377746105194092,7.377746105194092,0
2023-10-12 06:35:00+00:00,7.37760591506958,7.37760591506958,7.37760591506958,7.37760591506958,7.37760591506958,102784
2023-10-12 06:36:00+00:00,7.376708507537842,7.376708507537842,7.376708507537842,7.376708507537842,7.376708507537842,20448
2023-10-12 06:37:00+00:00,7.3770222663879395,7.3770222663879395,7.3770222663879395,7.3770222663879395,7.3770222663879395,54288
2023-10-12 06:38:00+00:00,7.3777337074279785,7.3777337074279785,7.3777337074279785,7.3777337074279785,7.3777337074279785,75120
2023-10-12 06:39:00+00:00,7.375776290893555,7.375776290893555,7.375776290893555,7.375776290893555,7.375776290893555,447392
2023-10-12 06:40:00+00:00,7.372611045837402,7.372611045837402,7.372611045837402,7.372611045837402,7.372611045837402,0
2023-10-12 06:41:00+00:00,7.372611045837402,7.372611045837402,7.372611045837402,7.372611045837402,7.372611045837402,0
2023-10-12 06:42:00+00:00,7.368552207946777,7.368552207946777,7.368552207946777,7.368552207946777,7.368552207946777,232016
2023-10-12 06:43:00+00:00,7.366032600402832,7.366032600402832,7.366032600402832,7.366032600402832,7.366032600402832,0
2023-10-12 06:44:00+00:00,7.365999221801758,7.365999221801758,7.365999221801758,7.365999221801758,7.365999221801758,0
2023-10-12 06:45:00+00:00,7.365880966186523,7.365880966186523,7.365880966186523,7.365880966186523,7.365880966186523,14176
2023-10-12 06:46:00+00:00,7.364883899688721,7.364883899688721,7.364883899688721,7.364883899688721,7.364883899688721,28048
2023-10-12 06:47:00+00:00,7.364513397216797,7.364513397216797,7.364513397216797,7.364513397216797,7.364513397216797,22560
2023-10-12 06:48:00+00:00,7.3645758628845215,7.3645758628845215,7.3645758628845215,7.3645758628845215,7.3645758628845215,0
2023-10-12 06:49:00+00:00,7.365568161010742,7.365568161010742,7.365568161010742,7.365568161010742,7.365568161010742,6176
2023-10-12 06:50:00+00:00,7.365301132202148,7.365301132202148,7.365301132202148,7.365301132202148,7.365301132202148,14784
2023-10-12 06:51:00+00:00,7.364460468292236,7.364460468292236,7.364460468292236,7.364460468292236,7.364460468292236,0
2023-10-12 06:52:00+00:00,7.357930660247803,7.357930660247803,7.357930660247803,7.357930660247803,7.357930660247803,156656
2023-10-12 06:53:00+00:00,7.357409477233887,7.357409477233887,7.357409477233887,7.357409477233887,7.357409477233887,2240
2023-10-12 06:54:00+00:00,7.356644630432129,7.356644630432129,7.356644630432129,7.356644630432129,7.356644630432129,0
2023-10-12 06:55:00+00:00,7.353864669799805,7.353864669799805,7.353864669799805,7.353864669799805,7.353864669799805,7488
2023-10-12 06:56:00+00:00,7.353702545166016,7.353702545166016,7.353702545166016,7.353702545166016,7.353702545166016,5104
2023-10-12 06:57:00+00:00,7.35340690612793,7.35340690612793,7.35340690612793,7.35340690612793,7.35340690612793,14688
2023-10-12 06:58:00+00:00,7.352999210357666,7.352999210357666,7.352999210357666,7.352999210357666,7.352999210357666,120192
2023-10-12 06:59:00+00:00,7.352410316467285,7.352410316467285,7.352410316467285,7.352410316467285,7.352410316467285,8400
2023-10-12 07:00:00+00:00,7.352298259735107,7.352298259735107,7.352298259735107,7.352298259735107,7.352298259735107,0
2023-10-12 07:01:00+00:00,7.351901531219482,7.351901531219482,7.351901531219482,7.351901531219482,7.351901531219482,0
2023-10-12 07:02:00+00:00,7.351741313934326,7.351741313934326,7.351741313934326,7.351741313934326,7.351741313934326,0
2023-10-12 07:03:00+00:00,7.352027416229248,7.352027416229248,7.352027416229248,7.352027416229248,7.352027416229248,10768
2023-10-12 07:04:00+00:00,7.352847576141357,7.352847576141357,7.352847576141357,7.352847576141357,7.352847576141357,0
2023-10-12 07:05:00+00:00,7.353095054626465,7.353095054626465,7.353095054626465,7.353095054626465,7.353095054626465,43264
2023-10-12 07:06:00+00:00,7.352954387664795,7.352954387664795,7.352954387664795,7.352954387664795,7.352954387664795,10592
2023-10-12 07:07:00+00:00,7.353558540344238,7.353558540344238,7.353558540344238,7.353558540344238,7.353558540344238,0
2023-10-12 07:08:00+00:00,7.353475093841553,7.353475093841553,7.353475093841553,7.353475093841553,7.353475093841553,150992
2023-10-12 07:09:00+00:00,7.353620529174805,7.353620529174805,7.353620529174805,7.353620529174805,7.353620529174805,0
2023-10-12 07:10:00+00:00,7.357165813446045,7.357165813446045,7.357165813446045,7.357165813446045,7.357165813446045,213056
2023-10-12 07:11:00+00:00,7.357334136962891,7.357334136962891,7.357334136962891,7.357334136962891,7.357334136962891,37056
2023-10-12 07:12:00+00:00,7.357851028442383,7.357851028442383,7.357851028442383,7.357851028442383,7.357851028442383,0
2023-10-12 07:13:00+00:00,7.361944675445557,7.361944675445557,7.361944675445557,7.361944675445557,7.361944675445557,0
2023-10-12 07:14:00+00:00,7.36226749420166,7.36226749420166,7.36226749420166,7.36226749420166,7.36226749420166,0
2023-10-12 07:15:00+00:00,7.362578868865967,7.362578868865967,7.362578868865967,7.362578868865967,7.362578868865967,22576
2023-10-12 07:16:00+00:00,7.364454746246338,7.364454746246338,7.364454746246338,7.364454746246338,7.364454746246338,60896
2023-10-12 07:17:00+00:00,7.363893508911133,7.363893508911133,7.363893508911133,7.363893508911133,7.363893508911133,0
2023-10-12 07:18:00+00:00,7.364127159118652,7.364127159118652,7.364127159118652,7.364127159118652,7.364127159118652,14416
2023-10-12 07:19:00+00:00,7.359781742095947,7.359781742095947,7.359781742095947,7.359781742095947,7.359781742095947,0
2023-10-12 07:20:00+00:00,7.35953426361084,7.35953426361084,7.35953426361084,7.35953426361084,7.35953426361084,0
2023-10-12 07:21:00+00:00,7.359621047973633,7.359621047973633,7.359621047973633,7.359621047973633,7.359621047973633,0
2023-10-12 07:22:00+00:00,7.356274604797363,7.356274604797363,7.356274604797363,7.356274604797363,7.356274604797363,0
2023-10-12 07:23:00+00:00,7.356375217437744,7.356375217437744,7.356375217437744,7.356375217437744,7.356375217437744,18944
2023-10-12 07:24:00+00:00,7.356300354003906,7.356300354003906,7.356300354003906,7.356300354003906,7.356300354003906,3536
2023-10-12 07:25:00+00:00,7.358473777770996,7.358473777770996,7.358473777770996,7.358473777770996,7.358473777770996,7632
2023-10-12 07:26:00+00:00,7.360260486602783,7.360260486602783,7.360260486602783,7.360260486602783,7.360260486602783,305952
2023-10-12 07:27:00+00:00,7.360244274139404,7.360244274139404,7.360244274139404,7.360244274139404,7.360244274139404,0
2023-10-12 07:28:00+00:00,7.367166042327881,7.367166042327881,7.367166042327881,7.367166042327881,7.367166042327881,348928
2023-10-12 07:29:00+00:00,7.367859363555908,7.367859363555908,7.367859363555908,7.367859363555908,7.367859363555908,150320
2023-10-12 07:30:00+00:00,7.367761135101318,7.367761135101318,7.367761135101318,7.367761135101318,7.367761135101318,81728
2023-10-12 07:31:00+00:00,7.369046688079834,7.369046688079834,7.369046688079834,7.369046688079834,7.369046688079834,116528
2023-10-12 07:32:00+00:00,7.369504928588867,7.369504928588867,7.369504928588867,7.369504928588867,7.369504928588867,175776
2023-10-12 07:33:00+00:00,7.3694682121276855,7.3694682121276855,7.3694682121276855,7.3694682121276855,7.3694682121276855,0
2023-10-12 07:34:00+00:00,7.37077522277832,7.37077522277832,7.37077522277832,7.37077522277832,7.37077522277832,39424
2023-10-12 07:35:00+00:00,7.370273113250732,7.370273113250732,7.370273113250732,7.370273113250732,7.370273113250732,0
2023-10-12 07:36:00+00:00,7.37009334564209,7.37009334564209,7.37009334564209,7.37009334564209,7.37009334564209,5328
2023-10-12 07:37:00+00:00,7.36785364151001,7.36785364151001,7.36785364151001,7.36785364151001,7.36785364151001,0
2023-10-12 07:38:00+00:00,7.368545055389404,7.368545055389404,7.368545055389404,7.368545055389404,7.368545055389404,0
2023-10-12 07:39:00+00:00,7.367763996124268,7.367763996124268,7.367763996124268,7.367763996124268,7.367763996124268,256384
2023-10-12 07:40:00+00:00,7.365794658660889,7.365794658660889,7.365794658660889,7.365794658660889,7.365794658660889,290688
2023-10-12 07:41:00+00:00,7.366130828857422,7.366130828857422,7.366130828857422,7.366130828857422,7.366130828857422,0
2023-10-12 07:42:00+00:00,7.366153240203857,7.366153240203857,7.366153240203857,7.366153240203857,7.366153240203857,2048
2023-10-12 07:43:00+00:00,7.364488124847412,7.364488124847412,7.364488124847412,7.364488124847412,7.364488124847412,0
2023-10-12 07:44:00+00:00,7.36420202255249,7.36420202255249,7.36420202255249,7.36420202255249,7.36420202255249,20352
2023-10-12 07:45:00+00:00,7.3646159172058105,7.3646159172058105,7.3646159172058105,7.3646159172058105,7.3646159172058105,0
2023-10-12 07:46:00+00:00,7.366668701171875,7.366668701171875,7.366668701171875,7.366668701171875,7.366668701171875,81648
2023-10-12 07:47:00+00:00,7.366628646850586,7.366628646850586,7.366628646850586,7.366628646850586,7.366628646850586,0
2023-10-12 07:48:00+00:00,7.36669921875,7.36669921875,7.36669921875,7.36669921875,7.36669921875,5728
2023-10-12 07:49:00+00:00,7.3632121086120605,7.3632121086120605,7.3632121086120605,7.3632121086120605,7.3632121086120605,0
2023-10-12 07:50:00+00:00,7.362929821014404,7.362929821014404,7.362929821014404,7.362929821014404,7.362929821014404,0
2023-10-12 07:51:00+00:00,7.36287260055542,7.36287260055542,7.36287260055542,7.36287260055542,7.36287260055542,816
2023-10-12 07:52:00+00:00,7.362752914428711,7.362752914428711,7.362752914428711,7.362752914428711,7.362752914428711,0
2023-10-12 07:53:00+00:00,7.362752914428711,7.362752914428711,7.362752914428711,7.362752914428711,7.362752914428711,0
2023-10-12 07:54:00+00:00,7.360927104949951,7.360927104949951,7.360927104949951,7.360927104949951,7.360927104949951,0
2023-10-12 07:55:00+00:00,7.35695743560791,7.35695743560791,7.35695743560791,7.35695743560791,7.35695743560791,0
2023-10-12 07:56:00+00:00,7.355533599853516,7.355533599853516,7.355533599853516,7.355533599853516,7.355533599853516,53760
2023-10-12 07:57:00+00:00,7.3549699783325195,7.3549699783325195,7.3549699783325195,7.3549699783325195,7.3549699783325195,149568
2023-10-12 07:58:00+00:00,7.346688270568848,7.346688270568848,7.346688270568848,7.346688270568848,7.346688270568848,65648
2023-10-12 07:59:00+00:00,7.346755027770996,7.346755027770996,7.346755027770996,7.346755027770996,7.346755027770996,59056
2023-10-12 08:00:00+00:00,7.346371173858643,7.346371173858643,7.346371173858643,7.346371173858643,7.346371173858643,8416
2023-10-12 08:01:00+00:00,7.346054553985596,7.346054553985596,7.346054553985596,7.346054553985596,7.346054553985596,0
2023-10-12 08:02:00+00:00,7.346512317657471,7.346512317657471,7.346512317657471,7.346512317657471,7.346512317657471,0
2023-10-12 08:03:00+00:00,7.3463568687438965,7.3463568687438965,7.3463568687438965,7.3463568687438965,7.3463568687438965,16256
2023-10-12 08:04:00+00:00,7.345287322998047,7.345287322998047,7.345287322998047,7.345287322998047,7.345287322998047,0
2023-10-12 08:05:00+00:00,7.345287322998047,7.345287322998047,7.345287322998047,7.345287322998047,7.345287322998047,0
2023-10-12 08:06:00+00:00,7.344628810882568,7.344628810882568,7.344628810882568,7.344628810882568,7.344628810882568,0
2023-10-12 08:07:00+00:00,7.343550682067871,7.343550682067871,7.343550682067871,7.343550682067871,7.343550682067871,0
2023-10-12 08:08:00+00:00,7.343077659606934,7.343077659606934,7.343077659606934,7.343077659606934,7.343077659606934,0
2023-10-12 08:09:00+00:00,7.342912197113037,7.342912197113037,7.342912197113037,7.342912197113037,7.342912197113037,0
2023-10-12 08:10:00+00:00,7.341032028198242,7.341032028198242,7.341032028198242,7.341032028198242,7.341032028198242,1088
2023-10-12 08:11:00+00:00,7.34073543548584,7.34073543548584,7.34073543548584,7.34073543548584,7.34073543548584,24336
2023-10-12 08:12:00+00:00,7.340597152709961,7.340597152709961,7.340597152709961,7.340597152709961,7.340597152709961,0
2023-10-12 08:13:00+00:00,7.338484287261963,7.338484287261963,7.338484287261963,7.338484287261963,7.338484287261963,65616
2023-10-12 08:14:00+00:00,7.337900161743164,7.337900161743164,7.337900161743164,7.337900161743164,7.337900161743164,14640
2023-10-12 08:15:00+00:00,7.3376264572143555,7.3376264572143555,7.3376264572143555,7.3376264572143555,7.3376264572143555,0
2023-10-12 08:16:00+00:00,7.335187911987305,7.335187911987305,7.335187911987305,7.335187911987305,7.335187911987305,0
2023-10-12 08:17:00+00:00,7.334718227386475,7.334718227386475,7.334718227386475,7.334718227386475,7.334718227386475,0
2023-10-12 08:18:00+00:00,7.33495569229126,7.33495569229126,7.33495569229126,7.33495569229126,7.33495569229126,10912
2023-10-12 08:19:00+00:00,7.3371500968933105,7.3371500968933105,7.3371500968933105,7.3371500968933105,7.3371500968933105,106448
2023-10-12 08:20:00+00:00,7.337276935577393,7.337276935577393,7.337276935577393,7.337276935577393,7.337276935577393,36800
2023-10-12 08:21:00+00:00,7.336469650268555,7.336469650268555,7.336469650268555,7.336469650268555,7.336469650268555,15552
2023-10-12 08:22:00+00:00,7.334720134735107,7.334720134735107,7.334720134735107,7.334720134735107,7.334720134735107,82944
2023-10-12 08:23:00+00:00,7.334183216094971,7.334183216094971,7.334183216094971,7.334183216094971,7.334183216094971,5152
2023-10-12 08:24:00+00:00,7.334349632263184,7.334349632263184,7.334349632263184,7.334349632263184,7.334349632263184,4400
2023-10-12 08:25:00+00:00,7.334588050842285,7.334588050842285,7.334588050842285,7.334588050842285,7.334588050842285,47360
2023-10-12 08:26:00+00:00,7.333643436431885,7.333643436431885,7.333643436431885,7.333643436431885,7.333643436431885,26160
2023-10-12 08:27:00+00:00,7.3332014083862305,7.3332014083862305,7.3332014083862305,7.3332014083862305,7.3332014083862305,20240
2023-10-12 08:28:00+00:00,7.327740669250488,7.327740669250488,7.327740669250488,7.327740669250488,7.327740669250488,0
2023-10-12 08:29:00+00:00,7.327324867248535,7.327324867248535,7.327324867248535,7.327324867248535,7.327324867248535,24816
2023-10-12 08:30:00+00:00,7.327208518981934,7.327208518981934,7.327208518981934,7.327208518981934,7.327208518981934,24864
2023-10-12 08:31:00+00:00,7.3264570236206055,7.3264570236206055,7.3264570236206055,7.3264570236206055,7.3264570236206055,26992
2023-10-12 08:32:00+00:00,7.3265252113342285,7.3265252113342285,7.3265252113342285,7.3265252113342285,7.3265252113342285,124176
2023-10-12 08:33:00+00:00,7.327099323272705,7.327099323272705,7.327099323272705,7.327099323272705,7.327099323272705,28496
2023-10-12 08:34:00+00:00,7.328372001647949,7.328372001647949,7.328372001647949,7.328372001647949,7.328372001647949,234688
2023-10-12 08:35:00+00:00,7.328441619873047,7.328441619873047,7.328441619873047,7.328441619873047,7.328441619873047,14320
2023-10-12 08:36:00+00:00,7.328065395355225,7.328065395355225,7.328065395355225,7.328065395355225,7.328065395355225,6416
2023-10-12 08:37:00+00:00,7.326303005218506,7.326303005218506,7.326303005218506,7.326303005218506,7.326303005218506,0
2023-10-12 08:38:00+00:00,7.326323986053467,7.326323986053467,7.326323986053467,7.326323986053467,7.326323986053467,0
2023-10-12 08:39:00+00:00,7.327064037322998,7.327064037322998,7.327064037322998,7.327064037322998,7.327064037322998,2336
2023-10-12 08:40:00+00:00,7.327748775482178,7.327748775482178,7.327748775482178,7.327748775482178,7.327748775482178,0
2023-10-12 08:41:00+00:00,7.327748775482178,7.327748775482178,7.327748775482178,7.327748775482178,7.327748775482178,0
2023-10-12 08:42:00+00:00,7.3282856941223145,7.3282856941223145,7.3282856941223145,7.3282856941223145,7.3282856941223145,0
2023-10-12 08:43:00+00:00,7.329072952270508,7.329072952270508,7.329072952270508,7.329072952270508,7.329072952270508,0
2023-10-12 08:44:00+00:00,7.3280768394470215,7.3280768394470215,7.3280768394470215,7.3280768394470215,7.3280768394470215,125232
2023-10-12 08:45:00+00:00,7.327968597412109,7.327968597412109,7.327968597412109,7.327968597412109,7.327968597412109,0
2023-10-12 08:46:00+00:00,7.327968597412109,7.327968597412109,7.327968597412109,7.327968597412109,7.327968597412109,0
2023-10-12 08:47:00+00:00,7.32817268371582,7.32817268371582,7.32817268371582,7.32817268371582,7.32817268371582,279280
2023-10-12 08:48:00+00:00,7.329343795776367,7.329343795776367,7.329343795776367,7.329343795776367,7.329343795776367,0
2023-10-12 08:49:00+00:00,7.329343795776367,7.329343795776367,7.329343795776367,7.329343795776367,7.329343795776367,0
2023-10-12 08:50:00+00:00,7.332726955413818,7.332726955413818,7.332726955413818,7.332726955413818,7.332726955413818,266992
2023-10-12 08:51:00+00:00,7.332035541534424,7.332035541534424,7.332035541534424,7.332035541534424,7.332035541534424,46720
2023-10-12 08:52:00+00:00,7.324575901031494,7.324575901031494,7.324575901031494,7.324575901031494,7.324575901031494,0
2023-10-12 08:53:00+00:00,7.323709487915039,7.323709487915039,7.323709487915039,7.323709487915039,7.323709487915039,0
2023-10-12 08:54:00+00:00,7.323182582855225,7.323182582855225,7.323182582855225,7.323182582855225,7.323182582855225,0
2023-10-12 08:55:00+00:00,7.319545269012451,7.319545269012451,7.319545269012451,7.319545269012451,7.319545269012451,0
2023-10-12 08:56:00+00:00,7.318526268005371,7.318526268005371,7.318526268005371,7.318526268005371,7.318526268005371,0
2023-10-12 08:57:00+00:00,7.316224575042725,7.316224575042725,7.316224575042725,7.316224575042725,7.316224575042725,115648
2023-10-12 08:58:00+00:00,7.309051513671875,7.309051513671875,7.309051513671875,7.309051513671875,7.309051513671875,0
2023-10-12 08:59:00+00:00,7.309140205383301,7.309140205383301,7.309140205383301,7.309140205383301,7.309140205383301,253088
2023-10-12 09:00:00+00:00,7.309323310852051,7.309323310852051,7.309323310852051,7.309323310852051,7.309323310852051,26720
2023-10-12 09:01:00+00:00,7.311178207397461,7.311178207397461,7.311178207397461,7.311178207397461,7.311178207397461,0
2023-10-12 09:02:00+00:00,7.310390472412109,7.310390472412109,7.310390472412109,7.310390472412109,7.310390472412109,0
2023-10-12 09:03:00+00:00,7.3093953132629395,7.3093953132629395,7.3093953132629395,7.3093953132629395,7.3093953132629395,1120
2023-10-12 09:04:00+00:00,7.310876369476318,7.310876369476318,7.310876369476318,7.310876369476318,7.310876369476318,0
2023-10-12 09:05:00+00:00,7.3110432624816895,7.3110432624816895,7.3110432624816895,7.3110432624816895,7.3110432624816895,0
2023-10-12 09:06:00+00:00,7.311244964599609,7.311244964599609,7.311244964599609,7.311244964599609,7.311244964599609,0
2023-10-12 09:07:00+00:00,7.314077854156494,7.314077854156494,7.314077854156494,7.314077854156494,7.314077854156494,0
2023-10-12 09:08:00+00:00,7.314208507537842,7.314208507537842,7.314208507537842,7.314208507537842,7.314208507537842,0
2023-10-12 09:09:00+00:00,7.314489364624023,7.314489364624023,7.314489364624023,7.314489364624023,7.314489364624023,1712
2023-10-12 09:10:00+00:00,7.31443452835083,7.31443452835083,7.31443452835083,7.31443452835083,7.31443452835083,18304
2023-10-12 09:11:00+00:00,7.3142805099487305,7.3142805099487305,7.3142805099487305,7.3142805099487305,7.3142805099487305,3856
2023-10-12 09:12:00+00:00,7.313785076141357,7.313785076141357,7.313785076141357,7.313785076141357,7.313785076141357,0
2023-10-12 09:13:00+00:00,7.308399200439453,7.308399200439453,7.308399200439453,7.308399200439453,7.308399200439453,0
2023-10-12 09:14:00+00:00,7.306793689727783,7.306793689727783,7.306793689727783,7.306793689727783,7.306793689727783,0
2023-10-12 09:15:00+00:00,7.3065571784973145,7.3065571784973145,7.3065571784973145,7.3065571784973145,7.3065571784973145,0
2023-10-12 09:16:00+00:00,7.304746627807617,7.304746627807617,7.304746627807617,7.304746627807617,7.304746627807617,0
2023-10-12 09:17:00+00:00,7.304985046386719,7.304985046386719,7.304985046386719,7.304985046386719,7.304985046386719,0
2023-10-12 09:18:00+00:00,7.305695056915283,7.305695056915283,7.305695056915283,7.305695056915283,7.305695056915283,6368
2023-10-12 09:19:00+00:00,7.305560111999512,7.305560111999512,7.305560111999512,7.305560111999512,7.305560111999512,0
2023-10-12 09:20:00+00:00,7.305177688598633,7.305177688598633,7.305177688598633,7.305177688598633,7.305177688598633,0
2023-10-12 09:21:00+00:00,7.30513858795166,7.30513858795166,7.30513858795166,7.30513858795166,7.30513858795166,0
2023-10-12 09:22:00+00:00,7.30513858795166,7.30513858795166,7.30513858795166,7.30513858795166,7.30513858795166,0
2023-10-12 09:23:00+00:00,7.305139064788818,7.305139064788818,7.305139064788818,7.305139064788818,7.305139064788818,0
2023-10-12 09:24:00+00:00,7.29733943939209,7.29733943939209,7.29733943939209,7.29733943939209,7.29733943939209,0
2023-10-12 09:25:00+00:00,7.2910966873168945,7.2910966873168945,7.2910966873168945,7.2910966873168945,7.2910966873168945,251856
2023-10-12 09:26:00+00:00,7.289528846740723,7.289528846740723,7.289528846740723,7.289528846740723,7.289528846740723,191696
2023-10-12 09:27:00+00:00,7.2883758544921875,7.2883758544921875,7.2883758544921875,7.2883758544921875,7.2883758544921875,35296
2023-10-12 09:28:00+00:00,7.280700206756592,7.280700206756592,7.280700206756592,7.280700206756592,7.280700206756592,194560
2023-10-12 09:29:00+00:00,7.280591011047363,7.280591011047363,7.280591011047363,7.280591011047363,7.280591011047363,0
2023-10-12 09:30:00+00:00,7.280591011047363,7.280591011047363,7.280591011047363,7.280591011047363,7.280591011047363,0
2023-10-12 09:31:00+00:00,7.271528720855713,7.271528720855713,7.271528720855713,7.271528720855713,7.271528720855713,1080480
2023-10-12 09:32:00+00:00,7.271607875823975,7.271607875823975,7.271607875823975,7.271607875823975,7.271607875823975,289312
2023-10-12 09:33:00+00:00,7.270701885223389,7.270701885223389,7.270701885223389,7.270701885223389,7.270701885223389,81488
2023-10-12 09:34:00+00:00,7.271085739135742,7.271085739135742,7.271085739135742,7.271085739135742,7.271085739135742,363984
2023-10-12 09:35:00+00:00,7.271185398101807,7.271185398101807,7.271185398101807,7.271185398101807,7.271185398101807,0
2023-10-12 09:36:00+00:00,7.270821571350098,7.270821571350098,7.270821571350098,7.270821571350098,7.270821571350098,9584
2023-10-12 09:37:00+00:00,7.269960403442383,7.269960403442383,7.269960403442383,7.269960403442383,7.269960403442383,24416
2023-10-12 09:38:00+00:00,7.2697577476501465,7.2697577476501465,7.2697577476501465,7.2697577476501465,7.2697577476501465,41952
2023-10-12 09:39:00+00:00,7.265786170959473,7.265786170959473,7.265786170959473,7.265786170959473,7.265786170959473,0
2023-10-12 09:40:00+00:00,7.2502031326293945,7.2502031326293945,7.2502031326293945,7.2502031326293945,7.2502031326293945,0
2023-10-12 09:41:00+00:00,7.250937461853027,7.250937461853027,7.250937461853027,7.250937461853027,7.250937461853027,191568
2023-10-12 09:42:00+00:00,7.249634742736816,7.249634742736816,7.249634742736816,7.249634742736816,7.249634742736816,86736
2023-10-12 09:43:00+00:00,7.251178741455078,7.251178741455078,7.251178741455078,7.251178741455078,7.251178741455078,190880
2023-10-12 09:44:00+00:00,7.251738548278809,7.251738548278809,7.251738548278809,7.251738548278809,7.251738548278809,46400
2023-10-12 09:45:00+00:00,7.2523908615112305,7.2523908615112305,7.2523908615112305,7.2523908615112305,7.2523908615112305,22992
2023-10-12 09:46:00+00:00,7.258881092071533,7.258881092071533,7.258881092071533,7.258881092071533,7.258881092071533,131008
2023-10-12 09:47:00+00:00,7.258427619934082,7.258427619934082,7.258427619934082,7.258427619934082,7.258427619934082,117968
2023-10-12 09:48:00+00:00,7.257730007171631,7.257730007171631,7.257730007171631,7.257730007171631,7.257730007171631,25392
2023-10-12 09:49:00+00:00,7.251327037811279,7.251327037811279,7.251327037811279,7.251327037811279,7.251327037811279,0
2023-10-12 09:50:00+00:00,7.250805377960205,7.250805377960205,7.250805377960205,7.250805377960205,7.250805377960205,3232
2023-10-12 09:51:00+00:00,7.25145959854126,7.25145959854126,7.25145959854126,7.25145959854126,7.25145959854126,0
2023-10-12 09:52:00+00:00,7.25971794128418,7.25971794128418,7.25971794128418,7.25971794128418,7.25971794128418,161232
2023-10-12 09:53:00+00:00,7.259541034698486,7.259541034698486,7.259541034698486,7.259541034698486,7.259541034698486,0
2023-10-12 09:54:00+00:00,7.259541034698486,7.259541034698486,7.259541034698486,7.259541034698486,7.259541034698486,0
2023-10-12 09:55:00+00:00,7.2584004402160645,7.2584004402160645,7.2584004402160645,7.2584004402160645,7.2584004402160645,0
2023-10-12 09:56:00+00:00,7.2584004402160645,7.2584004402160645,7.2584004402160645,7.2584004402160645,7.2584004402160645,0
2023-10-12 09:57:00+00:00,7.258664131164551,7.258664131164551,7.258664131164551,7.258664131164551,7.258664131164551,0
2023-10-12 09:58:00+00:00,7.245111465454102,7.245111465454102,7.245111465454102,7.245111465454102,7.245111465454102,9120
2023-10-12 09:59:00+00:00,7.23684024810791,7.23684024810791,7.23684024810791,7.23684024810791,7.23684024810791,560064
2023-10-12 10:00:00+00:00,7.236566543579102,7.236566543579102,7.236566543579102,7.236566543579102,7.236566543579102,235440
2023-10-12 10:01:00+00:00,7.2268242835998535,7.2268242835998535,7.2268242835998535,7.2268242835998535,7.2268242835998535,290464
2023-10-12 10:02:00+00:00,7.227990627288818,7.227990627288818,7.227990627288818,7.227990627288818,7.227990627288818,0
2023-10-12 10:03:00+00:00,7.2272210121154785,7.2272210121154785,7.2272210121154785,7.2272210121154785,7.2272210121154785,104016
2023-10-12 10:04:00+00:00,7.223751544952393,7.223751544952393,7.223751544952393,7.223751544952393,7.223751544952393,436912
2023-10-12 10:05:00+00:00,7.224526405334473,7.224526405334473,7.224526405334473,7.224526405334473,7.224526405334473,50256
2023-10-12 10:06:00+00:00,7.226038932800293,7.226038932800293,7.226038932800293,7.226038932800293,7.226038932800293,70576
2023-10-12 10:07:00+00:00,7.236922740936279,7.236922740936279,7.236922740936279,7.236922740936279,7.236922740936279,360816
2023-10-12 10:08:00+00:00,7.236809730529785,7.236809730529785,7.236809730529785,7.236809730529785,7.236809730529785,76624
2023-10-12 10:09:00+00:00,7.237117290496826,7.237117290496826,7.237117290496826,7.237117290496826,7.237117290496826,0
2023-10-12 10:10:00+00:00,7.239557266235352,7.239557266235352,7.239557266235352,7.239557266235352,7.239557266235352,34192
2023-10-12 10:11:00+00:00,7.2400593757629395,7.2400593757629395,7.2400593757629395,7.2400593757629395,7.2400593757629395,20496
2023-10-12 10:12:00+00:00,7.240597724914551,7.240597724914551,7.240597724914551,7.240597724914551,7.240597724914551,4544
2023-10-12 10:13:00+00:00,7.242837429046631,7.242837429046631,7.242837429046631,7.242837429046631,7.242837429046631,0
2023-10-12 10:14:00+00:00,7.242708206176758,7.242708206176758,7.242708206176758,7.242708206176758,7.242708206176758,0
2023-10-12 10:15:00+00:00,7.242995262145996,7.242995262145996,7.242995262145996,7.242995262145996,7.242995262145996,0
2023-10-12 10:16:00+00:00,7.241612911224365,7.241612911224365,7.241612911224365,7.241612911224365,7.241612911224365,0
2023-10-12 10:17:00+00:00,7.241269588470459,7.241269588470459,7.241269588470459,7.241269588470459,7.241269588470459,0
2023-10-12 10:18:00+00:00,7.240776062011719,7.240776062011719,7.240776062011719,7.240776062011719,7.240776062011719,142272
2023-10-12 10:19:00+00:00,7.232888221740723,7.232888221740723,7.232888221740723,7.232888221740723,7.232888221740723,100768
2023-10-12 10:20:00+00:00,7.232287883758545,7.232287883758545,7.232287883758545,7.232287883758545,7.232287883758545,136352
2023-10-12 10:21:00+00:00,7.231459140777588,7.231459140777588,7.231459140777588,7.231459140777588,7.231459140777588,40496
2023-10-12 10:22:00+00:00,7.227850437164307,7.227850437164307,7.227850437164307,7.227850437164307,7.227850437164307,228336
2023-10-12 10:23:00+00:00,7.22773551940918,7.22773551940918,7.22773551940918,7.22773551940918,7.22773551940918,18432
2023-10-12 10:24:00+00:00,7.2274394035339355,7.2274394035339355,7.2274394035339355,7.2274394035339355,7.2274394035339355,40192
2023-10-12 10:25:00+00:00,7.228003025054932,7.228003025054932,7.228003025054932,7.228003025054932,7.228003025054932,209440
2023-10-12 10:26:00+00:00,7.2269439697265625,7.2269439697265625,7.2269439697265625,7.2269439697265625,7.2269439697265625,9792
2023-10-12 10:27:00+00:00,7.2266459465026855,7.2266459465026855,7.2266459465026855,7.2266459465026855,7.2266459465026855,976976
2023-10-12 10:28:00+00:00,7.2315144538879395,7.2315144538879395,7.2315144538879395,7.2315144538879395,7.2315144538879395,1100304
2023-10-12 10:29:00+00:00,7.231888294219971,7.231888294219971,7.231888294219971,7.231888294219971,7.231888294219971,23200
2023-10-12 10:30:00+00:00,7.232388496398926,7.232388496398926,7.232388496398926,7.232388496398926,7.232388496398926,43904
2023-10-12 10:31:00+00:00,7.2331156730651855,7.2331156730651855,7.2331156730651855,7.2331156730651855,7.2331156730651855,375648
2023-10-12 10:32:00+00:00,7.233541011810303,7.233541011810303,7.233541011810303,7.233541011810303,7.233541011810303,0
2023-10-12 10:33:00+00:00,7.234874725341797,7.234874725341797,7.234874725341797,7.234874725341797,7.234874725341797,52800
2023-10-12 10:34:00+00:00,7.234874725341797,7.234874725341797,7.234874725341797,7.234874725341797,7.234874725341797,0
2023-10-12 10:35:00+00:00,7.234248638153076,7.234248638153076,7.234248638153076,7.234248638153076,7.234248638153076,0
2023-10-12 10:36:00+00:00,7.235228061676025,7.235228061676025,7.235228061676025,7.235228061676025,7.235228061676025,0
2023-10-12 10:37:00+00:00,7.2376837730407715,7.2376837730407715,7.2376837730407715,7.2376837730407715,7.2376837730407715,141600
2023-10-12 10:38:00+00:00,7.23900842666626,7.23900842666626,7.23900842666626,7.23900842666626,7.23900842666626,0
2023-10-12 10:39:00+00:00,7.239966869354248,7.239966869354248,7.239966869354248,7.239966869354248,7.239966869354248,0
2023-10-12 10:40:00+00:00,7.239938735961914,7.239938735961914,7.239938735961914,7.239938735961914,7.239938735961914,6544
2023-10-12 10:41:00+00:00,7.239908218383789,7.239908218383789,7.239908218383789,7.239908218383789,7.239908218383789,50592
2023-10-12 10:42:00+00:00,7.240236282348633,7.240236282348633,7.240236282348633,7.240236282348633,7.240236282348633,0
2023-10-12 10:43:00+00:00,7.239901542663574,7.239901542663574,7.239901542663574,7.239901542663574,7.239901542663574,0
2023-10-12 10:44:00+00:00,7.240316390991211,7.240316390991211,7.240316390991211,7.240316390991211,7.240316390991211,7728
2023-10-12 10:45:00+00:00,7.240231037139893,7.240231037139893,7.240231037139893,7.240231037139893,7.240231037139893,1600
2023-10-12 10:46:00+00:00,7.241557598114014,7.241557598114014,7.241557598114014,7.241557598114014,7.241557598114014,0
2023-10-12 10:47:00+00:00,7.242417812347412,7.242417812347412,7.242417812347412,7.242417812347412,7.242417812347412,0
2023-10-12 10:48:00+00:00,7.242467403411865,7.242467403411865,7.242467403411865,7.242467403411865,7.242467403411865,26832
2023-10-12 10:49:00+00:00,7.244994163513184,7.244994163513184,7.244994163513184,7.244994163513184,7.244994163513184,102576
2023-10-12 10:50:00+00:00,7.245220184326172,7.245220184326172,7.245220184326172,7.245220184326172,7.245220184326172,0
2023-10-12 10:51:00+00:00,7.244546413421631,7.244546413421631,7.244546413421631,7.244546413421631,7.244546413421631,0
2023-10-12 10:52:00+00:00,7.241429805755615,7.241429805755615,7.241429805755615,7.241429805755615,7.241429805755615,0
2023-10-12 10:53:00+00:00,7.240218162536621,7.240218162536621,7.240218162536621,7.240218162536621,7.240218162536621,0
2023-10-12 10:54:00+00:00,7.239809513092041,7.239809513092041,7.239809513092041,7.239809513092041,7.239809513092041,18208
2023-10-12 10:55:00+00:00,7.236047267913818,7.236047267913818,7.236047267913818,7.236047267913818,7.236047267913818,9904
2023-10-12 10:56:00+00:00,7.235959053039551,7.235959053039551,7.235959053039551,7.235959053039551,7.235959053039551,0
2023-10-12 10:57:00+00:00,7.234739303588867,7.234739303588867,7.234739303588867,7.234739303588867,7.234739303588867,0
2023-10-12 10:58:00+00:00,7.231733322143555,7.231733322143555,7.231733322143555,7.231733322143555,7.231733322143555,0
2023-10-12 10:59:00+00:00,7.231644630432129,7.231644630432129,7.231644630432129,7.231644630432129,7.231644630432129,0
2023-10-12 11:00:00+00:00,7.231521129608154,7.231521129608154,7.231521129608154,7.231521129608154,7.231521129608154,0
2023-10-12 11:01:00+00:00,7.230888843536377,7.230888843536377,7.230888843536377,7.230888843536377,7.230888843536377,0
2023-10-12 11:02:00+00:00,7.2306389808654785,7.2306389808654785,7.2306389808654785,7.2306389808654785,7.2306389808654785,0
2023-10-12 11:03:00+00:00,7.2306389808654785,7.2306389808654785,7.2306389808654785,7.2306389808654785,7.2306389808654785,0
2023-10-12 11:04:00+00:00,7.2306389808654785,7.2306389808654785,7.2306389808654785,7.2306389808654785,7.2306389808654785,0
2023-10-12 11:05:00+00:00,7.235690593719482,7.235690593719482,7.235690593719482,7.235690593719482,7.235690593719482,0
2023-10-12 11:06:00+00:00,7.23563814163208,7.23563814163208,7.23563814163208,7.23563814163208,7.23563814163208,18352
2023-10-12 11:07:00+00:00,7.235074043273926,7.235074043273926,7.235074043273926,7.235074043273926,7.235074043273926,0
2023-10-12 11:08:00+00:00,7.234603404998779,7.234603404998779,7.234603404998779,7.234603404998779,7.234603404998779,58272
2023-10-12 11:09:00+00:00,7.234642028808594,7.234642028808594,7.234642028808594,7.234642028808594,7.234642028808594,7008
2023-10-12 11:10:00+00:00,7.229406356811523,7.229406356811523,7.229406356811523,7.229406356811523,7.229406356811523,0
2023-10-12 11:11:00+00:00,7.228984355926514,7.228984355926514,7.228984355926514,7.228984355926514,7.228984355926514,0
2023-10-12 11:12:00+00:00,7.229087829589844,7.229087829589844,7.229087829589844,7.229087829589844,7.229087829589844,0
2023-10-12 11:13:00+00:00,7.228608131408691,7.228608131408691,7.228608131408691,7.228608131408691,7.228608131408691,0
2023-10-12 11:14:00+00:00,7.227813720703125,7.227813720703125,7.227813720703125,7.227813720703125,7.227813720703125,0
2023-10-12 11:15:00+00:00,7.227265357971191,7.227265357971191,7.227265357971191,7.227265357971191,7.227265357971191,15344
2023-10-12 11:16:00+00:00,7.225931167602539,7.225931167602539,7.225931167602539,7.225931167602539,7.225931167602539,5696
2023-10-12 11:17:00+00:00,7.226147651672363,7.226147651672363,7.226147651672363,7.226147651672363,7.226147651672363,0
2023-10-12 11:18:00+00:00,7.225806713104248,7.225806713104248,7.225806713104248,7.225806713104248,7.225806713104248,304
2023-10-12 11:19:00+00:00,7.227443218231201,7.227443218231201,7.227443218231201,7.227443218231201,7.227443218231201,244800
2023-10-12 11:20:00+00:00,7.2275800704956055,7.2275800704956055,7.2275800704956055,7.2275800704956055,7.2275800704956055,60928
2023-10-12 11:21:00+00:00,7.227409839630127,7.227409839630127,7.227409839630127,7.227409839630127,7.227409839630127,10912
2023-10-12 11:22:00+00:00,7.225829124450684,7.225829124450684,7.225829124450684,7.225829124450684,7.225829124450684,0
2023-10-12 11:23:00+00:00,7.224661827087402,7.224661827087402,7.224661827087402,7.224661827087402,7.224661827087402,13776
2023-10-12 11:24:00+00:00,7.224700450897217,7.224700450897217,7.224700450897217,7.224700450897217,7.224700450897217,10400
2023-10-12 11:25:00+00:00,7.222548484802246,7.222548484802246,7.222548484802246,7.222548484802246,7.222548484802246,44480
2023-10-12 11:26:00+00:00,7.221614837646484,7.221614837646484,7.221614837646484,7.221614837646484,7.221614837646484,0
2023-10-12 11:27:00+00:00,7.221157073974609,7.221157073974609,7.221157073974609,7.221157073974609,7.221157073974609,2384
2023-10-12 11:28:00+00:00,7.220681190490723,7.220681190490723,7.220681190490723,7.220681190490723,7.220681190490723,32928
2023-10-12 11:29:00+00:00,7.220921039581299,7.220921039581299,7.220921039581299,7.220921039581299,7.220921039581299,6272
2023-10-12 11:30:00+00:00,7.220716953277588,7.220716953277588,7.220716953277588,7.220716953277588,7.220716953277588,0
2023-10-12 11:31:00+00:00,7.221130847930908,7.221130847930908,7.221130847930908,7.221130847930908,7.221130847930908,0
2023-10-12 11:32:00+00:00,7.2210283279418945,7.2210283279418945,7.2210283279418945,7.2210283279418945,7.2210283279418945,32512
2023-10-12 11:33:00+00:00,7.221538066864014,7.221538066864014,7.221538066864014,7.221538066864014,7.221538066864014,3600
2023-10-12 11:34:00+00:00,7.22772741317749,7.22772741317749,7.22772741317749,7.22772741317749,7.22772741317749,123728
2023-10-12 11:35:00+00:00,7.227990627288818,7.227990627288818,7.227990627288818,7.227990627288818,7.227990627288818,0
2023-10-12 11:36:00+00:00,7.228595733642578,7.228595733642578,7.228595733642578,7.228595733642578,7.228595733642578,0
2023-10-12 11:37:00+00:00,7.228595733642578,7.228595733642578,7.228595733642578,7.228595733642578,7.228595733642578,0
2023-10-12 11:38:00+00:00,7.232916355133057,7.232916355133057,7.232916355133057,7.232916355133057,7.232916355133057,0
2023-10-12 11:40:00+00:00,7.22898006439209,7.22898006439209,7.22898006439209,7.22898006439209,7.22898006439209,5680
2023-10-12 11:41:00+00:00,7.228683948516846,7.228683948516846,7.228683948516846,7.228683948516846,7.228683948516846,0
2023-10-12 11:42:00+00:00,7.228618621826172,7.228618621826172,7.228618621826172,7.228618621826172,7.228618621826172,0
2023-10-12 11:43:00+00:00,7.229150295257568,7.229150295257568,7.229150295257568,7.229150295257568,7.229150295257568,0
2023-10-12 11:44:00+00:00,7.229015350341797,7.229015350341797,7.229015350341797,7.229015350341797,7.229015350341797,8720
2023-10-12 11:45:00+00:00,7.228847026824951,7.228847026824951,7.228847026824951,7.228847026824951,7.228847026824951,10640
2023-10-12 11:46:00+00:00,7.228977680206299,7.228977680206299,7.228977680206299,7.228977680206299,7.228977680206299,0
2023-10-12 11:47:00+00:00,7.22909688949585,7.22909688949585,7.22909688949585,7.22909688949585,7.22909688949585,15600
2023-10-12 11:48:00+00:00,7.229483127593994,7.229483127593994,7.229483127593994,7.229483127593994,7.229483127593994,0
2023-10-12 11:49:00+00:00,7.2346062660217285,7.2346062660217285,7.2346062660217285,7.2346062660217285,7.2346062660217285,89936
2023-10-12 11:50:00+00:00,7.235142230987549,7.235142230987549,7.235142230987549,7.235142230987549,7.235142230987549,16864
2023-10-12 11:51:00+00:00,7.23585844039917,7.23585844039917,7.23585844039917,7.23585844039917,7.23585844039917,58000
2023-10-12 11:52:00+00:00,7.239078521728516,7.239078521728516,7.239078521728516,7.239078521728516,7.239078521728516,154208
2023-10-12 11:53:00+00:00,7.240677833557129,7.240677833557129,7.240677833557129,7.240677833557129,7.240677833557129,26768
2023-10-12 11:54:00+00:00,7.242870807647705,7.242870807647705,7.242870807647705,7.242870807647705,7.242870807647705,50000
2023-10-12 11:55:00+00:00,7.256870746612549,7.256870746612549,7.256870746612549,7.256870746612549,7.256870746612549,266896
2023-10-12 11:56:00+00:00,7.258110523223877,7.258110523223877,7.258110523223877,7.258110523223877,7.258110523223877,75872
2023-10-12 11:57:00+00:00,7.258451461791992,7.258451461791992,7.258451461791992,7.258451461791992,7.258451461791992,97424
2023-10-12 11:58:00+00:00,7.255626201629639,7.255626201629639,7.255626201629639,7.255626201629639,7.255626201629639,36768
2023-10-12 11:59:00+00:00,7.2560930252075195,7.2560930252075195,7.2560930252075195,7.2560930252075195,7.2560930252075195,38752
2023-10-12 12:00:00+00:00,7.256043910980225,7.256043910980225,7.256043910980225,7.256043910980225,7.256043910980225,960
2023-10-12 12:01:00+00:00,7.258571147918701,7.258571147918701,7.258571147918701,7.258571147918701,7.258571147918701,0
2023-10-12 12:02:00+00:00,7.259979724884033,7.259979724884033,7.259979724884033,7.259979724884033,7.259979724884033,0
2023-10-12 12:03:00+00:00,7.260370254516602,7.260370254516602,7.260370254516602,7.260370254516602,7.260370254516602,43984
2023-10-12 12:04:00+00:00,7.260748386383057,7.260748386383057,7.260748386383057,7.260748386383057,7.260748386383057,0
2023-10-12 12:05:00+00:00,7.2608466148376465,7.2608466148376465,7.2608466148376465,7.2608466148376465,7.2608466148376465,36640
2023-10-12 12:06:00+00:00,7.260534286499023,7.260534286499023,7.260534286499023,7.260534286499023,7.260534286499023,0
2023-10-12 12:07:00+00:00,7.256843090057373,7.256843090057373,7.256843090057373,7.256843090057373,7.256843090057373,43856
2023-10-12 12:08:00+00:00,7.256188869476318,7.256188869476318,7.256188869476318,7.256188869476318,7.256188869476318,0
2023-10-12 12:09:00+00:00,7.255470275878906,7.255470275878906,7.255470275878906,7.255470275878906,7.255470275878906,0
2023-10-12 12:10:00+00:00,7.2528300285339355,7.2528300285339355,7.2528300285339355,7.2528300285339355,7.2528300285339355,0
2023-10-12 12:11:00+00:00,7.25314474105835,7.25314474105835,7.25314474105835,7.25314474105835,7.25314474105835,9968
2023-10-12 12:12:00+00:00,7.252500057220459,7.252500057220459,7.252500057220459,7.252500057220459,7.252500057220459,0
2023-10-12 12:13:00+00:00,7.255713939666748,7.255713939666748,7.255713939666748,7.255713939666748,7.255713939666748,425264
2023-10-12 12:14:00+00:00,7.259683132171631,7.259683132171631,7.259683132171631,7.259683132171631,7.259683132171631,571744
2023-10-12 12:15:00+00:00,7.259477138519287,7.259477138519287,7.259477138519287,7.259477138519287,7.259477138519287,82224
2023-10-12 12:16:00+00:00,7.2678632736206055,7.2678632736206055,7.2678632736206055,7.2678632736206055,7.2678632736206055,0
2023-10-12 12:17:00+00:00,7.2678632736206055,7.2678632736206055,7.2678632736206055,7.2678632736206055,7.2678632736206055,0
2023-10-12 12:18:00+00:00,7.267773628234863,7.267773628234863,7.267773628234863,7.267773628234863,7.267773628234863,1310592
2023-10-12 12:19:00+00:00,7.265214920043945,7.265214920043945,7.265214920043945,7.265214920043945,7.265214920043945,140576
2023-10-12 12:20:00+00:00,7.265644550323486,7.265644550323486,7.265644550323486,7.265644550323486,7.265644550323486,16880
2023-10-12 12:21:00+00:00,7.265207290649414,7.265207290649414,7.265207290649414,7.265207290649414,7.265207290649414,2928
2023-10-12 12:22:00+00:00,7.26251220703125,7.26251220703125,7.26251220703125,7.26251220703125,7.26251220703125,146544
2023-10-12 12:23:00+00:00,7.2622857093811035,7.2622857093811035,7.2622857093811035,7.2622857093811035,7.2622857093811035,0
2023-10-12 12:24:00+00:00,7.261967658996582,7.261967658996582,7.261967658996582,7.261967658996582,7.261967658996582,14784
2023-10-12 12:25:00+00:00,7.257981300354004,7.257981300354004,7.257981300354004,7.257981300354004,7.257981300354004,0
2023-10-12 12:26:00+00:00,7.257339000701904,7.257339000701904,7.257339000701904,7.257339000701904,7.257339000701904,0
2023-10-12 12:27:00+00:00,7.255864143371582,7.255864143371582,7.255864143371582,7.255864143371582,7.255864143371582,0
2023-10-12 12:28:00+00:00,7.252359867095947,7.252359867095947,7.252359867095947,7.252359867095947,7.252359867095947,0
2023-10-12 12:29:00+00:00,7.252790451049805,7.252790451049805,7.252790451049805,7.252790451049805,7.252790451049805,0
2023-10-12 12:30:00+00:00,7.252903461456299,7.252903461456299,7.252903461456299,7.252903461456299,7.252903461456299,0
2023-10-12 12:31:00+00:00,7.253357887268066,7.253357887268066,7.253357887268066,7.253357887268066,7.253357887268066,0
2023-10-12 12:32:00+00:00,7.254229545593262,7.254229545593262,7.254229545593262,7.254229545593262,7.254229545593262,0
2023-10-12 12:33:00+00:00,7.254299640655518,7.254299640655518,7.254299640655518,7.254299640655518,7.254299640655518,0
2023-10-12 12:34:00+00:00,7.250093936920166,7.250093936920166,7.250093936920166,7.250093936920166,7.250093936920166,43232
2023-10-12 12:35:00+00:00,7.249088287353516,7.249088287353516,7.249088287353516,7.249088287353516,7.249088287353516,0
2023-10-12 12:36:00+00:00,7.2493577003479,7.2493577003479,7.2493577003479,7.2493577003479,7.2493577003479,3360
2023-10-12 12:37:00+00:00,7.2502665519714355,7.2502665519714355,7.2502665519714355,7.2502665519714355,7.2502665519714355,0
2023-10-12 12:38:00+00:00,7.250404357910156,7.250404357910156,7.250404357910156,7.250404357910156,7.250404357910156,0
2023-10-12 12:39:00+00:00,7.251218795776367,7.251218795776367,7.251218795776367,7.251218795776367,7.251218795776367,0
2023-10-12 12:40:00+00:00,7.260326862335205,7.260326862335205,7.260326862335205,7.260326862335205,7.260326862335205,6352
2023-10-12 12:41:00+00:00,7.260237216949463,7.260237216949463,7.260237216949463,7.260237216949463,7.260237216949463,0
2023-10-12 12:42:00+00:00,7.260466575622559,7.260466575622559,7.260466575622559,7.260466575622559,7.260466575622559,0
2023-10-12 12:43:00+00:00,7.2581892013549805,7.2581892013549805,7.2581892013549805,7.2581892013549805,7.2581892013549805,0
2023-10-12 12:44:00+00:00,7.2581377029418945,7.2581377029418945,7.2581377029418945,7.2581377029418945,7.2581377029418945,1296
2023-10-12 12:45:00+00:00,7.258164882659912,7.258164882659912,7.258164882659912,7.258164882659912,7.258164882659912,46240
2023-10-12 12:46:00+00:00,7.261876106262207,7.261876106262207,7.261876106262207,7.261876106262207,7.261876106262207,72832
2023-10-12 12:47:00+00:00,7.259942054748535,7.259942054748535,7.259942054748535,7.259942054748535,7.259942054748535,90144
2023-10-12 12:48:00+00:00,7.260242938995361,7.260242938995361,7.260242938995361,7.260242938995361,7.260242938995361,26912
2023-10-12 12:49:00+00:00,7.257583141326904,7.257583141326904,7.257583141326904,7.257583141326904,7.257583141326904,217728
2023-10-12 12:50:00+00:00,7.257412910461426,7.257412910461426,7.257412910461426,7.257412910461426,7.257412910461426,34416
2023-10-12 12:51:00+00:00,7.257137775421143,7.257137775421143,7.257137775421143,7.257137775421143,7.257137775421143,8848
2023-10-12 12:52:00+00:00,7.259242057800293,7.259242057800293,7.259242057800293,7.259242057800293,7.259242057800293,57888
2023-10-12 12:53:00+00:00,7.2595534324646,7.2595534324646,7.2595534324646,7.2595534324646,7.2595534324646,0
2023-10-12 12:54:00+00:00,7.259650707244873,7.259650707244873,7.259650707244873,7.259650707244873,7.259650707244873,0
2023-10-12 12:55:00+00:00,7.261397838592529,7.261397838592529,7.261397838592529,7.261397838592529,7.261397838592529,83312
2023-10-12 12:56:00+00:00,7.260809421539307,7.260809421539307,7.260809421539307,7.260809421539307,7.260809421539307,0
2023-10-12 12:57:00+00:00,7.259942531585693,7.259942531585693,7.259942531585693,7.259942531585693,7.259942531585693,0
2023-10-12 12:58:00+00:00,7.256247043609619,7.256247043609619,7.256247043609619,7.256247043609619,7.256247043609619,0
2023-10-12 12:59:00+00:00,7.256834983825684,7.256834983825684,7.256834983825684,7.256834983825684,7.256834983825684,9216
2023-10-12 13:00:00+00:00,7.257909774780273,7.257909774780273,7.257909774780273,7.257909774780273,7.257909774780273,25680
2023-10-12 13:01:00+00:00,7.263519763946533,7.263519763946533,7.263519763946533,7.263519763946533,7.263519763946533,0
2023-10-12 13:02:00+00:00,7.263077259063721,7.263077259063721,7.263077259063721,7.263077259063721,7.263077259063721,0
2023-10-12 13:03:00+00:00,7.263724327087402,7.263724327087402,7.263724327087402,7.263724327087402,7.263724327087402,2816
2023-10-12 13:04:00+00:00,7.265202045440674,7.265202045440674,7.265202045440674,7.265202045440674,7.265202045440674,0
2023-10-12 13:05:00+00:00,7.26589298248291,7.26589298248291,7.26589298248291,7.26589298248291,7.26589298248291,31712
2023-10-12 13:06:00+00:00,7.265530586242676,7.265530586242676,7.265530586242676,7.265530586242676,7.265530586242676,0
2023-10-12 13:07:00+00:00,7.262363433837891,7.262363433837891,7.262363433837891,7.262363433837891,7.262363433837891,0
2023-10-12 13:08:00+00:00,7.262383460998535,7.262383460998535,7.262383460998535,7.262383460998535,7.262383460998535,52944
2023-10-12 13:09:00+00:00,7.262185573577881,7.262185573577881,7.262185573577881,7.262185573577881,7.262185573577881,215312
2023-10-12 13:10:00+00:00,7.259058475494385,7.259058475494385,7.259058475494385,7.259058475494385,7.259058475494385,0
2023-10-12 13:11:00+00:00,7.259058475494385,7.259058475494385,7.259058475494385,7.259058475494385,7.259058475494385,0
2023-10-12 13:12:00+00:00,7.259429454803467,7.259429454803467,7.259429454803467,7.259429454803467,7.259429454803467,406816
2023-10-12 13:13:00+00:00,7.2585039138793945,7.2585039138793945,7.2585039138793945,7.2585039138793945,7.2585039138793945,58144
2023-10-12 13:14:00+00:00,7.258028984069824,7.258028984069824,7.258028984069824,7.258028984069824,7.258028984069824,0
2023-10-12 13:15:00+00:00,7.258101463317871,7.258101463317871,7.258101463317871,7.258101463317871,7.258101463317871,0
2023-10-12 13:16:00+00:00,7.257013320922852,7.257013320922852,7.257013320922852,7.257013320922852,7.257013320922852,0
2023-10-12 13:17:00+00:00,7.257421970367432,7.257421970367432,7.257421970367432,7.257421970367432,7.257421970367432,24640
2023-10-12 13:18:00+00:00,7.257889270782471,7.257889270782471,7.257889270782471,7.257889270782471,7.257889270782471,36912
2023-10-12 13:19:00+00:00,7.258944034576416,7.258944034576416,7.258944034576416,7.258944034576416,7.258944034576416,98976
2023-10-12 13:20:00+00:00,7.2591986656188965,7.2591986656188965,7.2591986656188965,7.2591986656188965,7.2591986656188965,57648
2023-10-12 13:21:00+00:00,7.258487224578857,7.258487224578857,7.258487224578857,7.258487224578857,7.258487224578857,0
2023-10-12 13:22:00+00:00,7.252443313598633,7.252443313598633,7.252443313598633,7.252443313598633,7.252443313598633,0
2023-10-12 13:23:00+00:00,7.252139091491699,7.252139091491699,7.252139091491699,7.252139091491699,7.252139091491699,30064
2023-10-12 13:24:00+00:00,7.251675605773926,7.251675605773926,7.251675605773926,7.251675605773926,7.251675605773926,16576
2023-10-12 13:25:00+00:00,7.250868320465088,7.250868320465088,7.250868320465088,7.250868320465088,7.250868320465088,91824
2023-10-12 13:26:00+00:00,7.249944686889648,7.249944686889648,7.249944686889648,7.249944686889648,7.249944686889648,0
2023-10-12 13:27:00+00:00,7.248568058013916,7.248568058013916,7.248568058013916,7.248568058013916,7.248568058013916,25808
2023-10-12 13:28:00+00:00,7.243340015411377,7.243340015411377,7.243340015411377,7.243340015411377,7.243340015411377,0
2023-10-12 13:29:00+00:00,7.242459774017334,7.242459774017334,7.242459774017334,7.242459774017334,7.242459774017334,0
2023-10-12 13:30:00+00:00,7.2423601150512695,7.2423601150512695,7.2423601150512695,7.2423601150512695,7.2423601150512695,5104
2023-10-12 13:31:00+00:00,7.242468357086182,7.242468357086182,7.242468357086182,7.242468357086182,7.242468357086182,27808
2023-10-12 13:32:00+00:00,7.241394996643066,7.241394996643066,7.241394996643066,7.241394996643066,7.241394996643066,0
2023-10-12 13:33:00+00:00,7.240959167480469,7.240959167480469,7.240959167480469,7.240959167480469,7.240959167480469,76480
2023-10-12 13:34:00+00:00,7.236677169799805,7.236677169799805,7.236677169799805,7.236677169799805,7.236677169799805,77984
2023-10-12 13:35:00+00:00,7.2364044189453125,7.2364044189453125,7.2364044189453125,7.2364044189453125,7.2364044189453125,66128
2023-10-12 13:36:00+00:00,7.2359619140625,7.2359619140625,7.2359619140625,7.2359619140625,7.2359619140625,0
2023-10-12 13:37:00+00:00,7.235880374908447,7.235880374908447,7.235880374908447,7.235880374908447,7.235880374908447,0
2023-10-12 13:38:00+00:00,7.235880374908447,7.235880374908447,7.235880374908447,7.235880374908447,7.235880374908447,0
2023-10-12 13:39:00+00:00,7.234185218811035,7.234185218811035,7.234185218811035,7.234185218811035,7.234185218811035,91600
2023-10-12 13:40:00+00:00,7.233947277069092,7.233947277069092,7.233947277069092,7.233947277069092,7.233947277069092,0
2023-10-12 13:41:00+00:00,7.2316060066223145,7.2316060066223145,7.2316060066223145,7.2316060066223145,7.2316060066223145,8608
2023-10-12 13:42:00+00:00,7.230864524841309,7.230864524841309,7.230864524841309,7.230864524841309,7.230864524841309,24160
2023-10-12 13:43:00+00:00,7.221541404724121,7.221541404724121,7.221541404724121,7.221541404724121,7.221541404724121,0
2023-10-12 13:44:00+00:00,7.22126579284668,7.22126579284668,7.22126579284668,7.22126579284668,7.22126579284668,39984
2023-10-12 13:45:00+00:00,7.221116542816162,7.221116542816162,7.221116542816162,7.221116542816162,7.221116542816162,49520
2023-10-12 13:46:00+00:00,7.2230448722839355,7.2230448722839355,7.2230448722839355,7.2230448722839355,7.2230448722839355,198800
2023-10-12 13:47:00+00:00,7.223817348480225,7.223817348480225,7.223817348480225,7.223817348480225,7.223817348480225,35968
2023-10-12 13:48:00+00:00,7.222808361053467,7.222808361053467,7.222808361053467,7.222808361053467,7.222808361053467,16352
2023-10-12 13:49:00+00:00,7.218783855438232,7.218783855438232,7.218783855438232,7.218783855438232,7.218783855438232,95232
2023-10-12 13:50:00+00:00,7.218169689178467,7.218169689178467,7.218169689178467,7.218169689178467,7.218169689178467,31792
2023-10-12 13:51:00+00:00,7.219053745269775,7.219053745269775,7.219053745269775,7.219053745269775,7.219053745269775,19312
2023-10-12 13:52:00+00:00,7.227724552154541,7.227724552154541,7.227724552154541,7.227724552154541,7.227724552154541,74912
2023-10-12 13:53:00+00:00,7.228212833404541,7.228212833404541,7.228212833404541,7.228212833404541,7.228212833404541,65632
2023-10-12 13:54:00+00:00,7.228097438812256,7.228097438812256,7.228097438812256,7.228097438812256,7.228097438812256,15824
2023-10-12 13:55:00+00:00,7.228297710418701,7.228297710418701,7.228297710418701,7.228297710418701,7.228297710418701,141952
2023-10-12 13:56:00+00:00,7.228196144104004,7.228196144104004,7.228196144104004,7.228196144104004,7.228196144104004,0
2023-10-12 13:57:00+00:00,7.228107452392578,7.228107452392578,7.228107452392578,7.228107452392578,7.228107452392578,15136
2023-10-12 13:58:00+00:00,7.226291656494141,7.226291656494141,7.226291656494141,7.226291656494141,7.226291656494141,0
2023-10-12 13:59:00+00:00,7.226663589477539,7.226663589477539,7.226663589477539,7.226663589477539,7.226663589477539,37472
2023-10-12 14:00:00+00:00,7.2273383140563965,7.2273383140563965,7.2273383140563965,7.2273383140563965,7.2273383140563965,19184
2023-10-12 14:01:00+00:00,7.228336334228516,7.228336334228516,7.228336334228516,7.228336334228516,7.228336334228516,0
2023-10-12 14:02:00+00:00,7.2281880378723145,7.2281880378723145,7.2281880378723145,7.2281880378723145,7.2281880378723145,0
2023-10-12 14:03:00+00:00,7.228202819824219,7.228202819824219,7.228202819824219,7.228202819824219,7.228202819824219,0
2023-10-12 14:04:00+00:00,7.223982810974121,7.223982810974121,7.223982810974121,7.223982810974121,7.223982810974121,0
2023-10-12 14:05:00+00:00,7.224843978881836,7.224843978881836,7.224843978881836,7.224843978881836,7.224843978881836,31008
2023-10-12 14:06:00+00:00,7.2259111404418945,7.2259111404418945,7.2259111404418945,7.2259111404418945,7.2259111404418945,139760
2023-10-12 14:07:00+00:00,7.232327461242676,7.232327461242676,7.232327461242676,7.232327461242676,7.232327461242676,130848
2023-10-12 14:08:00+00:00,7.232998371124268,7.232998371124268,7.232998371124268,7.232998371124268,7.232998371124268,0
2023-10-12 14:09:00+00:00,7.233121395111084,7.233121395111084,7.233121395111084,7.233121395111084,7.233121395111084,0
2023-10-12 14:10:00+00:00,7.232449054718018,7.232449054718018,7.232449054718018,7.232449054718018,7.232449054718018,0
2023-10-12 14:11:00+00:00,7.231799125671387,7.231799125671387,7.231799125671387,7.231799125671387,7.231799125671387,0
2023-10-12 14:12:00+00:00,7.231861114501953,7.231861114501953,7.231861114501953,7.231861114501953,7.231861114501953,0
2023-10-12 14:13:00+00:00,7.235479354858398,7.235479354858398,7.235479354858398,7.235479354858398,7.235479354858398,0
2023-10-12 14:14:00+00:00,7.234617710113525,7.234617710113525,7.234617710113525,7.234617710113525,7.234617710113525,38704
2023-10-12 14:15:00+00:00,7.234344959259033,7.234344959259033,7.234344959259033,7.234344959259033,7.234344959259033,0
2023-10-12 14:16:00+00:00,7.230751037597656,7.230751037597656,7.230751037597656,7.230751037597656,7.230751037597656,0
2023-10-12 14:17:00+00:00,7.229710578918457,7.229710578918457,7.229710578918457,7.229710578918457,7.229710578918457,0
2023-10-12 14:18:00+00:00,7.228691101074219,7.228691101074219,7.228691101074219,7.228691101074219,7.228691101074219,0
2023-10-12 14:19:00+00:00,7.221939563751221,7.221939563751221,7.221939563751221,7.221939563751221,7.221939563751221,0
2023-10-12 14:20:00+00:00,7.221921443939209,7.221921443939209,7.221921443939209,7.221921443939209,7.221921443939209,36944
2023-10-12 14:21:00+00:00,7.222585201263428,7.222585201263428,7.222585201263428,7.222585201263428,7.222585201263428,17376
2023-10-12 14:22:00+00:00,7.223838806152344,7.223838806152344,7.223838806152344,7.223838806152344,7.223838806152344,0
2023-10-12 14:23:00+00:00,7.223860740661621,7.223860740661621,7.223860740661621,7.223860740661621,7.223860740661621,0
2023-10-12 14:24:00+00:00,7.225430011749268,7.225430011749268,7.225430011749268,7.225430011749268,7.225430011749268,48864
2023-10-12 14:25:00+00:00,7.225984573364258,7.225984573364258,7.225984573364258,7.225984573364258,7.225984573364258,0
2023-10-12 14:26:00+00:00,7.225984573364258,7.225984573364258,7.225984573364258,7.225984573364258,7.225984573364258,0
2023-10-12 14:27:00+00:00,7.226418495178223,7.226418495178223,7.226418495178223,7.226418495178223,7.226418495178223,0
2023-10-12 14:28:00+00:00,7.22379207611084,7.22379207611084,7.22379207611084,7.22379207611084,7.22379207611084,0
2023-10-12 14:29:00+00:00,7.223823070526123,7.223823070526123,7.223823070526123,7.223823070526123,7.223823070526123,0
2023-10-12 14:30:00+00:00,7.223113536834717,7.223113536834717,7.223113536834717,7.223113536834717,7.223113536834717,0
2023-10-12 14:31:00+00:00,7.221992015838623,7.221992015838623,7.221992015838623,7.221992015838623,7.221992015838623,0
2023-10-12 14:32:00+00:00,7.222443580627441,7.222443580627441,7.222443580627441,7.222443580627441,7.222443580627441,0
2023-10-12 14:33:00+00:00,7.2233662605285645,7.2233662605285645,7.2233662605285645,7.2233662605285645,7.2233662605285645,0
2023-10-12 14:34:00+00:00,7.217898845672607,7.217898845672607,7.217898845672607,7.217898845672607,7.217898845672607,23200
2023-10-12 14:35:00+00:00,7.217187404632568,7.217187404632568,7.217187404632568,7.217187404632568,7.217187404632568,106144
2023-10-12 14:36:00+00:00,7.216653823852539,7.216653823852539,7.216653823852539,7.216653823852539,7.216653823852539,55008
2023-10-12 14:37:00+00:00,7.207272529602051,7.207272529602051,7.207272529602051,7.207272529602051,7.207272529602051,0
2023-10-12 14:38:00+00:00,7.206334114074707,7.206334114074707,7.206334114074707,7.206334114074707,7.206334114074707,161120
2023-10-12 14:39:00+00:00,7.205493927001953,7.205493927001953,7.205493927001953,7.205493927001953,7.205493927001953,16960
2023-10-12 14:40:00+00:00,7.205804824829102,7.205804824829102,7.205804824829102,7.205804824829102,7.205804824829102,0
2023-10-12 14:41:00+00:00,7.205804824829102,7.205804824829102,7.205804824829102,7.205804824829102,7.205804824829102,0
2023-10-12 14:42:00+00:00,7.201647758483887,7.201647758483887,7.201647758483887,7.201647758483887,7.201647758483887,0
2023-10-12 14:43:00+00:00,7.201647758483887,7.201647758483887,7.201647758483887,7.201647758483887,7.201647758483887,0
2023-10-12 14:44:00+00:00,7.2029829025268555,7.2029829025268555,7.2029829025268555,7.2029829025268555,7.2029829025268555,357456
2023-10-12 14:45:00+00:00,7.200104713439941,7.200104713439941,7.200104713439941,7.200104713439941,7.200104713439941,191872
2023-10-12 14:46:00+00:00,7.196569442749023,7.196569442749023,7.196569442749023,7.196569442749023,7.196569442749023,39664
2023-10-12 14:47:00+00:00,7.197828769683838,7.197828769683838,7.197828769683838,7.197828769683838,7.197828769683838,106480
2023-10-12 14:48:00+00:00,7.1983795166015625,7.1983795166015625,7.1983795166015625,7.1983795166015625,7.1983795166015625,63440
2023-10-12 14:49:00+00:00,7.20196008682251,7.20196008682251,7.20196008682251,7.20196008682251,7.20196008682251,436880
2023-10-12 14:50:00+00:00,7.20170259475708,7.20170259475708,7.20170259475708,7.20170259475708,7.20170259475708,64912
2023-10-12 14:51:00+00:00,7.2013702392578125,7.2013702392578125,7.2013702392578125,7.2013702392578125,7.2013702392578125,43248
2023-10-12 14:52:00+00:00,7.200071334838867,7.200071334838867,7.200071334838867,7.200071334838867,7.200071334838867,123104
2023-10-12 14:53:00+00:00,7.199169158935547,7.199169158935547,7.199169158935547,7.199169158935547,7.199169158935547,0
2023-10-12 14:54:00+00:00,7.199357509613037,7.199357509613037,7.199357509613037,7.199357509613037,7.199357509613037,0
2023-10-12 14:56:00+00:00,7.197132587432861,7.197132587432861,7.197132587432861,7.197132587432861,7.197132587432861,0
2023-10-12 14:57:00+00:00,7.197506427764893,7.197506427764893,7.197506427764893,7.197506427764893,7.197506427764893,55296
2023-10-12 14:58:00+00:00,7.198614597320557,7.198614597320557,7.198614597320557,7.198614597320557,7.198614597320557,57552
2023-10-12 14:59:00+00:00,7.198936462402344,7.198936462402344,7.198936462402344,7.198936462402344,7.198936462402344,16656
2023-10-12 15:00:00+00:00,7.199186325073242,7.199186325073242,7.199186325073242,7.199186325073242,7.199186325073242,44640
2023-10-12 15:01:00+00:00,7.2013349533081055,7.2013349533081055,7.2013349533081055,7.2013349533081055,7.2013349533081055,0
2023-10-12 15:02:00+00:00,7.20119047164917,7.20119047164917,7.20119047164917,7.20119047164917,7.20119047164917,0
2023-10-12 15:03:00+00:00,7.201080322265625,7.201080322265625,7.201080322265625,7.201080322265625,7.201080322265625,0
2023-10-12 15:04:00+00:00,7.198155879974365,7.198155879974365,7.198155879974365,7.198155879974365,7.198155879974365,0
2023-10-12 15:05:00+00:00,7.198396682739258,7.198396682739258,7.198396682739258,7.198396682739258,7.198396682739258,38752
2023-10-12 15:06:00+00:00,7.199037075042725,7.199037075042725,7.199037075042725,7.199037075042725,7.199037075042725,164544
2023-10-12 15:07:00+00:00,7.205935955047607,7.205935955047607,7.205935955047607,7.205935955047607,7.205935955047607,0
2023-10-12 15:08:00+00:00,7.205935955047607,7.205935955047607,7.205935955047607,7.205935955047607,7.205935955047607,0
2023-10-12 15:09:00+00:00,7.208436012268066,7.208436012268066,7.208436012268066,7.208436012268066,7.208436012268066,229456
2023-10-12 15:10:00+00:00,7.207839488983154,7.207839488983154,7.207839488983154,7.207839488983154,7.207839488983154,202016
2023-10-12 15:11:00+00:00,7.208705902099609,7.208705902099609,7.208705902099609,7.208705902099609,7.208705902099609,13328
2023-10-12 15:12:00+00:00,7.210570812225342,7.210570812225342,7.210570812225342,7.210570812225342,7.210570812225342,45312
2023-10-12 15:13:00+00:00,7.2185587882995605,7.2185587882995605,7.2185587882995605,7.2185587882995605,7.2185587882995605,134768
2023-10-12 15:14:00+00:00,7.218545436859131,7.218545436859131,7.218545436859131,7.218545436859131,7.218545436859131,22768
2023-10-12 15:15:00+00:00,7.218942165374756,7.218942165374756,7.218942165374756,7.218942165374756,7.218942165374756,40192
2023-10-12 15:16:00+00:00,7.222620010375977,7.222620010375977,7.222620010375977,7.222620010375977,7.222620010375977,68352
2023-10-12 15:17:00+00:00,7.222592830657959,7.222592830657959,7.222592830657959,7.222592830657959,7.222592830657959,0
2023-10-12 15:18:00+00:00,7.22235107421875,7.22235107421875,7.22235107421875,7.22235107421875,7.22235107421875,0
2023-10-12 15:19:00+00:00,7.230038166046143,7.230038166046143,7.230038166046143,7.230038166046143,7.230038166046143,28704
2023-10-12 15:20:00+00:00,7.230400085449219,7.230400085449219,7.230400085449219,7.230400085449219,7.230400085449219,0
2023-10-12 15:21:00+00:00,7.2312235832214355,7.2312235832214355,7.2312235832214355,7.2312235832214355,7.2312235832214355,0
2023-10-12 15:22:00+00:00,7.227453231811523,7.227453231811523,7.227453231811523,7.227453231811523,7.227453231811523,0
2023-10-12 15:23:00+00:00,7.227199554443359,7.227199554443359,7.227199554443359,7.227199554443359,7.227199554443359,0
2023-10-12 15:24:00+00:00,7.227102756500244,7.227102756500244,7.227102756500244,7.227102756500244,7.227102756500244,0
2023-10-12 15:25:00+00:00,7.224755764007568,7.224755764007568,7.224755764007568,7.224755764007568,7.224755764007568,0
2023-10-12 15:26:00+00:00,7.224755764007568,7.224755764007568,7.224755764007568,7.224755764007568,7.224755764007568,0
2023-10-12 15:27:00+00:00,7.224295616149902,7.224295616149902,7.224295616149902,7.224295616149902,7.224295616149902,0
2023-10-12 15:28:00+00:00,7.217630386352539,7.217630386352539,7.217630386352539,7.217630386352539,7.217630386352539,0
2023-10-12 15:29:00+00:00,7.217092037200928,7.217092037200928,7.217092037200928,7.217092037200928,7.217092037200928,0
2023-10-12 15:30:00+00:00,7.216098308563232,7.216098308563232,7.216098308563232,7.216098308563232,7.216098308563232,0
2023-10-12 15:31:00+00:00,7.209226608276367,7.209226608276367,7.209226608276367,7.209226608276367,7.209226608276367,0
2023-10-12 15:32:00+00:00,7.208917140960693,7.208917140960693,7.208917140960693,7.208917140960693,7.208917140960693,0
2023-10-12 15:33:00+00:00,7.208606719970703,7.208606719970703,7.208606719970703,7.208606719970703,7.208606719970703,0
2023-10-12 15:34:00+00:00,7.207824230194092,7.207824230194092,7.207824230194092,7.207824230194092,7.207824230194092,0
2023-10-12 15:35:00+00:00,7.208108901977539,7.208108901977539,7.208108901977539,7.208108901977539,7.208108901977539,0
2023-10-12 15:36:00+00:00,7.208220481872559,7.208220481872559,7.208220481872559,7.208220481872559,7.208220481872559,0
2023-10-12 15:37:00+00:00,7.211213111877441,7.211213111877441,7.211213111877441,7.211213111877441,7.211213111877441,0
2023-10-12 15:38:00+00:00,7.2120442390441895,7.2120442390441895,7.2120442390441895,7.2120442390441895,7.2120442390441895,0
2023-10-12 15:39:00+00:00,7.211806297302246,7.211806297302246,7.211806297302246,7.211806297302246,7.211806297302246,0
2023-10-12 15:40:00+00:00,7.2153143882751465,7.2153143882751465,7.2153143882751465,7.2153143882751465,7.2153143882751465,0
2023-10-12 15:41:00+00:00,7.215590953826904,7.215590953826904,7.215590953826904,7.215590953826904,7.215590953826904,0
2023-10-12 15:42:00+00:00,7.215975761413574,7.215975761413574,7.215975761413574,7.215975761413574,7.215975761413574,15600
2023-10-12 15:43:00+00:00,7.218432426452637,7.218432426452637,7.218432426452637,7.218432426452637,7.218432426452637,0
2023-10-12 15:44:00+00:00,7.217541694641113,7.217541694641113,7.217541694641113,7.217541694641113,7.217541694641113,0
2023-10-12 15:45:00+00:00,7.2170562744140625,7.2170562744140625,7.2170562744140625,7.2170562744140625,7.2170562744140625,0
2023-10-12 15:46:00+00:00,7.216189384460449,7.216189384460449,7.216189384460449,7.216189384460449,7.216189384460449,0
2023-10-12 15:47:00+00:00,7.216927528381348,7.216927528381348,7.216927528381348,7.216927528381348,7.216927528381348,0
2023-10-12 15:48:00+00:00,7.217247486114502,7.217247486114502,7.217247486114502,7.217247486114502,7.217247486114502,0
2023-10-12 15:49:00+00:00,7.21991491317749,7.21991491317749,7.21991491317749,7.21991491317749,7.21991491317749,0
2023-10-12 15:50:00+00:00,7.21838903427124,7.21838903427124,7.21838903427124,7.21838903427124,7.21838903427124,14288
2023-10-12 15:51:00+00:00,7.21701192855835,7.21701192855835,7.21701192855835,7.21701192855835,7.21701192855835,0
2023-10-12 15:52:00+00:00,7.210529327392578,7.210529327392578,7.210529327392578,7.210529327392578,7.210529327392578,0
2023-10-12 15:53:00+00:00,7.211838722229004,7.211838722229004,7.211838722229004,7.211838722229004,7.211838722229004,0
2023-10-12 15:54:00+00:00,7.212514877319336,7.212514877319336,7.212514877319336,7.212514877319336,7.212514877319336,0
2023-10-12 15:55:00+00:00,7.22153902053833,7.22153902053833,7.22153902053833,7.22153902053833,7.22153902053833,43264
2023-10-12 15:56:00+00:00,7.2221503257751465,7.2221503257751465,7.2221503257751465,7.2221503257751465,7.2221503257751465,49808
2023-10-12 15:57:00+00:00,7.221334457397461,7.221334457397461,7.221334457397461,7.221334457397461,7.221334457397461,0
2023-10-12 15:58:00+00:00,7.214808940887451,7.214808940887451,7.214808940887451,7.214808940887451,7.214808940887451,0
2023-10-12 15:59:00+00:00,7.214329242706299,7.214329242706299,7.214329242706299,7.214329242706299,7.214329242706299,0
2023-10-12 16:00:00+00:00,7.2142333984375,7.2142333984375,7.2142333984375,7.2142333984375,7.2142333984375,0
2023-10-12 16:01:00+00:00,7.213781833648682,7.213781833648682,7.213781833648682,7.213781833648682,7.213781833648682,0
2023-10-12 16:02:00+00:00,7.214053630828857,7.214053630828857,7.214053630828857,7.214053630828857,7.214053630828857,0
2023-10-12 16:03:00+00:00,7.214080810546875,7.214080810546875,7.214080810546875,7.214080810546875,7.214080810546875,0
2023-10-12 16:04:00+00:00,7.215826988220215,7.215826988220215,7.215826988220215,7.215826988220215,7.215826988220215,0
2023-10-12 16:05:00+00:00,7.2150559425354,7.2150559425354,7.2150559425354,7.2150559425354,7.2150559425354,53056
2023-10-12 16:06:00+00:00,7.214768409729004,7.214768409729004,7.214768409729004,7.214768409729004,7.214768409729004,16720
2023-10-12 16:07:00+00:00,7.212695598602295,7.212695598602295,7.212695598602295,7.212695598602295,7.212695598602295,62928
2023-10-12 16:08:00+00:00,7.213169097900391,7.213169097900391,7.213169097900391,7.213169097900391,7.213169097900391,0
2023-10-12 16:09:00+00:00,7.213169097900391,7.213169097900391,7.213169097900391,7.213169097900391,7.213169097900391,0
2023-10-12 16:10:00+00:00,7.216941833496094,7.216941833496094,7.216941833496094,7.216941833496094,7.216941833496094,0
2023-10-12 16:11:00+00:00,7.217298984527588,7.217298984527588,7.217298984527588,7.217298984527588,7.217298984527588,0
2023-10-12 16:12:00+00:00,7.217185974121094,7.217185974121094,7.217185974121094,7.217185974121094,7.217185974121094,0
2023-10-12 16:13:00+00:00,7.21830415725708,7.21830415725708,7.21830415725708,7.21830415725708,7.21830415725708,0
2023-10-12 16:14:00+00:00,7.218387603759766,7.218387603759766,7.218387603759766,7.218387603759766,7.218387603759766,0
2023-10-12 16:15:00+00:00,7.218777656555176,7.218777656555176,7.218777656555176,7.218777656555176,7.218777656555176,0
2023-10-12 16:16:00+00:00,7.219325542449951,7.219325542449951,7.219325542449951,7.219325542449951,7.219325542449951,0
2023-10-12 16:17:00+00:00,7.220182418823242,7.220182418823242,7.220182418823242,7.220182418823242,7.220182418823242,0
2023-10-12 16:18:00+00:00,7.220983028411865,7.220983028411865,7.220983028411865,7.220983028411865,7.220983028411865,146112
2023-10-12 16:19:00+00:00,7.227764129638672,7.227764129638672,7.227764129638672,7.227764129638672,7.227764129638672,0
2023-10-12 16:20:00+00:00,7.22774076461792,7.22774076461792,7.22774076461792,7.22774076461792,7.22774076461792,0
2023-10-12 16:21:00+00:00,7.227550506591797,7.227550506591797,7.227550506591797,7.227550506591797,7.227550506591797,35520
2023-10-12 16:22:00+00:00,7.2231245040893555,7.2231245040893555,7.2231245040893555,7.2231245040893555,7.2231245040893555,0
2023-10-12 16:23:00+00:00,7.222604274749756,7.222604274749756,7.222604274749756,7.222604274749756,7.222604274749756,0
2023-10-12 16:24:00+00:00,7.222658634185791,7.222658634185791,7.222658634185791,7.222658634185791,7.222658634185791,0
2023-10-12 16:25:00+00:00,7.220174789428711,7.220174789428711,7.220174789428711,7.220174789428711,7.220174789428711,0
2023-10-12 16:26:00+00:00,7.219416618347168,7.219416618347168,7.219416618347168,7.219416618347168,7.219416618347168,0
2023-10-12 16:27:00+00:00,7.215900897979736,7.215900897979736,7.215900897979736,7.215900897979736,7.215900897979736,257744
2023-10-12 16:28:00+00:00,7.19032621383667,7.19032621383667,7.19032621383667,7.19032621383667,7.19032621383667,2318416
2023-10-12 16:29:00+00:00,7.191431045532227,7.191431045532227,7.191431045532227,7.191431045532227,7.191431045532227,581712
2023-10-12 16:30:00+00:00,7.193159580230713,7.193159580230713,7.193159580230713,7.193159580230713,7.193159580230713,135248
2023-10-12 16:31:00+00:00,7.1982927322387695,7.1982927322387695,7.1982927322387695,7.1982927322387695,7.1982927322387695,935856
2023-10-12 16:32:00+00:00,7.198256969451904,7.198256969451904,7.198256969451904,7.198256969451904,7.198256969451904,108928
2023-10-12 16:33:00+00:00,7.200582981109619,7.200582981109619,7.200582981109619,7.200582981109619,7.200582981109619,155504
2023-10-12 16:34:00+00:00,7.210569381713867,7.210569381713867,7.210569381713867,7.210569381713867,7.210569381713867,238672
2023-10-12 16:35:00+00:00,7.213139057159424,7.213139057159424,7.213139057159424,7.213139057159424,7.213139057159424,149744
2023-10-12 16:36:00+00:00,7.211759567260742,7.211759567260742,7.211759567260742,7.211759567260742,7.211759567260742,70192
2023-10-12 16:37:00+00:00,7.2093095779418945,7.2093095779418945,7.2093095779418945,7.2093095779418945,7.2093095779418945,86464
2023-10-12 16:38:00+00:00,7.210013389587402,7.210013389587402,7.210013389587402,7.210013389587402,7.210013389587402,35072
2023-10-12 16:39:00+00:00,7.209969520568848,7.209969520568848,7.209969520568848,7.209969520568848,7.209969520568848,10336
2023-10-12 16:40:00+00:00,7.216917991638184,7.216917991638184,7.216917991638184,7.216917991638184,7.216917991638184,0
2023-10-12 16:41:00+00:00,7.21748161315918,7.21748161315918,7.21748161315918,7.21748161315918,7.21748161315918,334752
2023-10-12 16:42:00+00:00,7.21770715713501,7.21770715713501,7.21770715713501,7.21770715713501,7.21770715713501,24384
2023-10-12 16:43:00+00:00,7.217192649841309,7.217192649841309,7.217192649841309,7.217192649841309,7.217192649841309,0
2023-10-12 16:44:00+00:00,7.217060089111328,7.217060089111328,7.217060089111328,7.217060089111328,7.217060089111328,0
2023-10-12 16:45:00+00:00,7.216979026794434,7.216979026794434,7.216979026794434,7.216979026794434,7.216979026794434,0
2023-10-12 16:46:00+00:00,7.211408615112305,7.211408615112305,7.211408615112305,7.211408615112305,7.211408615112305,0
2023-10-12 16:47:00+00:00,7.210452556610107,7.210452556610107,7.210452556610107,7.210452556610107,7.210452556610107,0
2023-10-12 16:48:00+00:00,7.210315704345703,7.210315704345703,7.210315704345703,7.210315704345703,7.210315704345703,0
2023-10-12 16:49:00+00:00,7.210779190063477,7.210779190063477,7.210779190063477,7.210779190063477,7.210779190063477,0
2023-10-12 16:50:00+00:00,7.210455417633057,7.210455417633057,7.210455417633057,7.210455417633057,7.210455417633057,0
2023-10-12 16:51:00+00:00,7.209418773651123,7.209418773651123,7.209418773651123,7.209418773651123,7.209418773651123,0
2023-10-12 16:52:00+00:00,7.19757080078125,7.19757080078125,7.19757080078125,7.19757080078125,7.19757080078125,0
2023-10-12 16:53:00+00:00,7.19646692276001,7.19646692276001,7.19646692276001,7.19646692276001,7.19646692276001,0
2023-10-12 16:54:00+00:00,7.194815158843994,7.194815158843994,7.194815158843994,7.194815158843994,7.194815158843994,0
2023-10-12 16:55:00+00:00,7.188421726226807,7.188421726226807,7.188421726226807,7.188421726226807,7.188421726226807,81936
2023-10-12 16:56:00+00:00,7.188320636749268,7.188320636749268,7.188320636749268,7.188320636749268,7.188320636749268,0
2023-10-12 16:57:00+00:00,7.18830680847168,7.18830680847168,7.18830680847168,7.18830680847168,7.18830680847168,0
2023-10-12 16:58:00+00:00,7.186649322509766,7.186649322509766,7.186649322509766,7.186649322509766,7.186649322509766,0
2023-10-12 16:59:00+00:00,7.186639308929443,7.186639308929443,7.186639308929443,7.186639308929443,7.186639308929443,0
2023-10-12 17:00:00+00:00,7.1857991218566895,7.1857991218566895,7.1857991218566895,7.1857991218566895,7.1857991218566895,23872
2023-10-12 17:01:00+00:00,7.182086944580078,7.182086944580078,7.182086944580078,7.182086944580078,7.182086944580078,0
2023-10-12 17:02:00+00:00,7.181512355804443,7.181512355804443,7.181512355804443,7.181512355804443,7.181512355804443,0
2023-10-12 17:03:00+00:00,7.181524753570557,7.181524753570557,7.181524753570557,7.181524753570557,7.181524753570557,0
2023-10-12 17:04:00+00:00,7.181524753570557,7.181524753570557,7.181524753570557,7.181524753570557,7.181524753570557,0
2023-10-12 17:05:00+00:00,7.169485092163086,7.169485092163086,7.169485092163086,7.169485092163086,7.169485092163086,0
2023-10-12 17:06:00+00:00,7.168150424957275,7.168150424957275,7.168150424957275,7.168150424957275,7.168150424957275,46928
2023-10-12 17:07:00+00:00,7.160046577453613,7.160046577453613,7.160046577453613,7.160046577453613,7.160046577453613,189376
2023-10-12 17:08:00+00:00,7.156206130981445,7.156206130981445,7.156206130981445,7.156206130981445,7.156206130981445,175408
2023-10-12 17:09:00+00:00,7.154050350189209,7.154050350189209,7.154050350189209,7.154050350189209,7.154050350189209,336144
2023-10-12 17:10:00+00:00,7.139984607696533,7.139984607696533,7.139984607696533,7.139984607696533,7.139984607696533,500400
2023-10-12 17:11:00+00:00,7.140905857086182,7.140905857086182,7.140905857086182,7.140905857086182,7.140905857086182,52944
2023-10-12 17:12:00+00:00,7.141149044036865,7.141149044036865,7.141149044036865,7.141149044036865,7.141149044036865,24496
2023-10-12 17:13:00+00:00,7.145549297332764,7.145549297332764,7.145549297332764,7.145549297332764,7.145549297332764,0
2023-10-12 17:14:00+00:00,7.146308422088623,7.146308422088623,7.146308422088623,7.146308422088623,7.146308422088623,180560
2023-10-12 17:15:00+00:00,7.146838188171387,7.146838188171387,7.146838188171387,7.146838188171387,7.146838188171387,0
2023-10-12 17:16:00+00:00,7.148530960083008,7.148530960083008,7.148530960083008,7.148530960083008,7.148530960083008,0
2023-10-12 17:17:00+00:00,7.148019313812256,7.148019313812256,7.148019313812256,7.148019313812256,7.148019313812256,0
2023-10-12 17:18:00+00:00,7.147215366363525,7.147215366363525,7.147215366363525,7.147215366363525,7.147215366363525,65184
2023-10-12 17:19:00+00:00,7.139556884765625,7.139556884765625,7.139556884765625,7.139556884765625,7.139556884765625,0
2023-10-12 17:20:00+00:00,7.139556884765625,7.139556884765625,7.139556884765625,7.139556884765625,7.139556884765625,0
2023-10-12 17:21:00+00:00,7.139610767364502,7.139610767364502,7.139610767364502,7.139610767364502,7.139610767364502,0
2023-10-12 17:22:00+00:00,7.139610767364502,7.139610767364502,7.139610767364502,7.139610767364502,7.139610767364502,0
2023-10-12 17:23:00+00:00,7.143645286560059,7.143645286560059,7.143645286560059,7.143645286560059,7.143645286560059,170432
2023-10-12 17:24:00+00:00,7.143270969390869,7.143270969390869,7.143270969390869,7.143270969390869,7.143270969390869,0
2023-10-12 17:25:00+00:00,7.1428985595703125,7.1428985595703125,7.1428985595703125,7.1428985595703125,7.1428985595703125,848
2023-10-12 17:26:00+00:00,7.143036842346191,7.143036842346191,7.143036842346191,7.143036842346191,7.143036842346191,56800
2023-10-12 17:27:00+00:00,7.144038200378418,7.144038200378418,7.144038200378418,7.144038200378418,7.144038200378418,0
2023-10-12 17:28:00+00:00,7.143721580505371,7.143721580505371,7.143721580505371,7.143721580505371,7.143721580505371,0
2023-10-12 17:29:00+00:00,7.143439769744873,7.143439769744873,7.143439769744873,7.143439769744873,7.143439769744873,0
2023-10-12 17:30:00+00:00,7.142228126525879,7.142228126525879,7.142228126525879,7.142228126525879,7.142228126525879,0
2023-10-12 17:31:00+00:00,7.141683101654053,7.141683101654053,7.141683101654053,7.141683101654053,7.141683101654053,0
2023-10-12 17:32:00+00:00,7.140096187591553,7.140096187591553,7.140096187591553,7.140096187591553,7.140096187591553,0
2023-10-12 17:33:00+00:00,7.1403584480285645,7.1403584480285645,7.1403584480285645,7.1403584480285645,7.1403584480285645,2176
2023-10-12 17:34:00+00:00,7.130377769470215,7.130377769470215,7.130377769470215,7.130377769470215,7.130377769470215,0
2023-10-12 17:35:00+00:00,7.130285739898682,7.130285739898682,7.130285739898682,7.130285739898682,7.130285739898682,12032
2023-10-12 17:36:00+00:00,7.130191326141357,7.130191326141357,7.130191326141357,7.130191326141357,7.130191326141357,4816
2023-10-12 17:37:00+00:00,7.1297688484191895,7.1297688484191895,7.1297688484191895,7.1297688484191895,7.1297688484191895,0
2023-10-12 17:38:00+00:00,7.130212783813477,7.130212783813477,7.130212783813477,7.130212783813477,7.130212783813477,63344
2023-10-12 17:39:00+00:00,7.132401943206787,7.132401943206787,7.132401943206787,7.132401943206787,7.132401943206787,0
2023-10-12 17:40:00+00:00,7.1411590576171875,7.1411590576171875,7.1411590576171875,7.1411590576171875,7.1411590576171875,130800
2023-10-12 17:41:00+00:00,7.141412734985352,7.141412734985352,7.141412734985352,7.141412734985352,7.141412734985352,41824
2023-10-12 17:42:00+00:00,7.142153739929199,7.142153739929199,7.142153739929199,7.142153739929199,7.142153739929199,4736
2023-10-12 17:43:00+00:00,7.142369270324707,7.142369270324707,7.142369270324707,7.142369270324707,7.142369270324707,0
2023-10-12 17:44:00+00:00,7.142369270324707,7.142369270324707,7.142369270324707,7.142369270324707,7.142369270324707,0
2023-10-12 17:45:00+00:00,7.145493507385254,7.145493507385254,7.145493507385254,7.145493507385254,7.145493507385254,37408
2023-10-12 17:46:00+00:00,7.145952224731445,7.145952224731445,7.145952224731445,7.145952224731445,7.145952224731445,0
2023-10-12 17:47:00+00:00,7.1468024253845215,7.1468024253845215,7.1468024253845215,7.1468024253845215,7.1468024253845215,12544
2023-10-12 17:48:00+00:00,7.1468048095703125,7.1468048095703125,7.1468048095703125,7.1468048095703125,7.1468048095703125,56448
2023-10-12 17:49:00+00:00,7.156309604644775,7.156309604644775,7.156309604644775,7.156309604644775,7.156309604644775,201008
2023-10-12 17:50:00+00:00,7.156914234161377,7.156914234161377,7.156914234161377,7.156914234161377,7.156914234161377,28720
2023-10-12 17:51:00+00:00,7.157240867614746,7.157240867614746,7.157240867614746,7.157240867614746,7.157240867614746,0
2023-10-12 17:52:00+00:00,7.164565086364746,7.164565086364746,7.164565086364746,7.164565086364746,7.164565086364746,76240
2023-10-12 17:53:00+00:00,7.166031360626221,7.166031360626221,7.166031360626221,7.166031360626221,7.166031360626221,21056
2023-10-12 17:54:00+00:00,7.167659282684326,7.167659282684326,7.167659282684326,7.167659282684326,7.167659282684326,39312
2023-10-12 17:55:00+00:00,7.173238754272461,7.173238754272461,7.173238754272461,7.173238754272461,7.173238754272461,102240
2023-10-12 17:56:00+00:00,7.173068046569824,7.173068046569824,7.173068046569824,7.173068046569824,7.173068046569824,153168
2023-10-12 17:57:00+00:00,7.173312187194824,7.173312187194824,7.173312187194824,7.173312187194824,7.173312187194824,0
2023-10-12 17:58:00+00:00,7.174534320831299,7.174534320831299,7.174534320831299,7.174534320831299,7.174534320831299,1582960
2023-10-12 17:59:00+00:00,7.175772190093994,7.175772190093994,7.175772190093994,7.175772190093994,7.175772190093994,31504
2023-10-12 18:00:00+00:00,7.176157474517822,7.176157474517822,7.176157474517822,7.176157474517822,7.176157474517822,48912
2023-10-12 18:01:00+00:00,7.1811203956604,7.1811203956604,7.1811203956604,7.1811203956604,7.1811203956604,0
2023-10-12 18:02:00+00:00,7.181405544281006,7.181405544281006,7.181405544281006,7.181405544281006,7.181405544281006,0
2023-10-12 18:03:00+00:00,7.181598663330078,7.181598663330078,7.181598663330078,7.181598663330078,7.181598663330078,0
2023-10-12 18:04:00+00:00,7.186147212982178,7.186147212982178,7.186147212982178,7.186147212982178,7.186147212982178,0
2023-10-12 18:05:00+00:00,7.185557842254639,7.185557842254639,7.185557842254639,7.185557842254639,7.185557842254639,20192
2023-10-12 18:06:00+00:00,7.185057640075684,7.185057640075684,7.185057640075684,7.185057640075684,7.185057640075684,0
2023-10-12 18:07:00+00:00,7.180498123168945,7.180498123168945,7.180498123168945,7.180498123168945,7.180498123168945,0
2023-10-12 18:08:00+00:00,7.180578231811523,7.180578231811523,7.180578231811523,7.180578231811523,7.180578231811523,0
2023-10-12 18:09:00+00:00,7.1810455322265625,7.1810455322265625,7.1810455322265625,7.1810455322265625,7.1810455322265625,0
2023-10-12 18:10:00+00:00,7.180822849273682,7.180822849273682,7.180822849273682,7.180822849273682,7.180822849273682,0
2023-10-12 18:11:00+00:00,7.1807050704956055,7.1807050704956055,7.1807050704956055,7.1807050704956055,7.1807050704956055,0
2023-10-12 18:12:00+00:00,7.177547454833984,7.177547454833984,7.177547454833984,7.177547454833984,7.177547454833984,823888
2023-10-12 18:13:00+00:00,7.166876316070557,7.166876316070557,7.166876316070557,7.166876316070557,7.166876316070557,166960
2023-10-12 18:14:00+00:00,7.167335510253906,7.167335510253906,7.167335510253906,7.167335510253906,7.167335510253906,84688
2023-10-12 18:15:00+00:00,7.167203426361084,7.167203426361084,7.167203426361084,7.167203426361084,7.167203426361084,26400
2023-10-12 18:16:00+00:00,7.171638011932373,7.171638011932373,7.171638011932373,7.171638011932373,7.171638011932373,600880
2023-10-12 18:17:00+00:00,7.171460151672363,7.171460151672363,7.171460151672363,7.171460151672363,7.171460151672363,5408
2023-10-12 18:18:00+00:00,7.171288967132568,7.171288967132568,7.171288967132568,7.171288967132568,7.171288967132568,0
2023-10-12 18:19:00+00:00,7.167906761169434,7.167906761169434,7.167906761169434,7.167906761169434,7.167906761169434,0
2023-10-12 18:20:00+00:00,7.167908668518066,7.167908668518066,7.167908668518066,7.167908668518066,7.167908668518066,27808
2023-10-12 18:21:00+00:00,7.168190956115723,7.168190956115723,7.168190956115723,7.168190956115723,7.168190956115723,46176
2023-10-12 18:22:00+00:00,7.172535419464111,7.172535419464111,7.172535419464111,7.172535419464111,7.172535419464111,160896
2023-10-12 18:23:00+00:00,7.176417827606201,7.176417827606201,7.176417827606201,7.176417827606201,7.176417827606201,14320
2023-10-12 18:24:00+00:00,7.177586078643799,7.177586078643799,7.177586078643799,7.177586078643799,7.177586078643799,0
2023-10-12 18:25:00+00:00,7.185852527618408,7.185852527618408,7.185852527618408,7.185852527618408,7.185852527618408,131552
2023-10-12 18:26:00+00:00,7.186605453491211,7.186605453491211,7.186605453491211,7.186605453491211,7.186605453491211,116112
2023-10-12 18:27:00+00:00,7.187112808227539,7.187112808227539,7.187112808227539,7.187112808227539,7.187112808227539,3744
2023-10-12 18:28:00+00:00,7.190000534057617,7.190000534057617,7.190000534057617,7.190000534057617,7.190000534057617,0
2023-10-12 18:29:00+00:00,7.190832138061523,7.190832138061523,7.190832138061523,7.190832138061523,7.190832138061523,29264
2023-10-12 18:30:00+00:00,7.191429138183594,7.191429138183594,7.191429138183594,7.191429138183594,7.191429138183594,31024
2023-10-12 18:31:00+00:00,7.198618412017822,7.198618412017822,7.198618412017822,7.198618412017822,7.198618412017822,292256
2023-10-12 18:32:00+00:00,7.200783729553223,7.200783729553223,7.200783729553223,7.200783729553223,7.200783729553223,31552
2023-10-12 18:33:00+00:00,7.201680660247803,7.201680660247803,7.201680660247803,7.201680660247803,7.201680660247803,0
2023-10-12 18:34:00+00:00,7.210286617279053,7.210286617279053,7.210286617279053,7.210286617279053,7.210286617279053,323936
2023-10-12 18:35:00+00:00,7.209489345550537,7.209489345550537,7.209489345550537,7.209489345550537,7.209489345550537,5824
2023-10-12 18:36:00+00:00,7.209100246429443,7.209100246429443,7.209100246429443,7.209100246429443,7.209100246429443,0
2023-10-12 18:37:00+00:00,7.204333782196045,7.204333782196045,7.204333782196045,7.204333782196045,7.204333782196045,0
2023-10-12 18:38:00+00:00,7.204183101654053,7.204183101654053,7.204183101654053,7.204183101654053,7.204183101654053,54912
2023-10-12 18:39:00+00:00,7.203789234161377,7.203789234161377,7.203789234161377,7.203789234161377,7.203789234161377,0
2023-10-12 18:40:00+00:00,7.201932430267334,7.201932430267334,7.201932430267334,7.201932430267334,7.201932430267334,60592
2023-10-12 18:41:00+00:00,7.201406955718994,7.201406955718994,7.201406955718994,7.201406955718994,7.201406955718994,0
2023-10-12 18:42:00+00:00,7.200931072235107,7.200931072235107,7.200931072235107,7.200931072235107,7.200931072235107,0
2023-10-12 18:43:00+00:00,7.198737144470215,7.198737144470215,7.198737144470215,7.198737144470215,7.198737144470215,0
2023-10-12 18:44:00+00:00,7.198704719543457,7.198704719543457,7.198704719543457,7.198704719543457,7.198704719543457,9888
2023-10-12 18:45:00+00:00,7.198495388031006,7.198495388031006,7.198495388031006,7.198495388031006,7.198495388031006,0
2023-10-12 18:46:00+00:00,7.197475433349609,7.197475433349609,7.197475433349609,7.197475433349609,7.197475433349609,0
2023-10-12 18:47:00+00:00,7.197403907775879,7.197403907775879,7.197403907775879,7.197403907775879,7.197403907775879,86064
2023-10-12 18:48:00+00:00,7.197139739990234,7.197139739990234,7.197139739990234,7.197139739990234,7.197139739990234,0
2023-10-12 18:49:00+00:00,7.191228866577148,7.191228866577148,7.191228866577148,7.191228866577148,7.191228866577148,30032
2023-10-12 18:50:00+00:00,7.191228866577148,7.191228866577148,7.191228866577148,7.191228866577148,7.191228866577148,0
2023-10-12 18:51:00+00:00,7.191228866577148,7.191228866577148,7.191228866577148,7.191228866577148,7.191228866577148,0
2023-10-12 18:52:00+00:00,7.189436435699463,7.189436435699463,7.189436435699463,7.189436435699463,7.189436435699463,48256
2023-10-12 18:53:00+00:00,7.188096523284912,7.188096523284912,7.188096523284912,7.188096523284912,7.188096523284912,0
2023-10-12 18:54:00+00:00,7.1874566078186035,7.1874566078186035,7.1874566078186035,7.1874566078186035,7.1874566078186035,0
2023-10-12 18:55:00+00:00,7.182126045227051,7.182126045227051,7.182126045227051,7.182126045227051,7.182126045227051,0
2023-10-12 18:56:00+00:00,7.181694030761719,7.181694030761719,7.181694030761719,7.181694030761719,7.181694030761719,0
2023-10-12 18:57:00+00:00,7.1816020011901855,7.1816020011901855,7.1816020011901855,7.1816020011901855,7.1816020011901855,0
2023-10-12 18:58:00+00:00,7.178714752197266,7.178714752197266,7.178714752197266,7.178714752197266,7.178714752197266,0
2023-10-12 18:59:00+00:00,7.178164482116699,7.178164482116699,7.178164482116699,7.178164482116699,7.178164482116699,0
2023-10-12 19:00:00+00:00,7.177760124206543,7.177760124206543,7.177760124206543,7.177760124206543,7.177760124206543,0
2023-10-12 19:01:00+00:00,7.17623233795166,7.17623233795166,7.17623233795166,7.17623233795166,7.17623233795166,0
2023-10-12 19:02:00+00:00,7.175451278686523,7.175451278686523,7.175451278686523,7.175451278686523,7.175451278686523,0
2023-10-12 19:03:00+00:00,7.174792766571045,7.174792766571045,7.174792766571045,7.174792766571045,7.174792766571045,0
2023-10-12 19:04:00+00:00,7.171004295349121,7.171004295349121,7.171004295349121,7.171004295349121,7.171004295349121,0
2023-10-12 19:05:00+00:00,7.169723033905029,7.169723033905029,7.169723033905029,7.169723033905029,7.169723033905029,28400
2023-10-12 19:06:00+00:00,7.16968297958374,7.16968297958374,7.16968297958374,7.16968297958374,7.16968297958374,0
2023-10-12 19:07:00+00:00,7.166100978851318,7.166100978851318,7.166100978851318,7.166100978851318,7.166100978851318,0
2023-10-12 19:08:00+00:00,7.166100978851318,7.166100978851318,7.166100978851318,7.166100978851318,7.166100978851318,0
2023-10-12 19:09:00+00:00,7.166100978851318,7.166100978851318,7.166100978851318,7.166100978851318,7.166100978851318,11104
2023-10-12 19:10:00+00:00,7.165643692016602,7.165643692016602,7.165643692016602,7.165643692016602,7.165643692016602,64
2023-10-12 19:11:00+00:00,7.165825843811035,7.165825843811035,7.165825843811035,7.165825843811035,7.165825843811035,178112
2023-10-12 19:12:00+00:00,7.165825843811035,7.165825843811035,7.165825843811035,7.165825843811035,7.165825843811035,0
2023-10-12 19:13:00+00:00,7.165975570678711,7.165975570678711,7.165975570678711,7.165975570678711,7.165975570678711,0
2023-10-12 19:14:00+00:00,7.1704583168029785,7.1704583168029785,7.1704583168029785,7.1704583168029785,7.1704583168029785,0
2023-10-12 19:15:00+00:00,7.171387672424316,7.171387672424316,7.171387672424316,7.171387672424316,7.171387672424316,0
2023-10-12 19:16:00+00:00,7.173075199127197,7.173075199127197,7.173075199127197,7.173075199127197,7.173075199127197,64096
2023-10-12 19:17:00+00:00,7.172723293304443,7.172723293304443,7.172723293304443,7.172723293304443,7.172723293304443,0
2023-10-12 19:18:00+00:00,7.172231674194336,7.172231674194336,7.172231674194336,7.172231674194336,7.172231674194336,9216
2023-10-12 19:19:00+00:00,7.168654441833496,7.168654441833496,7.168654441833496,7.168654441833496,7.168654441833496,0
2023-10-12 19:20:00+00:00,7.169464588165283,7.169464588165283,7.169464588165283,7.169464588165283,7.169464588165283,0
2023-10-12 19:21:00+00:00,7.170031547546387,7.170031547546387,7.170031547546387,7.170031547546387,7.170031547546387,7504
2023-10-12 19:22:00+00:00,7.172710418701172,7.172710418701172,7.172710418701172,7.172710418701172,7.172710418701172,47280
2023-10-12 19:23:00+00:00,7.172712802886963,7.172712802886963,7.172712802886963,7.172712802886963,7.172712802886963,0
2023-10-12 19:24:00+00:00,7.172683238983154,7.172683238983154,7.172683238983154,7.172683238983154,7.172683238983154,0
2023-10-12 19:25:00+00:00,7.1723103523254395,7.1723103523254395,7.1723103523254395,7.1723103523254395,7.1723103523254395,0
2023-10-12 19:26:00+00:00,7.171839714050293,7.171839714050293,7.171839714050293,7.171839714050293,7.171839714050293,0
2023-10-12 19:27:00+00:00,7.171657562255859,7.171657562255859,7.171657562255859,7.171657562255859,7.171657562255859,0
2023-10-12 19:28:00+00:00,7.17356538772583,7.17356538772583,7.17356538772583,7.17356538772583,7.17356538772583,12512
2023-10-12 19:29:00+00:00,7.173403739929199,7.173403739929199,7.173403739929199,7.173403739929199,7.173403739929199,0
2023-10-12 19:30:00+00:00,7.173635482788086,7.173635482788086,7.173635482788086,7.173635482788086,7.173635482788086,0
2023-10-12 19:31:00+00:00,7.173326015472412,7.173326015472412,7.173326015472412,7.173326015472412,7.173326015472412,0
2023-10-12 19:32:00+00:00,7.173433780670166,7.173433780670166,7.173433780670166,7.173433780670166,7.173433780670166,31360
2023-10-12 19:33:00+00:00,7.174021244049072,7.174021244049072,7.174021244049072,7.174021244049072,7.174021244049072,12992
2023-10-12 19:34:00+00:00,7.18013334274292,7.18013334274292,7.18013334274292,7.18013334274292,7.18013334274292,37888
2023-10-12 19:35:00+00:00,7.180614948272705,7.180614948272705,7.180614948272705,7.180614948272705,7.180614948272705,0
2023-10-12 19:36:00+00:00,7.181370258331299,7.181370258331299,7.181370258331299,7.181370258331299,7.181370258331299,11376
2023-10-12 19:37:00+00:00,7.191636085510254,7.191636085510254,7.191636085510254,7.191636085510254,7.191636085510254,2235344
2023-10-12 19:38:00+00:00,7.192216396331787,7.192216396331787,7.192216396331787,7.192216396331787,7.192216396331787,68848
2023-10-12 19:39:00+00:00,7.192610740661621,7.192610740661621,7.192610740661621,7.192610740661621,7.192610740661621,10592
2023-10-12 19:40:00+00:00,7.2006354331970215,7.2006354331970215,7.2006354331970215,7.2006354331970215,7.2006354331970215,393152
2023-10-12 19:41:00+00:00,7.20246696472168,7.20246696472168,7.20246696472168,7.20246696472168,7.20246696472168,182064
2023-10-12 19:42:00+00:00,7.201813697814941,7.201813697814941,7.201813697814941,7.201813697814941,7.201813697814941,71392
2023-10-12 19:43:00+00:00,7.2001776695251465,7.2001776695251465,7.2001776695251465,7.2001776695251465,7.2001776695251465,142368
2023-10-12 19:44:00+00:00,7.200383186340332,7.200383186340332,7.200383186340332,7.200383186340332,7.200383186340332,0
2023-10-12 19:45:00+00:00,7.200142860412598,7.200142860412598,7.200142860412598,7.200142860412598,7.200142860412598,5216
2023-10-12 19:46:00+00:00,7.201668739318848,7.201668739318848,7.201668739318848,7.201668739318848,7.201668739318848,66880
2023-10-12 19:47:00+00:00,7.202614784240723,7.202614784240723,7.202614784240723,7.202614784240723,7.202614784240723,47376
2023-10-12 19:48:00+00:00,7.202140808105469,7.202140808105469,7.202140808105469,7.202140808105469,7.202140808105469,49136
2023-10-12 19:49:00+00:00,7.204024791717529,7.204024791717529,7.204024791717529,7.204024791717529,7.204024791717529,73120
2023-10-12 19:50:00+00:00,7.204555511474609,7.204555511474609,7.204555511474609,7.204555511474609,7.204555511474609,10688
2023-10-12 19:51:00+00:00,7.205072402954102,7.205072402954102,7.205072402954102,7.205072402954102,7.205072402954102,0
2023-10-12 19:52:00+00:00,7.207222938537598,7.207222938537598,7.207222938537598,7.207222938537598,7.207222938537598,203344
2023-10-12 19:53:00+00:00,7.207070827484131,7.207070827484131,7.207070827484131,7.207070827484131,7.207070827484131,0
2023-10-12 19:54:00+00:00,7.206754684448242,7.206754684448242,7.206754684448242,7.206754684448242,7.206754684448242,5760
2023-10-12 19:55:00+00:00,7.203287601470947,7.203287601470947,7.203287601470947,7.203287601470947,7.203287601470947,19408
2023-10-12 19:56:00+00:00,7.202717304229736,7.202717304229736,7.202717304229736,7.202717304229736,7.202717304229736,0
2023-10-12 19:57:00+00:00,7.202330589294434,7.202330589294434,7.202330589294434,7.202330589294434,7.202330589294434,57312
2023-10-12 19:58:00+00:00,7.201338768005371,7.201338768005371,7.201338768005371,7.201338768005371,7.201338768005371,0
2023-10-12 19:59:00+00:00,7.201338768005371,7.201338768005371,7.201338768005371,7.201338768005371,7.201338768005371,0
2023-10-12 20:00:00+00:00,7.197756290435791,7.197756290435791,7.197756290435791,7.197756290435791,7.197756290435791,0
2023-10-12 20:01:00+00:00,7.195964336395264,7.195964336395264,7.195964336395264,7.195964336395264,7.195964336395264,0
2023-10-12 20:02:00+00:00,7.1948561668396,7.1948561668396,7.1948561668396,7.1948561668396,7.1948561668396,0
2023-10-12 20:03:00+00:00,7.194828033447266,7.194828033447266,7.194828033447266,7.194828033447266,7.194828033447266,0
2023-10-12 20:04:00+00:00,7.19045877456665,7.19045877456665,7.19045877456665,7.19045877456665,7.19045877456665,0
2023-10-12 20:05:00+00:00,7.189094066619873,7.189094066619873,7.189094066619873,7.189094066619873,7.189094066619873,0
2023-10-12 20:06:00+00:00,7.18870210647583,7.18870210647583,7.18870210647583,7.18870210647583,7.18870210647583,0
2023-10-12 20:07:00+00:00,7.18870210647583,7.18870210647583,7.18870210647583,7.18870210647583,7.18870210647583,0
2023-10-12 20:08:00+00:00,7.188920974731445,7.188920974731445,7.188920974731445,7.188920974731445,7.188920974731445,0
2023-10-12 20:09:00+00:00,7.187922477722168,7.187922477722168,7.187922477722168,7.187922477722168,7.187922477722168,0
2023-10-12 20:10:00+00:00,7.187100410461426,7.187100410461426,7.187100410461426,7.187100410461426,7.187100410461426,0
2023-10-12 20:11:00+00:00,7.187407970428467,7.187407970428467,7.187407970428467,7.187407970428467,7.187407970428467,30304
2023-10-12 20:12:00+00:00,7.18723726272583,7.18723726272583,7.18723726272583,7.18723726272583,7.18723726272583,18512
2023-10-12 20:13:00+00:00,7.18794584274292,7.18794584274292,7.18794584274292,7.18794584274292,7.18794584274292,102512
2023-10-12 20:14:00+00:00,7.188052654266357,7.188052654266357,7.188052654266357,7.188052654266357,7.188052654266357,189360
2023-10-12 20:15:00+00:00,7.188023090362549,7.188023090362549,7.188023090362549,7.188023090362549,7.188023090362549,8064
2023-10-12 20:16:00+00:00,7.189130783081055,7.189130783081055,7.189130783081055,7.189130783081055,7.189130783081055,62880
2023-10-12 20:17:00+00:00,7.189737796783447,7.189737796783447,7.189737796783447,7.189737796783447,7.189737796783447,0
2023-10-12 20:18:00+00:00,7.189397811889648,7.189397811889648,7.189397811889648,7.189397811889648,7.189397811889648,90272
2023-10-12 20:19:00+00:00,7.1885905265808105,7.1885905265808105,7.1885905265808105,7.1885905265808105,7.1885905265808105,0
2023-10-12 20:20:00+00:00,7.188744068145752,7.188744068145752,7.188744068145752,7.188744068145752,7.188744068145752,0
2023-10-12 20:21:00+00:00,7.18881368637085,7.18881368637085,7.18881368637085,7.18881368637085,7.18881368637085,0
2023-10-12 20:22:00+00:00,7.188981056213379,7.188981056213379,7.188981056213379,7.188981056213379,7.188981056213379,0
2023-10-12 20:23:00+00:00,7.189000606536865,7.189000606536865,7.189000606536865,7.189000606536865,7.189000606536865,0
2023-10-12 20:24:00+00:00,7.188886642456055,7.188886642456055,7.188886642456055,7.188886642456055,7.188886642456055,1056
2023-10-12 20:25:00+00:00,7.189116954803467,7.189116954803467,7.189116954803467,7.189116954803467,7.189116954803467,3440
2023-10-12 20:26:00+00:00,7.188642501831055,7.188642501831055,7.188642501831055,7.188642501831055,7.188642501831055,0
2023-10-12 20:27:00+00:00,7.188686847686768,7.188686847686768,7.188686847686768,7.188686847686768,7.188686847686768,0
2023-10-12 20:28:00+00:00,7.187819480895996,7.187819480895996,7.187819480895996,7.187819480895996,7.187819480895996,0
2023-10-12 20:29:00+00:00,7.188086986541748,7.188086986541748,7.188086986541748,7.188086986541748,7.188086986541748,0
2023-10-12 20:30:00+00:00,7.187941074371338,7.187941074371338,7.187941074371338,7.187941074371338,7.187941074371338,18416
2023-10-12 20:31:00+00:00,7.192319869995117,7.192319869995117,7.192319869995117,7.192319869995117,7.192319869995117,92400
2023-10-12 20:32:00+00:00,7.192221641540527,7.192221641540527,7.192221641540527,7.192221641540527,7.192221641540527,0
2023-10-12 20:33:00+00:00,7.19224214553833,7.19224214553833,7.19224214553833,7.19224214553833,7.19224214553833,0
2023-10-12 20:34:00+00:00,7.19224214553833,7.19224214553833,7.19224214553833,7.19224214553833,7.19224214553833,0
2023-10-12 20:35:00+00:00,7.192948341369629,7.192948341369629,7.192948341369629,7.192948341369629,7.192948341369629,0
2023-10-12 20:36:00+00:00,7.197189807891846,7.197189807891846,7.197189807891846,7.197189807891846,7.197189807891846,76992
2023-10-12 20:37:00+00:00,7.2021684646606445,7.2021684646606445,7.2021684646606445,7.2021684646606445,7.2021684646606445,91888
2023-10-12 20:38:00+00:00,7.202116012573242,7.202116012573242,7.202116012573242,7.202116012573242,7.202116012573242,0
2023-10-12 20:39:00+00:00,7.202045917510986,7.202045917510986,7.202045917510986,7.202045917510986,7.202045917510986,14096
2023-10-12 20:40:00+00:00,7.199792385101318,7.199792385101318,7.199792385101318,7.199792385101318,7.199792385101318,0
2023-10-12 20:41:00+00:00,7.199790954589844,7.199790954589844,7.199790954589844,7.199790954589844,7.199790954589844,4576
2023-10-12 20:42:00+00:00,7.199849605560303,7.199849605560303,7.199849605560303,7.199849605560303,7.199849605560303,0
2023-10-12 20:43:00+00:00,7.2003679275512695,7.2003679275512695,7.2003679275512695,7.2003679275512695,7.2003679275512695,0
2023-10-12 20:44:00+00:00,7.200819969177246,7.200819969177246,7.200819969177246,7.200819969177246,7.200819969177246,0
2023-10-12 20:45:00+00:00,7.20072078704834,7.20072078704834,7.20072078704834,7.20072078704834,7.20072078704834,30736
2023-10-12 20:46:00+00:00,7.20072078704834,7.20072078704834,7.20072078704834,7.20072078704834,7.20072078704834,0
2023-10-12 20:47:00+00:00,7.200603485107422,7.200603485107422,7.200603485107422,7.200603485107422,7.200603485107422,102512
2023-10-12 20:48:00+00:00,7.200984954833984,7.200984954833984,7.200984954833984,7.200984954833984,7.200984954833984,0
2023-10-12 20:49:00+00:00,7.202049255371094,7.202049255371094,7.202049255371094,7.202049255371094,7.202049255371094,40880
2023-10-12 20:50:00+00:00,7.202303886413574,7.202303886413574,7.202303886413574,7.202303886413574,7.202303886413574,17712
2023-10-12 20:51:00+00:00,7.203227996826172,7.203227996826172,7.203227996826172,7.203227996826172,7.203227996826172,30320
2023-10-12 20:52:00+00:00,7.206812381744385,7.206812381744385,7.206812381744385,7.206812381744385,7.206812381744385,131664
2023-10-12 20:53:00+00:00,7.2068867683410645,7.2068867683410645,7.2068867683410645,7.2068867683410645,7.2068867683410645,0
2023-10-12 20:54:00+00:00,7.206484317779541,7.206484317779541,7.206484317779541,7.206484317779541,7.206484317779541,720
2023-10-12 20:55:00+00:00,7.20527982711792,7.20527982711792,7.20527982711792,7.20527982711792,7.20527982711792,71968
2023-10-12 20:56:00+00:00,7.205441474914551,7.205441474914551,7.205441474914551,7.205441474914551,7.205441474914551,0
2023-10-12 20:57:00+00:00,7.205549240112305,7.205549240112305,7.205549240112305,7.205549240112305,7.205549240112305,2144
2023-10-12 20:58:00+00:00,7.20761251449585,7.20761251449585,7.20761251449585,7.20761251449585,7.20761251449585,8400
2023-10-12 20:59:00+00:00,7.2076215744018555,7.2076215744018555,7.2076215744018555,7.2076215744018555,7.2076215744018555,0
2023-10-12 21:00:00+00:00,7.208066940307617,7.208066940307617,7.208066940307617,7.208066940307617,7.208066940307617,0
2023-10-12 21:01:00+00:00,7.211990833282471,7.211990833282471,7.211990833282471,7.211990833282471,7.211990833282471,0
2023-10-12 21:02:00+00:00,7.212429523468018,7.212429523468018,7.212429523468018,7.212429523468018,7.212429523468018,0
2023-10-12 21:03:00+00:00,7.213242053985596,7.213242053985596,7.213242053985596,7.213242053985596,7.213242053985596,42752
2023-10-12 21:04:00+00:00,7.214781284332275,7.214781284332275,7.214781284332275,7.214781284332275,7.214781284332275,0
2023-10-12 21:05:00+00:00,7.214652061462402,7.214652061462402,7.214652061462402,7.214652061462402,7.214652061462402,22384
2023-10-12 21:06:00+00:00,7.214670181274414,7.214670181274414,7.214670181274414,7.214670181274414,7.214670181274414,0
2023-10-12 21:07:00+00:00,7.215847969055176,7.215847969055176,7.215847969055176,7.215847969055176,7.215847969055176,59536
2023-10-12 21:08:00+00:00,7.216064453125,7.216064453125,7.216064453125,7.216064453125,7.216064453125,8400
2023-10-12 21:09:00+00:00,7.216064453125,7.216064453125,7.216064453125,7.216064453125,7.216064453125,0
2023-10-12 21:10:00+00:00,7.216179370880127,7.216179370880127,7.216179370880127,7.216179370880127,7.216179370880127,17680
2023-10-12 21:11:00+00:00,7.213372230529785,7.213372230529785,7.213372230529785,7.213372230529785,7.213372230529785,7696
2023-10-12 21:12:00+00:00,7.213344097137451,7.213344097137451,7.213344097137451,7.213344097137451,7.213344097137451,0
2023-10-12 21:13:00+00:00,7.210087776184082,7.210087776184082,7.210087776184082,7.210087776184082,7.210087776184082,0
2023-10-12 21:14:00+00:00,7.210326194763184,7.210326194763184,7.210326194763184,7.210326194763184,7.210326194763184,0
2023-10-12 21:15:00+00:00,7.209860801696777,7.209860801696777,7.209860801696777,7.209860801696777,7.209860801696777,0
2023-10-12 21:16:00+00:00,7.20972204208374,7.20972204208374,7.20972204208374,7.20972204208374,7.20972204208374,0
2023-10-12 21:17:00+00:00,7.20972204208374,7.20972204208374,7.20972204208374,7.20972204208374,7.20972204208374,0
2023-10-12 21:18:00+00:00,7.209651470184326,7.209651470184326,7.209651470184326,7.209651470184326,7.209651470184326,10304
2023-10-12 21:19:00+00:00,7.207616806030273,7.207616806030273,7.207616806030273,7.207616806030273,7.207616806030273,105216
2023-10-12 21:20:00+00:00,7.208056926727295,7.208056926727295,7.208056926727295,7.208056926727295,7.208056926727295,25968
2023-10-12 21:21:00+00:00,7.207870006561279,7.207870006561279,7.207870006561279,7.207870006561279,7.207870006561279,0
2023-10-12 21:22:00+00:00,7.208311557769775,7.208311557769775,7.208311557769775,7.208311557769775,7.208311557769775,0
2023-10-12 21:23:00+00:00,7.208014488220215,7.208014488220215,7.208014488220215,7.208014488220215,7.208014488220215,0
2023-10-12 21:24:00+00:00,7.208045482635498,7.208045482635498,7.208045482635498,7.208045482635498,7.208045482635498,0
2023-10-12 21:25:00+00:00,7.207981109619141,7.207981109619141,7.207981109619141,7.207981109619141,7.207981109619141,0
2023-10-12 21:26:00+00:00,7.207901954650879,7.207901954650879,7.207901954650879,7.207901954650879,7.207901954650879,0
2023-10-12 21:27:00+00:00,7.2083258628845215,7.2083258628845215,7.2083258628845215,7.2083258628845215,7.2083258628845215,0
2023-10-12 21:28:00+00:00,7.209744453430176,7.209744453430176,7.209744453430176,7.209744453430176,7.209744453430176,0
2023-10-12 21:29:00+00:00,7.210163593292236,7.210163593292236,7.210163593292236,7.210163593292236,7.210163593292236,3760
2023-10-12 21:30:00+00:00,7.210528373718262,7.210528373718262,7.210528373718262,7.210528373718262,7.210528373718262,0
2023-10-12 21:31:00+00:00,7.212224960327148,7.212224960327148,7.212224960327148,7.212224960327148,7.212224960327148,0
2023-10-12 21:32:00+00:00,7.2130303382873535,7.2130303382873535,7.2130303382873535,7.2130303382873535,7.2130303382873535,0
2023-10-12 21:33:00+00:00,7.2143049240112305,7.2143049240112305,7.2143049240112305,7.2143049240112305,7.2143049240112305,1728
2023-10-12 21:34:00+00:00,7.2317705154418945,7.2317705154418945,7.2317705154418945,7.2317705154418945,7.2317705154418945,1418944
2023-10-12 21:35:00+00:00,7.232682228088379,7.232682228088379,7.232682228088379,7.232682228088379,7.232682228088379,74496
2023-10-12 21:36:00+00:00,7.232089519500732,7.232089519500732,7.232089519500732,7.232089519500732,7.232089519500732,0
2023-10-12 21:37:00+00:00,7.230261325836182,7.230261325836182,7.230261325836182,7.230261325836182,7.230261325836182,212864
2023-10-12 21:38:00+00:00,7.229475021362305,7.229475021362305,7.229475021362305,7.229475021362305,7.229475021362305,67792
2023-10-12 21:39:00+00:00,7.229587554931641,7.229587554931641,7.229587554931641,7.229587554931641,7.229587554931641,20832
2023-10-12 21:40:00+00:00,7.226323127746582,7.226323127746582,7.226323127746582,7.226323127746582,7.226323127746582,116016
2023-10-12 21:41:00+00:00,7.225629806518555,7.225629806518555,7.225629806518555,7.225629806518555,7.225629806518555,65856
2023-10-12 21:42:00+00:00,7.225836277008057,7.225836277008057,7.225836277008057,7.225836277008057,7.225836277008057,0
2023-10-12 21:43:00+00:00,7.225266456604004,7.225266456604004,7.225266456604004,7.225266456604004,7.225266456604004,0
2023-10-12 21:44:00+00:00,7.22520637512207,7.22520637512207,7.22520637512207,7.22520637512207,7.22520637512207,6336
2023-10-12 21:45:00+00:00,7.225353240966797,7.225353240966797,7.225353240966797,7.225353240966797,7.225353240966797,66768
2023-10-12 21:46:00+00:00,7.226534366607666,7.226534366607666,7.226534366607666,7.226534366607666,7.226534366607666,53824
2023-10-12 21:47:00+00:00,7.226827144622803,7.226827144622803,7.226827144622803,7.226827144622803,7.226827144622803,0
2023-10-12 21:48:00+00:00,7.226451396942139,7.226451396942139,7.226451396942139,7.226451396942139,7.226451396942139,0
2023-10-12 21:49:00+00:00,7.225684642791748,7.225684642791748,7.225684642791748,7.225684642791748,7.225684642791748,13008
2023-10-12 21:50:00+00:00,7.225234031677246,7.225234031677246,7.225234031677246,7.225234031677246,7.225234031677246,0
2023-10-12 21:51:00+00:00,7.2251877784729,7.2251877784729,7.2251877784729,7.2251877784729,7.2251877784729,0
2023-10-12 21:52:00+00:00,7.224379539489746,7.224379539489746,7.224379539489746,7.224379539489746,7.224379539489746,0
2023-10-12 21:53:00+00:00,7.224699974060059,7.224699974060059,7.224699974060059,7.224699974060059,7.224699974060059,0
2023-10-12 21:54:00+00:00,7.2248616218566895,7.2248616218566895,7.2248616218566895,7.2248616218566895,7.2248616218566895,0
2023-10-12 21:55:00+00:00,7.226122856140137,7.226122856140137,7.226122856140137,7.226122856140137,7.226122856140137,0
2023-10-12 21:56:00+00:00,7.226212978363037,7.226212978363037,7.226212978363037,7.226212978363037,7.226212978363037,0
2023-10-12 21:57:00+00:00,7.226061820983887,7.226061820983887,7.226061820983887,7.226061820983887,7.226061820983887,0
2023-10-12 21:58:00+00:00,7.227710723876953,7.227710723876953,7.227710723876953,7.227710723876953,7.227710723876953,0
2023-10-12 21:59:00+00:00,7.228387355804443,7.228387355804443,7.228387355804443,7.228387355804443,7.228387355804443,0
2023-10-12 22:00:00+00:00,7.228753089904785,7.228753089904785,7.228753089904785,7.228753089904785,7.228753089904785,17120
2023-10-12 22:01:00+00:00,7.233529090881348,7.233529090881348,7.233529090881348,7.233529090881348,7.233529090881348,0
2023-10-12 22:02:00+00:00,7.233579635620117,7.233579635620117,7.233579635620117,7.233579635620117,7.233579635620117,0
2023-10-12 22:03:00+00:00,7.233659267425537,7.233659267425537,7.233659267425537,7.233659267425537,7.233659267425537,0
2023-10-12 22:04:00+00:00,7.229462146759033,7.229462146759033,7.229462146759033,7.229462146759033,7.229462146759033,0
2023-10-12 22:05:00+00:00,7.228246688842773,7.228246688842773,7.228246688842773,7.228246688842773,7.228246688842773,17072
2023-10-12 22:06:00+00:00,7.227823257446289,7.227823257446289,7.227823257446289,7.227823257446289,7.227823257446289,0
2023-10-12 22:07:00+00:00,7.222788333892822,7.222788333892822,7.222788333892822,7.222788333892822,7.222788333892822,0
2023-10-12 22:08:00+00:00,7.2228102684021,7.2228102684021,7.2228102684021,7.2228102684021,7.2228102684021,2384
2023-10-12 22:09:00+00:00,7.222869396209717,7.222869396209717,7.222869396209717,7.222869396209717,7.222869396209717,16976
2023-10-12 22:10:00+00:00,7.228038787841797,7.228038787841797,7.228038787841797,7.228038787841797,7.228038787841797,65344
2023-10-12 22:11:00+00:00,7.228209018707275,7.228209018707275,7.228209018707275,7.228209018707275,7.228209018707275,0
2023-10-12 22:12:00+00:00,7.2285895347595215,7.2285895347595215,7.2285895347595215,7.2285895347595215,7.2285895347595215,0
2023-10-12 22:13:00+00:00,7.233123779296875,7.233123779296875,7.233123779296875,7.233123779296875,7.233123779296875,0
2023-10-12 22:14:00+00:00,7.23314094543457,7.23314094543457,7.23314094543457,7.23314094543457,7.23314094543457,0
2023-10-12 22:15:00+00:00,7.233191967010498,7.233191967010498,7.233191967010498,7.233191967010498,7.233191967010498,0
2023-10-12 22:16:00+00:00,7.2333664894104,7.2333664894104,7.2333664894104,7.2333664894104,7.2333664894104,0
2023-10-12 22:17:00+00:00,7.2332305908203125,7.2332305908203125,7.2332305908203125,7.2332305908203125,7.2332305908203125,0
2023-10-12 22:18:00+00:00,7.233452320098877,7.233452320098877,7.233452320098877,7.233452320098877,7.233452320098877,14112
2023-10-12 22:19:00+00:00,7.228787422180176,7.228787422180176,7.228787422180176,7.228787422180176,7.228787422180176,0
2023-10-12 22:20:00+00:00,7.2276482582092285,7.2276482582092285,7.2276482582092285,7.2276482582092285,7.2276482582092285,0
2023-10-12 22:21:00+00:00,7.227057456970215,7.227057456970215,7.227057456970215,7.227057456970215,7.227057456970215,0
2023-10-12 22:22:00+00:00,7.220513343811035,7.220513343811035,7.220513343811035,7.220513343811035,7.220513343811035,0
2023-10-12 22:23:00+00:00,7.220538139343262,7.220538139343262,7.220538139343262,7.220538139343262,7.220538139343262,0
2023-10-12 22:24:00+00:00,7.220644950866699,7.220644950866699,7.220644950866699,7.220644950866699,7.220644950866699,0
2023-10-12 22:25:00+00:00,7.219565391540527,7.219565391540527,7.219565391540527,7.219565391540527,7.219565391540527,0
2023-10-12 22:26:00+00:00,7.220015048980713,7.220015048980713,7.220015048980713,7.220015048980713,7.220015048980713,0
2023-10-12 22:27:00+00:00,7.220432758331299,7.220432758331299,7.220432758331299,7.220432758331299,7.220432758331299,0
2023-10-12 22:28:00+00:00,7.221129417419434,7.221129417419434,7.221129417419434,7.221129417419434,7.221129417419434,0
2023-10-12 22:29:00+00:00,7.221090793609619,7.221090793609619,7.221090793609619,7.221090793609619,7.221090793609619,0
2023-10-12 22:30:00+00:00,7.221257209777832,7.221257209777832,7.221257209777832,7.221257209777832,7.221257209777832,0
2023-10-12 22:31:00+00:00,7.224165439605713,7.224165439605713,7.224165439605713,7.224165439605713,7.224165439605713,0
2023-10-12 22:32:00+00:00,7.224165439605713,7.224165439605713,7.224165439605713,7.224165439605713,7.224165439605713,0
2023-10-12 22:33:00+00:00,7.224120140075684,7.224120140075684,7.224120140075684,7.224120140075684,7.224120140075684,0
2023-10-12 22:34:00+00:00,7.21889591217041,7.21889591217041,7.21889591217041,7.21889591217041,7.21889591217041,0
2023-10-12 22:35:00+00:00,7.218806266784668,7.218806266784668,7.218806266784668,7.218806266784668,7.218806266784668,0
2023-10-12 22:36:00+00:00,7.218692779541016,7.218692779541016,7.218692779541016,7.218692779541016,7.218692779541016,0
2023-10-12 22:37:00+00:00,7.218001365661621,7.218001365661621,7.218001365661621,7.218001365661621,7.218001365661621,0
2023-10-12 22:38:00+00:00,7.217732906341553,7.217732906341553,7.217732906341553,7.217732906341553,7.217732906341553,0
2023-10-12 22:39:00+00:00,7.217779636383057,7.217779636383057,7.217779636383057,7.217779636383057,7.217779636383057,39472
2023-10-12 22:40:00+00:00,7.218707084655762,7.218707084655762,7.218707084655762,7.218707084655762,7.218707084655762,6848
2023-10-12 22:41:00+00:00,7.218578815460205,7.218578815460205,7.218578815460205,7.218578815460205,7.218578815460205,14160
2023-10-12 22:42:00+00:00,7.218667030334473,7.218667030334473,7.218667030334473,7.218667030334473,7.218667030334473,0
2023-10-12 22:43:00+00:00,7.219293117523193,7.219293117523193,7.219293117523193,7.219293117523193,7.219293117523193,0
2023-10-12 22:44:00+00:00,7.218970775604248,7.218970775604248,7.218970775604248,7.218970775604248,7.218970775604248,0
2023-10-12 22:45:00+00:00,7.2189040184021,7.2189040184021,7.2189040184021,7.2189040184021,7.2189040184021,0
2023-10-12 22:46:00+00:00,7.2171173095703125,7.2171173095703125,7.2171173095703125,7.2171173095703125,7.2171173095703125,0
2023-10-12 22:47:00+00:00,7.216968059539795,7.216968059539795,7.216968059539795,7.216968059539795,7.216968059539795,0
2023-10-12 22:48:00+00:00,7.217009544372559,7.217009544372559,7.217009544372559,7.217009544372559,7.217009544372559,0
2023-10-12 22:49:00+00:00,7.217757701873779,7.217757701873779,7.217757701873779,7.217757701873779,7.217757701873779,12192
2023-10-12 22:50:00+00:00,7.2177886962890625,7.2177886962890625,7.2177886962890625,7.2177886962890625,7.2177886962890625,0
2023-10-12 22:51:00+00:00,7.218044757843018,7.218044757843018,7.218044757843018,7.218044757843018,7.218044757843018,0
2023-10-12 22:52:00+00:00,7.219614505767822,7.219614505767822,7.219614505767822,7.219614505767822,7.219614505767822,0
2023-10-12 22:53:00+00:00,7.220683574676514,7.220683574676514,7.220683574676514,7.220683574676514,7.220683574676514,37760
2023-10-12 22:54:00+00:00,7.220348834991455,7.220348834991455,7.220348834991455,7.220348834991455,7.220348834991455,0
2023-10-12 22:55:00+00:00,7.22235107421875,7.22235107421875,7.22235107421875,7.22235107421875,7.22235107421875,143472
2023-10-12 22:56:00+00:00,7.222457408905029,7.222457408905029,7.222457408905029,7.222457408905029,7.222457408905029,304
2023-10-12 22:57:00+00:00,7.222303867340088,7.222303867340088,7.222303867340088,7.222303867340088,7.222303867340088,0
2023-10-12 22:58:00+00:00,7.2201008796691895,7.2201008796691895,7.2201008796691895,7.2201008796691895,7.2201008796691895,0
2023-10-12 22:59:00+00:00,7.21999454498291,7.21999454498291,7.21999454498291,7.21999454498291,7.21999454498291,27424
2023-10-12 23:00:00+00:00,7.220071315765381,7.220071315765381,7.220071315765381,7.220071315765381,7.220071315765381,2112
2023-10-12 23:01:00+00:00,7.220380783081055,7.220380783081055,7.220380783081055,7.220380783081055,7.220380783081055,0
2023-10-12 23:02:00+00:00,7.220380783081055,7.220380783081055,7.220380783081055,7.220380783081055,7.220380783081055,0
2023-10-12 23:03:00+00:00,7.220006465911865,7.220006465911865,7.220006465911865,7.220006465911865,7.220006465911865,0
2023-10-12 23:04:00+00:00,7.219653129577637,7.219653129577637,7.219653129577637,7.219653129577637,7.219653129577637,0
2023-10-12 23:05:00+00:00,7.220177173614502,7.220177173614502,7.220177173614502,7.220177173614502,7.220177173614502,0
2023-10-12 23:06:00+00:00,7.219321250915527,7.219321250915527,7.219321250915527,7.219321250915527,7.219321250915527,0
2023-10-12 23:07:00+00:00,7.219359874725342,7.219359874725342,7.219359874725342,7.219359874725342,7.219359874725342,0
2023-10-12 23:08:00+00:00,7.219359874725342,7.219359874725342,7.219359874725342,7.219359874725342,7.219359874725342,0
2023-10-12 23:09:00+00:00,7.213916778564453,7.213916778564453,7.213916778564453,7.213916778564453,7.213916778564453,0
2023-10-12 23:10:00+00:00,7.209259986877441,7.209259986877441,7.209259986877441,7.209259986877441,7.209259986877441,0
2023-10-12 23:11:00+00:00,7.208932876586914,7.208932876586914,7.208932876586914,7.208932876586914,7.208932876586914,0
2023-10-12 23:12:00+00:00,7.209009170532227,7.209009170532227,7.209009170532227,7.209009170532227,7.209009170532227,0
2023-10-12 23:13:00+00:00,7.208885669708252,7.208885669708252,7.208885669708252,7.208885669708252,7.208885669708252,0
2023-10-12 23:14:00+00:00,7.208739280700684,7.208739280700684,7.208739280700684,7.208739280700684,7.208739280700684,0
2023-10-12 23:15:00+00:00,7.208590030670166,7.208590030670166,7.208590030670166,7.208590030670166,7.208590030670166,0
2023-10-12 23:16:00+00:00,7.207696914672852,7.207696914672852,7.207696914672852,7.207696914672852,7.207696914672852,0
2023-10-12 23:17:00+00:00,7.207818508148193,7.207818508148193,7.207818508148193,7.207818508148193,7.207818508148193,0
2023-10-12 23:18:00+00:00,7.207704544067383,7.207704544067383,7.207704544067383,7.207704544067383,7.207704544067383,7296
2023-10-12 23:19:00+00:00,7.208070755004883,7.208070755004883,7.208070755004883,7.208070755004883,7.208070755004883,0
2023-10-12 23:20:00+00:00,7.207396507263184,7.207396507263184,7.207396507263184,7.207396507263184,7.207396507263184,0
2023-10-12 23:21:00+00:00,7.205423355102539,7.205423355102539,7.205423355102539,7.205423355102539,7.205423355102539,0
2023-10-12 23:22:00+00:00,7.201053142547607,7.201053142547607,7.201053142547607,7.201053142547607,7.201053142547607,0
2023-10-12 23:23:00+00:00,7.201075077056885,7.201075077056885,7.201075077056885,7.201075077056885,7.201075077056885,0
2023-10-12 23:24:00+00:00,7.200977325439453,7.200977325439453,7.200977325439453,7.200977325439453,7.200977325439453,6384
2023-10-12 23:25:00+00:00,7.200972557067871,7.200972557067871,7.200972557067871,7.200972557067871,7.200972557067871,1968
2023-10-12 23:26:00+00:00,7.201688766479492,7.201688766479492,7.201688766479492,7.201688766479492,7.201688766479492,0
2023-10-12 23:27:00+00:00,7.2015156745910645,7.2015156745910645,7.2015156745910645,7.2015156745910645,7.2015156745910645,0
2023-10-12 23:28:00+00:00,7.201722145080566,7.201722145080566,7.201722145080566,7.201722145080566,7.201722145080566,0
2023-10-12 23:29:00+00:00,7.201756954193115,7.201756954193115,7.201756954193115,7.201756954193115,7.201756954193115,12480
2023-10-12 23:30:00+00:00,7.201823711395264,7.201823711395264,7.201823711395264,7.201823711395264,7.201823711395264,0
2023-10-12 23:31:00+00:00,7.202939987182617,7.202939987182617,7.202939987182617,7.202939987182617,7.202939987182617,115168
2023-10-12 23:32:00+00:00,7.203432083129883,7.203432083129883,7.203432083129883,7.203432083129883,7.203432083129883,0
2023-10-12 23:33:00+00:00,7.2036638259887695,7.2036638259887695,7.2036638259887695,7.2036638259887695,7.2036638259887695,0
2023-10-12 23:34:00+00:00,7.203210830688477,7.203210830688477,7.203210830688477,7.203210830688477,7.203210830688477,0
2023-10-12 23:35:00+00:00,7.204509258270264,7.204509258270264,7.204509258270264,7.204509258270264,7.204509258270264,86416
2023-10-12 23:36:00+00:00,7.2046122550964355,7.2046122550964355,7.2046122550964355,7.2046122550964355,7.2046122550964355,0
2023-10-12 23:37:00+00:00,7.206711769104004,7.206711769104004,7.206711769104004,7.206711769104004,7.206711769104004,0
2023-10-12 23:38:00+00:00,7.2060675621032715,7.2060675621032715,7.2060675621032715,7.2060675621032715,7.2060675621032715,0
2023-10-12 23:39:00+00:00,7.206099987030029,7.206099987030029,7.206099987030029,7.206099987030029,7.206099987030029,0
2023-10-12 23:40:00+00:00,7.203614234924316,7.203614234924316,7.203614234924316,7.203614234924316,7.203614234924316,0
2023-10-12 23:41:00+00:00,7.202785491943359,7.202785491943359,7.202785491943359,7.202785491943359,7.202785491943359,0
2023-10-12 23:42:00+00:00,7.202485084533691,7.202485084533691,7.202485084533691,7.202485084533691,7.202485084533691,40400
2023-10-12 23:43:00+00:00,7.19816780090332,7.19816780090332,7.19816780090332,7.19816780090332,7.19816780090332,0
2023-10-12 23:44:00+00:00,7.197837829589844,7.197837829589844,7.197837829589844,7.197837829589844,7.197837829589844,151376
2023-10-12 23:45:00+00:00,7.197860240936279,7.197860240936279,7.197860240936279,7.197860240936279,7.197860240936279,0
2023-10-12 23:46:00+00:00,7.200193881988525,7.200193881988525,7.200193881988525,7.200193881988525,7.200193881988525,45520
2023-10-12 23:47:00+00:00,7.199530601501465,7.199530601501465,7.199530601501465,7.199530601501465,7.199530601501465,0
2023-10-12 23:48:00+00:00,7.199845314025879,7.199845314025879,7.199845314025879,7.199845314025879,7.199845314025879,2656
2023-10-12 23:49:00+00:00,7.199460983276367,7.199460983276367,7.199460983276367,7.199460983276367,7.199460983276367,22960
2023-10-12 23:50:00+00:00,7.199460983276367,7.199460983276367,7.199460983276367,7.199460983276367,7.199460983276367,0
2023-10-12 23:51:00+00:00,7.19944953918457,7.19944953918457,7.19944953918457,7.19944953918457,7.19944953918457,0
2023-10-12 23:52:00+00:00,7.197256565093994,7.197256565093994,7.197256565093994,7.197256565093994,7.197256565093994,0
2023-10-12 23:53:00+00:00,7.197360038757324,7.197360038757324,7.197360038757324,7.197360038757324,7.197360038757324,0
2023-10-12 23:54:00+00:00,7.196965217590332,7.196965217590332,7.196965217590332,7.196965217590332,7.196965217590332,9136
2023-10-12 23:55:00+00:00,7.1954193115234375,7.1954193115234375,7.1954193115234375,7.1954193115234375,7.1954193115234375,21040
2023-10-12 23:56:00+00:00,7.196076393127441,7.196076393127441,7.196076393127441,7.196076393127441,7.196076393127441,27216
2023-10-12 23:57:00+00:00,7.197259426116943,7.197259426116943,7.197259426116943,7.197259426116943,7.197259426116943,27216
2023-10-12 23:58:00+00:00,7.201061725616455,7.201061725616455,7.201061725616455,7.201061725616455,7.201061725616455,116144
