Date,Open,High,Low,Close,Adj Close,Volume
2024-06-12 09:30:00-04:00,51.189998626708984,51.189998626708984,51.189998626708984,51.189998626708984,51.189998626708984,8848965
2024-06-12 09:31:00-04:00,51.185001373291016,51.185001373291016,50.959999084472656,50.97999954223633,50.97999954223633,21368
2024-06-12 09:32:00-04:00,50.940101623535156,50.974998474121094,50.86000061035156,50.880001068115234,50.880001068115234,24630
2024-06-12 09:33:00-04:00,50.880001068115234,50.880001068115234,50.70000076293945,50.79499816894531,50.79499816894531,13304
2024-06-12 09:34:00-04:00,50.779998779296875,50.8650016784668,50.75,50.8650016784668,50.8650016784668,10641
2024-06-12 09:35:00-04:00,50.93000030517578,51.0,50.91999816894531,51.0,51.0,14351
2024-06-12 09:36:00-04:00,50.97999954223633,51.059200286865234,50.939998626708984,51.059200286865234,51.059200286865234,10023
2024-06-12 09:37:00-04:00,50.9900016784668,50.9900016784668,50.919898986816406,50.919898986816406,50.919898986816406,8441
2024-06-12 09:38:00-04:00,50.90999984741211,51.02000045776367,50.89550018310547,51.02000045776367,51.02000045776367,14780
2024-06-12 09:39:00-04:00,51.0099983215332,51.0099983215332,50.95000076293945,50.96500015258789,50.96500015258789,4637
2024-06-12 09:40:00-04:00,50.95000076293945,51.0099983215332,50.939998626708984,50.97999954223633,50.97999954223633,8871
2024-06-12 09:41:00-04:00,51.005001068115234,51.04499816894531,50.9900016784668,51.029998779296875,51.029998779296875,6389
2024-06-12 09:42:00-04:00,51.02000045776367,51.02000045776367,50.959999084472656,50.974998474121094,50.974998474121094,6612
2024-06-12 09:43:00-04:00,50.970001220703125,51.005001068115234,50.959999084472656,50.994998931884766,50.994998931884766,12436
2024-06-12 09:44:00-04:00,50.994998931884766,51.04499816894531,50.97999954223633,51.040000915527344,51.040000915527344,8566
2024-06-12 09:45:00-04:00,51.029998779296875,51.060001373291016,51.0,51.029998779296875,51.029998779296875,15029
2024-06-12 09:46:00-04:00,51.040000915527344,51.040000915527344,50.959999084472656,50.9900016784668,50.9900016784668,7616
2024-06-12 09:47:00-04:00,50.974998474121094,50.97999954223633,50.93000030517578,50.959999084472656,50.959999084472656,10181
2024-06-12 09:48:00-04:00,50.970001220703125,50.970001220703125,50.779998779296875,50.779998779296875,50.779998779296875,28856
2024-06-12 09:49:00-04:00,50.78499984741211,50.81999969482422,50.7599983215332,50.810001373291016,50.810001373291016,13548
2024-06-12 09:50:00-04:00,50.810001373291016,50.810001373291016,50.72999954223633,50.75,50.75,15930
2024-06-12 09:51:00-04:00,50.75,50.779998779296875,50.689998626708984,50.71500015258789,50.71500015258789,8786
2024-06-12 09:52:00-04:00,50.71500015258789,50.720001220703125,50.709999084472656,50.720001220703125,50.720001220703125,5484
2024-06-12 09:53:00-04:00,50.720001220703125,50.7400016784668,50.71500015258789,50.7400016784668,50.7400016784668,6992
2024-06-12 09:54:00-04:00,50.7400016784668,50.7599983215332,50.70000076293945,50.7599983215332,50.7599983215332,10841
2024-06-12 09:55:00-04:00,50.7599983215332,50.810001373291016,50.72999954223633,50.810001373291016,50.810001373291016,10519
2024-06-12 09:56:00-04:00,50.82500076293945,50.90999984741211,50.82500076293945,50.849998474121094,50.849998474121094,19309
2024-06-12 09:57:00-04:00,50.849998474121094,50.880001068115234,50.849998474121094,50.86000061035156,50.86000061035156,3047
2024-06-12 09:58:00-04:00,50.84000015258789,50.849998474121094,50.81999969482422,50.849998474121094,50.849998474121094,5453
2024-06-12 09:59:00-04:00,50.84000015258789,50.84000015258789,50.79999923706055,50.81999969482422,50.81999969482422,8162
2024-06-12 10:00:00-04:00,50.80500030517578,50.83000183105469,50.79999923706055,50.81999969482422,50.81999969482422,10228
2024-06-12 10:01:00-04:00,50.810001373291016,50.810001373291016,50.75,50.75,50.75,3638
2024-06-12 10:02:00-04:00,50.744998931884766,50.790000915527344,50.7400016784668,50.790000915527344,50.790000915527344,8554
2024-06-12 10:03:00-04:00,50.79499816894531,50.79999923706055,50.7599983215332,50.7599983215332,50.7599983215332,3030
2024-06-12 10:04:00-04:00,50.75,50.77000045776367,50.7400016784668,50.77000045776367,50.77000045776367,6409
2024-06-12 10:05:00-04:00,50.779998779296875,50.779998779296875,50.65999984741211,50.65999984741211,50.65999984741211,11499
2024-06-12 10:06:00-04:00,50.665000915527344,50.720001220703125,50.65999984741211,50.70000076293945,50.70000076293945,15717
2024-06-12 10:07:00-04:00,50.709999084472656,50.709999084472656,50.68000030517578,50.70500183105469,50.70500183105469,7418
2024-06-12 10:08:00-04:00,50.709999084472656,50.709999084472656,50.63999938964844,50.654998779296875,50.654998779296875,6011
2024-06-12 10:09:00-04:00,50.650001525878906,50.650001525878906,50.599998474121094,50.63999938964844,50.63999938964844,7390
2024-06-12 10:10:00-04:00,50.650001525878906,50.68000030517578,50.650001525878906,50.665000915527344,50.665000915527344,10584
2024-06-12 10:11:00-04:00,50.665000915527344,50.665000915527344,50.56999969482422,50.58000183105469,50.58000183105469,27292
2024-06-12 10:12:00-04:00,50.56999969482422,50.599998474121094,50.560001373291016,50.599998474121094,50.599998474121094,9813
2024-06-12 10:13:00-04:00,50.59000015258789,50.63999938964844,50.584999084472656,50.63999938964844,50.63999938964844,13714
2024-06-12 10:14:00-04:00,50.630001068115234,50.70500183105469,50.630001068115234,50.70500183105469,50.70500183105469,12187
2024-06-12 10:15:00-04:00,50.70500183105469,50.724998474121094,50.70000076293945,50.720001220703125,50.720001220703125,15766
2024-06-12 10:16:00-04:00,50.720001220703125,50.720001220703125,50.689998626708984,50.689998626708984,50.689998626708984,10582
2024-06-12 10:17:00-04:00,50.68949890136719,50.68949890136719,50.619998931884766,50.63999938964844,50.63999938964844,8273
2024-06-12 10:18:00-04:00,50.650001525878906,50.65999984741211,50.630001068115234,50.630001068115234,50.630001068115234,5596
2024-06-12 10:19:00-04:00,50.63010025024414,50.66999816894531,50.630001068115234,50.66999816894531,50.66999816894531,14423
2024-06-12 10:20:00-04:00,50.665000915527344,50.66999816894531,50.619998931884766,50.619998931884766,50.619998931884766,11453
2024-06-12 10:21:00-04:00,50.619998931884766,50.630001068115234,50.58000183105469,50.59000015258789,50.59000015258789,15472
2024-06-12 10:22:00-04:00,50.595001220703125,50.61000061035156,50.58000183105469,50.61000061035156,50.61000061035156,11913
2024-06-12 10:23:00-04:00,50.595001220703125,50.60499954223633,50.59000015258789,50.599998474121094,50.599998474121094,14258
2024-06-12 10:24:00-04:00,50.599998474121094,50.61000061035156,50.58000183105469,50.58000183105469,50.58000183105469,11876
2024-06-12 10:25:00-04:00,50.58000183105469,50.650001525878906,50.564998626708984,50.6349983215332,50.6349983215332,28208
2024-06-12 10:26:00-04:00,50.630001068115234,50.63999938964844,50.619998931884766,50.625,50.625,13340
2024-06-12 10:27:00-04:00,50.625,50.65999984741211,50.625,50.6349983215332,50.6349983215332,14422
2024-06-12 10:28:00-04:00,50.63999938964844,50.63999938964844,50.58000183105469,50.58000183105469,50.58000183105469,15081
2024-06-12 10:29:00-04:00,50.57500076293945,50.58000183105469,50.540000915527344,50.540000915527344,50.540000915527344,12725
2024-06-12 10:30:00-04:00,50.529998779296875,50.54999923706055,50.505001068115234,50.540000915527344,50.540000915527344,25000
2024-06-12 10:31:00-04:00,50.540000915527344,50.584999084472656,50.525001525878906,50.560001373291016,50.560001373291016,20468
2024-06-12 10:32:00-04:00,50.560001373291016,50.6150016784668,50.54999923706055,50.599998474121094,50.599998474121094,16581
2024-06-12 10:33:00-04:00,50.60499954223633,50.6150016784668,50.560001373291016,50.560001373291016,50.560001373291016,14152
2024-06-12 10:34:00-04:00,50.564998626708984,50.56999969482422,50.540000915527344,50.560001373291016,50.560001373291016,11990
2024-06-12 10:35:00-04:00,50.560001373291016,50.560001373291016,50.540000915527344,50.55500030517578,50.55500030517578,20784
2024-06-12 10:36:00-04:00,50.560001373291016,50.560001373291016,50.5,50.5099983215332,50.5099983215332,16158
2024-06-12 10:37:00-04:00,50.4900016784668,50.4900016784668,50.45000076293945,50.470001220703125,50.470001220703125,39197
2024-06-12 10:38:00-04:00,50.47999954223633,50.54499816894531,50.47999954223633,50.47999954223633,50.47999954223633,25570
2024-06-12 10:39:00-04:00,50.470001220703125,50.477500915527344,50.45500183105469,50.474998474121094,50.474998474121094,14294
2024-06-12 10:40:00-04:00,50.47999954223633,50.51499938964844,50.47999954223633,50.51499938964844,50.51499938964844,16763
2024-06-12 10:41:00-04:00,50.52000045776367,50.56999969482422,50.494998931884766,50.5099983215332,50.5099983215332,18814
2024-06-12 10:42:00-04:00,50.5099983215332,50.54999923706055,50.4900016784668,50.54499816894531,50.54499816894531,33931
2024-06-12 10:43:00-04:00,50.54499816894531,50.564998626708984,50.540000915527344,50.540000915527344,50.540000915527344,20939
2024-06-12 10:44:00-04:00,50.5442008972168,50.54999923706055,50.5099983215332,50.540000915527344,50.540000915527344,18986
2024-06-12 10:45:00-04:00,50.540000915527344,50.55500030517578,50.53499984741211,50.54499816894531,50.54499816894531,12583
2024-06-12 10:46:00-04:00,50.540000915527344,50.59000015258789,50.529998779296875,50.59000015258789,50.59000015258789,26531
2024-06-12 10:47:00-04:00,50.59749984741211,50.59749984741211,50.54999923706055,50.560001373291016,50.560001373291016,9394
2024-06-12 10:48:00-04:00,50.54999923706055,50.54999923706055,50.47999954223633,50.51499938964844,50.51499938964844,24414
2024-06-12 10:49:00-04:00,50.5099983215332,50.529998779296875,50.47999954223633,50.505001068115234,50.505001068115234,20710
2024-06-12 10:50:00-04:00,50.5,50.5,50.47999954223633,50.4900016784668,50.4900016784668,16727
2024-06-12 10:51:00-04:00,50.494998931884766,50.5,50.435001373291016,50.439998626708984,50.439998626708984,32958
2024-06-12 10:52:00-04:00,50.44499969482422,50.470001220703125,50.44499969482422,50.470001220703125,50.470001220703125,26176
2024-06-12 10:53:00-04:00,50.470001220703125,50.48500061035156,50.45000076293945,50.474998474121094,50.474998474121094,23949
2024-06-12 10:54:00-04:00,50.47999954223633,50.50749969482422,50.470001220703125,50.5,50.5,22375
2024-06-12 10:55:00-04:00,50.505001068115234,50.5099983215332,50.470001220703125,50.470001220703125,50.470001220703125,29182
2024-06-12 10:56:00-04:00,50.470001220703125,50.52000045776367,50.46500015258789,50.474998474121094,50.474998474121094,26403
2024-06-12 10:57:00-04:00,50.474998474121094,50.4900016784668,50.470001220703125,50.470001220703125,50.470001220703125,11028
2024-06-12 10:58:00-04:00,50.474998474121094,50.505001068115234,50.470001220703125,50.48500061035156,50.48500061035156,14847
2024-06-12 10:59:00-04:00,50.47999954223633,50.5,50.47999954223633,50.47999954223633,50.47999954223633,13235
2024-06-12 11:00:00-04:00,50.47999954223633,50.47999954223633,50.459999084472656,50.470001220703125,50.470001220703125,16534
2024-06-12 11:01:00-04:00,50.46500015258789,50.540000915527344,50.45500183105469,50.53499984741211,50.53499984741211,20718
2024-06-12 11:02:00-04:00,50.529998779296875,50.53499984741211,50.52000045776367,50.52000045776367,50.52000045776367,10950
2024-06-12 11:03:00-04:00,50.51499938964844,50.525001525878906,50.47999954223633,50.48500061035156,50.48500061035156,13141
2024-06-12 11:04:00-04:00,50.48500061035156,50.48500061035156,50.470001220703125,50.48500061035156,50.48500061035156,10038
2024-06-12 11:05:00-04:00,50.4900016784668,50.52000045776367,50.47999954223633,50.51499938964844,50.51499938964844,8599
2024-06-12 11:06:00-04:00,50.5099983215332,50.5099983215332,50.470001220703125,50.470001220703125,50.470001220703125,15186
2024-06-12 11:07:00-04:00,50.47999954223633,50.494998931884766,50.470001220703125,50.4900016784668,50.4900016784668,23990
2024-06-12 11:08:00-04:00,50.48500061035156,50.4900016784668,50.459999084472656,50.46500015258789,50.46500015258789,18238
2024-06-12 11:09:00-04:00,50.470001220703125,50.47999954223633,50.459999084472656,50.46500015258789,50.46500015258789,15205
2024-06-12 11:10:00-04:00,50.46500015258789,50.470001220703125,50.459999084472656,50.46500015258789,50.46500015258789,8091
2024-06-12 11:11:00-04:00,50.470001220703125,50.470001220703125,50.40999984741211,50.40999984741211,50.40999984741211,20947
2024-06-12 11:12:00-04:00,50.404998779296875,50.41999816894531,50.400001525878906,50.41999816894531,50.41999816894531,20520
2024-06-12 11:13:00-04:00,50.415000915527344,50.415000915527344,50.400001525878906,50.404998779296875,50.404998779296875,10480
2024-06-12 11:14:00-04:00,50.40999984741211,50.45000076293945,50.40999984741211,50.439998626708984,50.439998626708984,26979
2024-06-12 11:15:00-04:00,50.44499969482422,50.459999084472656,50.439998626708984,50.45500183105469,50.45500183105469,22498
2024-06-12 11:16:00-04:00,50.45000076293945,50.474998474121094,50.45000076293945,50.470001220703125,50.470001220703125,19154
2024-06-12 11:17:00-04:00,50.474998474121094,50.48500061035156,50.4640007019043,50.48500061035156,50.48500061035156,12029
2024-06-12 11:18:00-04:00,50.48500061035156,50.51499938964844,50.48500061035156,50.51499938964844,50.51499938964844,13775
2024-06-12 11:19:00-04:00,50.52000045776367,50.525001525878906,50.47999954223633,50.47999954223633,50.47999954223633,23741
2024-06-12 11:20:00-04:00,50.4900016784668,50.4900016784668,50.435001373291016,50.435001373291016,50.435001373291016,12223
2024-06-12 11:21:00-04:00,50.435001373291016,50.45500183105469,50.43000030517578,50.44499969482422,50.44499969482422,28197
2024-06-12 11:22:00-04:00,50.439998626708984,50.439998626708984,50.369998931884766,50.375,50.375,35566
2024-06-12 11:23:00-04:00,50.369998931884766,50.369998931884766,50.349998474121094,50.349998474121094,50.349998474121094,15070
2024-06-12 11:24:00-04:00,50.35499954223633,50.400001525878906,50.34000015258789,50.3650016784668,50.3650016784668,24308
2024-06-12 11:25:00-04:00,50.36000061035156,50.36000061035156,50.29999923706055,50.310001373291016,50.310001373291016,24795
2024-06-12 11:26:00-04:00,50.310001373291016,50.35499954223633,50.310001373291016,50.345001220703125,50.345001220703125,20116
2024-06-12 11:27:00-04:00,50.345001220703125,50.36000061035156,50.33000183105469,50.35499954223633,50.35499954223633,26230
2024-06-12 11:28:00-04:00,50.3650016784668,50.369998931884766,50.345001220703125,50.3650016784668,50.3650016784668,12951
2024-06-12 11:29:00-04:00,50.3650016784668,50.38999938964844,50.349998474121094,50.35499954223633,50.35499954223633,8186
2024-06-12 11:30:00-04:00,50.349998474121094,50.38999938964844,50.345001220703125,50.375,50.375,18810
2024-06-12 11:31:00-04:00,50.369998931884766,50.43000030517578,50.369998931884766,50.41999816894531,50.41999816894531,19333
2024-06-12 11:32:00-04:00,50.41999816894531,50.41999816894531,50.34000015258789,50.349998474121094,50.349998474121094,11456
2024-06-12 11:33:00-04:00,50.34000015258789,50.34000015258789,50.310001373291016,50.32500076293945,50.32500076293945,10600
2024-06-12 11:34:00-04:00,50.32500076293945,50.349998474121094,50.31999969482422,50.32500076293945,50.32500076293945,12049
2024-06-12 11:35:00-04:00,50.31999969482422,50.349998474121094,50.31999969482422,50.33000183105469,50.33000183105469,16206
2024-06-12 11:36:00-04:00,50.32500076293945,50.33000183105469,50.29999923706055,50.29999923706055,50.29999923706055,10560
2024-06-12 11:37:00-04:00,50.310001373291016,50.310001373291016,50.209999084472656,50.220001220703125,50.220001220703125,23208
2024-06-12 11:38:00-04:00,50.209999084472656,50.2400016784668,50.209999084472656,50.220001220703125,50.220001220703125,19049
2024-06-12 11:39:00-04:00,50.220001220703125,50.22999954223633,50.189998626708984,50.189998626708984,50.189998626708984,25154
2024-06-12 11:40:00-04:00,50.18000030517578,50.220001220703125,50.150001525878906,50.20000076293945,50.20000076293945,35995
2024-06-12 11:41:00-04:00,50.19499969482422,50.209999084472656,50.16999816894531,50.17499923706055,50.17499923706055,16216
2024-06-12 11:42:00-04:00,50.16999816894531,50.20000076293945,50.15019989013672,50.17499923706055,50.17499923706055,48863
2024-06-12 11:43:00-04:00,50.17499923706055,50.1974983215332,50.14500045776367,50.150001525878906,50.150001525878906,22957
2024-06-12 11:44:00-04:00,50.150001525878906,50.16999816894531,50.14500045776367,50.150001525878906,50.150001525878906,28867
2024-06-12 11:45:00-04:00,50.15999984741211,50.17499923706055,50.13999938964844,50.13999938964844,50.13999938964844,15708
2024-06-12 11:46:00-04:00,50.14500045776367,50.154998779296875,50.099998474121094,50.10499954223633,50.10499954223633,37770
2024-06-12 11:47:00-04:00,50.10499954223633,50.10499954223633,50.08000183105469,50.08000183105469,50.08000183105469,22519
2024-06-12 11:48:00-04:00,50.06999969482422,50.084999084472656,50.060001373291016,50.064998626708984,50.064998626708984,21876
2024-06-12 11:49:00-04:00,50.060001373291016,50.084999084472656,50.04999923706055,50.04999923706055,50.04999923706055,25040
2024-06-12 11:50:00-04:00,50.04999923706055,50.04999923706055,50.025001525878906,50.029998779296875,50.029998779296875,30141
2024-06-12 11:51:00-04:00,50.025001525878906,50.029998779296875,49.96500015258789,49.97999954223633,49.97999954223633,64597
2024-06-12 11:52:00-04:00,49.97999954223633,49.994998931884766,49.939998626708984,49.95500183105469,49.95500183105469,29412
2024-06-12 11:53:00-04:00,49.95000076293945,50.0,49.939998626708984,49.98500061035156,49.98500061035156,25448
2024-06-12 11:54:00-04:00,49.9900016784668,50.10499954223633,49.95500183105469,50.10499954223633,50.10499954223633,53349
2024-06-12 11:55:00-04:00,50.11000061035156,50.16999816894531,50.11000061035156,50.125,50.125,20999
2024-06-12 11:56:00-04:00,50.119998931884766,50.125,50.04999923706055,50.05500030517578,50.05500030517578,34374
2024-06-12 11:57:00-04:00,50.04999923706055,50.060001373291016,49.97999954223633,50.005001068115234,50.005001068115234,32958
2024-06-12 11:58:00-04:00,50.0099983215332,50.0099983215332,49.959999084472656,49.970001220703125,49.970001220703125,32783
2024-06-12 11:59:00-04:00,49.959999084472656,49.97669982910156,49.95000076293945,49.959999084472656,49.959999084472656,21545
2024-06-12 12:00:00-04:00,49.959999084472656,49.970001220703125,49.93000030517578,49.935001373291016,49.935001373291016,28540
2024-06-12 12:01:00-04:00,49.935001373291016,49.935001373291016,49.86000061035156,49.86000061035156,49.86000061035156,38748
2024-06-12 12:02:00-04:00,49.86000061035156,49.875,49.83000183105469,49.84000015258789,49.84000015258789,48781
2024-06-12 12:03:00-04:00,49.85499954223633,49.85499954223633,49.7599983215332,49.775001525878906,49.775001525878906,31390
2024-06-12 12:04:00-04:00,49.77000045776367,49.94499969482422,49.77000045776367,49.94499969482422,49.94499969482422,33100
2024-06-12 12:05:00-04:00,49.94499969482422,49.970001220703125,49.84000015258789,49.93000030517578,49.93000030517578,47222
2024-06-12 12:06:00-04:00,49.93000030517578,49.93000030517578,49.8650016784668,49.869998931884766,49.869998931884766,29943
2024-06-12 12:07:00-04:00,49.880001068115234,49.880001068115234,49.83000183105469,49.83000183105469,49.83000183105469,18262
2024-06-12 12:08:00-04:00,49.834999084472656,49.869998931884766,49.83000183105469,49.8650016784668,49.8650016784668,19453
2024-06-12 12:09:00-04:00,49.86000061035156,49.90999984741211,49.845001220703125,49.904998779296875,49.904998779296875,37590
2024-06-12 12:10:00-04:00,49.904998779296875,49.95000076293945,49.83000183105469,49.84000015258789,49.84000015258789,31815
2024-06-12 12:11:00-04:00,49.84000015258789,49.85499954223633,49.810001373291016,49.81999969482422,49.81999969482422,16842
2024-06-12 12:12:00-04:00,49.814998626708984,49.837501525878906,49.79999923706055,49.79999923706055,49.79999923706055,25044
2024-06-12 12:13:00-04:00,49.79999923706055,49.810001373291016,49.7599983215332,49.77009963989258,49.77009963989258,19009
2024-06-12 12:14:00-04:00,49.77000045776367,49.775001525878906,49.709999084472656,49.720001220703125,49.720001220703125,28453
2024-06-12 12:15:00-04:00,49.72999954223633,49.744998931884766,49.709999084472656,49.72999954223633,49.72999954223633,25166
2024-06-12 12:16:00-04:00,49.724998474121094,49.75,49.709999084472656,49.720001220703125,49.720001220703125,30010
2024-06-12 12:17:00-04:00,49.72999954223633,49.72999954223633,49.70500183105469,49.720001220703125,49.720001220703125,15733
2024-06-12 12:18:00-04:00,49.724998474121094,49.72999954223633,49.70500183105469,49.720001220703125,49.720001220703125,24157
2024-06-12 12:19:00-04:00,49.71500015258789,49.72999954223633,49.650001525878906,49.65999984741211,49.65999984741211,27405
2024-06-12 12:20:00-04:00,49.65999984741211,49.66999816894531,49.599998474121094,49.599998474121094,49.599998474121094,37208
2024-06-12 12:21:00-04:00,49.595001220703125,49.619998931884766,49.595001220703125,49.61000061035156,49.61000061035156,30560
2024-06-12 12:22:00-04:00,49.599998474121094,49.599998474121094,49.58000183105469,49.59000015258789,49.59000015258789,15666
2024-06-12 12:23:00-04:00,49.584999084472656,49.630001068115234,49.52000045776367,49.52000045776367,49.52000045776367,42362
2024-06-12 12:24:00-04:00,49.525001525878906,49.54499816894531,49.5099983215332,49.52000045776367,49.52000045776367,20837
2024-06-12 12:25:00-04:00,49.52000045776367,49.560001373291016,49.5,49.540000915527344,49.540000915527344,58778
2024-06-12 12:26:00-04:00,49.540000915527344,49.540000915527344,49.5,49.5099983215332,49.5099983215332,17507
2024-06-12 12:27:00-04:00,49.5099983215332,49.5099983215332,49.40999984741211,49.43000030517578,49.43000030517578,69960
2024-06-12 12:28:00-04:00,49.43000030517578,49.5,49.40999984741211,49.48500061035156,49.48500061035156,40986
2024-06-12 12:29:00-04:00,49.48529815673828,49.525001525878906,49.45000076293945,49.525001525878906,49.525001525878906,29569
2024-06-12 12:30:00-04:00,49.525001525878906,49.529998779296875,49.4900016784668,49.5099983215332,49.5099983215332,29697
2024-06-12 12:31:00-04:00,49.505001068115234,49.529998779296875,49.44499969482422,49.44499969482422,49.44499969482422,22988
2024-06-12 12:32:00-04:00,49.45000076293945,49.459999084472656,49.43000030517578,49.439998626708984,49.439998626708984,18969
2024-06-12 12:33:00-04:00,49.45000076293945,49.45000076293945,49.39500045776367,49.404998779296875,49.404998779296875,24244
2024-06-12 12:34:00-04:00,49.400001525878906,49.41999816894531,49.400001525878906,49.419898986816406,49.419898986816406,22763
2024-06-12 12:35:00-04:00,49.415000915527344,49.415000915527344,49.3849983215332,49.40999984741211,49.40999984741211,19277
2024-06-12 12:36:00-04:00,49.40999984741211,49.40999984741211,49.3650016784668,49.37950134277344,49.37950134277344,23719
2024-06-12 12:37:00-04:00,49.380001068115234,49.380001068115234,49.33000183105469,49.334999084472656,49.334999084472656,17879
2024-06-12 12:38:00-04:00,49.34000015258789,49.36000061035156,49.32500076293945,49.36000061035156,49.36000061035156,32702
2024-06-12 12:39:00-04:00,49.369998931884766,49.380001068115234,49.32500076293945,49.32500076293945,49.32500076293945,22788
2024-06-12 12:40:00-04:00,49.32500076293945,49.400001525878906,49.32500076293945,49.38999938964844,49.38999938964844,37630
2024-06-12 12:41:00-04:00,49.3849983215332,49.4900016784668,49.3849983215332,49.4900016784668,49.4900016784668,23655
2024-06-12 12:42:00-04:00,49.48500061035156,49.5,49.41999816894531,49.42499923706055,49.42499923706055,25433
2024-06-12 12:43:00-04:00,49.41999816894531,49.54499816894531,49.400001525878906,49.525001525878906,49.525001525878906,48856
2024-06-12 12:44:00-04:00,49.525001525878906,49.59000015258789,49.525001525878906,49.580101013183594,49.580101013183594,33393
2024-06-12 12:45:00-04:00,49.58000183105469,49.58000183105469,49.5099983215332,49.560001373291016,49.560001373291016,21618
2024-06-12 12:46:00-04:00,49.564998626708984,49.59000015258789,49.540000915527344,49.540000915527344,49.540000915527344,17943
2024-06-12 12:47:00-04:00,49.54499816894531,49.67499923706055,49.54499816894531,49.67499923706055,49.67499923706055,22798
2024-06-12 12:48:00-04:00,49.66999816894531,49.69499969482422,49.63999938964844,49.66999816894531,49.66999816894531,361989
2024-06-12 12:49:00-04:00,49.66999816894531,49.709999084472656,49.650001525878906,49.70000076293945,49.70000076293945,20024
2024-06-12 12:50:00-04:00,49.70000076293945,49.72999954223633,49.69499969482422,49.72999954223633,49.72999954223633,16366
2024-06-12 12:51:00-04:00,49.724998474121094,49.724998474121094,49.70000076293945,49.70000076293945,49.70000076293945,15056
2024-06-12 12:52:00-04:00,49.70000076293945,49.709999084472656,49.66999816894531,49.66999816894531,49.66999816894531,32298
2024-06-12 12:53:00-04:00,49.67499923706055,49.779998779296875,49.66999816894531,49.77949905395508,49.77949905395508,14881
2024-06-12 12:54:00-04:00,49.76499938964844,49.76499938964844,49.68000030517578,49.68000030517578,49.68000030517578,12972
2024-06-12 12:55:00-04:00,49.68000030517578,49.75,49.68000030517578,49.7400016784668,49.7400016784668,17075
2024-06-12 12:56:00-04:00,49.7400016784668,49.79999923706055,49.73500061035156,49.755001068115234,49.755001068115234,20828
2024-06-12 12:57:00-04:00,49.75,49.779998779296875,49.75,49.77000045776367,49.77000045776367,13614
2024-06-12 12:58:00-04:00,49.7599983215332,49.7599983215332,49.744998931884766,49.75,49.75,12237
2024-06-12 12:59:00-04:00,49.77000045776367,49.779998779296875,49.7599983215332,49.779998779296875,49.779998779296875,8488
2024-06-12 13:00:00-04:00,49.77000045776367,49.86000061035156,49.77000045776367,49.849998474121094,49.849998474121094,778295
2024-06-12 13:01:00-04:00,49.85499954223633,49.86000061035156,49.81999969482422,49.83000183105469,49.83000183105469,14403
2024-06-12 13:02:00-04:00,49.81999969482422,49.84000015258789,49.79499816894531,49.84000015258789,49.84000015258789,13807
2024-06-12 13:03:00-04:00,49.84299850463867,49.900001525878906,49.81999969482422,49.875,49.875,13805
2024-06-12 13:04:00-04:00,49.869998931884766,49.880001068115234,49.83420181274414,49.83420181274414,49.83420181274414,8624
2024-06-12 13:05:00-04:00,49.834999084472656,49.834999084472656,49.72999954223633,49.72999954223633,49.72999954223633,26267
2024-06-12 13:06:00-04:00,49.7400016784668,49.869998931884766,49.7400016784668,49.849998474121094,49.849998474121094,48693
2024-06-12 13:07:00-04:00,49.86000061035156,49.869998931884766,49.810001373291016,49.81999969482422,49.81999969482422,27836
2024-06-12 13:08:00-04:00,49.83000183105469,49.900001525878906,49.81169891357422,49.8849983215332,49.8849983215332,19316
2024-06-12 13:09:00-04:00,49.880001068115234,49.880001068115234,49.84000015258789,49.849998474121094,49.849998474121094,19865
2024-06-12 13:10:00-04:00,49.845001220703125,49.849998474121094,49.81999969482422,49.83000183105469,49.83000183105469,12934
2024-06-12 13:11:00-04:00,49.83000183105469,49.834999084472656,49.790000915527344,49.79999923706055,49.79999923706055,27360
2024-06-12 13:12:00-04:00,49.814998626708984,49.81999969482422,49.7599983215332,49.7599983215332,49.7599983215332,20292
2024-06-12 13:13:00-04:00,49.755001068115234,49.77000045776367,49.724998474121094,49.76499938964844,49.76499938964844,23403
2024-06-12 13:14:00-04:00,49.769100189208984,49.790000915527344,49.76499938964844,49.775001525878906,49.775001525878906,18792
2024-06-12 13:15:00-04:00,49.77000045776367,49.779998779296875,49.755001068115234,49.77000045776367,49.77000045776367,25193
2024-06-12 13:16:00-04:00,49.775001525878906,49.779998779296875,49.7599983215332,49.76499938964844,49.76499938964844,24994
2024-06-12 13:17:00-04:00,49.76499938964844,49.84000015258789,49.76499938964844,49.814998626708984,49.814998626708984,30702
2024-06-12 13:18:00-04:00,49.814998626708984,49.89500045776367,49.810001373291016,49.89500045776367,49.89500045776367,20724
2024-06-12 13:19:00-04:00,49.900001525878906,49.93000030517578,49.89500045776367,49.93000030517578,49.93000030517578,16123
2024-06-12 13:20:00-04:00,49.93000030517578,49.93000030517578,49.904998779296875,49.90999984741211,49.90999984741211,23357
2024-06-12 13:21:00-04:00,49.88999938964844,49.89500045776367,49.86000061035156,49.875,49.875,18332
2024-06-12 13:22:00-04:00,49.869998931884766,49.9099006652832,49.86000061035156,49.88999938964844,49.88999938964844,21885
2024-06-12 13:23:00-04:00,49.88999938964844,49.88999938964844,49.845001220703125,49.86000061035156,49.86000061035156,15175
2024-06-12 13:24:00-04:00,49.849998474121094,49.880001068115234,49.845001220703125,49.869998931884766,49.869998931884766,20786
2024-06-12 13:25:00-04:00,49.869998931884766,49.880001068115234,49.8650016784668,49.875,49.875,15373
2024-06-12 13:26:00-04:00,49.875,49.89500045776367,49.845001220703125,49.845001220703125,49.845001220703125,27421
2024-06-12 13:27:00-04:00,49.84000015258789,49.84000015258789,49.80500030517578,49.810001373291016,49.810001373291016,20351
2024-06-12 13:28:00-04:00,49.810001373291016,49.84000015258789,49.80500030517578,49.83000183105469,49.83000183105469,23020
2024-06-12 13:29:00-04:00,49.83000183105469,49.837501525878906,49.814998626708984,49.82500076293945,49.82500076293945,13819
2024-06-12 13:30:00-04:00,49.82500076293945,49.82500076293945,49.80500030517578,49.80500030517578,49.80500030517578,24522
2024-06-12 13:31:00-04:00,49.79999923706055,49.83000183105469,49.755001068115234,49.81999969482422,49.81999969482422,36436
2024-06-12 13:32:00-04:00,49.814998626708984,49.814998626708984,49.78499984741211,49.790000915527344,49.790000915527344,12819
2024-06-12 13:33:00-04:00,49.78499984741211,49.78499984741211,49.75,49.755001068115234,49.755001068115234,21045
2024-06-12 13:34:00-04:00,49.755001068115234,49.80500030517578,49.755001068115234,49.79999923706055,49.79999923706055,16103
2024-06-12 13:35:00-04:00,49.80500030517578,49.84000015258789,49.80500030517578,49.83000183105469,49.83000183105469,18116
2024-06-12 13:36:00-04:00,49.81999969482422,49.82500076293945,49.79999923706055,49.814998626708984,49.814998626708984,21031
2024-06-12 13:37:00-04:00,49.810001373291016,49.82500076293945,49.79999923706055,49.814998626708984,49.814998626708984,21384
2024-06-12 13:38:00-04:00,49.814998626708984,49.814998626708984,49.775001525878906,49.790000915527344,49.790000915527344,21504
2024-06-12 13:39:00-04:00,49.79999923706055,49.845001220703125,49.79499816894531,49.845001220703125,49.845001220703125,16339
2024-06-12 13:40:00-04:00,49.845001220703125,49.900001525878906,49.81999969482422,49.900001525878906,49.900001525878906,84788
2024-06-12 13:41:00-04:00,49.89500045776367,49.89500045776367,49.849998474121094,49.849998474121094,49.849998474121094,22782
2024-06-12 13:42:00-04:00,49.85499954223633,49.8588981628418,49.84000015258789,49.8588981628418,49.8588981628418,17116
2024-06-12 13:43:00-04:00,49.849998474121094,49.849998474121094,49.77000045776367,49.77000045776367,49.77000045776367,24955
2024-06-12 13:44:00-04:00,49.76499938964844,49.77000045776367,49.720001220703125,49.720001220703125,49.720001220703125,18709
2024-06-12 13:45:00-04:00,49.720001220703125,49.75600051879883,49.720001220703125,49.744998931884766,49.744998931884766,11443
2024-06-12 13:46:00-04:00,49.744998931884766,49.744998931884766,49.71500015258789,49.72999954223633,49.72999954223633,13020
2024-06-12 13:47:00-04:00,49.720001220703125,49.720001220703125,49.689998626708984,49.69499969482422,49.69499969482422,13728
2024-06-12 13:48:00-04:00,49.69499969482422,49.7400016784668,49.689998626708984,49.732200622558594,49.732200622558594,13944
2024-06-12 13:49:00-04:00,49.73500061035156,49.744998931884766,49.720001220703125,49.724998474121094,49.724998474121094,15985
2024-06-12 13:50:00-04:00,49.720001220703125,49.72999954223633,49.709999084472656,49.724998474121094,49.724998474121094,18655
2024-06-12 13:51:00-04:00,49.720001220703125,49.72999954223633,49.70500183105469,49.70500183105469,49.70500183105469,16520
2024-06-12 13:52:00-04:00,49.70500183105469,49.73500061035156,49.689998626708984,49.73500061035156,49.73500061035156,11151
2024-06-12 13:53:00-04:00,49.72999954223633,49.7400016784668,49.709999084472656,49.7400016784668,49.7400016784668,16388
2024-06-12 13:54:00-04:00,49.7400016784668,49.7400016784668,49.71500015258789,49.73500061035156,49.73500061035156,12896
2024-06-12 13:55:00-04:00,49.7400016784668,49.7400016784668,49.70000076293945,49.709999084472656,49.709999084472656,14038
2024-06-12 13:56:00-04:00,49.70500183105469,49.706298828125,49.665000915527344,49.66999816894531,49.66999816894531,13465
2024-06-12 13:57:00-04:00,49.68000030517578,49.68000030517578,49.65999984741211,49.65999984741211,49.65999984741211,12562
2024-06-12 13:58:00-04:00,49.65999984741211,49.665000915527344,49.61000061035156,49.630001068115234,49.630001068115234,13206
2024-06-12 13:59:00-04:00,49.619998931884766,49.63999938964844,49.61000061035156,49.625,49.625,10806
2024-06-12 14:00:00-04:00,49.619998931884766,49.619998931884766,49.45000076293945,49.470001220703125,49.470001220703125,64193
2024-06-12 14:01:00-04:00,49.470001220703125,49.5099983215332,49.470001220703125,49.470001220703125,49.470001220703125,28620
2024-06-12 14:02:00-04:00,49.47999954223633,49.52000045776367,49.43000030517578,49.43000030517578,49.43000030517578,25255
2024-06-12 14:03:00-04:00,49.41999816894531,49.47999954223633,49.404998779296875,49.459999084472656,49.459999084472656,27580
2024-06-12 14:04:00-04:00,49.470001220703125,49.52000045776367,49.46500015258789,49.4900016784668,49.4900016784668,25152
2024-06-12 14:05:00-04:00,49.5,49.5,49.43000030517578,49.435001373291016,49.435001373291016,23587
2024-06-12 14:06:00-04:00,49.43000030517578,49.439998626708984,49.380001068115234,49.380001068115234,49.380001068115234,24611
2024-06-12 14:07:00-04:00,49.380001068115234,49.38999938964844,49.349998474121094,49.380001068115234,49.380001068115234,24865
2024-06-12 14:08:00-04:00,49.375,49.3849983215332,49.349998474121094,49.3849983215332,49.3849983215332,25468
2024-06-12 14:09:00-04:00,49.38999938964844,49.399898529052734,49.36000061035156,49.3849983215332,49.3849983215332,20671
2024-06-12 14:10:00-04:00,49.38999938964844,49.404998779296875,49.35499954223633,49.35499954223633,49.35499954223633,21818
2024-06-12 14:11:00-04:00,49.35499954223633,49.38999938964844,49.33000183105469,49.38999938964844,49.38999938964844,20240
2024-06-12 14:12:00-04:00,49.39500045776367,49.41999816894531,49.36000061035156,49.369998931884766,49.369998931884766,18467
2024-06-12 14:13:00-04:00,49.369998931884766,49.369998931884766,49.31999969482422,49.31999969482422,49.31999969482422,15733
2024-06-12 14:14:00-04:00,49.31999969482422,49.345001220703125,49.31999969482422,49.345001220703125,49.345001220703125,17932
2024-06-12 14:15:00-04:00,49.349998474121094,49.380001068115234,49.345001220703125,49.380001068115234,49.380001068115234,26368
2024-06-12 14:16:00-04:00,49.3849983215332,49.39500045776367,49.32500076293945,49.32500076293945,49.32500076293945,15168
2024-06-12 14:17:00-04:00,49.31999969482422,49.33000183105469,49.279998779296875,49.279998779296875,49.279998779296875,35965
2024-06-12 14:18:00-04:00,49.279998779296875,49.290000915527344,49.224998474121094,49.22999954223633,49.22999954223633,72032
2024-06-12 14:19:00-04:00,49.22999954223633,49.25,49.20500183105469,49.23310089111328,49.23310089111328,75388
2024-06-12 14:20:00-04:00,49.22999954223633,49.25,49.224998474121094,49.25,49.25,38078
2024-06-12 14:21:00-04:00,49.25,49.34000015258789,49.25,49.34000015258789,49.34000015258789,59534
2024-06-12 14:22:00-04:00,49.345001220703125,49.345001220703125,49.32500076293945,49.334999084472656,49.334999084472656,12062
2024-06-12 14:23:00-04:00,49.34000015258789,49.40999984741211,49.33250045776367,49.404998779296875,49.404998779296875,29243
2024-06-12 14:24:00-04:00,49.404998779296875,49.40999984741211,49.3849983215332,49.38999938964844,49.38999938964844,15660
2024-06-12 14:25:00-04:00,49.38999938964844,49.400001525878906,49.33000183105469,49.334999084472656,49.334999084472656,21535
2024-06-12 14:26:00-04:00,49.34000015258789,49.36000061035156,49.334999084472656,49.349998474121094,49.349998474121094,24572
2024-06-12 14:27:00-04:00,49.36000061035156,49.400001525878906,49.349998474121094,49.400001525878906,49.400001525878906,24576
2024-06-12 14:28:00-04:00,49.400001525878906,49.40999984741211,49.35499954223633,49.404998779296875,49.404998779296875,25678
2024-06-12 14:29:00-04:00,49.400001525878906,49.400001525878906,49.33000183105469,49.33000183105469,49.33000183105469,17253
2024-06-12 14:30:00-04:00,49.34000015258789,49.36000061035156,49.310001373291016,49.36000061035156,49.36000061035156,30468
2024-06-12 14:31:00-04:00,49.369998931884766,49.41999816894531,49.3650016784668,49.38999938964844,49.38999938964844,23487
2024-06-12 14:32:00-04:00,49.38999938964844,49.38999938964844,49.349998474121094,49.380001068115234,49.380001068115234,22976
2024-06-12 14:33:00-04:00,49.38370132446289,49.38999938964844,49.29499816894531,49.334999084472656,49.334999084472656,24577
2024-06-12 14:34:00-04:00,49.33000183105469,49.334999084472656,49.314998626708984,49.32500076293945,49.32500076293945,14973
2024-06-12 14:35:00-04:00,49.31999969482422,49.32500076293945,49.2599983215332,49.27000045776367,49.27000045776367,20303
2024-06-12 14:36:00-04:00,49.26499938964844,49.28499984741211,49.22999954223633,49.22999954223633,49.22999954223633,21785
2024-06-12 14:37:00-04:00,49.2400016784668,49.27000045776367,49.230098724365234,49.2400016784668,49.2400016784668,47488
2024-06-12 14:38:00-04:00,49.244998931884766,49.26499938964844,49.2400016784668,49.26499938964844,49.26499938964844,20589
2024-06-12 14:39:00-04:00,49.26499938964844,49.31999969482422,49.2599983215332,49.279998779296875,49.279998779296875,23669
2024-06-12 14:40:00-04:00,49.290000915527344,49.30500030517578,49.244998931884766,49.244998931884766,49.244998931884766,17251
2024-06-12 14:41:00-04:00,49.2400016784668,49.2599983215332,49.2400016784668,49.244998931884766,49.244998931884766,14883
2024-06-12 14:42:00-04:00,49.2400016784668,49.27000045776367,49.23500061035156,49.26499938964844,49.26499938964844,23360
2024-06-12 14:43:00-04:00,49.26499938964844,49.26499938964844,49.209999084472656,49.209999084472656,49.209999084472656,23716
2024-06-12 14:44:00-04:00,49.209999084472656,49.2599983215332,49.20500183105469,49.22999954223633,49.22999954223633,27756
2024-06-12 14:45:00-04:00,49.224998474121094,49.2400016784668,49.20000076293945,49.2400016784668,49.2400016784668,24908
2024-06-12 14:46:00-04:00,49.25,49.25,49.20000076293945,49.20500183105469,49.20500183105469,13183
2024-06-12 14:47:00-04:00,49.20500183105469,49.2400016784668,49.189998626708984,49.224998474121094,49.224998474121094,18124
2024-06-12 14:48:00-04:00,49.224998474121094,49.22999954223633,49.19060134887695,49.20000076293945,49.20000076293945,19269
2024-06-12 14:49:00-04:00,49.19499969482422,49.20000076293945,49.18000030517578,49.189998626708984,49.189998626708984,19589
2024-06-12 14:50:00-04:00,49.189998626708984,49.2599983215332,49.185001373291016,49.2599983215332,49.2599983215332,25187
2024-06-12 14:51:00-04:00,49.2599983215332,49.29499816894531,49.2599983215332,49.26499938964844,49.26499938964844,16927
2024-06-12 14:52:00-04:00,49.26499938964844,49.27000045776367,49.2400016784668,49.25,49.25,24930
2024-06-12 14:53:00-04:00,49.25,49.310001373291016,49.244998931884766,49.29999923706055,49.29999923706055,28776
2024-06-12 14:54:00-04:00,49.29999923706055,49.29999923706055,49.25,49.27000045776367,49.27000045776367,24309
2024-06-12 14:55:00-04:00,49.279998779296875,49.334999084472656,49.279998779296875,49.334999084472656,49.334999084472656,18728
2024-06-12 14:56:00-04:00,49.34000015258789,49.400001525878906,49.334999084472656,49.38999938964844,49.38999938964844,19966
2024-06-12 14:57:00-04:00,49.380001068115234,49.39500045776367,49.36000061035156,49.38999938964844,49.38999938964844,25217
2024-06-12 14:58:00-04:00,49.400001525878906,49.439998626708984,49.39500045776367,49.415000915527344,49.415000915527344,21565
2024-06-12 14:59:00-04:00,49.40999984741211,49.459999084472656,49.404998779296875,49.459999084472656,49.459999084472656,30252
2024-06-12 15:00:00-04:00,49.45000076293945,49.529998779296875,49.43000030517578,49.529998779296875,49.529998779296875,45985
2024-06-12 15:01:00-04:00,49.539398193359375,49.560001373291016,49.529998779296875,49.54999923706055,49.54999923706055,27130
2024-06-12 15:02:00-04:00,49.54999923706055,49.56999969482422,49.52000045776367,49.52000045776367,49.52000045776367,25547
2024-06-12 15:03:00-04:00,49.5099983215332,49.58000183105469,49.5099983215332,49.54100036621094,49.54100036621094,25949
2024-06-12 15:04:00-04:00,49.540000915527344,49.589900970458984,49.525001525878906,49.58000183105469,49.58000183105469,23152
2024-06-12 15:05:00-04:00,49.59000015258789,49.59000015258789,49.54499816894531,49.54999923706055,49.54999923706055,19999
2024-06-12 15:06:00-04:00,49.540000915527344,49.584999084472656,49.540000915527344,49.56999969482422,49.56999969482422,15917
2024-06-12 15:07:00-04:00,49.57500076293945,49.60499954223633,49.564998626708984,49.59000015258789,49.59000015258789,24801
2024-06-12 15:08:00-04:00,49.584999084472656,49.599998474121094,49.54999923706055,49.54999923706055,49.54999923706055,16956
2024-06-12 15:09:00-04:00,49.55500030517578,49.61000061035156,49.54999923706055,49.59000015258789,49.59000015258789,54691
2024-06-12 15:10:00-04:00,49.584999084472656,49.6150016784668,49.57500076293945,49.599998474121094,49.599998474121094,14971
2024-06-12 15:11:00-04:00,49.599998474121094,49.6349983215332,49.584999084472656,49.6150016784668,49.6150016784668,21575
2024-06-12 15:12:00-04:00,49.61000061035156,49.6150016784668,49.5,49.5,49.5,19733
2024-06-12 15:13:00-04:00,49.5,49.54499816894531,49.5,49.529998779296875,49.529998779296875,30688
2024-06-12 15:14:00-04:00,49.529998779296875,49.54999923706055,49.52000045776367,49.525001525878906,49.525001525878906,24540
2024-06-12 15:15:00-04:00,49.525001525878906,49.525001525878906,49.5099983215332,49.51499938964844,49.51499938964844,17538
2024-06-12 15:16:00-04:00,49.52000045776367,49.525001525878906,49.4900016784668,49.5,49.5,34567
2024-06-12 15:17:00-04:00,49.5099983215332,49.52199935913086,49.47999954223633,49.51499938964844,49.51499938964844,25862
2024-06-12 15:18:00-04:00,49.5099983215332,49.58000183105469,49.505001068115234,49.57500076293945,49.57500076293945,29543
2024-06-12 15:19:00-04:00,49.57500076293945,49.57500076293945,49.54499816894531,49.564998626708984,49.564998626708984,18188
2024-06-12 15:20:00-04:00,49.560001373291016,49.58000183105469,49.55500030517578,49.57500076293945,49.57500076293945,30631
2024-06-12 15:21:00-04:00,49.57500076293945,49.61000061035156,49.564998626708984,49.60499954223633,49.60499954223633,40245
2024-06-12 15:22:00-04:00,49.619998931884766,49.630001068115234,49.595001220703125,49.6150016784668,49.6150016784668,40575
2024-06-12 15:23:00-04:00,49.61000061035156,49.61000061035156,49.56999969482422,49.599998474121094,49.599998474121094,41020
2024-06-12 15:24:00-04:00,49.599998474121094,49.64500045776367,49.595001220703125,49.63999938964844,49.63999938964844,35209
2024-06-12 15:25:00-04:00,49.63999938964844,49.64500045776367,49.60499954223633,49.630001068115234,49.630001068115234,34981
2024-06-12 15:26:00-04:00,49.630001068115234,49.66999816894531,49.619998931884766,49.66999816894531,49.66999816894531,31135
2024-06-12 15:27:00-04:00,49.67499923706055,49.720001220703125,49.660099029541016,49.68000030517578,49.68000030517578,204622
2024-06-12 15:28:00-04:00,49.685001373291016,49.689998626708984,49.6150016784668,49.6150016784668,49.6150016784668,76375
2024-06-12 15:29:00-04:00,49.6150016784668,49.685001373291016,49.584999084472656,49.685001373291016,49.685001373291016,46272
2024-06-12 15:30:00-04:00,49.68000030517578,49.689998626708984,49.65999984741211,49.67499923706055,49.67499923706055,34487
2024-06-12 15:31:00-04:00,49.66999816894531,49.68000030517578,49.60499954223633,49.619998931884766,49.619998931884766,68553
2024-06-12 15:32:00-04:00,49.62889862060547,49.654998779296875,49.61000061035156,49.630001068115234,49.630001068115234,48002
2024-06-12 15:33:00-04:00,49.64500045776367,49.68000030517578,49.619998931884766,49.66999816894531,49.66999816894531,26103
2024-06-12 15:34:00-04:00,49.65999984741211,49.69499969482422,49.65999984741211,49.689998626708984,49.689998626708984,39661
2024-06-12 15:35:00-04:00,49.66999816894531,49.67499923706055,49.63999938964844,49.67499923706055,49.67499923706055,33366
2024-06-12 15:36:00-04:00,49.66999816894531,49.85499954223633,49.654998779296875,49.85499954223633,49.85499954223633,123896
2024-06-12 15:37:00-04:00,49.84000015258789,49.900001525878906,49.83000183105469,49.880001068115234,49.880001068115234,55700
2024-06-12 15:38:00-04:00,49.875,49.880001068115234,49.83000183105469,49.834999084472656,49.834999084472656,40919
2024-06-12 15:39:00-04:00,49.83000183105469,49.83000183105469,49.755001068115234,49.77000045776367,49.77000045776367,49534
2024-06-12 15:40:00-04:00,49.779998779296875,49.790000915527344,49.76499938964844,49.78499984741211,49.78499984741211,39879
2024-06-12 15:41:00-04:00,49.78499984741211,49.78499984741211,49.73500061035156,49.7599983215332,49.7599983215332,42764
2024-06-12 15:42:00-04:00,49.7599983215332,49.76499938964844,49.68000030517578,49.70000076293945,49.70000076293945,46224
2024-06-12 15:43:00-04:00,49.70500183105469,49.755001068115234,49.70500183105469,49.755001068115234,49.755001068115234,37982
2024-06-12 15:44:00-04:00,49.7599983215332,49.76499938964844,49.72999954223633,49.73500061035156,49.73500061035156,32534
2024-06-12 15:45:00-04:00,49.72999954223633,49.7599983215332,49.724998474121094,49.744998931884766,49.744998931884766,44075
2024-06-12 15:46:00-04:00,49.744998931884766,49.76850128173828,49.685001373291016,49.7599983215332,49.7599983215332,76919
2024-06-12 15:47:00-04:00,49.77000045776367,49.86000061035156,49.7599983215332,49.845001220703125,49.845001220703125,32714
2024-06-12 15:48:00-04:00,49.845001220703125,49.974998474121094,49.845001220703125,49.970001220703125,49.970001220703125,56960
2024-06-12 15:49:00-04:00,49.97999954223633,50.04999923706055,49.95500183105469,50.02000045776367,50.02000045776367,85692
2024-06-12 15:50:00-04:00,50.0,50.040000915527344,49.93000030517578,49.935001373291016,49.935001373291016,72929
2024-06-12 15:51:00-04:00,49.935001373291016,49.970001220703125,49.8650016784668,49.880001068115234,49.880001068115234,78949
2024-06-12 15:52:00-04:00,49.880001068115234,49.939998626708984,49.861000061035156,49.8650016784668,49.8650016784668,55506
2024-06-12 15:53:00-04:00,49.8650016784668,49.95000076293945,49.86000061035156,49.90999984741211,49.90999984741211,116366
2024-06-12 15:54:00-04:00,49.89500045776367,49.95500183105469,49.84000015258789,49.845001220703125,49.845001220703125,108636
2024-06-12 15:55:00-04:00,49.84000015258789,49.849998474121094,49.80500030517578,49.82500076293945,49.82500076293945,144280
2024-06-12 15:56:00-04:00,49.81999969482422,49.81999969482422,49.779998779296875,49.779998779296875,49.779998779296875,90169
2024-06-12 15:57:00-04:00,49.779998779296875,49.78499984741211,49.7599983215332,49.775001525878906,49.775001525878906,156355
2024-06-12 15:58:00-04:00,49.779998779296875,49.790000915527344,49.75,49.75749969482422,49.75749969482422,156411
2024-06-12 15:59:00-04:00,49.7599983215332,49.77000045776367,49.73500061035156,49.7599983215332,49.7599983215332,375269
