Date,Open,High,Low,Close,Adj Close,Volume
2023-10-13 09:30:00-04:00,94.7699966430664,94.95999908447266,94.66000366210938,94.9000015258789,94.9000015258789,15913
2023-10-13 09:31:00-04:00,94.83499908447266,94.95999908447266,94.79000091552734,94.81999969482422,94.81999969482422,2230
2023-10-13 09:32:00-04:00,94.87999725341797,95.0,94.84500122070312,94.86000061035156,94.86000061035156,2967
2023-10-13 09:33:00-04:00,94.91999816894531,94.91999816894531,94.80000305175781,94.88999938964844,94.88999938964844,2109
2023-10-13 09:34:00-04:00,94.95999908447266,94.95999908447266,94.95999908447266,94.95999908447266,94.95999908447266,1517
2023-10-13 09:35:00-04:00,94.95999908447266,95.1500015258789,94.94000244140625,95.1500015258789,95.1500015258789,3370
2023-10-13 09:36:00-04:00,95.19999694824219,95.19999694824219,95.0,95.11499786376953,95.11499786376953,3301
2023-10-13 09:37:00-04:00,95.23999786376953,95.28500366210938,95.23999786376953,95.28500366210938,95.28500366210938,1085
2023-10-13 09:38:00-04:00,95.0999984741211,95.0999984741211,94.98999786376953,94.98999786376953,94.98999786376953,1082
2023-10-13 09:39:00-04:00,95.08499908447266,95.13999938964844,95.04000091552734,95.13999938964844,95.13999938964844,2102
2023-10-13 09:40:00-04:00,95.19000244140625,95.26000213623047,95.16000366210938,95.22000122070312,95.22000122070312,1647
2023-10-13 09:41:00-04:00,95.29000091552734,95.29000091552734,95.13999938964844,95.18000030517578,95.18000030517578,2221
2023-10-13 09:42:00-04:00,95.1449966430664,95.1500015258789,95.12010192871094,95.12010192871094,95.12010192871094,775
2023-10-13 09:43:00-04:00,95.12000274658203,95.12999725341797,95.01000213623047,95.01000213623047,95.01000213623047,2141
2023-10-13 09:44:00-04:00,94.97000122070312,95.04499816894531,94.93000030517578,95.04499816894531,95.04499816894531,1540
2023-10-13 09:45:00-04:00,94.99500274658203,95.04000091552734,94.94999694824219,94.97000122070312,94.97000122070312,1433
2023-10-13 09:46:00-04:00,94.98999786376953,94.98999786376953,94.91999816894531,94.95999908447266,94.95999908447266,1699
2023-10-13 09:47:00-04:00,94.9448013305664,94.9448013305664,94.86000061035156,94.9000015258789,94.9000015258789,2619
2023-10-13 09:48:00-04:00,94.91999816894531,94.93000030517578,94.86000061035156,94.86000061035156,94.86000061035156,1817
2023-10-13 09:49:00-04:00,94.88500213623047,94.88500213623047,94.80000305175781,94.80000305175781,94.80000305175781,1424
2023-10-13 09:50:00-04:00,94.81500244140625,94.84500122070312,94.77999877929688,94.80000305175781,94.80000305175781,1363
2023-10-13 09:51:00-04:00,94.77999877929688,94.77999877929688,94.77999877929688,94.77999877929688,94.77999877929688,451
2023-10-13 09:52:00-04:00,94.83999633789062,94.97000122070312,94.83999633789062,94.97000122070312,94.97000122070312,1140
2023-10-13 09:53:00-04:00,95.04000091552734,95.07499694824219,95.0199966430664,95.07499694824219,95.07499694824219,1838
2023-10-13 09:54:00-04:00,95.05000305175781,95.05000305175781,95.0,95.0,95.0,2583
2023-10-13 09:55:00-04:00,95.0,95.0000991821289,94.9800033569336,94.98999786376953,94.98999786376953,1731
2023-10-13 09:56:00-04:00,94.87999725341797,94.87999725341797,94.87999725341797,94.87999725341797,94.87999725341797,276
2023-10-13 09:57:00-04:00,94.8499984741211,94.8499984741211,94.80000305175781,94.80000305175781,94.80000305175781,1064
2023-10-13 09:58:00-04:00,94.77999877929688,94.81999969482422,94.77999877929688,94.77999877929688,94.77999877929688,2055
2023-10-13 09:59:00-04:00,94.80000305175781,94.80000305175781,94.70999908447266,94.70999908447266,94.70999908447266,2671
2023-10-13 10:00:00-04:00,94.69000244140625,94.69000244140625,94.56999969482422,94.62999725341797,94.62999725341797,2253
2023-10-13 10:01:00-04:00,94.6500015258789,94.68000030517578,94.6500015258789,94.68000030517578,94.68000030517578,848
2023-10-13 10:02:00-04:00,94.66999816894531,94.68000030517578,94.61000061035156,94.62999725341797,94.62999725341797,2468
2023-10-13 10:03:00-04:00,94.54000091552734,94.55999755859375,94.52999877929688,94.52999877929688,94.52999877929688,1836
2023-10-13 10:04:00-04:00,94.6500015258789,94.69000244140625,94.6500015258789,94.68000030517578,94.68000030517578,739
2023-10-13 10:05:00-04:00,94.72000122070312,94.72000122070312,94.69000244140625,94.69000244140625,94.69000244140625,975
2023-10-13 10:06:00-04:00,94.68499755859375,94.68499755859375,94.66000366210938,94.66000366210938,94.66000366210938,867
2023-10-13 10:07:00-04:00,94.65010070800781,94.65010070800781,94.6500015258789,94.6500015258789,94.6500015258789,1172
2023-10-13 10:08:00-04:00,94.58999633789062,94.63999938964844,94.58999633789062,94.58999633789062,94.58999633789062,2039
2023-10-13 10:09:00-04:00,94.4800033569336,94.4800033569336,94.4800033569336,94.4800033569336,94.4800033569336,348
2023-10-13 10:10:00-04:00,94.47000122070312,94.47000122070312,94.4000015258789,94.4000015258789,94.4000015258789,1012
2023-10-13 10:11:00-04:00,94.37000274658203,94.41000366210938,94.36000061035156,94.37999725341797,94.37999725341797,1395
2023-10-13 10:12:00-04:00,94.3499984741211,94.3499984741211,94.33999633789062,94.33999633789062,94.33999633789062,383
2023-10-13 10:13:00-04:00,94.33999633789062,94.33999633789062,94.29000091552734,94.29000091552734,94.29000091552734,952
2023-10-13 10:14:00-04:00,94.29000091552734,94.29000091552734,94.23999786376953,94.25499725341797,94.25499725341797,1155
2023-10-13 10:15:00-04:00,94.23500061035156,94.25,94.20999908447266,94.23999786376953,94.23999786376953,1286
2023-10-13 10:16:00-04:00,94.2300033569336,94.2300033569336,94.1500015258789,94.1500015258789,94.1500015258789,1484
2023-10-13 10:17:00-04:00,94.11000061035156,94.11000061035156,94.08499908447266,94.08499908447266,94.08499908447266,1952
2023-10-13 10:18:00-04:00,94.11499786376953,94.12000274658203,94.06500244140625,94.08999633789062,94.08999633789062,6340
2023-10-13 10:19:00-04:00,94.08999633789062,94.23999786376953,94.06999969482422,94.23999786376953,94.23999786376953,4956
2023-10-13 10:20:00-04:00,94.23999786376953,94.3499984741211,94.23999786376953,94.3499984741211,94.3499984741211,2172
2023-10-13 10:21:00-04:00,94.36000061035156,94.38999938964844,94.31999969482422,94.3499984741211,94.3499984741211,3596
2023-10-13 10:22:00-04:00,94.30000305175781,94.30999755859375,94.29000091552734,94.30999755859375,94.30999755859375,671
2023-10-13 10:23:00-04:00,94.3499984741211,94.3499984741211,94.2699966430664,94.2699966430664,94.2699966430664,1524
2023-10-13 10:24:00-04:00,94.19999694824219,94.25,94.16999816894531,94.25,94.25,1555
2023-10-13 10:25:00-04:00,94.26000213623047,94.29100036621094,94.26000213623047,94.29100036621094,94.29100036621094,905
2023-10-13 10:26:00-04:00,94.33000183105469,94.33000183105469,94.2699966430664,94.29000091552734,94.29000091552734,1789
2023-10-13 10:27:00-04:00,94.25,94.25,94.2300033569336,94.2300033569336,94.2300033569336,742
2023-10-13 10:28:00-04:00,94.22740173339844,94.23750305175781,94.19000244140625,94.19000244140625,94.19000244140625,2069
2023-10-13 10:29:00-04:00,94.2300033569336,94.23999786376953,94.19999694824219,94.2300033569336,94.2300033569336,5831
2023-10-13 10:30:00-04:00,94.19999694824219,94.2300033569336,94.19999694824219,94.2300033569336,94.2300033569336,1896
2023-10-13 10:31:00-04:00,94.22000122070312,94.3499984741211,94.22000122070312,94.3499984741211,94.3499984741211,2820
2023-10-13 10:32:00-04:00,94.38999938964844,94.38999938964844,94.3499984741211,94.3499984741211,94.3499984741211,920
2023-10-13 10:33:00-04:00,94.37999725341797,94.44499969482422,94.37000274658203,94.44499969482422,94.44499969482422,2003
2023-10-13 10:34:00-04:00,94.4800033569336,94.48999786376953,94.44999694824219,94.48999786376953,94.48999786376953,1652
2023-10-13 10:35:00-04:00,94.4800033569336,94.49199676513672,94.44499969482422,94.49199676513672,94.49199676513672,2578
2023-10-13 10:36:00-04:00,94.52999877929688,94.52999877929688,94.41000366210938,94.4186019897461,94.4186019897461,3409
2023-10-13 10:37:00-04:00,94.4303970336914,94.4303970336914,94.4303970336914,94.4303970336914,94.4303970336914,209
2023-10-13 10:38:00-04:00,94.44000244140625,94.44000244140625,94.41999816894531,94.41999816894531,94.41999816894531,1214
2023-10-13 10:39:00-04:00,94.30999755859375,94.30999755859375,94.30999755859375,94.30999755859375,94.30999755859375,349
2023-10-13 10:40:00-04:00,94.23999786376953,94.23999786376953,94.18499755859375,94.19999694824219,94.19999694824219,1133
2023-10-13 10:41:00-04:00,94.21489715576172,94.21489715576172,94.21489715576172,94.21489715576172,94.21489715576172,462
2023-10-13 10:42:00-04:00,94.19000244140625,94.22000122070312,94.19000244140625,94.22000122070312,94.22000122070312,1531
2023-10-13 10:43:00-04:00,94.2300033569336,94.27510070800781,94.2300033569336,94.27510070800781,94.27510070800781,1118
2023-10-13 10:44:00-04:00,94.26000213623047,94.26000213623047,94.25,94.25,94.25,1847
2023-10-13 10:45:00-04:00,94.20950317382812,94.23989868164062,94.20950317382812,94.23729705810547,94.23729705810547,1450
2023-10-13 10:46:00-04:00,94.20050048828125,94.20050048828125,94.18499755859375,94.18499755859375,94.18499755859375,1272
2023-10-13 10:47:00-04:00,94.17500305175781,94.23999786376953,94.16500091552734,94.22000122070312,94.22000122070312,2513
2023-10-13 10:48:00-04:00,94.23999786376953,94.23999786376953,94.23999786376953,94.23999786376953,94.23999786376953,413
2023-10-13 10:49:00-04:00,94.26000213623047,94.30999755859375,94.26000213623047,94.27999877929688,94.27999877929688,1798
2023-10-13 10:50:00-04:00,94.2699966430664,94.2699966430664,94.20999908447266,94.22000122070312,94.22000122070312,1050
2023-10-13 10:51:00-04:00,94.20999908447266,94.20999908447266,94.13999938964844,94.16000366210938,94.16000366210938,1733
2023-10-13 10:52:00-04:00,94.16999816894531,94.19999694824219,94.13999938964844,94.19999694824219,94.19999694824219,1666
2023-10-13 10:53:00-04:00,94.19999694824219,94.19999694824219,94.19999694824219,94.19999694824219,94.19999694824219,554
2023-10-13 10:55:00-04:00,94.17500305175781,94.1957015991211,94.12000274658203,94.12000274658203,94.12000274658203,4030
2023-10-13 10:56:00-04:00,94.125,94.22000122070312,94.11000061035156,94.2074966430664,94.2074966430664,8515
2023-10-13 10:57:00-04:00,94.19999694824219,94.19999694824219,94.19000244140625,94.19000244140625,94.19000244140625,1034
2023-10-13 10:58:00-04:00,94.16999816894531,94.18499755859375,94.1500015258789,94.18499755859375,94.18499755859375,1226
2023-10-13 10:59:00-04:00,94.19000244140625,94.19999694824219,94.13999938964844,94.19999694824219,94.19999694824219,1371
2023-10-13 11:00:00-04:00,94.19000244140625,94.19999694824219,94.13999938964844,94.13999938964844,94.13999938964844,984
2023-10-13 11:01:00-04:00,94.09500122070312,94.09500122070312,94.0,94.06999969482422,94.06999969482422,2036
2023-10-13 11:02:00-04:00,94.05000305175781,94.09249877929688,94.02140045166016,94.02140045166016,94.02140045166016,1656
2023-10-13 11:03:00-04:00,94.0199966430664,94.0199966430664,93.97000122070312,93.9800033569336,93.9800033569336,1425
2023-10-13 11:04:00-04:00,93.9800033569336,94.02999877929688,93.95999908447266,93.95999908447266,93.95999908447266,2090
2023-10-13 11:05:00-04:00,93.94000244140625,93.94999694824219,93.8313980102539,93.8313980102539,93.8313980102539,1465
2023-10-13 11:11:00-04:00,93.86000061035156,93.86000061035156,93.86000061035156,93.86000061035156,93.86000061035156,16697
2023-10-13 11:12:00-04:00,93.79000091552734,93.83000183105469,93.79000091552734,93.83000183105469,93.83000183105469,801
2023-10-13 11:13:00-04:00,93.87000274658203,93.87000274658203,93.87000274658203,93.87000274658203,93.87000274658203,945
2023-10-13 11:14:00-04:00,93.91000366210938,93.91000366210938,93.88999938964844,93.89009857177734,93.89009857177734,960
2023-10-13 11:15:00-04:00,93.88999938964844,93.91000366210938,93.88999938964844,93.91000366210938,93.91000366210938,399
2023-10-13 11:16:00-04:00,93.91999816894531,93.91999816894531,93.91999816894531,93.91999816894531,93.91999816894531,598
2023-10-13 11:17:00-04:00,93.96430206298828,93.96430206298828,93.96430206298828,93.96430206298828,93.96430206298828,295
2023-10-13 11:18:00-04:00,93.98899841308594,94.02999877929688,93.98899841308594,94.0250015258789,94.0250015258789,2665
2023-10-13 11:19:00-04:00,94.0199966430664,94.08989715576172,94.01000213623047,94.08989715576172,94.08989715576172,2269
2023-10-13 11:20:00-04:00,94.0614013671875,94.06500244140625,94.04000091552734,94.06500244140625,94.06500244140625,682
2023-10-13 11:21:00-04:00,94.11000061035156,94.1500015258789,94.11000061035156,94.1500015258789,94.1500015258789,1018
2023-10-13 11:22:00-04:00,94.20999908447266,94.20999908447266,94.18000030517578,94.18000030517578,94.18000030517578,1208
2023-10-13 11:23:00-04:00,94.13999938964844,94.1500015258789,94.12000274658203,94.1500015258789,94.1500015258789,1404
2023-10-13 11:24:00-04:00,94.08499908447266,94.08499908447266,94.08000183105469,94.08000183105469,94.08000183105469,233
2023-10-13 11:25:00-04:00,94.11000061035156,94.11000061035156,94.05999755859375,94.10479736328125,94.10479736328125,1166
2023-10-13 11:26:00-04:00,94.08000183105469,94.08000183105469,94.08000183105469,94.08000183105469,94.08000183105469,479
2023-10-13 11:27:00-04:00,93.99310302734375,93.99310302734375,93.99310302734375,93.99310302734375,93.99310302734375,100
2023-10-13 11:28:00-04:00,94.0,94.04499816894531,93.98999786376953,94.0199966430664,94.0199966430664,1588
2023-10-13 11:29:00-04:00,94.05999755859375,94.08999633789062,94.05999755859375,94.08999633789062,94.08999633789062,591
2023-10-13 11:30:00-04:00,94.0999984741211,94.13999938964844,94.05999755859375,94.11499786376953,94.11499786376953,8211
2023-10-13 11:31:00-04:00,94.10880279541016,94.11499786376953,94.08429718017578,94.08429718017578,94.08429718017578,2128
2023-10-13 11:32:00-04:00,94.11000061035156,94.11000061035156,94.11000061035156,94.11000061035156,94.11000061035156,220
2023-10-13 11:33:00-04:00,94.08000183105469,94.13999938964844,94.06999969482422,94.13999938964844,94.13999938964844,1839
2023-10-13 11:34:00-04:00,94.13999938964844,94.13999938964844,94.08999633789062,94.08999633789062,94.08999633789062,1444
2023-10-13 11:35:00-04:00,94.13999938964844,94.19000244140625,94.13999938964844,94.19000244140625,94.19000244140625,2231
2023-10-13 11:36:00-04:00,94.1500015258789,94.1500015258789,94.1500015258789,94.1500015258789,94.1500015258789,782
2023-10-13 11:38:00-04:00,94.12069702148438,94.18000030517578,94.12069702148438,94.18000030517578,94.18000030517578,859
2023-10-13 11:39:00-04:00,94.16999816894531,94.2300033569336,94.16999816894531,94.2300033569336,94.2300033569336,2242
2023-10-13 11:41:00-04:00,94.26709747314453,94.29000091552734,94.26709747314453,94.29000091552734,94.29000091552734,1255
2023-10-13 11:42:00-04:00,94.29000091552734,94.29000091552734,94.26000213623047,94.27999877929688,94.27999877929688,1793
2023-10-13 11:43:00-04:00,94.27999877929688,94.30000305175781,94.24479675292969,94.30000305175781,94.30000305175781,2032
2023-10-13 11:44:00-04:00,94.30000305175781,94.33000183105469,94.29000091552734,94.30000305175781,94.30000305175781,2001
2023-10-13 11:45:00-04:00,94.30000305175781,94.3499984741211,94.2699966430664,94.3499984741211,94.3499984741211,2190
2023-10-13 11:46:00-04:00,94.4000015258789,94.4000015258789,94.33000183105469,94.33000183105469,94.33000183105469,1821
2023-10-13 11:47:00-04:00,94.36000061035156,94.36000061035156,94.36000061035156,94.36000061035156,94.36000061035156,100
2023-10-13 11:48:00-04:00,94.33000183105469,94.33000183105469,94.31500244140625,94.31500244140625,94.31500244140625,2043
2023-10-13 11:49:00-04:00,94.36000061035156,94.38999938964844,94.33999633789062,94.33999633789062,94.33999633789062,5297
2023-10-13 11:50:00-04:00,94.33000183105469,94.33999633789062,94.33000183105469,94.33000183105469,94.33000183105469,2468
2023-10-13 11:51:00-04:00,94.33999633789062,94.36000061035156,94.30999755859375,94.31999969482422,94.31999969482422,3685
2023-10-13 11:52:00-04:00,94.27999877929688,94.27999877929688,94.19999694824219,94.19999694824219,94.19999694824219,1804
2023-10-13 11:53:00-04:00,94.2249984741211,94.2249984741211,94.18000030517578,94.18000030517578,94.18000030517578,700
2023-10-13 11:54:00-04:00,94.11000061035156,94.13999938964844,94.0999984741211,94.13999938964844,94.13999938964844,1730
2023-10-13 11:55:00-04:00,94.1500015258789,94.1500015258789,93.94339752197266,93.94339752197266,93.94339752197266,1402
2023-10-13 11:56:00-04:00,93.96499633789062,94.03900146484375,93.96080017089844,94.03900146484375,94.03900146484375,2530
2023-10-13 11:57:00-04:00,93.97000122070312,93.97000122070312,93.94999694824219,93.94999694824219,93.94999694824219,245
2023-10-13 11:58:00-04:00,93.97799682617188,93.97799682617188,93.95999908447266,93.95999908447266,93.95999908447266,758
2023-10-13 11:59:00-04:00,94.0,94.0,94.0,94.0,94.0,517
2023-10-13 12:00:00-04:00,94.0199966430664,94.0199966430664,94.0199966430664,94.0199966430664,94.0199966430664,678
2023-10-13 12:01:00-04:00,94.08000183105469,94.08999633789062,94.08000183105469,94.08000183105469,94.08000183105469,1137
2023-10-13 12:02:00-04:00,94.11000061035156,94.11000061035156,94.05000305175781,94.06999969482422,94.06999969482422,920
2023-10-13 12:03:00-04:00,94.09049987792969,94.09049987792969,94.09049987792969,94.09049987792969,94.09049987792969,943
2023-10-13 12:04:00-04:00,94.1511001586914,94.1511001586914,94.13999938964844,94.13999938964844,94.13999938964844,1634
2023-10-13 12:05:00-04:00,94.12999725341797,94.16000366210938,94.12999725341797,94.16000366210938,94.16000366210938,1251
2023-10-13 12:06:00-04:00,94.16000366210938,94.16000366210938,94.11000061035156,94.11000061035156,94.11000061035156,1277
2023-10-13 12:07:00-04:00,94.12590026855469,94.1500015258789,94.12590026855469,94.1500015258789,94.1500015258789,658
2023-10-13 12:08:00-04:00,94.13999938964844,94.13999938964844,94.12999725341797,94.12999725341797,94.12999725341797,1022
2023-10-13 12:10:00-04:00,94.12999725341797,94.16000366210938,94.12000274658203,94.16000366210938,94.16000366210938,1502
2023-10-13 12:11:00-04:00,94.1500015258789,94.1500015258789,94.12999725341797,94.12999725341797,94.12999725341797,1480
2023-10-13 12:12:00-04:00,94.09449768066406,94.09449768066406,94.09449768066406,94.09449768066406,94.09449768066406,194
2023-10-13 12:13:00-04:00,94.08110046386719,94.08110046386719,94.08000183105469,94.08000183105469,94.08000183105469,628
2023-10-13 12:14:00-04:00,94.06999969482422,94.06999969482422,94.05000305175781,94.05000305175781,94.05000305175781,871
2023-10-13 12:15:00-04:00,94.04499816894531,94.06999969482422,94.04499816894531,94.06500244140625,94.06500244140625,832
2023-10-13 12:16:00-04:00,94.06500244140625,94.125,94.04000091552734,94.125,94.125,4693
2023-10-13 12:17:00-04:00,94.11000061035156,94.20999908447266,94.11000061035156,94.20999908447266,94.20999908447266,2292
2023-10-13 12:18:00-04:00,94.23999786376953,94.23999786376953,94.20999908447266,94.2249984741211,94.2249984741211,4417
2023-10-13 12:19:00-04:00,94.19999694824219,94.19999694824219,94.16999816894531,94.18000030517578,94.18000030517578,1270
2023-10-13 12:20:00-04:00,94.18000030517578,94.27999877929688,94.18000030517578,94.27999877929688,94.27999877929688,8225
2023-10-13 12:21:00-04:00,94.29000091552734,94.3499984741211,94.29000091552734,94.29499816894531,94.29499816894531,1734
2023-10-13 12:22:00-04:00,94.29499816894531,94.29499816894531,94.2301025390625,94.26000213623047,94.26000213623047,1969
2023-10-13 12:23:00-04:00,94.25,94.25,94.25,94.25,94.25,806
2023-10-13 12:24:00-04:00,94.25990295410156,94.25990295410156,94.23999786376953,94.25,94.25,967
2023-10-13 12:25:00-04:00,94.2300033569336,94.2300033569336,94.2300033569336,94.2300033569336,94.2300033569336,617
2023-10-13 12:26:00-04:00,94.24500274658203,94.26000213623047,94.24500274658203,94.25,94.25,592
2023-10-13 12:27:00-04:00,94.2300033569336,94.2300033569336,94.20040130615234,94.22000122070312,94.22000122070312,707
2023-10-13 12:28:00-04:00,94.25,94.30000305175781,94.25,94.27999877929688,94.27999877929688,1690
2023-10-13 12:29:00-04:00,94.2699966430664,94.2699966430664,94.2699966430664,94.2699966430664,94.2699966430664,771
2023-10-13 12:30:00-04:00,94.2699966430664,94.29000091552734,94.25,94.25,94.25,1986
2023-10-13 12:31:00-04:00,94.25,94.25,94.25,94.25,94.25,288
2023-10-13 12:32:00-04:00,94.31999969482422,94.31999969482422,94.30999755859375,94.30999755859375,94.30999755859375,644
2023-10-13 12:33:00-04:00,94.30500030517578,94.31999969482422,94.30500030517578,94.31999969482422,94.31999969482422,502
2023-10-13 12:34:00-04:00,94.30999755859375,94.31500244140625,94.2979965209961,94.31500244140625,94.31500244140625,2152
2023-10-13 12:35:00-04:00,94.30999755859375,94.33000183105469,94.29000091552734,94.30999755859375,94.30999755859375,1193
2023-10-13 12:36:00-04:00,94.29000091552734,94.29499816894531,94.23999786376953,94.27999877929688,94.27999877929688,3630
2023-10-13 12:38:00-04:00,94.26499938964844,94.27999877929688,94.19999694824219,94.27999877929688,94.27999877929688,1774
2023-10-13 12:39:00-04:00,94.27670288085938,94.27670288085938,94.26000213623047,94.26000213623047,94.26000213623047,601
2023-10-13 12:40:00-04:00,94.23999786376953,94.24559783935547,94.23999786376953,94.24559783935547,94.24559783935547,378
2023-10-13 12:41:00-04:00,94.22000122070312,94.22000122070312,94.22000122070312,94.22000122070312,94.22000122070312,269
2023-10-13 12:42:00-04:00,94.23999786376953,94.26000213623047,94.22000122070312,94.26000213623047,94.26000213623047,1577
2023-10-13 12:43:00-04:00,94.26499938964844,94.26499938964844,94.25499725341797,94.25499725341797,94.25499725341797,366
2023-10-13 12:44:00-04:00,94.2300033569336,94.2300033569336,94.20999908447266,94.2300033569336,94.2300033569336,1318
2023-10-13 12:45:00-04:00,94.22000122070312,94.22000122070312,94.16000366210938,94.17500305175781,94.17500305175781,1153
2023-10-13 12:46:00-04:00,94.16999816894531,94.19000244140625,94.16999816894531,94.19000244140625,94.19000244140625,827
2023-10-13 12:47:00-04:00,94.20999908447266,94.20999908447266,94.16999816894531,94.16999816894531,94.16999816894531,937
2023-10-13 12:48:00-04:00,94.16000366210938,94.18000030517578,94.12000274658203,94.12989807128906,94.12989807128906,828
2023-10-13 12:49:00-04:00,94.05999755859375,94.05999755859375,94.0199966430664,94.03500366210938,94.03500366210938,1810
2023-10-13 12:50:00-04:00,94.01000213623047,94.01000213623047,93.88999938964844,93.88999938964844,93.88999938964844,1653
2023-10-13 12:51:00-04:00,93.91000366210938,93.91000366210938,93.88999938964844,93.88999938964844,93.88999938964844,478
2023-10-13 12:52:00-04:00,93.87000274658203,94.00499725341797,93.87000274658203,94.00499725341797,94.00499725341797,1033
2023-10-13 12:53:00-04:00,94.05999755859375,94.05999755859375,94.0199966430664,94.0199966430664,94.0199966430664,1153
2023-10-13 12:55:00-04:00,94.05000305175781,94.05000305175781,94.05000305175781,94.05000305175781,94.05000305175781,166
2023-10-13 12:56:00-04:00,94.04000091552734,94.04000091552734,94.0,94.0,94.0,1242
2023-10-13 12:57:00-04:00,94.02980041503906,94.02980041503906,93.9800033569336,93.9800033569336,93.9800033569336,679
2023-10-13 12:58:00-04:00,93.97000122070312,93.97000122070312,93.97000122070312,93.97000122070312,93.97000122070312,121
2023-10-13 12:59:00-04:00,94.0,94.01000213623047,93.94999694824219,93.94999694824219,93.94999694824219,689
2023-10-13 13:00:00-04:00,93.95500183105469,93.97000122070312,93.95500183105469,93.97000122070312,93.97000122070312,1031
2023-10-13 13:01:00-04:00,94.01000213623047,94.06999969482422,94.01000213623047,94.06999969482422,94.06999969482422,1165
2023-10-13 13:02:00-04:00,94.04000091552734,94.04000091552734,93.97000122070312,93.97000122070312,93.97000122070312,1016
2023-10-13 13:03:00-04:00,93.96499633789062,93.96499633789062,93.94000244140625,93.94000244140625,93.94000244140625,460
2023-10-13 13:04:00-04:00,93.94999694824219,93.94999694824219,93.92500305175781,93.94999694824219,93.94999694824219,1008
2023-10-13 13:05:00-04:00,93.91000366210938,93.93000030517578,93.91000366210938,93.93000030517578,93.93000030517578,795
2023-10-13 13:06:00-04:00,93.9000015258789,93.9000015258789,93.80000305175781,93.80000305175781,93.80000305175781,825
2023-10-13 13:07:00-04:00,93.83000183105469,93.83999633789062,93.83000183105469,93.83999633789062,93.83999633789062,926
2023-10-13 13:08:00-04:00,93.87999725341797,93.87999725341797,93.83999633789062,93.83999633789062,93.83999633789062,633
2023-10-13 13:09:00-04:00,93.85079956054688,93.85079956054688,93.8499984741211,93.8499984741211,93.8499984741211,1096
2023-10-13 13:10:00-04:00,93.87999725341797,93.89900207519531,93.8499984741211,93.8499984741211,93.8499984741211,903
2023-10-13 13:11:00-04:00,93.80999755859375,93.87000274658203,93.78500366210938,93.8499984741211,93.8499984741211,2226
2023-10-13 13:12:00-04:00,93.8499984741211,93.8550033569336,93.71499633789062,93.72000122070312,93.72000122070312,4501
2023-10-13 13:13:00-04:00,93.72000122070312,93.72000122070312,93.66999816894531,93.68000030517578,93.68000030517578,2610
2023-10-13 13:14:00-04:00,93.68499755859375,93.68499755859375,93.61000061035156,93.61000061035156,93.61000061035156,889
2023-10-13 13:15:00-04:00,93.61000061035156,93.63999938964844,93.58000183105469,93.63999938964844,93.63999938964844,3326
2023-10-13 13:16:00-04:00,93.63999938964844,93.68000030517578,93.63520050048828,93.63999938964844,93.63999938964844,1185
2023-10-13 13:17:00-04:00,93.62999725341797,93.66000366210938,93.62999725341797,93.66000366210938,93.66000366210938,1127
2023-10-13 13:18:00-04:00,93.69999694824219,93.7300033569336,93.69000244140625,93.71499633789062,93.71499633789062,1554
2023-10-13 13:19:00-04:00,93.69999694824219,93.7300033569336,93.69999694824219,93.69999694824219,93.69999694824219,1044
2023-10-13 13:20:00-04:00,93.69999694824219,93.72000122070312,93.69999694824219,93.72000122070312,93.72000122070312,630
2023-10-13 13:21:00-04:00,93.68000030517578,93.68000030517578,93.63999938964844,93.6500015258789,93.6500015258789,2449
2023-10-13 13:22:00-04:00,93.63999938964844,93.7249984741211,93.62999725341797,93.7249984741211,93.7249984741211,1899
2023-10-13 13:23:00-04:00,93.72859954833984,93.72859954833984,93.55999755859375,93.58000183105469,93.58000183105469,3182
2023-10-13 13:24:00-04:00,93.58999633789062,93.58999633789062,93.57640075683594,93.57640075683594,93.57640075683594,765
2023-10-13 13:25:00-04:00,93.58000183105469,93.58519744873047,93.57859802246094,93.58519744873047,93.58519744873047,960
2023-10-13 13:26:00-04:00,93.58999633789062,93.5999984741211,93.5199966430664,93.5199966430664,93.5199966430664,1884
2023-10-13 13:27:00-04:00,93.54000091552734,93.55000305175781,93.51000213623047,93.51000213623047,93.51000213623047,488
2023-10-13 13:28:00-04:00,93.5,93.5,93.5,93.5,93.5,754
2023-10-13 13:29:00-04:00,93.5,93.5,93.5,93.5,93.5,560
2023-10-13 13:30:00-04:00,93.44999694824219,93.45999908447266,93.38999938964844,93.38999938964844,93.38999938964844,1280
2023-10-13 13:31:00-04:00,93.41999816894531,93.43000030517578,93.41000366210938,93.4104995727539,93.4104995727539,1641
2023-10-13 13:33:00-04:00,93.47000122070312,93.48999786376953,93.46499633789062,93.48999786376953,93.48999786376953,1322
2023-10-13 13:34:00-04:00,93.43009948730469,93.4990005493164,93.43009948730469,93.4990005493164,93.4990005493164,982
2023-10-13 13:35:00-04:00,93.47000122070312,93.48999786376953,93.47000122070312,93.4800033569336,93.4800033569336,2150
2023-10-13 13:36:00-04:00,93.44000244140625,93.44000244140625,93.37999725341797,93.37999725341797,93.37999725341797,2291
2023-10-13 13:37:00-04:00,93.36000061035156,93.43000030517578,93.36000061035156,93.43000030517578,93.43000030517578,1763
2023-10-13 13:38:00-04:00,93.44000244140625,93.5,93.44000244140625,93.5,93.5,634
2023-10-13 13:39:00-04:00,93.48500061035156,93.50460052490234,93.47000122070312,93.50460052490234,93.50460052490234,1241
2023-10-13 13:40:00-04:00,93.5250015258789,93.56999969482422,93.5250015258789,93.55999755859375,93.55999755859375,2226
2023-10-13 13:41:00-04:00,93.62999725341797,93.63999938964844,93.62999725341797,93.63999938964844,93.63999938964844,515
2023-10-13 13:42:00-04:00,93.70999908447266,93.80999755859375,93.70999908447266,93.80999755859375,93.80999755859375,1710
2023-10-13 13:43:00-04:00,93.81999969482422,93.91999816894531,93.81999969482422,93.9000015258789,93.9000015258789,2547
2023-10-13 13:44:00-04:00,93.80999755859375,93.80999755859375,93.80999755859375,93.80999755859375,93.80999755859375,143
2023-10-13 13:45:00-04:00,93.8499984741211,93.8499984741211,93.80000305175781,93.80999755859375,93.80999755859375,1608
2023-10-13 13:46:00-04:00,93.79000091552734,93.80000305175781,93.79000091552734,93.80000305175781,93.80000305175781,472
2023-10-13 13:47:00-04:00,93.81999969482422,93.82129669189453,93.80500030517578,93.82129669189453,93.82129669189453,627
2023-10-13 13:48:00-04:00,93.7699966430664,93.7699966430664,93.73999786376953,93.73999786376953,93.73999786376953,620
2023-10-13 13:49:00-04:00,93.79000091552734,93.79000091552734,93.79000091552734,93.79000091552734,93.79000091552734,315
2023-10-13 13:50:00-04:00,93.79000091552734,93.87000274658203,93.77999877929688,93.87000274658203,93.87000274658203,969
2023-10-13 13:51:00-04:00,93.83999633789062,93.83999633789062,93.80999755859375,93.80999755859375,93.80999755859375,729
2023-10-13 13:52:00-04:00,93.80000305175781,93.80999755859375,93.80000305175781,93.80999755859375,93.80999755859375,939
2023-10-13 13:53:00-04:00,93.80999755859375,93.80999755859375,93.80000305175781,93.80000305175781,93.80000305175781,694
2023-10-13 13:54:00-04:00,93.77999877929688,93.79000091552734,93.7699966430664,93.79000091552734,93.79000091552734,833
2023-10-13 13:55:00-04:00,93.77999877929688,93.83999633789062,93.77999877929688,93.83999633789062,93.83999633789062,1085
2023-10-13 13:56:00-04:00,93.8499984741211,93.8499984741211,93.83999633789062,93.83999633789062,93.83999633789062,312
2023-10-13 13:57:00-04:00,93.83999633789062,93.83999633789062,93.78309631347656,93.78309631347656,93.78309631347656,1545
2023-10-13 13:58:00-04:00,93.80000305175781,93.83999633789062,93.80000305175781,93.81999969482422,93.81999969482422,1009
2023-10-13 14:00:00-04:00,93.76000213623047,93.76000213623047,93.76000213623047,93.76000213623047,93.76000213623047,797
2023-10-13 14:01:00-04:00,93.77999877929688,93.80999755859375,93.69000244140625,93.80999755859375,93.80999755859375,5127
2023-10-13 14:02:00-04:00,93.77999877929688,93.77999877929688,93.77999877929688,93.77999877929688,93.77999877929688,292
2023-10-13 14:03:00-04:00,93.75,93.75,93.7300033569336,93.7300033569336,93.7300033569336,569
2023-10-13 14:04:00-04:00,93.72000122070312,93.72000122070312,93.72000122070312,93.72000122070312,93.72000122070312,379
2023-10-13 14:05:00-04:00,93.7300033569336,93.80000305175781,93.7300033569336,93.80000305175781,93.80000305175781,938
2023-10-13 14:06:00-04:00,93.88999938964844,93.88999938964844,93.83999633789062,93.83999633789062,93.83999633789062,980
2023-10-13 14:07:00-04:00,93.80999755859375,93.81500244140625,93.80999755859375,93.80999755859375,93.80999755859375,648
2023-10-13 14:08:00-04:00,93.79000091552734,93.86000061035156,93.79000091552734,93.83999633789062,93.83999633789062,1517
2023-10-13 14:09:00-04:00,93.83999633789062,93.83999633789062,93.83999633789062,93.83999633789062,93.83999633789062,457
2023-10-13 14:10:00-04:00,93.83000183105469,93.83000183105469,93.81999969482422,93.83000183105469,93.83000183105469,1357
2023-10-13 14:11:00-04:00,93.86000061035156,93.87000274658203,93.86000061035156,93.87000274658203,93.87000274658203,575
2023-10-13 14:12:00-04:00,93.88500213623047,93.91999816894531,93.88500213623047,93.91000366210938,93.91000366210938,666
2023-10-13 14:13:00-04:00,93.94000244140625,93.94439697265625,93.9000015258789,93.9000015258789,93.9000015258789,1357
2023-10-13 14:14:00-04:00,93.91000366210938,93.91500091552734,93.88999938964844,93.88999938964844,93.88999938964844,1091
2023-10-13 14:15:00-04:00,93.86499786376953,93.86499786376953,93.80999755859375,93.8499984741211,93.8499984741211,3386
2023-10-13 14:16:00-04:00,93.86000061035156,93.86000061035156,93.83999633789062,93.83999633789062,93.83999633789062,989
2023-10-13 14:17:00-04:00,93.83999633789062,93.88999938964844,93.83999633789062,93.88999938964844,93.88999938964844,2506
2023-10-13 14:18:00-04:00,93.91000366210938,93.92900085449219,93.91000366210938,93.91999816894531,93.91999816894531,742
2023-10-13 14:19:00-04:00,93.91000366210938,93.92369842529297,93.88999938964844,93.9000015258789,93.9000015258789,1405
2023-10-13 14:20:00-04:00,93.88999938964844,93.91000366210938,93.88999938964844,93.91000366210938,93.91000366210938,553
2023-10-13 14:21:00-04:00,93.94999694824219,93.95999908447266,93.94999694824219,93.95999908447266,93.95999908447266,838
2023-10-13 14:22:00-04:00,93.95500183105469,93.9800033569336,93.95500183105469,93.97930145263672,93.97930145263672,1459
2023-10-13 14:23:00-04:00,94.0,94.0,93.98999786376953,94.0,94.0,1764
2023-10-13 14:24:00-04:00,94.0,94.0,93.9800033569336,93.9800033569336,93.9800033569336,1424
2023-10-13 14:25:00-04:00,93.94499969482422,93.94499969482422,93.94000244140625,93.94000244140625,93.94000244140625,367
2023-10-13 14:26:00-04:00,93.91000366210938,93.91000366210938,93.87000274658203,93.87000274658203,93.87000274658203,1136
2023-10-13 14:27:00-04:00,93.87999725341797,93.87999725341797,93.86000061035156,93.86000061035156,93.86000061035156,864
2023-10-13 14:28:00-04:00,93.875,93.91000366210938,93.875,93.90499877929688,93.90499877929688,1589
2023-10-13 14:29:00-04:00,93.91310119628906,93.94999694824219,93.8949966430664,93.94999694824219,93.94999694824219,2246
2023-10-13 14:30:00-04:00,93.94000244140625,94.0199966430664,93.94000244140625,94.01000213623047,94.01000213623047,2047
2023-10-13 14:31:00-04:00,94.0,94.11000061035156,94.0,94.07499694824219,94.07499694824219,3831
2023-10-13 14:32:00-04:00,94.05999755859375,94.1500015258789,94.05599975585938,94.1500015258789,94.1500015258789,13673
2023-10-13 14:33:00-04:00,94.1500015258789,94.16000366210938,94.1500015258789,94.16000366210938,94.16000366210938,1601
2023-10-13 14:34:00-04:00,94.13999938964844,94.14800262451172,94.12999725341797,94.14800262451172,94.14800262451172,654
2023-10-13 14:35:00-04:00,94.13140106201172,94.13999938964844,94.04000091552734,94.04000091552734,94.04000091552734,1781
2023-10-13 14:36:00-04:00,93.89749908447266,93.89749908447266,93.89749908447266,93.89749908447266,93.89749908447266,574
2023-10-13 14:37:00-04:00,93.87999725341797,93.93000030517578,93.87200164794922,93.91000366210938,93.91000366210938,1809
2023-10-13 14:38:00-04:00,93.86000061035156,93.86000061035156,93.83999633789062,93.8550033569336,93.8550033569336,1199
2023-10-13 14:39:00-04:00,93.9000015258789,93.90029907226562,93.88999938964844,93.90029907226562,93.90029907226562,999
2023-10-13 14:40:00-04:00,93.87999725341797,93.88999938964844,93.86000061035156,93.86000061035156,93.86000061035156,1176
2023-10-13 14:41:00-04:00,93.83000183105469,93.88999938964844,93.83000183105469,93.83000183105469,93.83000183105469,2234
2023-10-13 14:42:00-04:00,93.87999725341797,93.9198989868164,93.87999725341797,93.9198989868164,93.9198989868164,1225
2023-10-13 14:43:00-04:00,93.80999755859375,93.83499908447266,93.80999755859375,93.83499908447266,93.83499908447266,897
2023-10-13 14:44:00-04:00,93.79000091552734,93.79000091552734,93.7699966430664,93.7699966430664,93.7699966430664,711
2023-10-13 14:45:00-04:00,93.77999877929688,93.77999877929688,93.75,93.75,93.75,1187
2023-10-13 14:46:00-04:00,93.7300033569336,93.7300033569336,93.70999908447266,93.72000122070312,93.72000122070312,914
2023-10-13 14:47:00-04:00,93.7699966430664,93.7699966430664,93.68000030517578,93.70999908447266,93.70999908447266,1794
2023-10-13 14:48:00-04:00,93.69000244140625,93.72000122070312,93.67250061035156,93.67250061035156,93.67250061035156,1291
2023-10-13 14:49:00-04:00,93.69999694824219,93.72000122070312,93.69000244140625,93.71499633789062,93.71499633789062,1579
2023-10-13 14:50:00-04:00,93.70999908447266,93.7699966430664,93.69000244140625,93.75,93.75,2565
2023-10-13 14:51:00-04:00,93.7699966430664,93.77999877929688,93.74299621582031,93.77999877929688,93.77999877929688,1031
2023-10-13 14:52:00-04:00,93.80999755859375,93.8499984741211,93.80000305175781,93.8239974975586,93.8239974975586,2313
2023-10-13 14:53:00-04:00,93.8499984741211,93.87999725341797,93.8499984741211,93.87000274658203,93.87000274658203,1112
2023-10-13 14:54:00-04:00,93.88999938964844,93.88999938964844,93.88999938964844,93.88999938964844,93.88999938964844,403
2023-10-13 14:55:00-04:00,93.87999725341797,93.87999725341797,93.83999633789062,93.8499984741211,93.8499984741211,2552
2023-10-13 14:56:00-04:00,93.86000061035156,93.86000061035156,93.80000305175781,93.81999969482422,93.81999969482422,2091
2023-10-13 14:57:00-04:00,93.83000183105469,93.84300231933594,93.80999755859375,93.84300231933594,93.84300231933594,1754
2023-10-13 14:58:00-04:00,93.83000183105469,93.86000061035156,93.83000183105469,93.86000061035156,93.86000061035156,1535
2023-10-13 14:59:00-04:00,93.87999725341797,93.93000030517578,93.87999725341797,93.91000366210938,93.91000366210938,1485
2023-10-13 15:00:00-04:00,93.93000030517578,93.93000030517578,93.87999725341797,93.87999725341797,93.87999725341797,3440
2023-10-13 15:01:00-04:00,93.91000366210938,93.93000030517578,93.9020004272461,93.93000030517578,93.93000030517578,1348
2023-10-13 15:02:00-04:00,93.9800033569336,93.98999786376953,93.94499969482422,93.94499969482422,93.94499969482422,1399
2023-10-13 15:03:00-04:00,93.9800033569336,93.9800033569336,93.94499969482422,93.94499969482422,93.94499969482422,1216
2023-10-13 15:04:00-04:00,93.93150329589844,93.95999908447266,93.93000030517578,93.93000030517578,93.93000030517578,2076
2023-10-13 15:05:00-04:00,93.93000030517578,93.9448013305664,93.91000366210938,93.91000366210938,93.91000366210938,2787
2023-10-13 15:06:00-04:00,93.87000274658203,93.87000274658203,93.79000091552734,93.80500030517578,93.80500030517578,3278
2023-10-13 15:07:00-04:00,93.83000183105469,93.94000244140625,93.83000183105469,93.9000015258789,93.9000015258789,2979
2023-10-13 15:08:00-04:00,93.94000244140625,93.94000244140625,93.875,93.9000015258789,93.9000015258789,2438
2023-10-13 15:09:00-04:00,93.91000366210938,93.91000366210938,93.88999938964844,93.90499877929688,93.90499877929688,1146
2023-10-13 15:10:00-04:00,93.90499877929688,93.94000244140625,93.87999725341797,93.91999816894531,93.91999816894531,5667
2023-10-13 15:11:00-04:00,93.91999816894531,93.94000244140625,93.91500091552734,93.94000244140625,93.94000244140625,674
2023-10-13 15:12:00-04:00,93.94000244140625,94.05000305175781,93.94000244140625,94.0199966430664,94.0199966430664,5600
2023-10-13 15:13:00-04:00,94.05000305175781,94.08000183105469,94.03250122070312,94.03250122070312,94.03250122070312,1710
2023-10-13 15:14:00-04:00,94.06999969482422,94.06999969482422,94.05000305175781,94.06500244140625,94.06500244140625,986
2023-10-13 15:15:00-04:00,94.05000305175781,94.0999984741211,94.0199966430664,94.0199966430664,94.0199966430664,8289
2023-10-13 15:16:00-04:00,94.04000091552734,94.06500244140625,94.04000091552734,94.06500244140625,94.06500244140625,1634
2023-10-13 15:17:00-04:00,94.02999877929688,94.02999877929688,93.9800033569336,93.9800033569336,93.9800033569336,974
2023-10-13 15:18:00-04:00,94.0,94.02999877929688,93.97000122070312,93.97000122070312,93.97000122070312,3884
2023-10-13 15:19:00-04:00,93.9800033569336,93.9800033569336,93.8915023803711,93.91999816894531,93.91999816894531,1771
2023-10-13 15:20:00-04:00,93.91000366210938,93.91000366210938,93.88999938964844,93.91000366210938,93.91000366210938,1241
2023-10-13 15:21:00-04:00,93.87999725341797,93.93000030517578,93.87000274658203,93.93000030517578,93.93000030517578,1898
2023-10-13 15:22:00-04:00,93.96499633789062,93.96499633789062,93.91999816894531,93.94999694824219,93.94999694824219,3095
2023-10-13 15:23:00-04:00,93.91000366210938,93.93000030517578,93.9000015258789,93.90499877929688,93.90499877929688,1971
2023-10-13 15:24:00-04:00,93.91000366210938,93.93000030517578,93.88999938964844,93.91000366210938,93.91000366210938,1787
2023-10-13 15:25:00-04:00,93.91999816894531,93.91999816894531,93.9000015258789,93.91999816894531,93.91999816894531,1423
2023-10-13 15:26:00-04:00,93.9000015258789,93.9000015258789,93.87999725341797,93.87999725341797,93.87999725341797,651
2023-10-13 15:27:00-04:00,93.8499984741211,93.86000061035156,93.83000183105469,93.83000183105469,93.83000183105469,1909
2023-10-13 15:28:00-04:00,93.81999969482422,93.83999633789062,93.7699966430664,93.7699966430664,93.7699966430664,2799
2023-10-13 15:29:00-04:00,93.81999969482422,93.81999969482422,93.77999877929688,93.80999755859375,93.80999755859375,2540
2023-10-13 15:30:00-04:00,93.83999633789062,93.94000244140625,93.83999633789062,93.91500091552734,93.91500091552734,2133
2023-10-13 15:31:00-04:00,93.9000015258789,93.91999816894531,93.89099884033203,93.91999816894531,93.91999816894531,2648
2023-10-13 15:32:00-04:00,93.94000244140625,93.98999786376953,93.93000030517578,93.97000122070312,93.97000122070312,4856
2023-10-13 15:33:00-04:00,93.94999694824219,93.9800033569336,93.91999816894531,93.91999816894531,93.91999816894531,2138
2023-10-13 15:34:00-04:00,93.92330169677734,93.94000244140625,93.85140228271484,93.85140228271484,93.85140228271484,3264
2023-10-13 15:35:00-04:00,93.8499984741211,93.87999725341797,93.81999969482422,93.81999969482422,93.81999969482422,2226
2023-10-13 15:36:00-04:00,93.81999969482422,93.81999969482422,93.80000305175781,93.80290222167969,93.80290222167969,3275
2023-10-13 15:37:00-04:00,93.80999755859375,93.81999969482422,93.79000091552734,93.79000091552734,93.79000091552734,1756
2023-10-13 15:38:00-04:00,93.77999877929688,93.83000183105469,93.77999877929688,93.80999755859375,93.80999755859375,4768
2023-10-13 15:39:00-04:00,93.79000091552734,93.79000091552734,93.7300033569336,93.7699966430664,93.7699966430664,6529
2023-10-13 15:40:00-04:00,93.76000213623047,93.77999877929688,93.7300033569336,93.77010345458984,93.77010345458984,7330
2023-10-13 15:41:00-04:00,93.77999877929688,93.83000183105469,93.7699966430664,93.7699966430664,93.7699966430664,3839
2023-10-13 15:42:00-04:00,93.76000213623047,93.76000213623047,93.72000122070312,93.75,93.75,4609
2023-10-13 15:43:00-04:00,93.73999786376953,93.76000213623047,93.70999908447266,93.70999908447266,93.70999908447266,2150
2023-10-13 15:44:00-04:00,93.68000030517578,93.68000030517578,93.63999938964844,93.66999816894531,93.66999816894531,2509
2023-10-13 15:45:00-04:00,93.68499755859375,93.7300033569336,93.68000030517578,93.72000122070312,93.72000122070312,5568
2023-10-13 15:46:00-04:00,93.70999908447266,93.75,93.68000030517578,93.68000030517578,93.68000030517578,6341
2023-10-13 15:47:00-04:00,93.68000030517578,93.7300033569336,93.68000030517578,93.7300033569336,93.7300033569336,3117
2023-10-13 15:48:00-04:00,93.72000122070312,93.79000091552734,93.70999908447266,93.79000091552734,93.79000091552734,4661
2023-10-13 15:49:00-04:00,93.77999877929688,93.80000305175781,93.75,93.79000091552734,93.79000091552734,3601
2023-10-13 15:50:00-04:00,93.77999877929688,93.81999969482422,93.69000244140625,93.77999877929688,93.77999877929688,9684
2023-10-13 15:51:00-04:00,93.75499725341797,93.80000305175781,93.73999786376953,93.7699966430664,93.7699966430664,5958
2023-10-13 15:52:00-04:00,93.77999877929688,93.8499984741211,93.77999877929688,93.80999755859375,93.80999755859375,4728
2023-10-13 15:53:00-04:00,93.81999969482422,93.87000274658203,93.80000305175781,93.83000183105469,93.83000183105469,9198
2023-10-13 15:54:00-04:00,93.83000183105469,93.89900207519531,93.81999969482422,93.89900207519531,93.89900207519531,7516
2023-10-13 15:55:00-04:00,93.88999938964844,93.88999938964844,93.77999877929688,93.83000183105469,93.83000183105469,11604
2023-10-13 15:56:00-04:00,93.83000183105469,93.9000015258789,93.81999969482422,93.88999938964844,93.88999938964844,7989
2023-10-13 15:57:00-04:00,93.9000015258789,93.9000015258789,93.86000061035156,93.88999938964844,93.88999938964844,10367
2023-10-13 15:58:00-04:00,93.9000015258789,93.91000366210938,93.83000183105469,93.83000183105469,93.83000183105469,13459
2023-10-13 15:59:00-04:00,93.83000183105469,93.88999938964844,93.77999877929688,93.87999725341797,93.87999725341797,36175
