Date,Open,High,Low,Close,Adj Close,Volume
2024-02-22 09:30:00-05:00,50.29999923706055,50.29999923706055,49.779998779296875,49.779998779296875,49.779998779296875,13460
2024-02-22 09:31:00-05:00,49.790000915527344,49.84000015258789,49.43000030517578,49.61000061035156,49.61000061035156,7073
2024-02-22 09:32:00-05:00,49.65999984741211,49.75749969482422,49.65999984741211,49.72999954223633,49.72999954223633,2634
2024-02-22 09:33:00-05:00,49.54499816894531,49.57500076293945,49.5099983215332,49.5099983215332,49.5099983215332,1636
2024-02-22 09:34:00-05:00,49.4900016784668,49.4900016784668,49.369998931884766,49.369998931884766,49.369998931884766,3361
2024-02-22 09:35:00-05:00,49.41999816894531,49.5,49.41999816894531,49.45000076293945,49.45000076293945,2652
2024-02-22 09:36:00-05:00,49.41999816894531,49.41999816894531,49.310001373291016,49.32500076293945,49.32500076293945,3579
2024-02-22 09:37:00-05:00,49.310001373291016,49.33000183105469,49.290000915527344,49.33000183105469,49.33000183105469,2505
2024-02-22 09:38:00-05:00,49.34000015258789,49.34000015258789,49.2400016784668,49.2400016784668,49.2400016784668,2801
2024-02-22 09:39:00-05:00,49.27000045776367,49.290000915527344,49.209999084472656,49.209999084472656,49.209999084472656,2816
2024-02-22 09:40:00-05:00,49.15999984741211,49.18000030517578,49.09000015258789,49.16999816894531,49.16999816894531,7966
2024-02-22 09:41:00-05:00,49.209999084472656,49.290000915527344,49.20000076293945,49.290000915527344,49.290000915527344,2086
2024-02-22 09:42:00-05:00,49.25,49.290000915527344,49.25,49.290000915527344,49.290000915527344,1556
2024-02-22 09:43:00-05:00,49.29999923706055,49.38999938964844,49.29999923706055,49.34000015258789,49.34000015258789,2818
2024-02-22 09:44:00-05:00,49.369998931884766,49.380001068115234,49.290000915527344,49.30500030517578,49.30500030517578,6256
2024-02-22 09:45:00-05:00,49.34000015258789,49.475399017333984,49.34000015258789,49.369998931884766,49.369998931884766,2873
2024-02-22 09:46:00-05:00,49.375,49.375,49.31999969482422,49.31999969482422,49.31999969482422,1218
2024-02-22 09:47:00-05:00,49.31999969482422,49.31999969482422,49.2400016784668,49.279998779296875,49.279998779296875,5022
2024-02-22 09:48:00-05:00,49.310001373291016,49.459999084472656,49.310001373291016,49.45000076293945,49.45000076293945,4737
2024-02-22 09:49:00-05:00,49.47999954223633,49.5099983215332,49.47999954223633,49.47999954223633,49.47999954223633,1225
2024-02-22 09:50:00-05:00,49.470001220703125,49.61000061035156,49.470001220703125,49.61000061035156,49.61000061035156,1118
2024-02-22 09:51:00-05:00,49.58000183105469,49.66999816894531,49.58000183105469,49.630001068115234,49.630001068115234,980
2024-02-22 09:52:00-05:00,49.689998626708984,49.689998626708984,49.64500045776367,49.64500045776367,49.64500045776367,961
2024-02-22 09:53:00-05:00,49.60499954223633,49.79999923706055,49.60499954223633,49.79999923706055,49.79999923706055,1433
2024-02-22 09:54:00-05:00,49.81999969482422,49.88019943237305,49.790000915527344,49.88019943237305,49.88019943237305,1782
2024-02-22 09:55:00-05:00,49.880001068115234,49.970001220703125,49.880001068115234,49.95000076293945,49.95000076293945,1614
2024-02-22 09:56:00-05:00,49.95000076293945,49.95000076293945,49.91999816894531,49.95000076293945,49.95000076293945,850
2024-02-22 09:57:00-05:00,49.9900016784668,50.029998779296875,49.974998474121094,49.974998474121094,49.974998474121094,1477
2024-02-22 09:58:00-05:00,49.97999954223633,50.08000183105469,49.970001220703125,50.064998626708984,50.064998626708984,6951
2024-02-22 09:59:00-05:00,50.09000015258789,50.09000015258789,49.97999954223633,49.97999954223633,49.97999954223633,1427
2024-02-22 10:00:00-05:00,50.005001068115234,50.06999969482422,50.005001068115234,50.0099983215332,50.0099983215332,2396
2024-02-22 10:01:00-05:00,50.02000045776367,50.04999923706055,50.0,50.0,50.0,971
2024-02-22 10:02:00-05:00,50.029998779296875,50.14500045776367,50.029998779296875,50.119998931884766,50.119998931884766,3087
2024-02-22 10:03:00-05:00,50.099998474121094,50.099998474121094,50.03499984741211,50.03499984741211,50.03499984741211,6410
2024-02-22 10:04:00-05:00,50.09000015258789,50.13999938964844,50.09000015258789,50.119998931884766,50.119998931884766,1143
2024-02-22 10:05:00-05:00,50.119998931884766,50.13999938964844,50.09000015258789,50.13999938964844,50.13999938964844,1686
2024-02-22 10:06:00-05:00,50.209999084472656,50.209999084472656,50.11000061035156,50.11000061035156,50.11000061035156,3322
2024-02-22 10:07:00-05:00,50.11000061035156,50.119998931884766,50.099998474121094,50.099998474121094,50.099998474121094,1407
2024-02-22 10:08:00-05:00,50.119998931884766,50.119998931884766,50.04999923706055,50.04999923706055,50.04999923706055,2049
2024-02-22 10:09:00-05:00,50.08000183105469,50.08000183105469,50.005001068115234,50.005001068115234,50.005001068115234,1130
2024-02-22 10:10:00-05:00,49.9900016784668,49.9900016784668,49.90999984741211,49.939998626708984,49.939998626708984,1909
2024-02-22 10:11:00-05:00,49.93000030517578,49.939998626708984,49.90999984741211,49.939998626708984,49.939998626708984,471
2024-02-22 10:12:00-05:00,49.91999816894531,49.959999084472656,49.90999984741211,49.959999084472656,49.959999084472656,1745
2024-02-22 10:13:00-05:00,49.970001220703125,49.97999954223633,49.932498931884766,49.932498931884766,49.932498931884766,870
2024-02-22 10:14:00-05:00,49.91999816894531,49.91999816894531,49.91999816894531,49.91999816894531,49.91999816894531,859
2024-02-22 10:15:00-05:00,49.90999984741211,49.93000030517578,49.90999984741211,49.93000030517578,49.93000030517578,998
2024-02-22 10:16:00-05:00,49.939998626708984,49.939998626708984,49.915000915527344,49.915000915527344,49.915000915527344,1260
2024-02-22 10:17:00-05:00,49.91999816894531,49.96500015258789,49.91999816894531,49.95000076293945,49.95000076293945,2473
2024-02-22 10:18:00-05:00,49.935001373291016,49.935001373291016,49.84000015258789,49.84000015258789,49.84000015258789,2871
2024-02-22 10:19:00-05:00,49.79999923706055,49.83000183105469,49.79999923706055,49.81999969482422,49.81999969482422,855
2024-02-22 10:20:00-05:00,49.79999923706055,49.810001373291016,49.775001525878906,49.810001373291016,49.810001373291016,2823
2024-02-22 10:21:00-05:00,49.79999923706055,49.79999923706055,49.7599983215332,49.7599983215332,49.7599983215332,1029
2024-02-22 10:22:00-05:00,49.7599983215332,49.77000045776367,49.72999954223633,49.75,49.75,2771
2024-02-22 10:23:00-05:00,49.77000045776367,49.814998626708984,49.72999954223633,49.814998626708984,49.814998626708984,6553
2024-02-22 10:24:00-05:00,49.810001373291016,49.86000061035156,49.79999923706055,49.849998474121094,49.849998474121094,2120
2024-02-22 10:25:00-05:00,49.849998474121094,49.849998474121094,49.79999923706055,49.81999969482422,49.81999969482422,2007
2024-02-22 10:26:00-05:00,49.82109832763672,49.82109832763672,49.75,49.75,49.75,4392
2024-02-22 10:27:00-05:00,49.72999954223633,49.77000045776367,49.72999954223633,49.77000045776367,49.77000045776367,830
2024-02-22 10:28:00-05:00,49.77000045776367,49.810001373291016,49.77000045776367,49.810001373291016,49.810001373291016,2706
2024-02-22 10:29:00-05:00,49.79999923706055,49.849998474121094,49.79999923706055,49.849998474121094,49.849998474121094,1836
2024-02-22 10:30:00-05:00,49.810001373291016,49.810001373291016,49.79999923706055,49.810001373291016,49.810001373291016,1304
2024-02-22 10:31:00-05:00,49.81589889526367,49.849998474121094,49.81589889526367,49.849998474121094,49.849998474121094,1675
2024-02-22 10:32:00-05:00,49.81999969482422,49.88999938964844,49.81999969482422,49.88999938964844,49.88999938964844,2100
2024-02-22 10:33:00-05:00,49.88999938964844,49.91999816894531,49.880001068115234,49.91999816894531,49.91999816894531,2248
2024-02-22 10:34:00-05:00,49.93000030517578,50.02000045776367,49.90999984741211,50.005001068115234,50.005001068115234,2954
2024-02-22 10:35:00-05:00,50.005001068115234,50.005001068115234,49.93000030517578,49.939998626708984,49.939998626708984,2217
2024-02-22 10:36:00-05:00,49.93000030517578,49.95000076293945,49.93000030517578,49.95000076293945,49.95000076293945,442
2024-02-22 10:37:00-05:00,49.91999816894531,49.93000030517578,49.87910079956055,49.900001525878906,49.900001525878906,2805
2024-02-22 10:38:00-05:00,49.90999984741211,49.90999984741211,49.900001525878906,49.900001525878906,49.900001525878906,957
2024-02-22 10:39:00-05:00,49.90999984741211,49.90999984741211,49.88999938964844,49.88999938964844,49.88999938964844,1988
2024-02-22 10:40:00-05:00,49.88999938964844,49.900001525878906,49.869998931884766,49.900001525878906,49.900001525878906,2112
2024-02-22 10:41:00-05:00,49.88999938964844,49.900001525878906,49.849998474121094,49.849998474121094,49.849998474121094,945
2024-02-22 10:42:00-05:00,49.84000015258789,49.89500045776367,49.84000015258789,49.89500045776367,49.89500045776367,2446
2024-02-22 10:43:00-05:00,49.88999938964844,49.900001525878906,49.880001068115234,49.89500045776367,49.89500045776367,1208
2024-02-22 10:44:00-05:00,49.88999938964844,49.89500045776367,49.810001373291016,49.810001373291016,49.810001373291016,3350
2024-02-22 10:45:00-05:00,49.80500030517578,49.83000183105469,49.80500030517578,49.814998626708984,49.814998626708984,2082
2024-02-22 10:46:00-05:00,49.810001373291016,49.81999969482422,49.79999923706055,49.810001373291016,49.810001373291016,3072
2024-02-22 10:47:00-05:00,49.83000183105469,49.84000015258789,49.779998779296875,49.78499984741211,49.78499984741211,3785
2024-02-22 10:48:00-05:00,49.779998779296875,49.790000915527344,49.7400016784668,49.744998931884766,49.744998931884766,8331
2024-02-22 10:49:00-05:00,49.7400016784668,49.79499816894531,49.73500061035156,49.779998779296875,49.779998779296875,3121
2024-02-22 10:50:00-05:00,49.790000915527344,49.811500549316406,49.77000045776367,49.77000045776367,49.77000045776367,3803
2024-02-22 10:51:00-05:00,49.77000045776367,49.775001525878906,49.7400016784668,49.7599983215332,49.7599983215332,2659
2024-02-22 10:52:00-05:00,49.7599983215332,49.790000915527344,49.7599983215332,49.78499984741211,49.78499984741211,1955
2024-02-22 10:53:00-05:00,49.79999923706055,49.79999923706055,49.78499984741211,49.78499984741211,49.78499984741211,1172
2024-02-22 10:54:00-05:00,49.779998779296875,49.83000183105469,49.779998779296875,49.83000183105469,49.83000183105469,6147
2024-02-22 10:55:00-05:00,49.849998474121094,49.8650016784668,49.84000015258789,49.8650016784668,49.8650016784668,2181
2024-02-22 10:56:00-05:00,49.8849983215332,49.88999938964844,49.86399841308594,49.86399841308594,49.86399841308594,2125
2024-02-22 10:57:00-05:00,49.849998474121094,49.849998474121094,49.84000015258789,49.845001220703125,49.845001220703125,960
2024-02-22 10:58:00-05:00,49.845001220703125,49.849998474121094,49.845001220703125,49.845001220703125,49.845001220703125,1092
2024-02-22 10:59:00-05:00,49.84000015258789,49.86000061035156,49.81999969482422,49.82500076293945,49.82500076293945,3167
2024-02-22 11:00:00-05:00,49.814998626708984,49.849998474121094,49.79999923706055,49.79999923706055,49.79999923706055,8440
2024-02-22 11:01:00-05:00,49.79999923706055,49.81999969482422,49.79999923706055,49.81999969482422,49.81999969482422,1073
2024-02-22 11:02:00-05:00,49.83000183105469,49.83000183105469,49.82500076293945,49.82500076293945,49.82500076293945,1001
2024-02-22 11:03:00-05:00,49.83000183105469,49.900001525878906,49.83000183105469,49.900001525878906,49.900001525878906,1195
2024-02-22 11:04:00-05:00,49.91999816894531,49.91999816894531,49.869998931884766,49.869998931884766,49.869998931884766,1649
2024-02-22 11:05:00-05:00,49.84000015258789,49.84000015258789,49.81999969482422,49.82500076293945,49.82500076293945,3602
2024-02-22 11:06:00-05:00,49.79999923706055,49.810001373291016,49.79499816894531,49.810001373291016,49.810001373291016,2461
2024-02-22 11:08:00-05:00,49.81999969482422,49.849998474121094,49.81999969482422,49.84000015258789,49.84000015258789,2317
2024-02-22 11:09:00-05:00,49.849998474121094,49.900001525878906,49.849998474121094,49.892398834228516,49.892398834228516,1877
2024-02-22 11:10:00-05:00,49.90999984741211,49.91999816894531,49.90999984741211,49.91999816894531,49.91999816894531,395
2024-02-22 11:11:00-05:00,49.91999816894531,49.91999816894531,49.88999938964844,49.89500045776367,49.89500045776367,1565
2024-02-22 11:12:00-05:00,49.87670135498047,49.900001525878906,49.87670135498047,49.900001525878906,49.900001525878906,2304
2024-02-22 11:13:00-05:00,49.900001525878906,49.93000030517578,49.900001525878906,49.93000030517578,49.93000030517578,570
2024-02-22 11:14:00-05:00,49.935001373291016,49.935001373291016,49.90999984741211,49.93000030517578,49.93000030517578,1424
2024-02-22 11:15:00-05:00,49.93000030517578,49.970001220703125,49.93000030517578,49.970001220703125,49.970001220703125,813
2024-02-22 11:16:00-05:00,49.970001220703125,49.970001220703125,49.95000076293945,49.95199966430664,49.95199966430664,1756
2024-02-22 11:17:00-05:00,49.93000030517578,49.93000030517578,49.88999938964844,49.89500045776367,49.89500045776367,2373
2024-02-22 11:18:00-05:00,49.900001525878906,49.900001525878906,49.89500045776367,49.89500045776367,49.89500045776367,1381
2024-02-22 11:19:00-05:00,49.89500045776367,49.89500045776367,49.880001068115234,49.880001068115234,49.880001068115234,952
2024-02-22 11:20:00-05:00,49.849998474121094,49.849998474121094,49.81999969482422,49.81999969482422,49.81999969482422,1934
2024-02-22 11:21:00-05:00,49.84000015258789,49.89500045776367,49.84000015258789,49.89500045776367,49.89500045776367,1989
2024-02-22 11:22:00-05:00,49.89500045776367,49.900001525878906,49.884300231933594,49.900001525878906,49.900001525878906,896
2024-02-22 11:23:00-05:00,49.915000915527344,49.915000915527344,49.849998474121094,49.849998474121094,49.849998474121094,1592
2024-02-22 11:24:00-05:00,49.85499954223633,49.86000061035156,49.84049987792969,49.86000061035156,49.86000061035156,2943
2024-02-22 11:25:00-05:00,49.849998474121094,49.849998474121094,49.84000015258789,49.849998474121094,49.849998474121094,638
2024-02-22 11:26:00-05:00,49.86000061035156,49.88999938964844,49.86000061035156,49.88999938964844,49.88999938964844,1157
2024-02-22 11:27:00-05:00,49.900001525878906,49.93000030517578,49.900001525878906,49.93000030517578,49.93000030517578,952
2024-02-22 11:28:00-05:00,49.90999984741211,49.90999984741211,49.900001525878906,49.900001525878906,49.900001525878906,834
2024-02-22 11:29:00-05:00,49.939998626708984,49.939998626708984,49.89500045776367,49.904998779296875,49.904998779296875,2126
2024-02-22 11:30:00-05:00,49.91999816894531,49.91999816894531,49.8849983215332,49.88999938964844,49.88999938964844,1965
2024-02-22 11:31:00-05:00,49.86000061035156,49.86000061035156,49.86000061035156,49.86000061035156,49.86000061035156,100
2024-02-22 11:32:00-05:00,49.869998931884766,49.88999938964844,49.849998474121094,49.88999938964844,49.88999938964844,1728
2024-02-22 11:33:00-05:00,49.8650016784668,49.869998931884766,49.86000061035156,49.869998931884766,49.869998931884766,1163
2024-02-22 11:34:00-05:00,49.88999938964844,49.900001525878906,49.88999938964844,49.88999938964844,49.88999938964844,1311
2024-02-22 11:35:00-05:00,49.88999938964844,49.900001525878906,49.881900787353516,49.900001525878906,49.900001525878906,778
2024-02-22 11:36:00-05:00,49.91999816894531,49.91999816894531,49.91999816894531,49.91999816894531,49.91999816894531,167
2024-02-22 11:37:00-05:00,49.90999984741211,49.90999984741211,49.87030029296875,49.87030029296875,49.87030029296875,922
2024-02-22 11:38:00-05:00,49.88999938964844,49.91999816894531,49.88999938964844,49.91999816894531,49.91999816894531,2039
2024-02-22 11:39:00-05:00,49.939998626708984,49.959999084472656,49.939998626708984,49.959999084472656,49.959999084472656,1392
2024-02-22 11:40:00-05:00,49.93000030517578,49.93000030517578,49.93000030517578,49.93000030517578,49.93000030517578,581
2024-02-22 11:41:00-05:00,49.900001525878906,49.900001525878906,49.900001525878906,49.900001525878906,49.900001525878906,127
2024-02-22 11:42:00-05:00,49.900001525878906,49.900001525878906,49.869998931884766,49.869998931884766,49.869998931884766,1217
2024-02-22 11:43:00-05:00,49.900001525878906,49.93000030517578,49.900001525878906,49.93000030517578,49.93000030517578,2362
2024-02-22 11:44:00-05:00,49.91999816894531,49.91999816894531,49.90999984741211,49.90999984741211,49.90999984741211,756
2024-02-22 11:45:00-05:00,49.90999984741211,49.90999984741211,49.88999938964844,49.900001525878906,49.900001525878906,2812
2024-02-22 11:46:00-05:00,49.869998931884766,49.869998931884766,49.849998474121094,49.86000061035156,49.86000061035156,1071
2024-02-22 11:48:00-05:00,49.834999084472656,49.834999084472656,49.790000915527344,49.810001373291016,49.810001373291016,5041
2024-02-22 11:49:00-05:00,49.81999969482422,49.83000183105469,49.810699462890625,49.81999969482422,49.81999969482422,1158
2024-02-22 11:50:00-05:00,49.84000015258789,49.875,49.84000015258789,49.869998931884766,49.869998931884766,1261
2024-02-22 11:51:00-05:00,49.869998931884766,49.869998931884766,49.869998931884766,49.869998931884766,49.869998931884766,524
2024-02-22 11:52:00-05:00,49.86000061035156,49.86000061035156,49.849998474121094,49.85499954223633,49.85499954223633,919
2024-02-22 11:53:00-05:00,49.849998474121094,49.849998474121094,49.84000015258789,49.849998474121094,49.849998474121094,1490
2024-02-22 11:54:00-05:00,49.83000183105469,49.83000183105469,49.83000183105469,49.83000183105469,49.83000183105469,560
2024-02-22 11:55:00-05:00,49.84000015258789,49.84000015258789,49.810001373291016,49.83000183105469,49.83000183105469,2394
2024-02-22 11:56:00-05:00,49.83000183105469,49.869998931884766,49.83000183105469,49.86000061035156,49.86000061035156,3211
2024-02-22 11:57:00-05:00,49.83000183105469,49.83000183105469,49.810001373291016,49.810001373291016,49.810001373291016,622
2024-02-22 11:58:00-05:00,49.814998626708984,49.814998626708984,49.814998626708984,49.814998626708984,49.814998626708984,252
2024-02-22 11:59:00-05:00,49.810001373291016,49.810001373291016,49.790000915527344,49.810001373291016,49.810001373291016,1401
2024-02-22 12:00:00-05:00,49.79999923706055,49.79999923706055,49.790000915527344,49.79999923706055,49.79999923706055,2179
2024-02-22 12:01:00-05:00,49.79999923706055,49.81999969482422,49.79999923706055,49.81999969482422,49.81999969482422,1489
2024-02-22 12:02:00-05:00,49.82500076293945,49.84000015258789,49.82500076293945,49.83000183105469,49.83000183105469,459
2024-02-22 12:03:00-05:00,49.845001220703125,49.845001220703125,49.83000183105469,49.83000183105469,49.83000183105469,643
2024-02-22 12:04:00-05:00,49.83000183105469,49.83000183105469,49.83000183105469,49.83000183105469,49.83000183105469,264
2024-02-22 12:05:00-05:00,49.839900970458984,49.839900970458984,49.83000183105469,49.83000183105469,49.83000183105469,1157
2024-02-22 12:06:00-05:00,49.81999969482422,49.84000015258789,49.810001373291016,49.84000015258789,49.84000015258789,3789
2024-02-22 12:07:00-05:00,49.86000061035156,49.86000061035156,49.86000061035156,49.86000061035156,49.86000061035156,119
2024-02-22 12:08:00-05:00,49.86000061035156,49.86000061035156,49.84000015258789,49.845001220703125,49.845001220703125,1665
2024-02-22 12:09:00-05:00,49.849998474121094,49.880001068115234,49.84000015258789,49.880001068115234,49.880001068115234,1487
2024-02-22 12:10:00-05:00,49.8650016784668,49.880001068115234,49.8650016784668,49.869998931884766,49.869998931884766,1840
2024-02-22 12:11:00-05:00,49.849998474121094,49.85639953613281,49.81999969482422,49.83000183105469,49.83000183105469,6099
2024-02-22 12:12:00-05:00,49.83000183105469,49.889801025390625,49.83000183105469,49.889801025390625,49.889801025390625,4136
2024-02-22 12:13:00-05:00,49.869998931884766,49.869998931884766,49.869998931884766,49.869998931884766,49.869998931884766,786
2024-02-22 12:14:00-05:00,49.849998474121094,49.85499954223633,49.810001373291016,49.849998474121094,49.849998474121094,2160
2024-02-22 12:15:00-05:00,49.83000183105469,49.880001068115234,49.82500076293945,49.880001068115234,49.880001068115234,3135
2024-02-22 12:16:00-05:00,49.869998931884766,49.869998931884766,49.849998474121094,49.85499954223633,49.85499954223633,829
2024-02-22 12:17:00-05:00,49.84000015258789,49.84000015258789,49.84000015258789,49.84000015258789,49.84000015258789,536
2024-02-22 12:18:00-05:00,49.8650016784668,49.8650016784668,49.849998474121094,49.849998474121094,49.849998474121094,1557
2024-02-22 12:19:00-05:00,49.849998474121094,49.880001068115234,49.849998474121094,49.880001068115234,49.880001068115234,2321
2024-02-22 12:20:00-05:00,49.880001068115234,49.880001068115234,49.834999084472656,49.84000015258789,49.84000015258789,1975
2024-02-22 12:22:00-05:00,49.84000015258789,49.84000015258789,49.84000015258789,49.84000015258789,49.84000015258789,744
2024-02-22 12:23:00-05:00,49.834999084472656,49.849998474121094,49.834999084472656,49.849998474121094,49.849998474121094,1874
2024-02-22 12:24:00-05:00,49.869998931884766,49.880001068115234,49.86000061035156,49.875,49.875,1605
2024-02-22 12:25:00-05:00,49.87200164794922,49.875,49.87200164794922,49.875,49.875,735
2024-02-22 12:26:00-05:00,49.88349914550781,49.900001525878906,49.880001068115234,49.900001525878906,49.900001525878906,2096
2024-02-22 12:27:00-05:00,49.88999938964844,49.900001525878906,49.88999938964844,49.900001525878906,49.900001525878906,2580
2024-02-22 12:28:00-05:00,49.900001525878906,49.900001525878906,49.88999938964844,49.88999938964844,49.88999938964844,2248
2024-02-22 12:29:00-05:00,49.88999938964844,49.90999984741211,49.880001068115234,49.880001068115234,49.880001068115234,1714
2024-02-22 12:30:00-05:00,49.880001068115234,49.900001525878906,49.880001068115234,49.89500045776367,49.89500045776367,1532
2024-02-22 12:31:00-05:00,49.88999938964844,49.900001525878906,49.88999938964844,49.900001525878906,49.900001525878906,1269
2024-02-22 12:33:00-05:00,49.92499923706055,49.92499923706055,49.90999984741211,49.90999984741211,49.90999984741211,334
2024-02-22 12:34:00-05:00,49.90999984741211,49.90999984741211,49.888099670410156,49.90999984741211,49.90999984741211,3618
2024-02-22 12:35:00-05:00,49.915000915527344,49.915000915527344,49.900001525878906,49.90399932861328,49.90399932861328,732
2024-02-22 12:36:00-05:00,49.88999938964844,49.88999938964844,49.85499954223633,49.85499954223633,49.85499954223633,921
2024-02-22 12:37:00-05:00,49.85499954223633,49.869998931884766,49.84000015258789,49.869998931884766,49.869998931884766,1264
2024-02-22 12:38:00-05:00,49.869998931884766,49.88100051879883,49.869998931884766,49.869998931884766,49.869998931884766,1888
2024-02-22 12:39:00-05:00,49.880001068115234,49.900001525878906,49.875,49.900001525878906,49.900001525878906,1429
2024-02-22 12:40:00-05:00,49.90999984741211,49.90999984741211,49.88999938964844,49.88999938964844,49.88999938964844,818
2024-02-22 12:41:00-05:00,49.88999938964844,49.88999938964844,49.88999938964844,49.88999938964844,49.88999938964844,635
2024-02-22 12:42:00-05:00,49.900001525878906,49.90999984741211,49.900001525878906,49.90999984741211,49.90999984741211,1201
2024-02-22 12:43:00-05:00,49.900001525878906,49.900001525878906,49.86000061035156,49.869998931884766,49.869998931884766,562
2024-02-22 12:44:00-05:00,49.880001068115234,49.8849983215332,49.869998931884766,49.869998931884766,49.869998931884766,2143
2024-02-22 12:45:00-05:00,49.88999938964844,49.88999938964844,49.880001068115234,49.880001068115234,49.880001068115234,943
2024-02-22 12:46:00-05:00,49.834999084472656,49.834999084472656,49.834999084472656,49.834999084472656,49.834999084472656,190
2024-02-22 12:47:00-05:00,49.849998474121094,49.849998474121094,49.83000183105469,49.83000183105469,49.83000183105469,1286
2024-02-22 12:48:00-05:00,49.84000015258789,49.84000015258789,49.84000015258789,49.84000015258789,49.84000015258789,149
2024-02-22 12:49:00-05:00,49.84000015258789,49.84000015258789,49.83000183105469,49.84000015258789,49.84000015258789,484
2024-02-22 12:50:00-05:00,49.83000183105469,49.849998474121094,49.83000183105469,49.83000183105469,49.83000183105469,2659
2024-02-22 12:51:00-05:00,49.82500076293945,49.83000183105469,49.82500076293945,49.83000183105469,49.83000183105469,1262
2024-02-22 12:52:00-05:00,49.849998474121094,49.86000061035156,49.845001220703125,49.86000061035156,49.86000061035156,1831
2024-02-22 12:53:00-05:00,49.86000061035156,49.88999938964844,49.849998474121094,49.880001068115234,49.880001068115234,1975
2024-02-22 12:54:00-05:00,49.87300109863281,49.87300109863281,49.87300109863281,49.87300109863281,49.87300109863281,436
2024-02-22 12:55:00-05:00,49.880001068115234,49.904998779296875,49.880001068115234,49.88999938964844,49.88999938964844,2302
2024-02-22 12:56:00-05:00,49.900001525878906,49.90999984741211,49.880001068115234,49.90999984741211,49.90999984741211,3113
2024-02-22 12:57:00-05:00,49.91999816894531,49.91999816894531,49.90999984741211,49.91999816894531,49.91999816894531,725
2024-02-22 12:58:00-05:00,49.93000030517578,49.95000076293945,49.93000030517578,49.95000076293945,49.95000076293945,4094
2024-02-22 12:59:00-05:00,49.95000076293945,49.95000076293945,49.939998626708984,49.95000076293945,49.95000076293945,1347
2024-02-22 13:00:00-05:00,49.95000076293945,49.959999084472656,49.95000076293945,49.95000076293945,49.95000076293945,2207
2024-02-22 13:01:00-05:00,49.93000030517578,49.95000076293945,49.93000030517578,49.95000076293945,49.95000076293945,1112
2024-02-22 13:02:00-05:00,49.939998626708984,49.95000076293945,49.92499923706055,49.92499923706055,49.92499923706055,1661
2024-02-22 13:04:00-05:00,49.939998626708984,49.970001220703125,49.939998626708984,49.970001220703125,49.970001220703125,1682
2024-02-22 13:05:00-05:00,49.970001220703125,49.970001220703125,49.95500183105469,49.959999084472656,49.959999084472656,2027
2024-02-22 13:06:00-05:00,49.95000076293945,49.97999954223633,49.95000076293945,49.97999954223633,49.97999954223633,1500
2024-02-22 13:07:00-05:00,49.9900016784668,50.02000045776367,49.9900016784668,50.02000045776367,50.02000045776367,7860
2024-02-22 13:08:00-05:00,50.029998779296875,50.04999923706055,50.029998779296875,50.04999923706055,50.04999923706055,1990
2024-02-22 13:09:00-05:00,50.079898834228516,50.079898834228516,50.06999969482422,50.06999969482422,50.06999969482422,703
2024-02-22 13:10:00-05:00,50.06999969482422,50.06999969482422,50.04999923706055,50.04999923706055,50.04999923706055,4918
2024-02-22 13:11:00-05:00,50.04999923706055,50.08000183105469,50.04999923706055,50.08000183105469,50.08000183105469,876
2024-02-22 13:12:00-05:00,50.08000183105469,50.089900970458984,50.08000183105469,50.08000183105469,50.08000183105469,1084
2024-02-22 13:13:00-05:00,50.09000015258789,50.09000015258789,50.06999969482422,50.06999969482422,50.06999969482422,2246
2024-02-22 13:14:00-05:00,50.06999969482422,50.08000183105469,50.06999969482422,50.08000183105469,50.08000183105469,671
2024-02-22 13:15:00-05:00,50.07500076293945,50.07500076293945,50.06999969482422,50.06999969482422,50.06999969482422,1475
2024-02-22 13:16:00-05:00,50.08000183105469,50.09000015258789,50.08000183105469,50.08140182495117,50.08140182495117,1203
2024-02-22 13:17:00-05:00,50.09000015258789,50.125,50.09000015258789,50.11000061035156,50.11000061035156,4748
2024-02-22 13:18:00-05:00,50.1150016784668,50.150001525878906,50.1150016784668,50.1349983215332,50.1349983215332,2880
2024-02-22 13:19:00-05:00,50.13999938964844,50.15650177001953,50.119998931884766,50.119998931884766,50.119998931884766,2318
2024-02-22 13:20:00-05:00,50.099998474121094,50.099998474121094,50.06999969482422,50.08000183105469,50.08000183105469,1293
2024-02-22 13:21:00-05:00,50.099998474121094,50.130001068115234,50.095001220703125,50.130001068115234,50.130001068115234,1445
2024-02-22 13:22:00-05:00,50.130001068115234,50.130001068115234,50.119998931884766,50.119998931884766,50.119998931884766,3427
2024-02-22 13:23:00-05:00,50.11000061035156,50.150001525878906,50.11000061035156,50.150001525878906,50.150001525878906,1925
2024-02-22 13:24:00-05:00,50.1619987487793,50.16999816894531,50.15999984741211,50.167999267578125,50.167999267578125,1774
2024-02-22 13:25:00-05:00,50.15999984741211,50.19499969482422,50.15999984741211,50.19499969482422,50.19499969482422,3796
2024-02-22 13:26:00-05:00,50.20000076293945,50.209999084472656,50.189998626708984,50.189998626708984,50.189998626708984,2261
2024-02-22 13:27:00-05:00,50.189998626708984,50.189998626708984,50.180999755859375,50.189998626708984,50.189998626708984,624
2024-02-22 13:28:00-05:00,50.189998626708984,50.224998474121094,50.189998626708984,50.209999084472656,50.209999084472656,1740
2024-02-22 13:29:00-05:00,50.20199966430664,50.21989822387695,50.20000076293945,50.21989822387695,50.21989822387695,1484
2024-02-22 13:30:00-05:00,50.220001220703125,50.23979949951172,50.220001220703125,50.220001220703125,50.220001220703125,2066
2024-02-22 13:31:00-05:00,50.220001220703125,50.23500061035156,50.220001220703125,50.23500061035156,50.23500061035156,1261
2024-02-22 13:32:00-05:00,50.209999084472656,50.22999954223633,50.20000076293945,50.22999954223633,50.22999954223633,2393
2024-02-22 13:33:00-05:00,50.220001220703125,50.220001220703125,50.20000076293945,50.20000076293945,50.20000076293945,1038
2024-02-22 13:34:00-05:00,50.18000030517578,50.18000030517578,50.130001068115234,50.13999938964844,50.13999938964844,2036
2024-02-22 13:35:00-05:00,50.13999938964844,50.13999938964844,50.13999938964844,50.13999938964844,50.13999938964844,912
2024-02-22 13:36:00-05:00,50.130001068115234,50.16999816894531,50.130001068115234,50.16999816894531,50.16999816894531,1671
2024-02-22 13:37:00-05:00,50.16999816894531,50.20000076293945,50.15999984741211,50.20000076293945,50.20000076293945,1757
2024-02-22 13:38:00-05:00,50.189998626708984,50.189998626708984,50.15999984741211,50.15999984741211,50.15999984741211,1362
2024-02-22 13:39:00-05:00,50.150001525878906,50.150001525878906,50.13999938964844,50.13999938964844,50.13999938964844,761
2024-02-22 13:40:00-05:00,50.119998931884766,50.13999938964844,50.119998931884766,50.13999938964844,50.13999938964844,3136
2024-02-22 13:41:00-05:00,50.15999984741211,50.15999984741211,50.15999984741211,50.15999984741211,50.15999984741211,648
2024-02-22 13:42:00-05:00,50.150001525878906,50.15999984741211,50.13999938964844,50.150001525878906,50.150001525878906,1194
2024-02-22 13:43:00-05:00,50.150001525878906,50.150001525878906,50.119998931884766,50.119998931884766,50.119998931884766,2190
2024-02-22 13:44:00-05:00,50.09000015258789,50.09000015258789,50.09000015258789,50.09000015258789,50.09000015258789,488
2024-02-22 13:45:00-05:00,50.10609817504883,50.11000061035156,50.09000015258789,50.09000015258789,50.09000015258789,2398
2024-02-22 13:46:00-05:00,50.09000015258789,50.09000015258789,50.084999084472656,50.084999084472656,50.084999084472656,293
2024-02-22 13:47:00-05:00,50.08000183105469,50.099998474121094,50.08000183105469,50.099998474121094,50.099998474121094,2222
2024-02-22 13:48:00-05:00,50.099998474121094,50.099998474121094,50.08000183105469,50.08000183105469,50.08000183105469,1602
2024-02-22 13:49:00-05:00,50.095001220703125,50.095001220703125,50.08000183105469,50.08000183105469,50.08000183105469,376
2024-02-22 13:50:00-05:00,50.07500076293945,50.09000015258789,50.07500076293945,50.084999084472656,50.084999084472656,1205
2024-02-22 13:51:00-05:00,50.08000183105469,50.08000183105469,50.08000183105469,50.08000183105469,50.08000183105469,329
2024-02-22 13:52:00-05:00,50.06999969482422,50.06999969482422,50.04999923706055,50.060001373291016,50.060001373291016,2496
2024-02-22 13:53:00-05:00,50.060001373291016,50.07500076293945,50.04999923706055,50.07500076293945,50.07500076293945,3537
2024-02-22 13:54:00-05:00,50.07500076293945,50.07500076293945,50.07500076293945,50.07500076293945,50.07500076293945,159
2024-02-22 13:55:00-05:00,50.07500076293945,50.08000183105469,50.07500076293945,50.08000183105469,50.08000183105469,683
2024-02-22 13:56:00-05:00,50.08000183105469,50.11000061035156,50.08000183105469,50.11000061035156,50.11000061035156,2146
2024-02-22 13:57:00-05:00,50.11000061035156,50.130001068115234,50.11000061035156,50.119998931884766,50.119998931884766,1427
2024-02-22 13:58:00-05:00,50.119998931884766,50.1349983215332,50.119998931884766,50.1349983215332,50.1349983215332,1783
2024-02-22 13:59:00-05:00,50.119998931884766,50.130001068115234,50.119998931884766,50.130001068115234,50.130001068115234,934
2024-02-22 14:00:00-05:00,50.13999938964844,50.13999938964844,50.119998931884766,50.119998931884766,50.119998931884766,2625
2024-02-22 14:01:00-05:00,50.130001068115234,50.150001525878906,50.130001068115234,50.150001525878906,50.150001525878906,920
2024-02-22 14:02:00-05:00,50.13999938964844,50.13999938964844,50.130001068115234,50.13999938964844,50.13999938964844,1906
2024-02-22 14:03:00-05:00,50.150001525878906,50.16999816894531,50.150001525878906,50.16999816894531,50.16999816894531,1106
2024-02-22 14:04:00-05:00,50.15999984741211,50.15999984741211,50.150001525878906,50.150001525878906,50.150001525878906,799
2024-02-22 14:05:00-05:00,50.150001525878906,50.150001525878906,50.119998931884766,50.119998931884766,50.119998931884766,1466
2024-02-22 14:06:00-05:00,50.11000061035156,50.11000061035156,50.09000015258789,50.09000015258789,50.09000015258789,1975
2024-02-22 14:07:00-05:00,50.10499954223633,50.130001068115234,50.10499954223633,50.130001068115234,50.130001068115234,4653
2024-02-22 14:08:00-05:00,50.125,50.125,50.125,50.125,50.125,253
2024-02-22 14:09:00-05:00,50.125,50.125,50.11000061035156,50.11000061035156,50.11000061035156,1394
2024-02-22 14:10:00-05:00,50.099998474121094,50.11000061035156,50.099998474121094,50.11000061035156,50.11000061035156,1780
2024-02-22 14:11:00-05:00,50.09000015258789,50.09000015258789,50.084999084472656,50.09000015258789,50.09000015258789,779
2024-02-22 14:12:00-05:00,50.08000183105469,50.080501556396484,50.06999969482422,50.07500076293945,50.07500076293945,1684
2024-02-22 14:13:00-05:00,50.08000183105469,50.08000183105469,50.04999923706055,50.060001373291016,50.060001373291016,3765
2024-02-22 14:14:00-05:00,50.060001373291016,50.09000015258789,50.04999923706055,50.06999969482422,50.06999969482422,3493
2024-02-22 14:15:00-05:00,50.09000015258789,50.09000015258789,50.09000015258789,50.09000015258789,50.09000015258789,141
2024-02-22 14:16:00-05:00,50.09000015258789,50.099998474121094,50.084999084472656,50.099998474121094,50.099998474121094,2618
2024-02-22 14:17:00-05:00,50.099998474121094,50.130001068115234,50.099998474121094,50.130001068115234,50.130001068115234,1182
2024-02-22 14:18:00-05:00,50.130001068115234,50.130001068115234,50.119998931884766,50.130001068115234,50.130001068115234,1163
2024-02-22 14:19:00-05:00,50.13999938964844,50.16999816894531,50.130001068115234,50.16999816894531,50.16999816894531,5272
2024-02-22 14:20:00-05:00,50.15999984741211,50.15999984741211,50.130001068115234,50.13999938964844,50.13999938964844,3471
2024-02-22 14:21:00-05:00,50.130401611328125,50.13999938964844,50.119998931884766,50.125,50.125,1633
2024-02-22 14:22:00-05:00,50.119998931884766,50.119998931884766,50.09000015258789,50.10499954223633,50.10499954223633,1904
2024-02-22 14:23:00-05:00,50.099998474121094,50.11000061035156,50.099998474121094,50.11000061035156,50.11000061035156,1099
2024-02-22 14:24:00-05:00,50.1150016784668,50.1150016784668,50.095001220703125,50.11000061035156,50.11000061035156,1942
2024-02-22 14:25:00-05:00,50.11000061035156,50.130001068115234,50.11000061035156,50.125,50.125,829
2024-02-22 14:26:00-05:00,50.119998931884766,50.119998931884766,50.11000061035156,50.119998931884766,50.119998931884766,829
2024-02-22 14:27:00-05:00,50.119998931884766,50.150001525878906,50.099998474121094,50.1349983215332,50.1349983215332,8360
2024-02-22 14:28:00-05:00,50.125,50.130001068115234,50.119998931884766,50.125,50.125,1348
2024-02-22 14:29:00-05:00,50.130001068115234,50.13999938964844,50.095001220703125,50.11000061035156,50.11000061035156,3057
2024-02-22 14:30:00-05:00,50.130001068115234,50.130001068115234,50.07500076293945,50.07500076293945,50.07500076293945,1128
2024-02-22 14:31:00-05:00,50.08000183105469,50.08000183105469,50.060001373291016,50.060001373291016,50.060001373291016,1424
2024-02-22 14:32:00-05:00,50.060001373291016,50.06999969482422,50.04999923706055,50.060001373291016,50.060001373291016,1804
2024-02-22 14:33:00-05:00,50.04999923706055,50.09000015258789,50.04999923706055,50.09000015258789,50.09000015258789,13382
2024-02-22 14:34:00-05:00,50.09000015258789,50.099998474121094,50.07500076293945,50.09000015258789,50.09000015258789,4490
2024-02-22 14:35:00-05:00,50.09000015258789,50.099998474121094,50.09000015258789,50.099998474121094,50.099998474121094,1862
2024-02-22 14:36:00-05:00,50.095001220703125,50.095001220703125,50.08000183105469,50.09000015258789,50.09000015258789,5154
2024-02-22 14:37:00-05:00,50.095001220703125,50.11000061035156,50.095001220703125,50.11000061035156,50.11000061035156,1114
2024-02-22 14:38:00-05:00,50.1150016784668,50.17499923706055,50.1150016784668,50.16999816894531,50.16999816894531,3893
2024-02-22 14:39:00-05:00,50.16999816894531,50.189998626708984,50.165000915527344,50.189998626708984,50.189998626708984,2638
2024-02-22 14:40:00-05:00,50.189998626708984,50.189998626708984,50.18000030517578,50.185001373291016,50.185001373291016,3097
2024-02-22 14:41:00-05:00,50.16999816894531,50.16999816894531,50.14500045776367,50.14500045776367,50.14500045776367,2193
2024-02-22 14:42:00-05:00,50.150001525878906,50.18000030517578,50.150001525878906,50.18000030517578,50.18000030517578,1156
2024-02-22 14:43:00-05:00,50.18000030517578,50.189998626708984,50.16999816894531,50.18989944458008,50.18989944458008,3296
2024-02-22 14:44:00-05:00,50.189998626708984,50.27000045776367,50.189998626708984,50.27000045776367,50.27000045776367,4735
2024-02-22 14:45:00-05:00,50.27000045776367,50.27000045776367,50.224998474121094,50.23500061035156,50.23500061035156,3414
2024-02-22 14:46:00-05:00,50.23500061035156,50.23500061035156,50.20000076293945,50.209999084472656,50.209999084472656,2109
2024-02-22 14:47:00-05:00,50.2067985534668,50.2067985534668,50.16999816894531,50.20000076293945,50.20000076293945,2972
2024-02-22 14:48:00-05:00,50.20000076293945,50.20000076293945,50.189998626708984,50.20000076293945,50.20000076293945,595
2024-02-22 14:49:00-05:00,50.189998626708984,50.220001220703125,50.189998626708984,50.209999084472656,50.209999084472656,1190
2024-02-22 14:50:00-05:00,50.220001220703125,50.220001220703125,50.220001220703125,50.220001220703125,50.220001220703125,890
2024-02-22 14:51:00-05:00,50.209999084472656,50.23500061035156,50.209999084472656,50.23500061035156,50.23500061035156,3164
2024-02-22 14:52:00-05:00,50.2400016784668,50.2400016784668,50.220001220703125,50.22999954223633,50.22999954223633,2767
2024-02-22 14:53:00-05:00,50.2400016784668,50.25,50.22999954223633,50.25,50.25,3592
2024-02-22 14:54:00-05:00,50.25,50.25,50.24079895019531,50.25,50.25,3156
2024-02-22 14:55:00-05:00,50.25,50.279998779296875,50.2400016784668,50.27000045776367,50.27000045776367,2972
2024-02-22 14:56:00-05:00,50.279998779296875,50.279998779296875,50.2400016784668,50.25,50.25,4877
2024-02-22 14:57:00-05:00,50.2400016784668,50.25,50.209999084472656,50.209999084472656,50.209999084472656,5101
2024-02-22 14:58:00-05:00,50.220001220703125,50.244998931884766,50.220001220703125,50.22999954223633,50.22999954223633,3972
2024-02-22 14:59:00-05:00,50.2400016784668,50.25,50.224998474121094,50.224998474121094,50.224998474121094,1819
2024-02-22 15:00:00-05:00,50.220001220703125,50.220001220703125,50.20000076293945,50.20000076293945,50.20000076293945,1377
2024-02-22 15:01:00-05:00,50.20000076293945,50.220001220703125,50.20000076293945,50.220001220703125,50.220001220703125,3222
2024-02-22 15:02:00-05:00,50.2599983215332,50.27000045776367,50.2599983215332,50.2599983215332,50.2599983215332,2424
2024-02-22 15:03:00-05:00,50.27000045776367,50.28499984741211,50.26499938964844,50.26499938964844,50.26499938964844,1703
2024-02-22 15:04:00-05:00,50.255001068115234,50.279998779296875,50.255001068115234,50.275001525878906,50.275001525878906,947
2024-02-22 15:05:00-05:00,50.27000045776367,50.27000045776367,50.2599983215332,50.27000045776367,50.27000045776367,4214
2024-02-22 15:06:00-05:00,50.290000915527344,50.310001373291016,50.279998779296875,50.279998779296875,50.279998779296875,2679
2024-02-22 15:07:00-05:00,50.275001525878906,50.279998779296875,50.2599983215332,50.279998779296875,50.279998779296875,6697
2024-02-22 15:08:00-05:00,50.290000915527344,50.29499816894531,50.279998779296875,50.279998779296875,50.279998779296875,2367
2024-02-22 15:09:00-05:00,50.27000045776367,50.27000045776367,50.255001068115234,50.2599983215332,50.2599983215332,2711
2024-02-22 15:10:00-05:00,50.255001068115234,50.279998779296875,50.239898681640625,50.279998779296875,50.279998779296875,3171
2024-02-22 15:11:00-05:00,50.290000915527344,50.33000183105469,50.290000915527344,50.31999969482422,50.31999969482422,1970
2024-02-22 15:12:00-05:00,50.31999969482422,50.31999969482422,50.29999923706055,50.29999923706055,50.29999923706055,2190
2024-02-22 15:13:00-05:00,50.29999923706055,50.32500076293945,50.29999923706055,50.31999969482422,50.31999969482422,5281
2024-02-22 15:14:00-05:00,50.31999969482422,50.31999969482422,50.29999923706055,50.29999923706055,50.29999923706055,6336
2024-02-22 15:15:00-05:00,50.29999923706055,50.310001373291016,50.279998779296875,50.279998779296875,50.279998779296875,1987
2024-02-22 15:16:00-05:00,50.28499984741211,50.28499984741211,50.221500396728516,50.2599983215332,50.2599983215332,7281
2024-02-22 15:17:00-05:00,50.244998931884766,50.28499984741211,50.244998931884766,50.28499984741211,50.28499984741211,4042
2024-02-22 15:18:00-05:00,50.29999923706055,50.345001220703125,50.29999923706055,50.34000015258789,50.34000015258789,2395
2024-02-22 15:19:00-05:00,50.33000183105469,50.33000183105469,50.29499816894531,50.29999923706055,50.29999923706055,3187
2024-02-22 15:20:00-05:00,50.29999923706055,50.29999923706055,50.29999923706055,50.29999923706055,50.29999923706055,447
2024-02-22 15:21:00-05:00,50.29999923706055,50.33000183105469,50.290000915527344,50.310001373291016,50.310001373291016,9034
2024-02-22 15:22:00-05:00,50.31999969482422,50.33000183105469,50.29999923706055,50.30500030517578,50.30500030517578,6299
2024-02-22 15:23:00-05:00,50.29999923706055,50.310001373291016,50.290000915527344,50.290000915527344,50.290000915527344,7180
2024-02-22 15:24:00-05:00,50.290000915527344,50.290000915527344,50.290000915527344,50.290000915527344,50.290000915527344,373
2024-02-22 15:25:00-05:00,50.290000915527344,50.290000915527344,50.279998779296875,50.290000915527344,50.290000915527344,3108
2024-02-22 15:26:00-05:00,50.290000915527344,50.29499816894531,50.2599983215332,50.28710174560547,50.28710174560547,7886
2024-02-22 15:27:00-05:00,50.290000915527344,50.35499954223633,50.287498474121094,50.349998474121094,50.349998474121094,8345
2024-02-22 15:28:00-05:00,50.349998474121094,50.3650016784668,50.334999084472656,50.3650016784668,50.3650016784668,9068
2024-02-22 15:29:00-05:00,50.3650016784668,50.3650016784668,50.34000015258789,50.345001220703125,50.345001220703125,6903
2024-02-22 15:30:00-05:00,50.345001220703125,50.345001220703125,50.25,50.25,50.25,11041
2024-02-22 15:31:00-05:00,50.25,50.25,50.22999954223633,50.22999954223633,50.22999954223633,2675
2024-02-22 15:32:00-05:00,50.224998474121094,50.224998474121094,50.154998779296875,50.154998779296875,50.154998779296875,3967
2024-02-22 15:33:00-05:00,50.150001525878906,50.150001525878906,50.119998931884766,50.119998931884766,50.119998931884766,4912
2024-02-22 15:34:00-05:00,50.119998931884766,50.209999084472656,50.1150016784668,50.189998626708984,50.189998626708984,204320
2024-02-22 15:35:00-05:00,50.18000030517578,50.18000030517578,50.15999984741211,50.15999984741211,50.15999984741211,5563
2024-02-22 15:36:00-05:00,50.15999984741211,50.209999084472656,50.15999984741211,50.209999084472656,50.209999084472656,6657
2024-02-22 15:37:00-05:00,50.20000076293945,50.20000076293945,50.154998779296875,50.165000915527344,50.165000915527344,9858
2024-02-22 15:38:00-05:00,50.165000915527344,50.18000030517578,50.15999984741211,50.16999816894531,50.16999816894531,5476
2024-02-22 15:39:00-05:00,50.15999984741211,50.185001373291016,50.150001525878906,50.1775016784668,50.1775016784668,8010
2024-02-22 15:40:00-05:00,50.189998626708984,50.20000076293945,50.18600082397461,50.19499969482422,50.19499969482422,3326
2024-02-22 15:41:00-05:00,50.189998626708984,50.189998626708984,50.165000915527344,50.165000915527344,50.165000915527344,13728
2024-02-22 15:42:00-05:00,50.165000915527344,50.18000030517578,50.15999984741211,50.18000030517578,50.18000030517578,9125
2024-02-22 15:43:00-05:00,50.185001373291016,50.20000076293945,50.17499923706055,50.17499923706055,50.17499923706055,12895
2024-02-22 15:44:00-05:00,50.16999816894531,50.16999816894531,50.130001068115234,50.130001068115234,50.130001068115234,5333
2024-02-22 15:45:00-05:00,50.125,50.125,50.08000183105469,50.08000183105469,50.08000183105469,7247
2024-02-22 15:46:00-05:00,50.07500076293945,50.08000183105469,50.040000915527344,50.040000915527344,50.040000915527344,12328
2024-02-22 15:47:00-05:00,50.040000915527344,50.04999923706055,50.0099983215332,50.02000045776367,50.02000045776367,7524
2024-02-22 15:48:00-05:00,50.01499938964844,50.060001373291016,49.9900016784668,50.060001373291016,50.060001373291016,15465
2024-02-22 15:49:00-05:00,50.04999923706055,50.06999969482422,50.040000915527344,50.06999969482422,50.06999969482422,5455
2024-02-22 15:50:00-05:00,50.08000183105469,50.125,50.060001373291016,50.1150016784668,50.1150016784668,27485
2024-02-22 15:51:00-05:00,50.119998931884766,50.13999938964844,50.11000061035156,50.13999938964844,50.13999938964844,8601
2024-02-22 15:52:00-05:00,50.13999938964844,50.18000030517578,50.13999938964844,50.18000030517578,50.18000030517578,14864
2024-02-22 15:53:00-05:00,50.16999816894531,50.18000030517578,50.11000061035156,50.17499923706055,50.17499923706055,35840
2024-02-22 15:54:00-05:00,50.17499923706055,50.18000030517578,50.150001525878906,50.154998779296875,50.154998779296875,15427
2024-02-22 15:55:00-05:00,50.15999984741211,50.22999954223633,50.15999984741211,50.220001220703125,50.220001220703125,17782
2024-02-22 15:56:00-05:00,50.220001220703125,50.22999954223633,50.185001373291016,50.220001220703125,50.220001220703125,28923
2024-02-22 15:57:00-05:00,50.224998474121094,50.22999954223633,50.209999084472656,50.209999084472656,50.209999084472656,21877
2024-02-22 15:58:00-05:00,50.209999084472656,50.21500015258789,50.189998626708984,50.19499969482422,50.19499969482422,32681
2024-02-22 15:59:00-05:00,50.19499969482422,50.209999084472656,50.15999984741211,50.18000030517578,50.18000030517578,49008
