Date,Open,High,Low,Close,Adj Close,Volume,Date
2023-05-31 09:30:00-04:00,327.1300048828125,328.6499938964844,326.95001220703125,328.6000061035156,328.6000061035156,33340,2023-05-31 09:30:00-04:00
2023-05-31 09:31:00-04:00,328.5799865722656,328.5899963378906,327.8599853515625,327.8599853515625,327.8599853515625,5368,2023-05-31 09:31:00-04:00
2023-05-31 09:32:00-04:00,327.802490234375,328.54998779296875,327.802490234375,327.95001220703125,327.95001220703125,11958,2023-05-31 09:32:00-04:00
2023-05-31 09:33:00-04:00,328.0899963378906,328.0899963378906,327.2900085449219,327.6650085449219,327.6650085449219,41913,2023-05-31 09:33:00-04:00
2023-05-31 09:34:00-04:00,327.7799987792969,327.7799987792969,327.5299987792969,327.5899963378906,327.5899963378906,1781,2023-05-31 09:34:00-04:00
2023-05-31 09:35:00-04:00,327.70001220703125,328.2200012207031,327.5899963378906,327.9700012207031,327.9700012207031,4299,2023-05-31 09:35:00-04:00
2023-05-31 09:36:00-04:00,328.2099914550781,328.2699890136719,326.81500244140625,326.81500244140625,326.81500244140625,4110,2023-05-31 09:36:00-04:00
2023-05-31 09:37:00-04:00,326.79998779296875,326.82000732421875,326.4750061035156,326.4750061035156,326.4750061035156,796,2023-05-31 09:37:00-04:00
2023-05-31 09:38:00-04:00,326.4649963378906,326.4649963378906,325.95001220703125,326.1099853515625,326.1099853515625,2372,2023-05-31 09:38:00-04:00
2023-05-31 09:39:00-04:00,326.0899963378906,326.0899963378906,324.5400085449219,324.9049987792969,324.9049987792969,3571,2023-05-31 09:39:00-04:00
2023-05-31 09:40:00-04:00,324.739990234375,324.739990234375,324.45001220703125,324.45001220703125,324.45001220703125,489,2023-05-31 09:40:00-04:00
2023-05-31 09:41:00-04:00,324.82000732421875,324.82000732421875,323.54998779296875,324.7850036621094,324.7850036621094,8477,2023-05-31 09:41:00-04:00
2023-05-31 09:42:00-04:00,324.92999267578125,324.92999267578125,324.8450012207031,324.8500061035156,324.8500061035156,1101,2023-05-31 09:42:00-04:00
2023-05-31 09:43:00-04:00,325.0799865722656,325.3599853515625,325.0799865722656,325.3599853515625,325.3599853515625,1036,2023-05-31 09:43:00-04:00
2023-05-31 09:44:00-04:00,325.0400085449219,325.0799865722656,325.0400085449219,325.0799865722656,325.0799865722656,555,2023-05-31 09:44:00-04:00
2023-05-31 09:45:00-04:00,325.07501220703125,325.3599853515625,324.7699890136719,324.7699890136719,324.7699890136719,6082,2023-05-31 09:45:00-04:00
2023-05-31 09:46:00-04:00,324.9599914550781,324.9599914550781,324.8999938964844,324.8999938964844,324.8999938964844,1135,2023-05-31 09:46:00-04:00
2023-05-31 09:47:00-04:00,324.70001220703125,325.1300048828125,324.3550109863281,324.9700012207031,324.9700012207031,8451,2023-05-31 09:47:00-04:00
2023-05-31 09:48:00-04:00,324.67999267578125,324.67999267578125,323.94000244140625,324.135009765625,324.135009765625,3038,2023-05-31 09:48:00-04:00
2023-05-31 09:49:00-04:00,324.135009765625,324.135009765625,323.9100036621094,323.9100036621094,323.9100036621094,427,2023-05-31 09:49:00-04:00
2023-05-31 09:50:00-04:00,323.8900146484375,324.1600036621094,323.5899963378906,324.1275939941406,324.1275939941406,10184,2023-05-31 09:50:00-04:00
2023-05-31 09:51:00-04:00,323.9100036621094,323.9100036621094,323.8900146484375,323.8900146484375,323.8900146484375,523,2023-05-31 09:51:00-04:00
2023-05-31 09:52:00-04:00,323.9200134277344,324.0799865722656,323.9200134277344,324.0799865722656,324.0799865722656,1294,2023-05-31 09:52:00-04:00
2023-05-31 09:53:00-04:00,324.1600036621094,324.489990234375,324.06500244140625,324.4599914550781,324.4599914550781,10081,2023-05-31 09:53:00-04:00
2023-05-31 09:54:00-04:00,324.17999267578125,324.9649963378906,324.17999267578125,324.9599914550781,324.9599914550781,4174,2023-05-31 09:54:00-04:00
2023-05-31 09:55:00-04:00,324.9700012207031,324.9700012207031,324.29998779296875,324.5299987792969,324.5299987792969,3690,2023-05-31 09:55:00-04:00
2023-05-31 09:56:00-04:00,324.489990234375,324.5899963378906,324.42999267578125,324.42999267578125,324.42999267578125,2046,2023-05-31 09:56:00-04:00
2023-05-31 09:57:00-04:00,324.17999267578125,324.20001220703125,323.7699890136719,323.7699890136719,323.7699890136719,1912,2023-05-31 09:57:00-04:00
2023-05-31 09:58:00-04:00,324.0,324.05999755859375,323.8900146484375,323.8900146484375,323.8900146484375,1572,2023-05-31 09:58:00-04:00
2023-05-31 09:59:00-04:00,323.8949890136719,323.8949890136719,323.7099914550781,323.7099914550781,323.7099914550781,2012,2023-05-31 09:59:00-04:00
2023-05-31 10:00:00-04:00,323.80499267578125,324.1300048828125,323.4599914550781,323.82000732421875,323.82000732421875,6135,2023-05-31 10:00:00-04:00
2023-05-31 10:01:00-04:00,324.239990234375,324.239990234375,324.239990234375,324.239990234375,324.239990234375,3803,2023-05-31 10:01:00-04:00
2023-05-31 10:02:00-04:00,324.010009765625,324.010009765625,323.8699951171875,323.8699951171875,323.8699951171875,1326,2023-05-31 10:02:00-04:00
2023-05-31 10:03:00-04:00,323.80999755859375,323.8900146484375,323.80999755859375,323.8900146484375,323.8900146484375,1237,2023-05-31 10:03:00-04:00
2023-05-31 10:04:00-04:00,323.8800048828125,324.2200012207031,323.57501220703125,324.1199951171875,324.1199951171875,5274,2023-05-31 10:04:00-04:00
2023-05-31 10:05:00-04:00,324.1700134277344,324.65069580078125,324.1700134277344,324.4700012207031,324.4700012207031,5983,2023-05-31 10:05:00-04:00
2023-05-31 10:06:00-04:00,324.260009765625,324.4649963378906,324.2149963378906,324.44500732421875,324.44500732421875,3136,2023-05-31 10:06:00-04:00
2023-05-31 10:07:00-04:00,324.6000061035156,324.9100036621094,324.6000061035156,324.9100036621094,324.9100036621094,4040,2023-05-31 10:07:00-04:00
2023-05-31 10:08:00-04:00,324.9100036621094,325.20001220703125,324.8949890136719,324.8949890136719,324.8949890136719,1779,2023-05-31 10:08:00-04:00
2023-05-31 10:09:00-04:00,324.9599914550781,324.9599914550781,324.9599914550781,324.9599914550781,324.9599914550781,1047,2023-05-31 10:09:00-04:00
2023-05-31 10:10:00-04:00,324.8299865722656,324.8299865722656,324.44000244140625,324.7799987792969,324.7799987792969,4408,2023-05-31 10:10:00-04:00
2023-05-31 10:11:00-04:00,324.70001220703125,324.70001220703125,324.70001220703125,324.70001220703125,324.70001220703125,446,2023-05-31 10:11:00-04:00
2023-05-31 10:12:00-04:00,324.7149963378906,324.9100036621094,324.7099914550781,324.7099914550781,324.7099914550781,2158,2023-05-31 10:12:00-04:00
2023-05-31 10:13:00-04:00,324.7099914550781,324.7099914550781,324.29998779296875,324.29998779296875,324.29998779296875,1651,2023-05-31 10:13:00-04:00
2023-05-31 10:14:00-04:00,324.1300048828125,324.1300048828125,324.1300048828125,324.1300048828125,324.1300048828125,203,2023-05-31 10:14:00-04:00
2023-05-31 10:15:00-04:00,324.2820129394531,324.2820129394531,323.95001220703125,324.0899963378906,324.0899963378906,1821,2023-05-31 10:15:00-04:00
2023-05-31 10:16:00-04:00,324.0199890136719,324.0199890136719,323.875,323.875,323.875,376,2023-05-31 10:16:00-04:00
2023-05-31 10:17:00-04:00,323.8800048828125,324.2099914550781,323.8800048828125,324.20001220703125,324.20001220703125,1844,2023-05-31 10:17:00-04:00
2023-05-31 10:18:00-04:00,324.1600036621094,324.19000244140625,324.1600036621094,324.16900634765625,324.16900634765625,912,2023-05-31 10:18:00-04:00
2023-05-31 10:19:00-04:00,324.2799987792969,324.4599914550781,324.260009765625,324.4599914550781,324.4599914550781,3219,2023-05-31 10:19:00-04:00
2023-05-31 10:20:00-04:00,324.4367980957031,324.4367980957031,324.1600036621094,324.1600036621094,324.1600036621094,2693,2023-05-31 10:20:00-04:00
2023-05-31 10:21:00-04:00,324.1400146484375,324.1400146484375,324.1400146484375,324.1400146484375,324.1400146484375,609,2023-05-31 10:21:00-04:00
2023-05-31 10:22:00-04:00,324.0799865722656,324.0799865722656,323.95001220703125,323.95001220703125,323.95001220703125,574,2023-05-31 10:22:00-04:00
2023-05-31 10:23:00-04:00,323.9949951171875,324.4200134277344,323.9949951171875,324.3450012207031,324.3450012207031,7720,2023-05-31 10:23:00-04:00
2023-05-31 10:24:00-04:00,324.4200134277344,324.79998779296875,324.1700134277344,324.1700134277344,324.1700134277344,22651,2023-05-31 10:24:00-04:00
2023-05-31 10:25:00-04:00,324.19000244140625,324.19000244140625,323.45001220703125,323.8800048828125,323.8800048828125,12095,2023-05-31 10:25:00-04:00
2023-05-31 10:26:00-04:00,323.864990234375,323.864990234375,323.30499267578125,323.6499938964844,323.6499938964844,3756,2023-05-31 10:26:00-04:00
2023-05-31 10:27:00-04:00,323.5799865722656,323.5799865722656,323.2250061035156,323.2550048828125,323.2550048828125,1663,2023-05-31 10:27:00-04:00
2023-05-31 10:28:00-04:00,323.45001220703125,323.7099914550781,323.3599853515625,323.3599853515625,323.3599853515625,17676,2023-05-31 10:28:00-04:00
2023-05-31 10:29:00-04:00,323.3500061035156,323.3500061035156,322.80999755859375,322.80999755859375,322.80999755859375,2826,2023-05-31 10:29:00-04:00
2023-05-31 10:30:00-04:00,322.7250061035156,322.739990234375,322.4700012207031,322.5249938964844,322.5249938964844,2389,2023-05-31 10:30:00-04:00
2023-05-31 10:31:00-04:00,322.5299987792969,323.0899963378906,322.5299987792969,323.0799865722656,323.0799865722656,9380,2023-05-31 10:31:00-04:00
2023-05-31 10:32:00-04:00,323.1300048828125,323.2349853515625,323.04998779296875,323.04998779296875,323.04998779296875,1219,2023-05-31 10:32:00-04:00
2023-05-31 10:33:00-04:00,322.91259765625,323.9100036621094,322.91259765625,323.7799987792969,323.7799987792969,4359,2023-05-31 10:33:00-04:00
2023-05-31 10:34:00-04:00,323.7250061035156,323.7250061035156,323.010009765625,323.1549987792969,323.1549987792969,4294,2023-05-31 10:34:00-04:00
2023-05-31 10:35:00-04:00,323.239990234375,323.6000061035156,323.2300109863281,323.55999755859375,323.55999755859375,4623,2023-05-31 10:35:00-04:00
2023-05-31 10:36:00-04:00,323.4049987792969,323.4049987792969,323.3299865722656,323.3299865722656,323.3299865722656,967,2023-05-31 10:36:00-04:00
2023-05-31 10:37:00-04:00,323.364990234375,323.364990234375,323.364990234375,323.364990234375,323.364990234375,374,2023-05-31 10:37:00-04:00
2023-05-31 10:38:00-04:00,323.54998779296875,323.7200012207031,323.5,323.7200012207031,323.7200012207031,1977,2023-05-31 10:38:00-04:00
2023-05-31 10:39:00-04:00,323.7300109863281,323.7300109863281,323.7300109863281,323.7300109863281,323.7300109863281,515,2023-05-31 10:39:00-04:00
2023-05-31 10:40:00-04:00,323.6650085449219,323.6650085449219,323.6650085449219,323.6650085449219,323.6650085449219,562,2023-05-31 10:40:00-04:00
2023-05-31 10:41:00-04:00,323.5299987792969,323.5299987792969,323.31500244140625,323.3349914550781,323.3349914550781,1754,2023-05-31 10:41:00-04:00
2023-05-31 10:42:00-04:00,323.3349914550781,323.3599853515625,323.05999755859375,323.1199951171875,323.1199951171875,2240,2023-05-31 10:42:00-04:00
2023-05-31 10:43:00-04:00,323.0950012207031,323.2200012207031,323.0950012207031,323.114990234375,323.114990234375,1363,2023-05-31 10:43:00-04:00
2023-05-31 10:44:00-04:00,323.19500732421875,323.45001220703125,323.19500732421875,323.3299865722656,323.3299865722656,3154,2023-05-31 10:44:00-04:00
2023-05-31 10:45:00-04:00,323.3349914550781,323.4775085449219,323.2200012207031,323.4775085449219,323.4775085449219,6605,2023-05-31 10:45:00-04:00
2023-05-31 10:46:00-04:00,323.4800109863281,323.69500732421875,323.4200134277344,323.69500732421875,323.69500732421875,4764,2023-05-31 10:46:00-04:00
2023-05-31 10:47:00-04:00,323.69000244140625,323.8900146484375,323.69000244140625,323.8450012207031,323.8450012207031,2892,2023-05-31 10:47:00-04:00
2023-05-31 10:48:00-04:00,323.8450012207031,323.8450012207031,323.5,323.55499267578125,323.55499267578125,5312,2023-05-31 10:48:00-04:00
2023-05-31 10:49:00-04:00,323.4642028808594,323.55499267578125,323.44000244140625,323.55499267578125,323.55499267578125,2164,2023-05-31 10:49:00-04:00
2023-05-31 10:50:00-04:00,323.55499267578125,323.739990234375,323.55499267578125,323.5950012207031,323.5950012207031,6098,2023-05-31 10:50:00-04:00
2023-05-31 10:51:00-04:00,323.625,323.625,323.62249755859375,323.625,323.625,596,2023-05-31 10:51:00-04:00
2023-05-31 10:52:00-04:00,323.7300109863281,323.8450012207031,323.635009765625,323.8450012207031,323.8450012207031,3228,2023-05-31 10:52:00-04:00
2023-05-31 10:53:00-04:00,323.8500061035156,323.8500061035156,323.3900146484375,323.3900146484375,323.3900146484375,2915,2023-05-31 10:53:00-04:00
2023-05-31 10:54:00-04:00,323.3949890136719,323.510009765625,323.2799987792969,323.4100036621094,323.4100036621094,4395,2023-05-31 10:54:00-04:00
2023-05-31 10:55:00-04:00,323.4100036621094,323.489990234375,323.385009765625,323.4100036621094,323.4100036621094,1219,2023-05-31 10:55:00-04:00
2023-05-31 10:56:00-04:00,323.3999938964844,323.44000244140625,323.30999755859375,323.30999755859375,323.30999755859375,1013,2023-05-31 10:56:00-04:00
2023-05-31 10:57:00-04:00,323.44000244140625,323.44000244140625,323.1199951171875,323.2300109863281,323.2300109863281,4290,2023-05-31 10:57:00-04:00
2023-05-31 10:58:00-04:00,323.25,323.3999938964844,323.05999755859375,323.3349914550781,323.3349914550781,3615,2023-05-31 10:58:00-04:00
2023-05-31 10:59:00-04:00,323.42999267578125,323.57000732421875,323.3399963378906,323.5,323.5,4825,2023-05-31 10:59:00-04:00
2023-05-31 11:00:00-04:00,323.510009765625,324.0,323.510009765625,323.92999267578125,323.92999267578125,3707,2023-05-31 11:00:00-04:00
2023-05-31 11:02:00-04:00,324.2650146484375,324.2650146484375,324.2650146484375,324.2650146484375,324.2650146484375,3871,2023-05-31 11:02:00-04:00
2023-05-31 11:03:00-04:00,324.0440979003906,324.239990234375,324.0440979003906,324.2349853515625,324.2349853515625,1111,2023-05-31 11:03:00-04:00
2023-05-31 11:04:00-04:00,324.04998779296875,324.2850036621094,324.0199890136719,324.2850036621094,324.2850036621094,2919,2023-05-31 11:04:00-04:00
2023-05-31 11:05:00-04:00,324.17498779296875,324.2749938964844,324.1499938964844,324.1499938964844,324.1499938964844,890,2023-05-31 11:05:00-04:00
2023-05-31 11:06:00-04:00,324.010009765625,324.05999755859375,323.9800109863281,324.04998779296875,324.04998779296875,3850,2023-05-31 11:06:00-04:00
2023-05-31 11:07:00-04:00,324.04998779296875,324.260009765625,324.04998779296875,324.18499755859375,324.18499755859375,4552,2023-05-31 11:07:00-04:00
2023-05-31 11:09:00-04:00,324.2799987792969,324.2799987792969,324.1300048828125,324.2250061035156,324.2250061035156,4134,2023-05-31 11:09:00-04:00
2023-05-31 11:10:00-04:00,324.1099853515625,324.2300109863281,323.9800109863281,324.05499267578125,324.05499267578125,1821,2023-05-31 11:10:00-04:00
2023-05-31 11:11:00-04:00,324.0,324.1499938964844,324.0,324.1499938964844,324.1499938964844,1224,2023-05-31 11:11:00-04:00
2023-05-31 11:12:00-04:00,324.1700134277344,324.18499755859375,324.0400085449219,324.0400085449219,324.0400085449219,1643,2023-05-31 11:12:00-04:00
2023-05-31 11:13:00-04:00,324.05999755859375,324.29901123046875,324.05499267578125,324.29901123046875,324.29901123046875,456,2023-05-31 11:13:00-04:00
2023-05-31 11:14:00-04:00,324.05999755859375,324.05999755859375,323.79998779296875,323.864990234375,323.864990234375,2940,2023-05-31 11:14:00-04:00
2023-05-31 11:15:00-04:00,323.75299072265625,324.2099914550781,323.75299072265625,324.2099914550781,324.2099914550781,2873,2023-05-31 11:15:00-04:00
2023-05-31 11:16:00-04:00,324.135009765625,324.135009765625,324.0150146484375,324.0150146484375,324.0150146484375,376,2023-05-31 11:16:00-04:00
2023-05-31 11:17:00-04:00,324.26031494140625,324.26031494140625,323.9700012207031,323.9700012207031,323.9700012207031,774,2023-05-31 11:17:00-04:00
2023-05-31 11:18:00-04:00,324.1099853515625,324.1099853515625,324.1050109863281,324.1050109863281,324.1050109863281,579,2023-05-31 11:18:00-04:00
2023-05-31 11:19:00-04:00,324.0150146484375,324.0299987792969,324.0,324.0299987792969,324.0299987792969,848,2023-05-31 11:19:00-04:00
2023-05-31 11:20:00-04:00,324.125,324.125,324.125,324.125,324.125,572,2023-05-31 11:20:00-04:00
2023-05-31 11:21:00-04:00,324.0199890136719,324.0199890136719,323.95001220703125,323.95001220703125,323.95001220703125,1753,2023-05-31 11:21:00-04:00
2023-05-31 11:22:00-04:00,324.0,324.19000244140625,323.95001220703125,324.0849914550781,324.0849914550781,3764,2023-05-31 11:22:00-04:00
2023-05-31 11:24:00-04:00,323.95001220703125,324.0899963378906,323.8699951171875,323.9849853515625,323.9849853515625,4746,2023-05-31 11:24:00-04:00
2023-05-31 11:25:00-04:00,323.9849853515625,324.0,323.9849853515625,324.0,324.0,908,2023-05-31 11:25:00-04:00
2023-05-31 11:27:00-04:00,324.1549987792969,324.1549987792969,324.1549987792969,324.1549987792969,324.1549987792969,6127,2023-05-31 11:27:00-04:00
2023-05-31 11:28:00-04:00,324.0596008300781,324.1499938964844,324.0596008300781,324.1499938964844,324.1499938964844,499,2023-05-31 11:28:00-04:00
2023-05-31 11:29:00-04:00,324.1000061035156,324.1000061035156,324.1000061035156,324.1000061035156,324.1000061035156,669,2023-05-31 11:29:00-04:00
2023-05-31 11:30:00-04:00,324.0,324.0,323.6099853515625,323.82000732421875,323.82000732421875,3599,2023-05-31 11:30:00-04:00
2023-05-31 11:31:00-04:00,323.82000732421875,323.968994140625,323.7699890136719,323.968994140625,323.968994140625,1983,2023-05-31 11:31:00-04:00
2023-05-31 11:32:00-04:00,323.760009765625,323.760009765625,323.739990234375,323.75,323.75,786,2023-05-31 11:32:00-04:00
2023-05-31 11:33:00-04:00,323.8900146484375,323.8900146484375,323.739990234375,323.739990234375,323.739990234375,1360,2023-05-31 11:33:00-04:00
2023-05-31 11:34:00-04:00,323.7724914550781,323.7850036621094,323.7724914550781,323.7850036621094,323.7850036621094,476,2023-05-31 11:34:00-04:00
2023-05-31 11:35:00-04:00,323.67999267578125,323.7049865722656,323.6400146484375,323.7049865722656,323.7049865722656,1920,2023-05-31 11:35:00-04:00
2023-05-31 11:36:00-04:00,323.7049865722656,324.0199890136719,323.6499938964844,323.9706115722656,323.9706115722656,10461,2023-05-31 11:36:00-04:00
2023-05-31 11:37:00-04:00,324.04998779296875,324.17999267578125,324.04998779296875,324.17999267578125,324.17999267578125,1197,2023-05-31 11:37:00-04:00
2023-05-31 11:38:00-04:00,324.19000244140625,324.20001220703125,324.19000244140625,324.20001220703125,324.20001220703125,890,2023-05-31 11:38:00-04:00
2023-05-31 11:39:00-04:00,324.17999267578125,324.17999267578125,324.17999267578125,324.17999267578125,324.17999267578125,327,2023-05-31 11:39:00-04:00
2023-05-31 11:40:00-04:00,324.18499755859375,324.18499755859375,324.17498779296875,324.17999267578125,324.17999267578125,747,2023-05-31 11:40:00-04:00
2023-05-31 11:41:00-04:00,324.1300048828125,324.1300048828125,324.1300048828125,324.1300048828125,324.1300048828125,626,2023-05-31 11:41:00-04:00
2023-05-31 11:42:00-04:00,324.125,324.1499938964844,324.1025085449219,324.1499938964844,324.1499938964844,950,2023-05-31 11:42:00-04:00
2023-05-31 11:43:00-04:00,324.2799987792969,324.5299987792969,324.260009765625,324.4549865722656,324.4549865722656,2620,2023-05-31 11:43:00-04:00
2023-05-31 11:45:00-04:00,324.3800048828125,324.4049987792969,324.3299865722656,324.3800048828125,324.3800048828125,3030,2023-05-31 11:45:00-04:00
2023-05-31 11:46:00-04:00,324.4200134277344,324.4200134277344,324.4200134277344,324.4200134277344,324.4200134277344,300,2023-05-31 11:46:00-04:00
2023-05-31 11:47:00-04:00,324.5199890136719,324.8999938964844,324.5199890136719,324.8999938964844,324.8999938964844,6192,2023-05-31 11:47:00-04:00
2023-05-31 11:48:00-04:00,324.8299865722656,324.8299865722656,324.80999755859375,324.8207092285156,324.8207092285156,2183,2023-05-31 11:48:00-04:00
2023-05-31 11:49:00-04:00,324.7699890136719,324.8399963378906,324.67999267578125,324.8399963378906,324.8399963378906,1645,2023-05-31 11:49:00-04:00
2023-05-31 11:50:00-04:00,324.8500061035156,324.8500061035156,324.7650146484375,324.8500061035156,324.8500061035156,1414,2023-05-31 11:50:00-04:00
2023-05-31 11:51:00-04:00,324.79998779296875,324.79998779296875,324.44000244140625,324.5899963378906,324.5899963378906,5395,2023-05-31 11:51:00-04:00
2023-05-31 11:52:00-04:00,324.6700134277344,324.7300109863281,324.5950012207031,324.635009765625,324.635009765625,2086,2023-05-31 11:52:00-04:00
2023-05-31 11:53:00-04:00,324.69500732421875,324.9100036621094,324.69500732421875,324.7900085449219,324.7900085449219,3259,2023-05-31 11:53:00-04:00
2023-05-31 11:54:00-04:00,324.9700012207031,325.0,324.92999267578125,324.9599914550781,324.9599914550781,1390,2023-05-31 11:54:00-04:00
2023-05-31 11:55:00-04:00,324.989990234375,325.010009765625,324.989990234375,325.010009765625,325.010009765625,1017,2023-05-31 11:55:00-04:00
2023-05-31 11:56:00-04:00,325.0150146484375,325.0199890136719,325.0150146484375,325.0199890136719,325.0199890136719,656,2023-05-31 11:56:00-04:00
2023-05-31 11:57:00-04:00,324.8800048828125,325.1000061035156,324.8699951171875,324.9700012207031,324.9700012207031,6456,2023-05-31 11:57:00-04:00
2023-05-31 11:58:00-04:00,324.9700012207031,324.9700012207031,324.8599853515625,324.9200134277344,324.9200134277344,1948,2023-05-31 11:58:00-04:00
2023-05-31 11:59:00-04:00,324.9175109863281,324.94000244140625,324.7950134277344,324.8999938964844,324.8999938964844,1205,2023-05-31 11:59:00-04:00
2023-05-31 12:00:00-04:00,325.0,325.0799865722656,324.8999938964844,324.8999938964844,324.8999938964844,3378,2023-05-31 12:00:00-04:00
2023-05-31 12:01:00-04:00,325.05499267578125,325.05499267578125,325.0315856933594,325.0400085449219,325.0400085449219,491,2023-05-31 12:01:00-04:00
2023-05-31 12:02:00-04:00,325.0400085449219,325.04998779296875,325.0400085449219,325.04998779296875,325.04998779296875,1578,2023-05-31 12:02:00-04:00
2023-05-31 12:03:00-04:00,325.1199951171875,325.20001220703125,325.1000061035156,325.20001220703125,325.20001220703125,2003,2023-05-31 12:03:00-04:00
2023-05-31 12:04:00-04:00,325.3800048828125,325.6199951171875,325.20001220703125,325.5199890136719,325.5199890136719,3102,2023-05-31 12:04:00-04:00
2023-05-31 12:05:00-04:00,325.32000732421875,325.42498779296875,325.2099914550781,325.2099914550781,325.2099914550781,1140,2023-05-31 12:05:00-04:00
2023-05-31 12:06:00-04:00,325.2200012207031,325.2200012207031,325.2200012207031,325.2200012207031,325.2200012207031,854,2023-05-31 12:06:00-04:00
2023-05-31 12:07:00-04:00,325.1400146484375,325.3500061035156,325.1400146484375,325.19000244140625,325.19000244140625,2082,2023-05-31 12:07:00-04:00
2023-05-31 12:08:00-04:00,325.1600036621094,325.19000244140625,325.05999755859375,325.114990234375,325.114990234375,3926,2023-05-31 12:08:00-04:00
2023-05-31 12:09:00-04:00,325.1199951171875,325.32000732421875,325.1199951171875,325.32000732421875,325.32000732421875,2124,2023-05-31 12:09:00-04:00
2023-05-31 12:10:00-04:00,325.2799987792969,325.2799987792969,325.2749938964844,325.2749938964844,325.2749938964844,1052,2023-05-31 12:10:00-04:00
2023-05-31 12:11:00-04:00,325.375,325.82501220703125,325.1499938964844,325.82501220703125,325.82501220703125,6028,2023-05-31 12:11:00-04:00
2023-05-31 12:12:00-04:00,325.5199890136719,325.5199890136719,325.5199890136719,325.5199890136719,325.5199890136719,436,2023-05-31 12:12:00-04:00
2023-05-31 12:13:00-04:00,325.4599914550781,325.75,325.4599914550781,325.75,325.75,424,2023-05-31 12:13:00-04:00
2023-05-31 12:14:00-04:00,325.625,325.6300048828125,325.625,325.6300048828125,325.6300048828125,572,2023-05-31 12:14:00-04:00
2023-05-31 12:15:00-04:00,325.4599914550781,325.4599914550781,325.45001220703125,325.45001220703125,325.45001220703125,940,2023-05-31 12:15:00-04:00
2023-05-31 12:16:00-04:00,325.4200134277344,325.4200134277344,325.19000244140625,325.19000244140625,325.19000244140625,2073,2023-05-31 12:16:00-04:00
2023-05-31 12:17:00-04:00,325.2200012207031,325.3900146484375,325.1499938964844,325.2149963378906,325.2149963378906,5088,2023-05-31 12:17:00-04:00
2023-05-31 12:18:00-04:00,325.3900146484375,325.3900146484375,325.2349853515625,325.2349853515625,325.2349853515625,633,2023-05-31 12:18:00-04:00
2023-05-31 12:19:00-04:00,325.1099853515625,325.24749755859375,325.1099853515625,325.24749755859375,325.24749755859375,215,2023-05-31 12:19:00-04:00
2023-05-31 12:20:00-04:00,325.25,325.3800048828125,325.239990234375,325.3699951171875,325.3699951171875,2546,2023-05-31 12:20:00-04:00
2023-05-31 12:21:00-04:00,325.260009765625,325.3599853515625,325.18499755859375,325.3599853515625,325.3599853515625,648,2023-05-31 12:21:00-04:00
2023-05-31 12:22:00-04:00,325.20001220703125,325.30999755859375,325.20001220703125,325.30999755859375,325.30999755859375,476,2023-05-31 12:22:00-04:00
2023-05-31 12:23:00-04:00,325.1549987792969,325.30999755859375,325.1499938964844,325.1499938964844,325.1499938964844,1057,2023-05-31 12:23:00-04:00
2023-05-31 12:24:00-04:00,325.1300048828125,325.1300048828125,325.1199951171875,325.1199951171875,325.1199951171875,517,2023-05-31 12:24:00-04:00
2023-05-31 12:25:00-04:00,325.239990234375,325.30999755859375,324.8800048828125,325.0199890136719,325.0199890136719,3079,2023-05-31 12:25:00-04:00
2023-05-31 12:26:00-04:00,325.1000061035156,325.20001220703125,324.9649963378906,325.1449890136719,325.1449890136719,3778,2023-05-31 12:26:00-04:00
2023-05-31 12:27:00-04:00,325.25,325.260009765625,325.20001220703125,325.2099914550781,325.2099914550781,1479,2023-05-31 12:27:00-04:00
2023-05-31 12:28:00-04:00,325.1700134277344,325.1700134277344,324.9700012207031,324.9800109863281,324.9800109863281,2633,2023-05-31 12:28:00-04:00
2023-05-31 12:29:00-04:00,325.0950012207031,325.0950012207031,324.92498779296875,324.92498779296875,324.92498779296875,548,2023-05-31 12:29:00-04:00
2023-05-31 12:30:00-04:00,324.92010498046875,324.92999267578125,324.92010498046875,324.92999267578125,324.92999267578125,465,2023-05-31 12:30:00-04:00
2023-05-31 12:31:00-04:00,324.92999267578125,324.92999267578125,324.92999267578125,324.92999267578125,324.92999267578125,242,2023-05-31 12:31:00-04:00
2023-05-31 12:32:00-04:00,324.92999267578125,324.92999267578125,324.54998779296875,324.54998779296875,324.54998779296875,4621,2023-05-31 12:32:00-04:00
2023-05-31 12:33:00-04:00,324.56500244140625,324.7349853515625,324.55499267578125,324.6000061035156,324.6000061035156,915,2023-05-31 12:33:00-04:00
2023-05-31 12:34:00-04:00,324.6099853515625,324.75,324.55499267578125,324.5849914550781,324.5849914550781,1662,2023-05-31 12:34:00-04:00
2023-05-31 12:35:00-04:00,324.6199951171875,324.7900085449219,324.5799865722656,324.7900085449219,324.7900085449219,3051,2023-05-31 12:35:00-04:00
2023-05-31 12:36:00-04:00,324.57000732421875,324.6700134277344,324.57000732421875,324.6700134277344,324.6700134277344,816,2023-05-31 12:36:00-04:00
2023-05-31 12:37:00-04:00,324.54998779296875,324.6600036621094,324.5400085449219,324.5400085449219,324.5400085449219,1107,2023-05-31 12:37:00-04:00
2023-05-31 12:38:00-04:00,324.5350036621094,324.5350036621094,324.19000244140625,324.19000244140625,324.19000244140625,1933,2023-05-31 12:38:00-04:00
2023-05-31 12:40:00-04:00,324.239990234375,324.25,324.239990234375,324.25,324.25,1029,2023-05-31 12:40:00-04:00
2023-05-31 12:41:00-04:00,324.17999267578125,324.4800109863281,324.17999267578125,324.44500732421875,324.44500732421875,2869,2023-05-31 12:41:00-04:00
2023-05-31 12:42:00-04:00,324.3299865722656,324.57000732421875,324.3299865722656,324.4549865722656,324.4549865722656,648,2023-05-31 12:42:00-04:00
2023-05-31 12:43:00-04:00,324.4200134277344,324.6000061035156,324.4150085449219,324.5050048828125,324.5050048828125,2840,2023-05-31 12:43:00-04:00
2023-05-31 12:44:00-04:00,324.4800109863281,324.489990234375,324.4800109863281,324.489990234375,324.489990234375,516,2023-05-31 12:44:00-04:00
2023-05-31 12:45:00-04:00,324.3900146484375,324.510009765625,324.3900146484375,324.510009765625,324.510009765625,1173,2023-05-31 12:45:00-04:00
2023-05-31 12:46:00-04:00,324.44500732421875,324.70001220703125,324.44500732421875,324.6199951171875,324.6199951171875,2324,2023-05-31 12:46:00-04:00
2023-05-31 12:47:00-04:00,324.75,324.7674865722656,324.6600036621094,324.7674865722656,324.7674865722656,2091,2023-05-31 12:47:00-04:00
2023-05-31 12:48:00-04:00,324.7489013671875,324.7489013671875,324.7489013671875,324.7489013671875,324.7489013671875,122,2023-05-31 12:48:00-04:00
2023-05-31 12:49:00-04:00,324.7699890136719,324.7749938964844,324.73541259765625,324.7749938964844,324.7749938964844,1291,2023-05-31 12:49:00-04:00
2023-05-31 12:50:00-04:00,324.6700134277344,324.677490234375,324.6700134277344,324.677490234375,324.677490234375,546,2023-05-31 12:50:00-04:00
2023-05-31 12:51:00-04:00,324.6099853515625,324.760009765625,324.6099853515625,324.6700134277344,324.6700134277344,773,2023-05-31 12:51:00-04:00
2023-05-31 12:52:00-04:00,324.6400146484375,324.6400146484375,324.4800109863281,324.54998779296875,324.54998779296875,3774,2023-05-31 12:52:00-04:00
2023-05-31 12:53:00-04:00,324.55999755859375,324.69000244140625,324.55999755859375,324.69000244140625,324.69000244140625,949,2023-05-31 12:53:00-04:00
2023-05-31 12:54:00-04:00,324.5799865722656,324.70001220703125,324.3299865722656,324.3299865722656,324.3299865722656,1607,2023-05-31 12:54:00-04:00
2023-05-31 12:55:00-04:00,324.3450012207031,324.3583984375,324.3399963378906,324.3583984375,324.3583984375,885,2023-05-31 12:55:00-04:00
2023-05-31 12:56:00-04:00,324.3599853515625,324.4200134277344,324.3399963378906,324.4200134277344,324.4200134277344,902,2023-05-31 12:56:00-04:00
2023-05-31 12:57:00-04:00,324.5,324.5199890136719,324.364990234375,324.364990234375,324.364990234375,1588,2023-05-31 12:57:00-04:00
2023-05-31 12:58:00-04:00,324.3599853515625,324.4649963378906,324.3599853515625,324.4649963378906,324.4649963378906,893,2023-05-31 12:58:00-04:00
2023-05-31 12:59:00-04:00,324.57000732421875,325.0199890136719,324.57000732421875,324.8399963378906,324.8399963378906,3741,2023-05-31 12:59:00-04:00
2023-05-31 13:01:00-04:00,325.0299987792969,325.23040771484375,325.0299987792969,325.23040771484375,325.23040771484375,1113,2023-05-31 13:01:00-04:00
2023-05-31 13:02:00-04:00,325.010009765625,325.010009765625,324.989990234375,324.989990234375,324.989990234375,1649,2023-05-31 13:02:00-04:00
2023-05-31 13:03:00-04:00,325.0,325.0,325.0,325.0,325.0,534,2023-05-31 13:03:00-04:00
2023-05-31 13:08:00-04:00,325.0899963378906,325.0899963378906,324.9949951171875,324.9949951171875,324.9949951171875,236,2023-05-31 13:08:00-04:00
2023-05-31 13:09:00-04:00,325.0899963378906,325.0899963378906,325.0899963378906,325.0899963378906,325.0899963378906,126,2023-05-31 13:09:00-04:00
2023-05-31 13:10:00-04:00,324.989990234375,324.9949951171875,324.82000732421875,324.9200134277344,324.9200134277344,2360,2023-05-31 13:10:00-04:00
2023-05-31 13:11:00-04:00,324.989990234375,324.989990234375,324.95001220703125,324.95001220703125,324.95001220703125,295,2023-05-31 13:11:00-04:00
2023-05-31 13:12:00-04:00,324.8900146484375,324.92999267578125,324.8800048828125,324.8800048828125,324.8800048828125,751,2023-05-31 13:12:00-04:00
2023-05-31 13:13:00-04:00,324.989990234375,325.010009765625,324.79998779296875,324.8699951171875,324.8699951171875,2537,2023-05-31 13:13:00-04:00
2023-05-31 13:14:00-04:00,324.67498779296875,324.67498779296875,324.5899963378906,324.5899963378906,324.5899963378906,351,2023-05-31 13:14:00-04:00
2023-05-31 13:15:00-04:00,324.6675109863281,324.7200012207031,324.6675109863281,324.6700134277344,324.6700134277344,470,2023-05-31 13:15:00-04:00
2023-05-31 13:16:00-04:00,324.79998779296875,324.79998779296875,324.79998779296875,324.79998779296875,324.79998779296875,5576,2023-05-31 13:16:00-04:00
2023-05-31 13:17:00-04:00,324.7200012207031,324.7200012207031,324.5,324.5,324.5,2106,2023-05-31 13:17:00-04:00
2023-05-31 13:18:00-04:00,324.2749938964844,324.2749938964844,324.2749938964844,324.2749938964844,324.2749938964844,281,2023-05-31 13:18:00-04:00
2023-05-31 13:19:00-04:00,324.2900085449219,324.2950134277344,324.2900085449219,324.2950134277344,324.2950134277344,258,2023-05-31 13:19:00-04:00
2023-05-31 13:20:00-04:00,324.3299865722656,324.4100036621094,324.1499938964844,324.1499938964844,324.1499938964844,3910,2023-05-31 13:20:00-04:00
2023-05-31 13:21:00-04:00,324.1700134277344,324.20001220703125,324.1700134277344,324.20001220703125,324.20001220703125,285,2023-05-31 13:21:00-04:00
2023-05-31 13:22:00-04:00,324.2049865722656,324.32501220703125,324.2049865722656,324.2900085449219,324.2900085449219,2906,2023-05-31 13:22:00-04:00
2023-05-31 13:23:00-04:00,324.3699951171875,324.4200134277344,324.31500244140625,324.32000732421875,324.32000732421875,2334,2023-05-31 13:23:00-04:00
2023-05-31 13:24:00-04:00,324.32501220703125,324.4200134277344,324.2099914550781,324.2099914550781,324.2099914550781,1705,2023-05-31 13:24:00-04:00
2023-05-31 13:25:00-04:00,324.2799987792969,324.29998779296875,324.2799987792969,324.29998779296875,324.29998779296875,794,2023-05-31 13:25:00-04:00
2023-05-31 13:26:00-04:00,324.1400146484375,324.1400146484375,324.0899963378906,324.09039306640625,324.09039306640625,1861,2023-05-31 13:26:00-04:00
2023-05-31 13:28:00-04:00,324.1300048828125,324.19000244140625,324.125,324.19000244140625,324.19000244140625,1763,2023-05-31 13:28:00-04:00
2023-05-31 13:29:00-04:00,324.20001220703125,324.4700012207031,324.20001220703125,324.4700012207031,324.4700012207031,1367,2023-05-31 13:29:00-04:00
2023-05-31 13:30:00-04:00,324.54998779296875,324.9800109863281,324.54998779296875,324.9200134277344,324.9200134277344,1669,2023-05-31 13:30:00-04:00
2023-05-31 13:31:00-04:00,324.9800109863281,324.9800109863281,324.9800109863281,324.9800109863281,324.9800109863281,739,2023-05-31 13:31:00-04:00
2023-05-31 13:33:00-04:00,325.04998779296875,325.2099914550781,324.9100036621094,325.2099914550781,325.2099914550781,4649,2023-05-31 13:33:00-04:00
2023-05-31 13:35:00-04:00,325.17999267578125,325.25,325.05999755859375,325.05999755859375,325.05999755859375,1118,2023-05-31 13:35:00-04:00
2023-05-31 13:36:00-04:00,325.2300109863281,325.3299865722656,324.8699951171875,324.8699951171875,324.8699951171875,3074,2023-05-31 13:36:00-04:00
2023-05-31 13:37:00-04:00,324.7699890136719,324.9200134277344,324.7699890136719,324.8800048828125,324.8800048828125,1558,2023-05-31 13:37:00-04:00
2023-05-31 13:38:00-04:00,324.8450012207031,324.8450012207031,324.8450012207031,324.8450012207031,324.8450012207031,554,2023-05-31 13:38:00-04:00
2023-05-31 13:39:00-04:00,324.82000732421875,324.9700012207031,324.79998779296875,324.9700012207031,324.9700012207031,2174,2023-05-31 13:39:00-04:00
2023-05-31 13:40:00-04:00,325.0400085449219,325.3800048828125,325.0400085449219,325.3800048828125,325.3800048828125,2049,2023-05-31 13:40:00-04:00
2023-05-31 13:41:00-04:00,325.1000061035156,325.1000061035156,325.0968933105469,325.0968933105469,325.0968933105469,578,2023-05-31 13:41:00-04:00
2023-05-31 13:42:00-04:00,325.19000244140625,325.2300109863281,325.0799865722656,325.0899963378906,325.0899963378906,1421,2023-05-31 13:42:00-04:00
2023-05-31 13:43:00-04:00,325.0,325.0,325.0,325.0,325.0,874,2023-05-31 13:43:00-04:00
2023-05-31 13:45:00-04:00,325.25,325.25,325.04998779296875,325.04998779296875,325.04998779296875,1420,2023-05-31 13:45:00-04:00
2023-05-31 13:46:00-04:00,324.8999938964844,324.8999938964844,324.7799987792969,324.8900146484375,324.8900146484375,1455,2023-05-31 13:46:00-04:00
2023-05-31 13:47:00-04:00,324.95001220703125,325.0899963378906,324.92010498046875,325.0899963378906,325.0899963378906,1269,2023-05-31 13:47:00-04:00
2023-05-31 13:48:00-04:00,325.0899963378906,325.0899963378906,324.9200134277344,324.9200134277344,324.9200134277344,1242,2023-05-31 13:48:00-04:00
2023-05-31 13:49:00-04:00,324.989990234375,325.0,324.92999267578125,324.92999267578125,324.92999267578125,1467,2023-05-31 13:49:00-04:00
2023-05-31 13:50:00-04:00,324.864990234375,324.864990234375,324.864990234375,324.864990234375,324.864990234375,114,2023-05-31 13:50:00-04:00
2023-05-31 13:51:00-04:00,325.1000061035156,325.1000061035156,324.989990234375,325.09991455078125,325.09991455078125,1260,2023-05-31 13:51:00-04:00
2023-05-31 13:52:00-04:00,325.1000061035156,325.30999755859375,325.1000061035156,325.30999755859375,325.30999755859375,2207,2023-05-31 13:52:00-04:00
2023-05-31 13:53:00-04:00,325.3900146484375,325.75,325.3800048828125,325.75,325.75,3233,2023-05-31 13:53:00-04:00
2023-05-31 13:54:00-04:00,325.7449951171875,325.7449951171875,325.7449951171875,325.7449951171875,325.7449951171875,443,2023-05-31 13:54:00-04:00
2023-05-31 13:55:00-04:00,325.8500061035156,325.8800048828125,325.8399963378906,325.8699951171875,325.8699951171875,1569,2023-05-31 13:55:00-04:00
2023-05-31 13:56:00-04:00,325.989990234375,325.989990234375,325.989990234375,325.989990234375,325.989990234375,406,2023-05-31 13:56:00-04:00
2023-05-31 13:57:00-04:00,325.9950866699219,325.9950866699219,325.8399963378906,325.9800109863281,325.9800109863281,1912,2023-05-31 13:57:00-04:00
2023-05-31 13:58:00-04:00,325.9375,326.010009765625,325.9375,326.010009765625,326.010009765625,606,2023-05-31 13:58:00-04:00
2023-05-31 13:59:00-04:00,326.010009765625,326.010009765625,325.57000732421875,325.6700134277344,325.6700134277344,4411,2023-05-31 13:59:00-04:00
2023-05-31 14:00:00-04:00,325.6700134277344,325.6700134277344,325.55999755859375,325.55999755859375,325.55999755859375,625,2023-05-31 14:00:00-04:00
2023-05-31 14:01:00-04:00,325.6199951171875,325.6199951171875,325.5199890136719,325.5199890136719,325.5199890136719,1495,2023-05-31 14:01:00-04:00
2023-05-31 14:02:00-04:00,325.3699951171875,325.6400146484375,325.3699951171875,325.4849853515625,325.4849853515625,1163,2023-05-31 14:02:00-04:00
2023-05-31 14:03:00-04:00,325.45001220703125,325.6400146484375,325.45001220703125,325.6400146484375,325.6400146484375,653,2023-05-31 14:03:00-04:00
2023-05-31 14:04:00-04:00,325.6099853515625,325.7799987792969,325.6099853515625,325.6700134277344,325.6700134277344,11949,2023-05-31 14:04:00-04:00
2023-05-31 14:05:00-04:00,325.760009765625,325.7799987792969,325.760009765625,325.7799987792969,325.7799987792969,1668,2023-05-31 14:05:00-04:00
2023-05-31 14:06:00-04:00,325.885009765625,325.8949890136719,325.6600036621094,325.6600036621094,325.6600036621094,3409,2023-05-31 14:06:00-04:00
2023-05-31 14:07:00-04:00,325.7200012207031,325.80999755859375,325.6000061035156,325.7300109863281,325.7300109863281,968,2023-05-31 14:07:00-04:00
2023-05-31 14:08:00-04:00,325.7250061035156,325.7250061035156,325.7250061035156,325.7250061035156,325.7250061035156,206,2023-05-31 14:08:00-04:00
2023-05-31 14:09:00-04:00,325.625,325.8399963378906,325.625,325.739990234375,325.739990234375,1005,2023-05-31 14:09:00-04:00
2023-05-31 14:10:00-04:00,325.82000732421875,325.8599853515625,325.82000732421875,325.8599853515625,325.8599853515625,1889,2023-05-31 14:10:00-04:00
2023-05-31 14:11:00-04:00,325.7300109863281,325.7300109863281,325.7300109863281,325.7300109863281,325.7300109863281,367,2023-05-31 14:11:00-04:00
2023-05-31 14:12:00-04:00,325.70001220703125,325.70001220703125,325.70001220703125,325.70001220703125,325.70001220703125,590,2023-05-31 14:12:00-04:00
2023-05-31 14:13:00-04:00,325.7099914550781,325.82000732421875,325.7099914550781,325.82000732421875,325.82000732421875,1694,2023-05-31 14:13:00-04:00
2023-05-31 14:14:00-04:00,325.760009765625,325.760009765625,325.760009765625,325.760009765625,325.760009765625,230,2023-05-31 14:14:00-04:00
2023-05-31 14:15:00-04:00,325.739990234375,325.760009765625,325.739990234375,325.760009765625,325.760009765625,621,2023-05-31 14:15:00-04:00
2023-05-31 14:16:00-04:00,325.7099914550781,325.7099914550781,325.3999938964844,325.44000244140625,325.44000244140625,3714,2023-05-31 14:16:00-04:00
2023-05-31 14:17:00-04:00,325.4100036621094,325.4100036621094,325.31500244140625,325.31500244140625,325.31500244140625,705,2023-05-31 14:17:00-04:00
2023-05-31 14:18:00-04:00,325.3349914550781,325.54998779296875,325.32000732421875,325.5299072265625,325.5299072265625,4247,2023-05-31 14:18:00-04:00
2023-05-31 14:19:00-04:00,325.42498779296875,325.5400085449219,325.3800048828125,325.4599914550781,325.4599914550781,1322,2023-05-31 14:19:00-04:00
2023-05-31 14:20:00-04:00,325.54998779296875,325.6000061035156,325.489990234375,325.5899963378906,325.5899963378906,2702,2023-05-31 14:20:00-04:00
2023-05-31 14:21:00-04:00,325.5899963378906,325.6099853515625,325.5,325.5191955566406,325.5191955566406,5026,2023-05-31 14:21:00-04:00
2023-05-31 14:22:00-04:00,325.67950439453125,325.70001220703125,325.67950439453125,325.70001220703125,325.70001220703125,1270,2023-05-31 14:22:00-04:00
2023-05-31 14:23:00-04:00,325.5299987792969,325.5299987792969,325.4800109863281,325.489990234375,325.489990234375,1195,2023-05-31 14:23:00-04:00
2023-05-31 14:24:00-04:00,325.4599914550781,325.5899963378906,325.4599914550781,325.5899963378906,325.5899963378906,2042,2023-05-31 14:24:00-04:00
2023-05-31 14:25:00-04:00,325.6850891113281,325.6850891113281,325.510009765625,325.5950012207031,325.5950012207031,2170,2023-05-31 14:25:00-04:00
2023-05-31 14:26:00-04:00,325.6000061035156,325.6099853515625,325.5299987792969,325.6099853515625,325.6099853515625,2718,2023-05-31 14:26:00-04:00
2023-05-31 14:27:00-04:00,325.5,325.5050048828125,325.5,325.5050048828125,325.5050048828125,783,2023-05-31 14:27:00-04:00
2023-05-31 14:28:00-04:00,325.5299987792969,325.6000061035156,325.5050048828125,325.5199890136719,325.5199890136719,2351,2023-05-31 14:28:00-04:00
2023-05-31 14:29:00-04:00,325.5299987792969,325.55999755859375,325.3500061035156,325.3500061035156,325.3500061035156,6784,2023-05-31 14:29:00-04:00
2023-05-31 14:30:00-04:00,325.4549865722656,325.5799865722656,325.2099914550781,325.2099914550781,325.2099914550781,4754,2023-05-31 14:30:00-04:00
2023-05-31 14:31:00-04:00,325.32501220703125,325.5,325.32501220703125,325.4549865722656,325.4549865722656,2166,2023-05-31 14:31:00-04:00
2023-05-31 14:32:00-04:00,325.44000244140625,325.5400085449219,325.3999938964844,325.5400085449219,325.5400085449219,969,2023-05-31 14:32:00-04:00
2023-05-31 14:33:00-04:00,325.44500732421875,325.45001220703125,325.3500061035156,325.45001220703125,325.45001220703125,740,2023-05-31 14:33:00-04:00
2023-05-31 14:34:00-04:00,325.4549865722656,325.510009765625,325.32000732421875,325.3299865722656,325.3299865722656,2799,2023-05-31 14:34:00-04:00
2023-05-31 14:35:00-04:00,325.2650146484375,325.5050048828125,325.2650146484375,325.5,325.5,2712,2023-05-31 14:35:00-04:00
2023-05-31 14:36:00-04:00,325.44000244140625,325.45001220703125,325.364990234375,325.364990234375,325.364990234375,1838,2023-05-31 14:36:00-04:00
2023-05-31 14:37:00-04:00,325.3800048828125,325.3800048828125,325.2550048828125,325.3699951171875,325.3699951171875,1124,2023-05-31 14:37:00-04:00
2023-05-31 14:39:00-04:00,325.2950134277344,325.3800048828125,325.2149963378906,325.30999755859375,325.30999755859375,2212,2023-05-31 14:39:00-04:00
2023-05-31 14:40:00-04:00,325.3900146484375,325.3900146484375,325.3450012207031,325.3450012207031,325.3450012207031,1211,2023-05-31 14:40:00-04:00
2023-05-31 14:41:00-04:00,325.3450012207031,325.44000244140625,325.3450012207031,325.44000244140625,325.44000244140625,922,2023-05-31 14:41:00-04:00
2023-05-31 14:42:00-04:00,325.430908203125,325.55999755859375,325.3900146484375,325.510009765625,325.510009765625,6249,2023-05-31 14:42:00-04:00
2023-05-31 14:43:00-04:00,325.510009765625,325.510009765625,325.510009765625,325.510009765625,325.510009765625,1568,2023-05-31 14:43:00-04:00
2023-05-31 14:44:00-04:00,325.510009765625,326.0,325.46661376953125,326.0,326.0,4142,2023-05-31 14:44:00-04:00
2023-05-31 14:45:00-04:00,325.92498779296875,325.9800109863281,325.5799865722656,325.739990234375,325.739990234375,16361,2023-05-31 14:45:00-04:00
2023-05-31 14:46:00-04:00,325.67999267578125,325.67999267578125,325.67999267578125,325.67999267578125,325.67999267578125,441,2023-05-31 14:46:00-04:00
2023-05-31 14:47:00-04:00,325.67999267578125,325.75,325.67999267578125,325.67999267578125,325.67999267578125,1203,2023-05-31 14:47:00-04:00
2023-05-31 14:48:00-04:00,325.6099853515625,325.70001220703125,325.42999267578125,325.4599914550781,325.4599914550781,4630,2023-05-31 14:48:00-04:00
2023-05-31 14:49:00-04:00,325.5299987792969,325.5299987792969,325.5299987792969,325.5299987792969,325.5299987792969,859,2023-05-31 14:49:00-04:00
2023-05-31 14:50:00-04:00,325.4200134277344,325.5350036621094,325.32000732421875,325.3900146484375,325.3900146484375,5039,2023-05-31 14:50:00-04:00
2023-05-31 14:51:00-04:00,325.2699890136719,325.3949890136719,325.239990234375,325.239990234375,325.239990234375,1968,2023-05-31 14:51:00-04:00
2023-05-31 14:52:00-04:00,325.3924865722656,325.3924865722656,325.3924865722656,325.3924865722656,325.3924865722656,492,2023-05-31 14:52:00-04:00
2023-05-31 14:53:00-04:00,325.3900146484375,325.45001220703125,325.3900146484375,325.45001220703125,325.45001220703125,667,2023-05-31 14:53:00-04:00
2023-05-31 14:54:00-04:00,325.3949890136719,325.4800109863281,325.25,325.260009765625,325.260009765625,3101,2023-05-31 14:54:00-04:00
2023-05-31 14:55:00-04:00,325.3599853515625,325.3599853515625,325.1700134277344,325.1724853515625,325.1724853515625,2058,2023-05-31 14:55:00-04:00
2023-05-31 14:56:00-04:00,325.0350036621094,325.04998779296875,325.0150146484375,325.04998779296875,325.04998779296875,1190,2023-05-31 14:56:00-04:00
2023-05-31 14:57:00-04:00,325.1650085449219,325.25,325.0799865722656,325.0799865722656,325.0799865722656,1942,2023-05-31 14:57:00-04:00
2023-05-31 14:58:00-04:00,325.1640930175781,325.1640930175781,324.92999267578125,324.9800109863281,324.9800109863281,4927,2023-05-31 14:58:00-04:00
2023-05-31 14:59:00-04:00,324.94000244140625,325.0849914550781,324.93499755859375,325.0249938964844,325.0249938964844,6964,2023-05-31 14:59:00-04:00
2023-05-31 15:00:00-04:00,325.0299987792969,325.1000061035156,324.9599914550781,324.9949951171875,324.9949951171875,2580,2023-05-31 15:00:00-04:00
2023-05-31 15:01:00-04:00,325.0199890136719,325.4200134277344,324.9700012207031,325.4049987792969,325.4049987792969,3745,2023-05-31 15:01:00-04:00
2023-05-31 15:02:00-04:00,325.3999938964844,325.75,325.3999938964844,325.6099853515625,325.6099853515625,15165,2023-05-31 15:02:00-04:00
2023-05-31 15:03:00-04:00,325.5799865722656,325.6549987792969,325.5799865722656,325.6549987792969,325.6549987792969,1009,2023-05-31 15:03:00-04:00
2023-05-31 15:04:00-04:00,325.55999755859375,325.6099853515625,325.3800048828125,325.3800048828125,325.3800048828125,8361,2023-05-31 15:04:00-04:00
2023-05-31 15:05:00-04:00,325.6099853515625,325.6575012207031,325.42999267578125,325.54998779296875,325.54998779296875,5325,2023-05-31 15:05:00-04:00
2023-05-31 15:06:00-04:00,325.67999267578125,325.7025146484375,325.57000732421875,325.57000732421875,325.57000732421875,3479,2023-05-31 15:06:00-04:00
2023-05-31 15:07:00-04:00,325.7099914550781,325.75,325.6400146484375,325.75,325.75,2844,2023-05-31 15:07:00-04:00
2023-05-31 15:08:00-04:00,325.67498779296875,325.75,325.6000061035156,325.67999267578125,325.67999267578125,3086,2023-05-31 15:08:00-04:00
2023-05-31 15:09:00-04:00,325.67999267578125,325.7300109863281,325.6099853515625,325.67999267578125,325.67999267578125,3551,2023-05-31 15:09:00-04:00
2023-05-31 15:10:00-04:00,325.7200012207031,326.0299987792969,325.6099853515625,325.7099914550781,325.7099914550781,17434,2023-05-31 15:10:00-04:00
2023-05-31 15:11:00-04:00,325.7300109863281,325.75,325.56500244140625,325.56500244140625,325.56500244140625,4809,2023-05-31 15:11:00-04:00
2023-05-31 15:12:00-04:00,325.6549987792969,325.7200012207031,325.55999755859375,325.5950012207031,325.5950012207031,3438,2023-05-31 15:12:00-04:00
2023-05-31 15:13:00-04:00,325.635009765625,325.635009765625,325.635009765625,325.635009765625,325.635009765625,197,2023-05-31 15:13:00-04:00
2023-05-31 15:14:00-04:00,325.5249938964844,325.6600036621094,325.5249938964844,325.6050109863281,325.6050109863281,2766,2023-05-31 15:14:00-04:00
2023-05-31 15:15:00-04:00,325.6499938964844,325.67999267578125,325.6050109863281,325.6499938964844,325.6499938964844,2965,2023-05-31 15:15:00-04:00
2023-05-31 15:16:00-04:00,325.6549987792969,325.6875,325.5899963378906,325.67999267578125,325.67999267578125,2815,2023-05-31 15:16:00-04:00
2023-05-31 15:17:00-04:00,325.6499938964844,325.6499938964844,325.4800109863281,325.4800109863281,325.4800109863281,4322,2023-05-31 15:17:00-04:00
2023-05-31 15:18:00-04:00,325.54998779296875,325.6400146484375,325.5299987792969,325.6400146484375,325.6400146484375,3274,2023-05-31 15:18:00-04:00
2023-05-31 15:19:00-04:00,325.6400146484375,325.6400146484375,325.5201110839844,325.5201110839844,325.5201110839844,2142,2023-05-31 15:19:00-04:00
2023-05-31 15:20:00-04:00,325.54998779296875,325.54998779296875,325.4049987792969,325.4049987792969,325.4049987792969,5522,2023-05-31 15:20:00-04:00
2023-05-31 15:21:00-04:00,325.4100036621094,325.510009765625,325.3949890136719,325.5,325.5,2603,2023-05-31 15:21:00-04:00
2023-05-31 15:22:00-04:00,325.5050048828125,325.5050048828125,325.4200134277344,325.4200134277344,325.4200134277344,1116,2023-05-31 15:22:00-04:00
2023-05-31 15:23:00-04:00,325.4200134277344,325.5799865722656,325.4200134277344,325.5050048828125,325.5050048828125,3307,2023-05-31 15:23:00-04:00
2023-05-31 15:24:00-04:00,325.5899963378906,325.6000061035156,325.489990234375,325.5400085449219,325.5400085449219,5223,2023-05-31 15:24:00-04:00
2023-05-31 15:25:00-04:00,325.5899963378906,325.5899963378906,325.489990234375,325.5199890136719,325.5199890136719,3950,2023-05-31 15:25:00-04:00
2023-05-31 15:26:00-04:00,325.4700012207031,325.5249938964844,325.4049987792969,325.4800109863281,325.4800109863281,1826,2023-05-31 15:26:00-04:00
2023-05-31 15:27:00-04:00,325.4200134277344,325.4649963378906,325.135009765625,325.2200012207031,325.2200012207031,3817,2023-05-31 15:27:00-04:00
2023-05-31 15:28:00-04:00,325.2250061035156,325.2250061035156,325.0199890136719,325.1199951171875,325.1199951171875,2786,2023-05-31 15:28:00-04:00
2023-05-31 15:29:00-04:00,325.125,325.19500732421875,325.05999755859375,325.1199951171875,325.1199951171875,5693,2023-05-31 15:29:00-04:00
2023-05-31 15:30:00-04:00,325.17999267578125,325.3599853515625,325.1600036621094,325.31500244140625,325.31500244140625,4722,2023-05-31 15:30:00-04:00
2023-05-31 15:31:00-04:00,325.32501220703125,325.3699951171875,325.260009765625,325.3699951171875,325.3699951171875,3432,2023-05-31 15:31:00-04:00
2023-05-31 15:32:00-04:00,325.3699951171875,325.6400146484375,325.3599853515625,325.54998779296875,325.54998779296875,17670,2023-05-31 15:32:00-04:00
2023-05-31 15:33:00-04:00,325.57000732421875,325.69000244140625,325.5,325.6000061035156,325.6000061035156,7474,2023-05-31 15:33:00-04:00
2023-05-31 15:34:00-04:00,325.6300048828125,325.6499938964844,325.54998779296875,325.54998779296875,325.54998779296875,11786,2023-05-31 15:34:00-04:00
2023-05-31 15:35:00-04:00,325.57000732421875,325.6650085449219,325.510009765625,325.510009765625,325.510009765625,6384,2023-05-31 15:35:00-04:00
2023-05-31 15:36:00-04:00,325.5249938964844,325.6000061035156,325.5249938964844,325.5350036621094,325.5350036621094,4128,2023-05-31 15:36:00-04:00
2023-05-31 15:37:00-04:00,325.5350036621094,325.6099853515625,325.5350036621094,325.54998779296875,325.54998779296875,7062,2023-05-31 15:37:00-04:00
2023-05-31 15:38:00-04:00,325.5899963378906,325.5899963378906,325.1600036621094,325.1600036621094,325.1600036621094,12908,2023-05-31 15:38:00-04:00
2023-05-31 15:39:00-04:00,325.1650085449219,325.239990234375,325.1499938964844,325.2300109863281,325.2300109863281,2188,2023-05-31 15:39:00-04:00
2023-05-31 15:40:00-04:00,325.239990234375,325.489990234375,325.239990234375,325.3399963378906,325.3399963378906,5406,2023-05-31 15:40:00-04:00
2023-05-31 15:41:00-04:00,325.2799987792969,325.489990234375,325.2799987792969,325.4800109863281,325.4800109863281,5213,2023-05-31 15:41:00-04:00
2023-05-31 15:42:00-04:00,325.4200134277344,325.57000732421875,325.4200134277344,325.57000732421875,325.57000732421875,3653,2023-05-31 15:42:00-04:00
2023-05-31 15:43:00-04:00,325.625,325.9800109863281,325.625,325.9700012207031,325.9700012207031,3856,2023-05-31 15:43:00-04:00
2023-05-31 15:44:00-04:00,325.989990234375,326.30999755859375,325.989990234375,326.2900085449219,326.2900085449219,4430,2023-05-31 15:44:00-04:00
2023-05-31 15:45:00-04:00,326.18499755859375,326.2799987792969,326.07000732421875,326.1600036621094,326.1600036621094,8184,2023-05-31 15:45:00-04:00
2023-05-31 15:46:00-04:00,326.05999755859375,326.19000244140625,325.82000732421875,325.82501220703125,325.82501220703125,5121,2023-05-31 15:46:00-04:00
2023-05-31 15:47:00-04:00,325.7950134277344,325.9599914550781,325.7650146484375,325.82501220703125,325.82501220703125,2400,2023-05-31 15:47:00-04:00
2023-05-31 15:48:00-04:00,325.8450012207031,325.95001220703125,325.635009765625,325.7349853515625,325.7349853515625,3765,2023-05-31 15:48:00-04:00
2023-05-31 15:49:00-04:00,325.69000244140625,325.760009765625,325.4800109863281,325.7250061035156,325.7250061035156,8552,2023-05-31 15:49:00-04:00
2023-05-31 15:50:00-04:00,325.7250061035156,325.7250061035156,324.4700012207031,324.8818054199219,324.8818054199219,62606,2023-05-31 15:50:00-04:00
2023-05-31 15:51:00-04:00,324.7699890136719,324.9700012207031,324.67498779296875,324.69000244140625,324.69000244140625,23665,2023-05-31 15:51:00-04:00
2023-05-31 15:52:00-04:00,324.739990234375,324.760009765625,323.67999267578125,323.79998779296875,323.79998779296875,26698,2023-05-31 15:52:00-04:00
2023-05-31 15:53:00-04:00,323.8800048828125,324.0400085449219,323.1400146484375,323.1700134277344,323.1700134277344,27854,2023-05-31 15:53:00-04:00
2023-05-31 15:54:00-04:00,323.1549987792969,323.510009765625,322.0,322.2149963378906,322.2149963378906,87342,2023-05-31 15:54:00-04:00
2023-05-31 15:55:00-04:00,322.2099914550781,322.56500244140625,321.70001220703125,322.20001220703125,322.20001220703125,74763,2023-05-31 15:55:00-04:00
2023-05-31 15:56:00-04:00,322.25,323.0950012207031,322.2049865722656,323.0899963378906,323.0899963378906,44869,2023-05-31 15:56:00-04:00
2023-05-31 15:57:00-04:00,323.0924987792969,323.45001220703125,322.3599853515625,323.44000244140625,323.44000244140625,48962,2023-05-31 15:57:00-04:00
2023-05-31 15:58:00-04:00,323.3800048828125,323.6499938964844,323.3399963378906,323.3800048828125,323.3800048828125,53603,2023-05-31 15:58:00-04:00
2023-05-31 15:59:00-04:00,323.3900146484375,323.6400146484375,323.19000244140625,323.489990234375,323.489990234375,120575,2023-05-31 15:59:00-04:00
