Date,Open,High,Low,Close,Adj Close,Volume
2023-07-21 09:30:00-04:00,59.029998779296875,59.06999969482422,59.0,59.0,59.0,23045
2023-07-21 09:31:00-04:00,59.0,59.0,58.95000076293945,58.95000076293945,58.95000076293945,6391
2023-07-21 09:32:00-04:00,58.95000076293945,58.95000076293945,58.93000030517578,58.93000030517578,58.93000030517578,4654
2023-07-21 09:33:00-04:00,58.939998626708984,59.029998779296875,58.939998626708984,59.029998779296875,59.029998779296875,6455
2023-07-21 09:34:00-04:00,59.02000045776367,59.060001373291016,59.02000045776367,59.029998779296875,59.029998779296875,10058
2023-07-21 09:35:00-04:00,59.02000045776367,59.040000915527344,58.9900016784668,59.040000915527344,59.040000915527344,6298
2023-07-21 09:36:00-04:00,59.040000915527344,59.08000183105469,59.040000915527344,59.060001373291016,59.060001373291016,1225
2023-07-21 09:37:00-04:00,59.08000183105469,59.1349983215332,59.08000183105469,59.1349983215332,59.1349983215332,680
2023-07-21 09:38:00-04:00,59.150001525878906,59.150001525878906,59.130001068115234,59.14500045776367,59.14500045776367,2407
2023-07-21 09:39:00-04:00,59.150001525878906,59.18000030517578,59.13880157470703,59.18000030517578,59.18000030517578,3652
2023-07-21 09:40:00-04:00,59.150001525878906,59.16999816894531,59.150001525878906,59.16999816894531,59.16999816894531,337
2023-07-21 09:41:00-04:00,59.13999938964844,59.13999938964844,59.119998931884766,59.130001068115234,59.130001068115234,1955
2023-07-21 09:42:00-04:00,59.130001068115234,59.130001068115234,59.099998474121094,59.11000061035156,59.11000061035156,1394
2023-07-21 09:43:00-04:00,59.11000061035156,59.130001068115234,59.09000015258789,59.11000061035156,59.11000061035156,1669
2023-07-21 09:44:00-04:00,59.099998474121094,59.11000061035156,59.09000015258789,59.09000015258789,59.09000015258789,2131
2023-07-21 09:45:00-04:00,59.09000015258789,59.09000015258789,59.09000015258789,59.09000015258789,59.09000015258789,1102
2023-07-21 09:46:00-04:00,59.08000183105469,59.08000183105469,59.025001525878906,59.029998779296875,59.029998779296875,3116
2023-07-21 09:47:00-04:00,59.02000045776367,59.02000045776367,58.98500061035156,59.0099983215332,59.0099983215332,5308
2023-07-21 09:48:00-04:00,59.0099983215332,59.0099983215332,58.95000076293945,58.95000076293945,58.95000076293945,8297
2023-07-21 09:49:00-04:00,58.94499969482422,58.95500183105469,58.88999938964844,58.91999816894531,58.91999816894531,19718
2023-07-21 09:50:00-04:00,58.915000915527344,58.959999084472656,58.90999984741211,58.935001373291016,58.935001373291016,3950
2023-07-21 09:51:00-04:00,58.93000030517578,58.959999084472656,58.93000030517578,58.93000030517578,58.93000030517578,4192
2023-07-21 09:52:00-04:00,58.93000030517578,58.939998626708984,58.93000030517578,58.939998626708984,58.939998626708984,400
2023-07-21 09:53:00-04:00,58.93000030517578,59.0099983215332,58.93000030517578,59.0,59.0,1933
2023-07-21 09:54:00-04:00,58.9900016784668,59.0,58.9900016784668,59.0,59.0,4951
2023-07-21 09:55:00-04:00,59.0,59.0,58.93000030517578,58.93000030517578,58.93000030517578,3635
2023-07-21 09:56:00-04:00,58.90999984741211,58.977500915527344,58.900001525878906,58.939998626708984,58.939998626708984,10358
2023-07-21 09:57:00-04:00,58.939998626708984,58.939998626708984,58.91999816894531,58.91999816894531,58.91999816894531,1226
2023-07-21 09:58:00-04:00,58.90999984741211,58.95000076293945,58.90999984741211,58.95000076293945,58.95000076293945,1316
2023-07-21 09:59:00-04:00,58.95000076293945,58.95000076293945,58.900001525878906,58.939998626708984,58.939998626708984,6802
2023-07-21 10:00:00-04:00,58.939998626708984,58.939998626708984,58.89500045776367,58.900001525878906,58.900001525878906,2573
2023-07-21 10:01:00-04:00,58.909000396728516,58.93000030517578,58.909000396728516,58.91999816894531,58.91999816894531,1678
2023-07-21 10:02:00-04:00,58.90999984741211,58.93000030517578,58.88999938964844,58.93000030517578,58.93000030517578,2870
2023-07-21 10:03:00-04:00,58.91999816894531,58.91999816894531,58.90999984741211,58.91999816894531,58.91999816894531,858
2023-07-21 10:04:00-04:00,58.91999816894531,58.970001220703125,58.91999816894531,58.95500183105469,58.95500183105469,946
2023-07-21 10:05:00-04:00,58.95000076293945,59.0,58.939998626708984,59.0,59.0,2592
2023-07-21 10:06:00-04:00,59.02000045776367,59.02000045776367,59.0,59.0,59.0,992
2023-07-21 10:07:00-04:00,59.02000045776367,59.099998474121094,59.02000045776367,59.09000015258789,59.09000015258789,3073
2023-07-21 10:08:00-04:00,59.099998474121094,59.099998474121094,59.09000015258789,59.09000015258789,59.09000015258789,1398
2023-07-21 10:09:00-04:00,59.0900993347168,59.0900993347168,59.09000015258789,59.09000015258789,59.09000015258789,1172
2023-07-21 10:10:00-04:00,59.09000015258789,59.1349983215332,59.09000015258789,59.1349983215332,59.1349983215332,3178
2023-07-21 10:11:00-04:00,59.130001068115234,59.130001068115234,59.09000015258789,59.11000061035156,59.11000061035156,2444
2023-07-21 10:12:00-04:00,59.11000061035156,59.119998931884766,59.099998474121094,59.119998931884766,59.119998931884766,814
2023-07-21 10:13:00-04:00,59.119998931884766,59.130001068115234,59.119998931884766,59.130001068115234,59.130001068115234,1076
2023-07-21 10:14:00-04:00,59.13999938964844,59.189998626708984,59.1349983215332,59.18000030517578,59.18000030517578,1132
2023-07-21 10:15:00-04:00,59.18000030517578,59.18000030517578,59.15999984741211,59.15999984741211,59.15999984741211,5119
2023-07-21 10:16:00-04:00,59.18000030517578,59.18000030517578,59.15999984741211,59.15999984741211,59.15999984741211,1714
2023-07-21 10:17:00-04:00,59.15999984741211,59.15999984741211,59.130001068115234,59.130001068115234,59.130001068115234,1080
2023-07-21 10:18:00-04:00,59.130001068115234,59.13999938964844,59.130001068115234,59.130001068115234,59.130001068115234,1535
2023-07-21 10:19:00-04:00,59.13999938964844,59.16999816894531,59.13999938964844,59.165000915527344,59.165000915527344,1595
2023-07-21 10:20:00-04:00,59.15999984741211,59.16999816894531,59.150001525878906,59.150001525878906,59.150001525878906,2270
2023-07-21 10:21:00-04:00,59.15999984741211,59.15999984741211,59.13999938964844,59.13999938964844,59.13999938964844,1428
2023-07-21 10:22:00-04:00,59.130001068115234,59.150001525878906,59.1150016784668,59.1150016784668,59.1150016784668,3413
2023-07-21 10:23:00-04:00,59.119998931884766,59.119998931884766,59.099998474121094,59.099998474121094,59.099998474121094,1090
2023-07-21 10:24:00-04:00,59.11000061035156,59.11000061035156,59.08000183105469,59.08000183105469,59.08000183105469,1347
2023-07-21 10:25:00-04:00,59.095001220703125,59.10499954223633,59.09000015258789,59.099998474121094,59.099998474121094,2409
2023-07-21 10:26:00-04:00,59.11000061035156,59.130001068115234,59.11000061035156,59.119998931884766,59.119998931884766,3064
2023-07-21 10:27:00-04:00,59.11000061035156,59.11000061035156,59.099998474121094,59.11000061035156,59.11000061035156,1861
2023-07-21 10:28:00-04:00,59.1349983215332,59.1349983215332,59.08000183105469,59.08000183105469,59.08000183105469,1387
2023-07-21 10:29:00-04:00,59.08000183105469,59.08000183105469,59.08000183105469,59.08000183105469,59.08000183105469,412
2023-07-21 10:30:00-04:00,59.09000015258789,59.099998474121094,59.084999084472656,59.084999084472656,59.084999084472656,1754
2023-07-21 10:31:00-04:00,59.09000015258789,59.119998931884766,59.09000015258789,59.119998931884766,59.119998931884766,2892
2023-07-21 10:32:00-04:00,59.119998931884766,59.14500045776367,59.119998931884766,59.14500045776367,59.14500045776367,1267
2023-07-21 10:33:00-04:00,59.13999938964844,59.150001525878906,59.11000061035156,59.11000061035156,59.11000061035156,3502
2023-07-21 10:34:00-04:00,59.11000061035156,59.119998931884766,59.11000061035156,59.1150016784668,59.1150016784668,1078
2023-07-21 10:35:00-04:00,59.130001068115234,59.130001068115234,59.125,59.125,59.125,1828
2023-07-21 10:36:00-04:00,59.130001068115234,59.13999938964844,59.1150016784668,59.1150016784668,59.1150016784668,5578
2023-07-21 10:37:00-04:00,59.130001068115234,59.13999938964844,59.130001068115234,59.130001068115234,59.130001068115234,631
2023-07-21 10:38:00-04:00,59.1349983215332,59.15999984741211,59.1349983215332,59.13999938964844,59.13999938964844,4947
2023-07-21 10:39:00-04:00,59.13999938964844,59.154998779296875,59.13999938964844,59.154998779296875,59.154998779296875,2624
2023-07-21 10:40:00-04:00,59.15999984741211,59.17499923706055,59.150001525878906,59.17499923706055,59.17499923706055,5237
2023-07-21 10:41:00-04:00,59.17369842529297,59.17499923706055,59.16999816894531,59.16999816894531,59.16999816894531,4209
2023-07-21 10:42:00-04:00,59.16999816894531,59.16999816894531,59.13999938964844,59.13999938964844,59.13999938964844,2827
2023-07-21 10:43:00-04:00,59.13999938964844,59.150001525878906,59.11000061035156,59.11000061035156,59.11000061035156,2507
2023-07-21 10:44:00-04:00,59.119998931884766,59.130001068115234,59.119998931884766,59.130001068115234,59.130001068115234,952
2023-07-21 10:45:00-04:00,59.125,59.150001525878906,59.119998931884766,59.13999938964844,59.13999938964844,6469
2023-07-21 10:46:00-04:00,59.119998931884766,59.119998931884766,59.08000183105469,59.08000183105469,59.08000183105469,2258
2023-07-21 10:47:00-04:00,59.08000183105469,59.08000183105469,59.06999969482422,59.06999969482422,59.06999969482422,1291
2023-07-21 10:48:00-04:00,59.08000183105469,59.09000015258789,59.08000183105469,59.09000015258789,59.09000015258789,348
2023-07-21 10:49:00-04:00,59.09000015258789,59.09000015258789,59.09000015258789,59.09000015258789,59.09000015258789,1157
2023-07-21 10:50:00-04:00,59.09429931640625,59.09429931640625,59.09000015258789,59.09000015258789,59.09000015258789,2427
2023-07-21 10:51:00-04:00,59.08000183105469,59.08000183105469,59.06999969482422,59.06999969482422,59.06999969482422,2463
2023-07-21 10:52:00-04:00,59.06999969482422,59.06999969482422,59.04999923706055,59.060001373291016,59.060001373291016,1423
2023-07-21 10:53:00-04:00,59.06999969482422,59.06999969482422,59.06999969482422,59.06999969482422,59.06999969482422,124
2023-07-21 10:54:00-04:00,59.06999969482422,59.06999969482422,59.040000915527344,59.040000915527344,59.040000915527344,3091
2023-07-21 10:55:00-04:00,59.040000915527344,59.07500076293945,59.040000915527344,59.07500076293945,59.07500076293945,1739
2023-07-21 10:56:00-04:00,59.06999969482422,59.06999969482422,59.064998626708984,59.06999969482422,59.06999969482422,1348
2023-07-21 10:57:00-04:00,59.07500076293945,59.07500076293945,59.07500076293945,59.07500076293945,59.07500076293945,240
2023-07-21 10:58:00-04:00,59.08000183105469,59.095001220703125,59.08000183105469,59.095001220703125,59.095001220703125,1365
2023-07-21 10:59:00-04:00,59.11000061035156,59.1150016784668,59.10499954223633,59.11000061035156,59.11000061035156,1521
2023-07-21 11:00:00-04:00,59.119998931884766,59.130001068115234,59.119998931884766,59.130001068115234,59.130001068115234,1567
2023-07-21 11:01:00-04:00,59.130001068115234,59.150001525878906,59.130001068115234,59.150001525878906,59.150001525878906,1652
2023-07-21 11:02:00-04:00,59.13999938964844,59.13999938964844,59.119998931884766,59.119998931884766,59.119998931884766,992
2023-07-21 11:03:00-04:00,59.119998931884766,59.125,59.119998931884766,59.119998931884766,59.119998931884766,1897
2023-07-21 11:04:00-04:00,59.11000061035156,59.11000061035156,59.08000183105469,59.08000183105469,59.08000183105469,2317
2023-07-21 11:05:00-04:00,59.084999084472656,59.099998474121094,59.084999084472656,59.099998474121094,59.099998474121094,1175
2023-07-21 11:06:00-04:00,59.099998474121094,59.15999984741211,59.099998474121094,59.15999984741211,59.15999984741211,14892
2023-07-21 11:07:00-04:00,59.15999984741211,59.16999816894531,59.154998779296875,59.16999816894531,59.16999816894531,3861
2023-07-21 11:08:00-04:00,59.16999816894531,59.20000076293945,59.16999816894531,59.189998626708984,59.189998626708984,2039
2023-07-21 11:09:00-04:00,59.189998626708984,59.189998626708984,59.18000030517578,59.18000030517578,59.18000030517578,891
2023-07-21 11:10:00-04:00,59.18000030517578,59.189998626708984,59.18000030517578,59.189998626708984,59.189998626708984,584
2023-07-21 11:11:00-04:00,59.19499969482422,59.19499969482422,59.16999816894531,59.18000030517578,59.18000030517578,1654
2023-07-21 11:12:00-04:00,59.18000030517578,59.189998626708984,59.16999816894531,59.16999816894531,59.16999816894531,2797
2023-07-21 11:13:00-04:00,59.165000915527344,59.16999816894531,59.154998779296875,59.15999984741211,59.15999984741211,8050
2023-07-21 11:14:00-04:00,59.154998779296875,59.154998779296875,59.13999938964844,59.14500045776367,59.14500045776367,1703
2023-07-21 11:15:00-04:00,59.13999938964844,59.15999984741211,59.13999938964844,59.150001525878906,59.150001525878906,5693
2023-07-21 11:16:00-04:00,59.13999938964844,59.150001525878906,59.13999938964844,59.150001525878906,59.150001525878906,1933
2023-07-21 11:17:00-04:00,59.150001525878906,59.15999984741211,59.150001525878906,59.150001525878906,59.150001525878906,3761
2023-07-21 11:18:00-04:00,59.150001525878906,59.154998779296875,59.130001068115234,59.1349983215332,59.1349983215332,24171
2023-07-21 11:19:00-04:00,59.130001068115234,59.150001525878906,59.125,59.130001068115234,59.130001068115234,10215
2023-07-21 11:20:00-04:00,59.125,59.13999938964844,59.119998931884766,59.13999938964844,59.13999938964844,2614
2023-07-21 11:21:00-04:00,59.13999938964844,59.16999816894531,59.13999938964844,59.15999984741211,59.15999984741211,8105
2023-07-21 11:22:00-04:00,59.16999816894531,59.16999816894531,59.16999816894531,59.16999816894531,59.16999816894531,579
2023-07-21 11:23:00-04:00,59.16999816894531,59.16999816894531,59.16999816894531,59.16999816894531,59.16999816894531,1357
2023-07-21 11:24:00-04:00,59.15999984741211,59.15999984741211,59.14500045776367,59.14500045776367,59.14500045776367,878
2023-07-21 11:25:00-04:00,59.14500045776367,59.150001525878906,59.119998931884766,59.130001068115234,59.130001068115234,8905
2023-07-21 11:26:00-04:00,59.1349983215332,59.13999938964844,59.1349983215332,59.13999938964844,59.13999938964844,922
2023-07-21 11:27:00-04:00,59.14070129394531,59.150001525878906,59.13999938964844,59.13999938964844,59.13999938964844,2051
2023-07-21 11:28:00-04:00,59.13999938964844,59.150001525878906,59.13999938964844,59.150001525878906,59.150001525878906,1292
2023-07-21 11:29:00-04:00,59.15999984741211,59.165000915527344,59.15999984741211,59.15999984741211,59.15999984741211,989
2023-07-21 11:30:00-04:00,59.154998779296875,59.154998779296875,59.13999938964844,59.150001525878906,59.150001525878906,3655
2023-07-21 11:31:00-04:00,59.150001525878906,59.154998779296875,59.150001525878906,59.150001525878906,59.150001525878906,1830
2023-07-21 11:32:00-04:00,59.1349983215332,59.1349983215332,59.11000061035156,59.130001068115234,59.130001068115234,4230
2023-07-21 11:33:00-04:00,59.11000061035156,59.11000061035156,59.095001220703125,59.095001220703125,59.095001220703125,1255
2023-07-21 11:34:00-04:00,59.095001220703125,59.10499954223633,59.029998779296875,59.029998779296875,59.029998779296875,8622
2023-07-21 11:35:00-04:00,59.040000915527344,59.04999923706055,59.040000915527344,59.04999923706055,59.04999923706055,1659
2023-07-21 11:36:00-04:00,59.04999923706055,59.04999923706055,59.040000915527344,59.040000915527344,59.040000915527344,1350
2023-07-21 11:37:00-04:00,59.04999923706055,59.04999923706055,59.040000915527344,59.04499816894531,59.04499816894531,759
2023-07-21 11:38:00-04:00,59.040000915527344,59.040000915527344,59.0,59.0,59.0,917
2023-07-21 11:39:00-04:00,59.0,59.0099983215332,59.0,59.0099983215332,59.0099983215332,1988
2023-07-21 11:40:00-04:00,59.0,59.0,59.0,59.0,59.0,297
2023-07-21 11:41:00-04:00,59.0,59.0,58.994998931884766,59.0,59.0,1088
2023-07-21 11:42:00-04:00,58.994998931884766,58.994998931884766,58.959999084472656,58.97999954223633,58.97999954223633,5959
2023-07-21 11:43:00-04:00,58.97999954223633,58.97999954223633,58.95500183105469,58.96500015258789,58.96500015258789,1069
2023-07-21 11:44:00-04:00,58.97999954223633,58.9900016784668,58.97999954223633,58.9900016784668,58.9900016784668,1067
2023-07-21 11:46:00-04:00,58.98500061035156,59.0099983215332,58.98500061035156,59.0099983215332,59.0099983215332,1597
2023-07-21 11:47:00-04:00,59.029998779296875,59.029998779296875,59.029998779296875,59.029998779296875,59.029998779296875,428
2023-07-21 11:48:00-04:00,59.025001525878906,59.025001525878906,59.025001525878906,59.025001525878906,59.025001525878906,100
2023-07-21 11:49:00-04:00,59.025001525878906,59.025001525878906,59.02000045776367,59.025001525878906,59.025001525878906,1465
2023-07-21 11:50:00-04:00,59.029998779296875,59.060001373291016,59.029998779296875,59.060001373291016,59.060001373291016,1800
2023-07-21 11:51:00-04:00,59.060001373291016,59.060001373291016,59.060001373291016,59.060001373291016,59.060001373291016,427
2023-07-21 11:52:00-04:00,59.05860137939453,59.05860137939453,59.029998779296875,59.029998779296875,59.029998779296875,573
2023-07-21 11:53:00-04:00,59.029998779296875,59.029998779296875,59.02000045776367,59.02000045776367,59.02000045776367,2195
2023-07-21 11:54:00-04:00,58.994998931884766,58.994998931884766,58.994998931884766,58.994998931884766,58.994998931884766,262
2023-07-21 11:55:00-04:00,58.994998931884766,59.0,58.9900016784668,59.0,59.0,1002
2023-07-21 11:56:00-04:00,58.9900016784668,58.9900016784668,58.98500061035156,58.98500061035156,58.98500061035156,588
2023-07-21 11:57:00-04:00,58.9900016784668,59.0,58.9900016784668,59.0,59.0,857
2023-07-21 11:59:00-04:00,59.0099983215332,59.02000045776367,59.0099983215332,59.02000045776367,59.02000045776367,902
2023-07-21 12:00:00-04:00,59.04499816894531,59.04499816894531,59.02000045776367,59.02000045776367,59.02000045776367,1929
2023-07-21 12:01:00-04:00,59.02000045776367,59.029998779296875,59.02000045776367,59.029998779296875,59.029998779296875,772
2023-07-21 12:02:00-04:00,59.040000915527344,59.040000915527344,59.025001525878906,59.025001525878906,59.025001525878906,563
2023-07-21 12:03:00-04:00,59.025001525878906,59.025001525878906,59.0099983215332,59.01499938964844,59.01499938964844,383
2023-07-21 12:04:00-04:00,59.02000045776367,59.025001525878906,59.02000045776367,59.025001525878906,59.025001525878906,2493
2023-07-21 12:05:00-04:00,59.02000045776367,59.02000045776367,59.01499938964844,59.01499938964844,59.01499938964844,633
2023-07-21 12:06:00-04:00,59.0099983215332,59.0099983215332,59.0099983215332,59.0099983215332,59.0099983215332,303
2023-07-21 12:07:00-04:00,59.01499938964844,59.01499938964844,59.01499938964844,59.01499938964844,59.01499938964844,437
2023-07-21 12:08:00-04:00,59.0,59.0,58.98500061035156,58.9900016784668,58.9900016784668,1066
2023-07-21 12:09:00-04:00,59.0,59.0,58.9900016784668,58.9900016784668,58.9900016784668,346
2023-07-21 12:10:00-04:00,58.9900016784668,59.0,58.98500061035156,58.98500061035156,58.98500061035156,387
2023-07-21 12:11:00-04:00,58.98500061035156,58.9900016784668,58.970001220703125,58.970001220703125,58.970001220703125,687
2023-07-21 12:13:00-04:00,58.939998626708984,58.939998626708984,58.935001373291016,58.939998626708984,58.939998626708984,550
2023-07-21 12:14:00-04:00,58.935001373291016,58.935001373291016,58.935001373291016,58.935001373291016,58.935001373291016,154
2023-07-21 12:15:00-04:00,58.939998626708984,58.95500183105469,58.93000030517578,58.93000030517578,58.93000030517578,1687
2023-07-21 12:16:00-04:00,58.935001373291016,58.935001373291016,58.93199920654297,58.93199920654297,58.93199920654297,1343
2023-07-21 12:17:00-04:00,58.935001373291016,58.95500183105469,58.935001373291016,58.95500183105469,58.95500183105469,1035
2023-07-21 12:18:00-04:00,58.95000076293945,58.95500183105469,58.939998626708984,58.95000076293945,58.95000076293945,2649
2023-07-21 12:19:00-04:00,58.95000076293945,58.95000076293945,58.944000244140625,58.944000244140625,58.944000244140625,772
2023-07-21 12:20:00-04:00,58.95000076293945,58.974998474121094,58.95000076293945,58.96500015258789,58.96500015258789,3055
2023-07-21 12:21:00-04:00,58.959999084472656,58.959999084472656,58.959999084472656,58.959999084472656,58.959999084472656,100
2023-07-21 12:22:00-04:00,58.970001220703125,58.970001220703125,58.959999084472656,58.96500015258789,58.96500015258789,2583
2023-07-21 12:23:00-04:00,58.96500015258789,58.96500015258789,58.96500015258789,58.96500015258789,58.96500015258789,200
2023-07-21 12:24:00-04:00,58.96500015258789,58.96500015258789,58.959999084472656,58.959999084472656,58.959999084472656,853
2023-07-21 12:25:00-04:00,58.939998626708984,58.94499969482422,58.939998626708984,58.94499969482422,58.94499969482422,310
2023-07-21 12:26:00-04:00,58.939998626708984,58.939998626708984,58.92499923706055,58.93000030517578,58.93000030517578,1157
2023-07-21 12:27:00-04:00,58.91999816894531,58.91999816894531,58.900001525878906,58.900001525878906,58.900001525878906,856
2023-07-21 12:29:00-04:00,58.88999938964844,58.88999938964844,58.869998931884766,58.869998931884766,58.869998931884766,953
2023-07-21 12:30:00-04:00,58.869998931884766,58.869998931884766,58.86000061035156,58.86000061035156,58.86000061035156,921
2023-07-21 12:31:00-04:00,58.849998474121094,58.85499954223633,58.849998474121094,58.85499954223633,58.85499954223633,780
2023-07-21 12:32:00-04:00,58.86000061035156,58.869998931884766,58.86000061035156,58.8650016784668,58.8650016784668,2744
2023-07-21 12:33:00-04:00,58.86000061035156,58.86000061035156,58.86000061035156,58.86000061035156,58.86000061035156,808
2023-07-21 12:34:00-04:00,58.849998474121094,58.85499954223633,58.849998474121094,58.849998474121094,58.849998474121094,1787
2023-07-21 12:35:00-04:00,58.85499954223633,58.86000061035156,58.85499954223633,58.85499954223633,58.85499954223633,869
2023-07-21 12:36:00-04:00,58.85499954223633,58.85499954223633,58.83000183105469,58.83000183105469,58.83000183105469,2118
2023-07-21 12:37:00-04:00,58.84000015258789,58.84000015258789,58.81999969482422,58.81999969482422,58.81999969482422,1048
2023-07-21 12:38:00-04:00,58.83000183105469,58.854000091552734,58.83000183105469,58.845001220703125,58.845001220703125,3665
2023-07-21 12:39:00-04:00,58.849998474121094,58.869998931884766,58.849998474121094,58.869998931884766,58.869998931884766,729
2023-07-21 12:40:00-04:00,58.86000061035156,58.880001068115234,58.86000061035156,58.880001068115234,58.880001068115234,591
2023-07-21 12:41:00-04:00,58.88999938964844,58.88999938964844,58.8849983215332,58.8849983215332,58.8849983215332,582
2023-07-21 12:42:00-04:00,58.880001068115234,58.88999938964844,58.875,58.88999938964844,58.88999938964844,1270
2023-07-21 12:43:00-04:00,58.90999984741211,58.90999984741211,58.90999984741211,58.90999984741211,58.90999984741211,209
2023-07-21 12:44:00-04:00,58.935001373291016,58.935001373291016,58.935001373291016,58.935001373291016,58.935001373291016,354
2023-07-21 12:45:00-04:00,58.93000030517578,58.93000030517578,58.93000030517578,58.93000030517578,58.93000030517578,660
2023-07-21 12:46:00-04:00,58.90999984741211,58.90999984741211,58.88999938964844,58.88999938964844,58.88999938964844,3451
2023-07-21 12:47:00-04:00,58.88999938964844,58.88999938964844,58.88999938964844,58.88999938964844,58.88999938964844,328
2023-07-21 12:48:00-04:00,58.88999938964844,58.88999938964844,58.88999938964844,58.88999938964844,58.88999938964844,296
2023-07-21 12:49:00-04:00,58.900001525878906,58.900001525878906,58.900001525878906,58.900001525878906,58.900001525878906,228
2023-07-21 12:50:00-04:00,58.90999984741211,58.91999816894531,58.90999984741211,58.91999816894531,58.91999816894531,857
2023-07-21 12:51:00-04:00,58.92499923706055,58.92499923706055,58.92499923706055,58.92499923706055,58.92499923706055,130
2023-07-21 12:52:00-04:00,58.93000030517578,58.95500183105469,58.93000030517578,58.95500183105469,58.95500183105469,1905
2023-07-21 12:53:00-04:00,58.970001220703125,58.970001220703125,58.970001220703125,58.970001220703125,58.970001220703125,225
2023-07-21 12:54:00-04:00,58.97999954223633,59.0,58.97999954223633,59.0,59.0,342
2023-07-21 12:55:00-04:00,58.9900016784668,58.9900016784668,58.974998474121094,58.974998474121094,58.974998474121094,2174
2023-07-21 12:57:00-04:00,58.974998474121094,59.0,58.974998474121094,59.0,59.0,1090
2023-07-21 12:58:00-04:00,59.0,59.0,59.0,59.0,59.0,880
2023-07-21 13:00:00-04:00,59.005001068115234,59.025001525878906,58.99250030517578,59.025001525878906,59.025001525878906,1785
2023-07-21 13:01:00-04:00,59.029998779296875,59.03499984741211,59.029998779296875,59.029998779296875,59.029998779296875,806
2023-07-21 13:02:00-04:00,59.029998779296875,59.04999923706055,59.029998779296875,59.04999923706055,59.04999923706055,1448
2023-07-21 13:03:00-04:00,59.040000915527344,59.047000885009766,59.040000915527344,59.047000885009766,59.047000885009766,409
2023-07-21 13:04:00-04:00,59.04999923706055,59.060001373291016,59.04999923706055,59.060001373291016,59.060001373291016,1411
2023-07-21 13:06:00-04:00,59.06999969482422,59.084999084472656,59.06999969482422,59.084999084472656,59.084999084472656,1163
2023-07-21 13:07:00-04:00,59.09000015258789,59.09000015258789,59.09000015258789,59.09000015258789,59.09000015258789,842
2023-07-21 13:08:00-04:00,59.08000183105469,59.099998474121094,59.08000183105469,59.099998474121094,59.099998474121094,645
2023-07-21 13:09:00-04:00,59.095001220703125,59.11000061035156,59.095001220703125,59.11000061035156,59.11000061035156,1155
2023-07-21 13:10:00-04:00,59.11000061035156,59.11000061035156,59.11000061035156,59.11000061035156,59.11000061035156,510
2023-07-21 13:11:00-04:00,59.11000061035156,59.11000061035156,59.100101470947266,59.100101470947266,59.100101470947266,1406
2023-07-21 13:12:00-04:00,59.11000061035156,59.11000061035156,59.099998474121094,59.099998474121094,59.099998474121094,1732
2023-07-21 13:13:00-04:00,59.06999969482422,59.09000015258789,59.06999969482422,59.09000015258789,59.09000015258789,1194
2023-07-21 13:14:00-04:00,59.09000015258789,59.11000061035156,59.09000015258789,59.09989929199219,59.09989929199219,3976
2023-07-21 13:15:00-04:00,59.099998474121094,59.119998931884766,59.099998474121094,59.11000061035156,59.11000061035156,1174
2023-07-21 13:16:00-04:00,59.119998931884766,59.119998931884766,59.119998931884766,59.119998931884766,59.119998931884766,358
2023-07-21 13:17:00-04:00,59.130001068115234,59.150001525878906,59.130001068115234,59.150001525878906,59.150001525878906,981
2023-07-21 13:18:00-04:00,59.15999984741211,59.15999984741211,59.154998779296875,59.15999984741211,59.15999984741211,973
2023-07-21 13:19:00-04:00,59.154998779296875,59.15999984741211,59.154998779296875,59.15999984741211,59.15999984741211,1057
2023-07-21 13:20:00-04:00,59.150001525878906,59.150001525878906,59.130001068115234,59.130001068115234,59.130001068115234,1261
2023-07-21 13:21:00-04:00,59.119998931884766,59.119998931884766,59.119998931884766,59.119998931884766,59.119998931884766,669
2023-07-21 13:22:00-04:00,59.11000061035156,59.15999984741211,59.10499954223633,59.15999984741211,59.15999984741211,7707
2023-07-21 13:23:00-04:00,59.14500045776367,59.15999984741211,59.13999938964844,59.154998779296875,59.154998779296875,2734
2023-07-21 13:24:00-04:00,59.150001525878906,59.150001525878906,59.13999938964844,59.13999938964844,59.13999938964844,486
2023-07-21 13:25:00-04:00,59.125,59.130001068115234,59.125,59.130001068115234,59.130001068115234,836
2023-07-21 13:26:00-04:00,59.130001068115234,59.130001068115234,59.130001068115234,59.130001068115234,59.130001068115234,101
2023-07-21 13:27:00-04:00,59.130001068115234,59.13999938964844,59.125,59.13999938964844,59.13999938964844,1203
2023-07-21 13:28:00-04:00,59.13999938964844,59.150001525878906,59.130001068115234,59.13999938964844,59.13999938964844,2602
2023-07-21 13:29:00-04:00,59.130001068115234,59.130001068115234,59.130001068115234,59.130001068115234,59.130001068115234,356
2023-07-21 13:30:00-04:00,59.130001068115234,59.130001068115234,59.130001068115234,59.130001068115234,59.130001068115234,114
2023-07-21 13:31:00-04:00,59.130001068115234,59.13999938964844,59.130001068115234,59.13999938964844,59.13999938964844,1053
2023-07-21 13:32:00-04:00,59.1349983215332,59.1349983215332,59.1349983215332,59.1349983215332,59.1349983215332,112
2023-07-21 13:33:00-04:00,59.13999938964844,59.13999938964844,59.1349983215332,59.13999938964844,59.13999938964844,875
2023-07-21 13:34:00-04:00,59.13999938964844,59.16999816894531,59.13999938964844,59.165000915527344,59.165000915527344,2133
2023-07-21 13:35:00-04:00,59.15999984741211,59.15999984741211,59.14500045776367,59.150001525878906,59.150001525878906,1097
2023-07-21 13:36:00-04:00,59.13999938964844,59.150001525878906,59.13999938964844,59.150001525878906,59.150001525878906,1549
2023-07-21 13:38:00-04:00,59.150001525878906,59.150001525878906,59.13999938964844,59.13999938964844,59.13999938964844,1119
2023-07-21 13:39:00-04:00,59.13999938964844,59.150001525878906,59.13999938964844,59.150001525878906,59.150001525878906,517
2023-07-21 13:40:00-04:00,59.13999938964844,59.13999938964844,59.130001068115234,59.13999938964844,59.13999938964844,1291
2023-07-21 13:41:00-04:00,59.13999938964844,59.13999938964844,59.13999938964844,59.13999938964844,59.13999938964844,222
2023-07-21 13:42:00-04:00,59.13999938964844,59.13999938964844,59.119998931884766,59.125,59.125,1059
2023-07-21 13:43:00-04:00,59.119998931884766,59.130001068115234,59.119998931884766,59.130001068115234,59.130001068115234,1572
2023-07-21 13:44:00-04:00,59.130001068115234,59.130001068115234,59.130001068115234,59.130001068115234,59.130001068115234,930
2023-07-21 13:45:00-04:00,59.125,59.13999938964844,59.10499954223633,59.130001068115234,59.130001068115234,6099
2023-07-21 13:47:00-04:00,59.13999938964844,59.154998779296875,59.13999938964844,59.14500045776367,59.14500045776367,914
2023-07-21 13:48:00-04:00,59.14500045776367,59.14500045776367,59.14500045776367,59.14500045776367,59.14500045776367,118
2023-07-21 13:49:00-04:00,59.13999938964844,59.13999938964844,59.130001068115234,59.13999938964844,59.13999938964844,1420
2023-07-21 13:50:00-04:00,59.13999938964844,59.13999938964844,59.13999938964844,59.13999938964844,59.13999938964844,431
2023-07-21 13:51:00-04:00,59.14250183105469,59.150001525878906,59.13999938964844,59.150001525878906,59.150001525878906,399
2023-07-21 13:52:00-04:00,59.150001525878906,59.16999816894531,59.147499084472656,59.16999816894531,59.16999816894531,2042
2023-07-21 13:53:00-04:00,59.16999816894531,59.16999816894531,59.15999984741211,59.15999984741211,59.15999984741211,1053
2023-07-21 13:54:00-04:00,59.15999984741211,59.15999984741211,59.154998779296875,59.154998779296875,59.154998779296875,442
2023-07-21 13:55:00-04:00,59.15999984741211,59.15999984741211,59.13999938964844,59.13999938964844,59.13999938964844,1704
2023-07-21 13:56:00-04:00,59.13999938964844,59.165000915527344,59.13999938964844,59.165000915527344,59.165000915527344,1181
2023-07-21 13:57:00-04:00,59.165000915527344,59.16999816894531,59.15999984741211,59.16999816894531,59.16999816894531,562
2023-07-21 13:59:00-04:00,59.15999984741211,59.16999816894531,59.15999984741211,59.16999816894531,59.16999816894531,1433
2023-07-21 14:00:00-04:00,59.15999984741211,59.15999984741211,59.15999984741211,59.15999984741211,59.15999984741211,455
2023-07-21 14:01:00-04:00,59.150001525878906,59.150001525878906,59.130001068115234,59.130001068115234,59.130001068115234,2217
2023-07-21 14:02:00-04:00,59.130001068115234,59.130001068115234,59.119998931884766,59.119998931884766,59.119998931884766,977
2023-07-21 14:03:00-04:00,59.119998931884766,59.130001068115234,59.119998931884766,59.125,59.125,2217
2023-07-21 14:04:00-04:00,59.119998931884766,59.130001068115234,59.119998931884766,59.119998931884766,59.119998931884766,1341
2023-07-21 14:05:00-04:00,59.119998931884766,59.130001068115234,59.119998931884766,59.119998931884766,59.119998931884766,834
2023-07-21 14:06:00-04:00,59.125,59.130001068115234,59.119998931884766,59.130001068115234,59.130001068115234,1019
2023-07-21 14:08:00-04:00,59.130001068115234,59.150001525878906,59.130001068115234,59.130001068115234,59.130001068115234,4746
2023-07-21 14:11:00-04:00,59.130001068115234,59.130001068115234,59.119998931884766,59.125,59.125,1795
2023-07-21 14:12:00-04:00,59.119998931884766,59.130001068115234,59.1150016784668,59.130001068115234,59.130001068115234,4352
2023-07-21 14:13:00-04:00,59.119998931884766,59.130001068115234,59.119998931884766,59.125,59.125,2400
2023-07-21 14:14:00-04:00,59.119998931884766,59.130001068115234,59.11000061035156,59.130001068115234,59.130001068115234,11629
2023-07-21 14:15:00-04:00,59.119998931884766,59.130001068115234,59.11000061035156,59.119998931884766,59.119998931884766,1777
2023-07-21 14:16:00-04:00,59.130001068115234,59.15999984741211,59.130001068115234,59.15999984741211,59.15999984741211,1498
2023-07-21 14:17:00-04:00,59.154998779296875,59.15999984741211,59.14500045776367,59.15999984741211,59.15999984741211,1426
2023-07-21 14:18:00-04:00,59.18000030517578,59.18000030517578,59.18000030517578,59.18000030517578,59.18000030517578,1775
2023-07-21 14:19:00-04:00,59.16999816894531,59.16999816894531,59.15999984741211,59.15999984741211,59.15999984741211,460
2023-07-21 14:20:00-04:00,59.165000915527344,59.165000915527344,59.150001525878906,59.150001525878906,59.150001525878906,2956
2023-07-21 14:21:00-04:00,59.13999938964844,59.13999938964844,59.119998931884766,59.119998931884766,59.119998931884766,449
2023-07-21 14:22:00-04:00,59.125,59.12900161743164,59.119998931884766,59.12900161743164,59.12900161743164,1060
2023-07-21 14:23:00-04:00,59.119998931884766,59.130001068115234,59.10499954223633,59.119998931884766,59.119998931884766,7049
2023-07-21 14:24:00-04:00,59.1150016784668,59.1150016784668,59.1150016784668,59.1150016784668,59.1150016784668,100
2023-07-21 14:25:00-04:00,59.1150016784668,59.125,59.1150016784668,59.125,59.125,1662
2023-07-21 14:27:00-04:00,59.11000061035156,59.11000061035156,59.10499954223633,59.10499954223633,59.10499954223633,1690
2023-07-21 14:28:00-04:00,59.099998474121094,59.099998474121094,59.09000015258789,59.09000015258789,59.09000015258789,1722
2023-07-21 14:29:00-04:00,59.09000015258789,59.09000015258789,59.06999969482422,59.06999969482422,59.06999969482422,359
2023-07-21 14:30:00-04:00,59.06999969482422,59.07500076293945,59.06999969482422,59.07500076293945,59.07500076293945,1005
2023-07-21 14:31:00-04:00,59.06999969482422,59.11000061035156,59.064998626708984,59.106998443603516,59.106998443603516,5527
2023-07-21 14:32:00-04:00,59.11000061035156,59.11000061035156,59.11000061035156,59.11000061035156,59.11000061035156,205
2023-07-21 14:33:00-04:00,59.099998474121094,59.10499954223633,59.084999084472656,59.084999084472656,59.084999084472656,1285
2023-07-21 14:34:00-04:00,59.09000015258789,59.09000015258789,59.08000183105469,59.08000183105469,59.08000183105469,1445
2023-07-21 14:35:00-04:00,59.064998626708984,59.06999969482422,59.064998626708984,59.06999969482422,59.06999969482422,504
2023-07-21 14:36:00-04:00,59.060001373291016,59.060001373291016,59.05500030517578,59.05500030517578,59.05500030517578,739
2023-07-21 14:37:00-04:00,59.060001373291016,59.064998626708984,59.060001373291016,59.060001373291016,59.060001373291016,1779
2023-07-21 14:38:00-04:00,59.060001373291016,59.09560012817383,59.060001373291016,59.09560012817383,59.09560012817383,2943
2023-07-21 14:39:00-04:00,59.095001220703125,59.099998474121094,59.095001220703125,59.099998474121094,59.099998474121094,1827
2023-07-21 14:40:00-04:00,59.1150016784668,59.119998931884766,59.1150016784668,59.119998931884766,59.119998931884766,1034
2023-07-21 14:41:00-04:00,59.1150016784668,59.1150016784668,59.1150016784668,59.1150016784668,59.1150016784668,103
2023-07-21 14:42:00-04:00,59.1150016784668,59.119998931884766,59.1150016784668,59.119998931884766,59.119998931884766,849
2023-07-21 14:43:00-04:00,59.119998931884766,59.119998931884766,59.119998931884766,59.119998931884766,59.119998931884766,256
2023-07-21 14:44:00-04:00,59.119998931884766,59.119998931884766,59.1150016784668,59.119998931884766,59.119998931884766,1557
2023-07-21 14:45:00-04:00,59.119998931884766,59.14500045776367,59.119998931884766,59.14500045776367,59.14500045776367,3385
2023-07-21 14:46:00-04:00,59.14500045776367,59.14500045776367,59.13999938964844,59.13999938964844,59.13999938964844,285
2023-07-21 14:47:00-04:00,59.13999938964844,59.13999938964844,59.130001068115234,59.130001068115234,59.130001068115234,451
2023-07-21 14:48:00-04:00,59.119998931884766,59.119998931884766,59.119998931884766,59.119998931884766,59.119998931884766,434
2023-07-21 14:49:00-04:00,59.125,59.125,59.119998931884766,59.125,59.125,865
2023-07-21 14:50:00-04:00,59.119998931884766,59.119998931884766,59.11000061035156,59.1150016784668,59.1150016784668,936
2023-07-21 14:51:00-04:00,59.1150016784668,59.1150016784668,59.1150016784668,59.1150016784668,59.1150016784668,103
2023-07-21 14:52:00-04:00,59.119998931884766,59.150001525878906,59.119998931884766,59.125,59.125,3736
2023-07-21 14:53:00-04:00,59.119998931884766,59.119998931884766,59.1150016784668,59.1150016784668,59.1150016784668,437
2023-07-21 14:54:00-04:00,59.119998931884766,59.119998931884766,59.11000061035156,59.11000061035156,59.11000061035156,843
2023-07-21 14:55:00-04:00,59.11000061035156,59.11000061035156,59.08000183105469,59.08000183105469,59.08000183105469,1239
2023-07-21 14:56:00-04:00,59.084999084472656,59.09000015258789,59.07500076293945,59.08000183105469,59.08000183105469,1223
2023-07-21 14:57:00-04:00,59.09000015258789,59.09000015258789,59.09000015258789,59.09000015258789,59.09000015258789,288
2023-07-21 14:58:00-04:00,59.07500076293945,59.07500076293945,59.07500076293945,59.07500076293945,59.07500076293945,233
2023-07-21 14:59:00-04:00,59.08000183105469,59.08000183105469,59.07500076293945,59.07500076293945,59.07500076293945,867
2023-07-21 15:00:00-04:00,59.07500076293945,59.07500076293945,59.064998626708984,59.06999969482422,59.06999969482422,891
2023-07-21 15:01:00-04:00,59.07500076293945,59.07500076293945,59.06999969482422,59.06999969482422,59.06999969482422,598
2023-07-21 15:02:00-04:00,59.06999969482422,59.084999084472656,59.06999969482422,59.06999969482422,59.06999969482422,1892
2023-07-21 15:03:00-04:00,59.060001373291016,59.07500076293945,59.060001373291016,59.06999969482422,59.06999969482422,986
2023-07-21 15:04:00-04:00,59.060001373291016,59.064998626708984,59.05500030517578,59.05500030517578,59.05500030517578,1250
2023-07-21 15:05:00-04:00,59.04999923706055,59.0620002746582,59.04999923706055,59.0620002746582,59.0620002746582,3266
2023-07-21 15:07:00-04:00,59.05500030517578,59.060001373291016,59.040000915527344,59.060001373291016,59.060001373291016,2066
2023-07-21 15:08:00-04:00,59.04999923706055,59.04999923706055,59.04999923706055,59.04999923706055,59.04999923706055,138
2023-07-21 15:09:00-04:00,59.040000915527344,59.040000915527344,59.029998779296875,59.029998779296875,59.029998779296875,614
2023-07-21 15:10:00-04:00,59.02000045776367,59.02000045776367,59.0,59.0,59.0,540
2023-07-21 15:11:00-04:00,59.0,59.0,59.0,59.0,59.0,140
2023-07-21 15:12:00-04:00,59.0,59.005001068115234,58.9900016784668,58.9900016784668,58.9900016784668,1616
2023-07-21 15:13:00-04:00,58.97999954223633,58.97999954223633,58.970001220703125,58.97999954223633,58.97999954223633,2059
2023-07-21 15:14:00-04:00,58.97999954223633,58.98500061035156,58.97999954223633,58.98500061035156,58.98500061035156,616
2023-07-21 15:15:00-04:00,58.994998931884766,59.02000045776367,58.9900016784668,59.02000045776367,59.02000045776367,2326
2023-07-21 15:16:00-04:00,59.025001525878906,59.025001525878906,59.025001525878906,59.025001525878906,59.025001525878906,212
2023-07-21 15:17:00-04:00,59.029998779296875,59.029998779296875,59.029998779296875,59.029998779296875,59.029998779296875,600
2023-07-21 15:18:00-04:00,59.040000915527344,59.040000915527344,59.040000915527344,59.040000915527344,59.040000915527344,246
2023-07-21 15:19:00-04:00,59.040000915527344,59.05500030517578,59.040000915527344,59.05500030517578,59.05500030517578,1268
2023-07-21 15:20:00-04:00,59.060001373291016,59.08000183105469,59.04999923706055,59.06999969482422,59.06999969482422,2332
2023-07-21 15:21:00-04:00,59.04999923706055,59.05500030517578,59.04999923706055,59.05500030517578,59.05500030517578,1493
2023-07-21 15:22:00-04:00,59.040000915527344,59.040000915527344,59.02000045776367,59.025001525878906,59.025001525878906,4096
2023-07-21 15:23:00-04:00,59.025001525878906,59.029998779296875,59.0099983215332,59.0099983215332,59.0099983215332,2901
2023-07-21 15:24:00-04:00,58.9900016784668,59.03499984741211,58.9900016784668,59.029998779296875,59.029998779296875,2445
2023-07-21 15:25:00-04:00,59.02000045776367,59.02000045776367,59.02000045776367,59.02000045776367,59.02000045776367,799
2023-07-21 15:26:00-04:00,59.025001525878906,59.025001525878906,59.02000045776367,59.02000045776367,59.02000045776367,2268
2023-07-21 15:27:00-04:00,59.029998779296875,59.040000915527344,59.029998779296875,59.03499984741211,59.03499984741211,1994
2023-07-21 15:28:00-04:00,59.03499984741211,59.040000915527344,59.029998779296875,59.03499984741211,59.03499984741211,2822
2023-07-21 15:29:00-04:00,59.029998779296875,59.03499984741211,59.029998779296875,59.029998779296875,59.029998779296875,855
2023-07-21 15:30:00-04:00,59.029998779296875,59.03499984741211,59.01499938964844,59.02000045776367,59.02000045776367,3884
2023-07-21 15:31:00-04:00,59.025001525878906,59.029998779296875,59.02000045776367,59.029998779296875,59.029998779296875,1281
2023-07-21 15:32:00-04:00,59.03499984741211,59.03499984741211,59.0099983215332,59.0099983215332,59.0099983215332,1261
2023-07-21 15:33:00-04:00,59.005001068115234,59.0099983215332,58.9900016784668,58.994998931884766,58.994998931884766,5002
2023-07-21 15:34:00-04:00,58.9900016784668,59.0,58.9900016784668,59.0,59.0,1168
2023-07-21 15:35:00-04:00,59.0,59.01499938964844,59.0,59.01499938964844,59.01499938964844,5310
2023-07-21 15:36:00-04:00,59.01499938964844,59.029998779296875,59.01499938964844,59.02000045776367,59.02000045776367,3827
2023-07-21 15:37:00-04:00,59.02000045776367,59.025001525878906,59.005001068115234,59.0099983215332,59.0099983215332,3794
2023-07-21 15:38:00-04:00,59.01499938964844,59.01499938964844,59.005001068115234,59.01499938964844,59.01499938964844,1246
2023-07-21 15:39:00-04:00,59.02000045776367,59.025001525878906,59.02000045776367,59.02000045776367,59.02000045776367,1928
2023-07-21 15:40:00-04:00,59.02000045776367,59.040000915527344,59.02000045776367,59.02000045776367,59.02000045776367,3129
2023-07-21 15:41:00-04:00,59.01499938964844,59.01850128173828,59.0,59.0,59.0,2373
2023-07-21 15:42:00-04:00,59.005001068115234,59.005001068115234,58.9900016784668,58.994998931884766,58.994998931884766,1329
2023-07-21 15:43:00-04:00,58.994998931884766,59.0,58.9900016784668,58.994998931884766,58.994998931884766,4658
2023-07-21 15:44:00-04:00,59.0,59.0099983215332,59.0,59.005001068115234,59.005001068115234,5011
2023-07-21 15:45:00-04:00,58.991600036621094,59.0099983215332,58.98500061035156,59.005001068115234,59.005001068115234,3717
2023-07-21 15:46:00-04:00,59.005001068115234,59.0099983215332,59.0,59.005001068115234,59.005001068115234,859
2023-07-21 15:47:00-04:00,59.0,59.0099983215332,59.0,59.0099983215332,59.0099983215332,1772
2023-07-21 15:48:00-04:00,59.01499938964844,59.025001525878906,59.0,59.005001068115234,59.005001068115234,6380
2023-07-21 15:49:00-04:00,59.005001068115234,59.005001068115234,58.9900016784668,58.9900016784668,58.9900016784668,2984
2023-07-21 15:50:00-04:00,58.9900016784668,58.9900016784668,58.95500183105469,58.97999954223633,58.97999954223633,14895
2023-07-21 15:51:00-04:00,58.97999954223633,58.9900016784668,58.970001220703125,58.97999954223633,58.97999954223633,4117
2023-07-21 15:52:00-04:00,58.9900016784668,59.0,58.98500061035156,58.9900016784668,58.9900016784668,7059
2023-07-21 15:53:00-04:00,58.9900016784668,58.9900016784668,58.97999954223633,58.98500061035156,58.98500061035156,1751
2023-07-21 15:54:00-04:00,58.9900016784668,59.0,58.97999954223633,59.0,59.0,3741
2023-07-21 15:55:00-04:00,58.994998931884766,59.0,58.9900016784668,58.994998931884766,58.994998931884766,3619
2023-07-21 15:56:00-04:00,58.994998931884766,59.0,58.97999954223633,58.98500061035156,58.98500061035156,12616
2023-07-21 15:57:00-04:00,58.97999954223633,58.9900016784668,58.974998474121094,58.974998474121094,58.974998474121094,4891
2023-07-21 15:58:00-04:00,58.970001220703125,58.97999954223633,58.959999084472656,58.96500015258789,58.96500015258789,7158
2023-07-21 15:59:00-04:00,58.959999084472656,58.959999084472656,58.900001525878906,58.90999984741211,58.90999984741211,32448
