Date,Open,High,Low,Close,Adj Close,Volume
2023-12-01 09:00:00+01:00,22.760000228881836,22.8700008392334,22.719999313354492,22.815000534057617,22.815000534057617,0
2023-12-01 09:01:00+01:00,22.809999465942383,22.81999969482422,22.780000686645508,22.80500030517578,22.80500030517578,16514
2023-12-01 09:02:00+01:00,22.799999237060547,22.844999313354492,22.799999237060547,22.844999313354492,22.844999313354492,5322
2023-12-01 09:03:00+01:00,22.850000381469727,22.850000381469727,22.81999969482422,22.825000762939453,22.825000762939453,1462
2023-12-01 09:04:00+01:00,22.815000534057617,22.81999969482422,22.795000076293945,22.80500030517578,22.80500030517578,6849
2023-12-01 09:05:00+01:00,22.815000534057617,22.825000762939453,22.739999771118164,22.7450008392334,22.7450008392334,16889
2023-12-01 09:06:00+01:00,22.7450008392334,22.780000686645508,22.729999542236328,22.7450008392334,22.7450008392334,13798
2023-12-01 09:07:00+01:00,22.739999771118164,22.75,22.709999084472656,22.75,22.75,8822
2023-12-01 09:08:00+01:00,22.7549991607666,22.770000457763672,22.729999542236328,22.760000228881836,22.760000228881836,7170
2023-12-01 09:09:00+01:00,22.770000457763672,22.78499984741211,22.75,22.7549991607666,22.7549991607666,11041
2023-12-01 09:10:00+01:00,22.774999618530273,22.78499984741211,22.764999389648438,22.764999389648438,22.764999389648438,3609
2023-12-01 09:11:00+01:00,22.7549991607666,22.760000228881836,22.735000610351562,22.75,22.75,5114
2023-12-01 09:12:00+01:00,22.7549991607666,22.764999389648438,22.7549991607666,22.7549991607666,22.7549991607666,6443
2023-12-01 09:13:00+01:00,22.75,22.764999389648438,22.7450008392334,22.764999389648438,22.764999389648438,3370
2023-12-01 09:14:00+01:00,22.774999618530273,22.780000686645508,22.764999389648438,22.780000686645508,22.780000686645508,1146
2023-12-01 09:15:00+01:00,22.780000686645508,22.790000915527344,22.760000228881836,22.764999389648438,22.764999389648438,9683
2023-12-01 09:16:00+01:00,22.774999618530273,22.78499984741211,22.760000228881836,22.780000686645508,22.780000686645508,12003
2023-12-01 09:17:00+01:00,22.780000686645508,22.78499984741211,22.770000457763672,22.774999618530273,22.774999618530273,3934
2023-12-01 09:18:00+01:00,22.770000457763672,22.78499984741211,22.770000457763672,22.774999618530273,22.774999618530273,3221
2023-12-01 09:19:00+01:00,22.770000457763672,22.780000686645508,22.760000228881836,22.760000228881836,22.760000228881836,3352
2023-12-01 09:20:00+01:00,22.75,22.764999389648438,22.7450008392334,22.764999389648438,22.764999389648438,6721
2023-12-01 09:21:00+01:00,22.774999618530273,22.774999618530273,22.71500015258789,22.725000381469727,22.725000381469727,6760
2023-12-01 09:22:00+01:00,22.729999542236328,22.729999542236328,22.71500015258789,22.719999313354492,22.719999313354492,4827
2023-12-01 09:23:00+01:00,22.709999084472656,22.729999542236328,22.709999084472656,22.725000381469727,22.725000381469727,9103
2023-12-01 09:24:00+01:00,22.729999542236328,22.729999542236328,22.655000686645508,22.655000686645508,22.655000686645508,64471
2023-12-01 09:25:00+01:00,22.65999984741211,22.65999984741211,22.604999542236328,22.6299991607666,22.6299991607666,25123
2023-12-01 09:26:00+01:00,22.655000686645508,22.65999984741211,22.625,22.625,22.625,8993
2023-12-01 09:27:00+01:00,22.645000457763672,22.645000457763672,22.6200008392334,22.639999389648438,22.639999389648438,6411
2023-12-01 09:28:00+01:00,22.639999389648438,22.670000076293945,22.6299991607666,22.6299991607666,22.6299991607666,9740
2023-12-01 09:29:00+01:00,22.639999389648438,22.639999389648438,22.625,22.6299991607666,22.6299991607666,3131
2023-12-01 09:30:00+01:00,22.6299991607666,22.6299991607666,22.610000610351562,22.6299991607666,22.6299991607666,9722
2023-12-01 09:31:00+01:00,22.6200008392334,22.625,22.6200008392334,22.625,22.625,2082
2023-12-01 09:32:00+01:00,22.614999771118164,22.625,22.604999542236328,22.625,22.625,9088
2023-12-01 09:33:00+01:00,22.6200008392334,22.6200008392334,22.604999542236328,22.614999771118164,22.614999771118164,3035
2023-12-01 09:34:00+01:00,22.614999771118164,22.625,22.600000381469727,22.610000610351562,22.610000610351562,6149
2023-12-01 09:35:00+01:00,22.614999771118164,22.6200008392334,22.575000762939453,22.575000762939453,22.575000762939453,18642
2023-12-01 09:36:00+01:00,22.59000015258789,22.625,22.59000015258789,22.625,22.625,14670
2023-12-01 09:37:00+01:00,22.6200008392334,22.625,22.600000381469727,22.610000610351562,22.610000610351562,6217
2023-12-01 09:38:00+01:00,22.625,22.6299991607666,22.614999771118164,22.625,22.625,7716
2023-12-01 09:39:00+01:00,22.635000228881836,22.639999389648438,22.6299991607666,22.639999389648438,22.639999389648438,1740
2023-12-01 09:40:00+01:00,22.635000228881836,22.639999389648438,22.625,22.6299991607666,22.6299991607666,3557
2023-12-01 09:41:00+01:00,22.6299991607666,22.635000228881836,22.610000610351562,22.635000228881836,22.635000228881836,7096
2023-12-01 09:42:00+01:00,22.645000457763672,22.645000457763672,22.6299991607666,22.645000457763672,22.645000457763672,6440
2023-12-01 09:43:00+01:00,22.639999389648438,22.649999618530273,22.6299991607666,22.649999618530273,22.649999618530273,1144
2023-12-01 09:44:00+01:00,22.655000686645508,22.65999984741211,22.649999618530273,22.65999984741211,22.65999984741211,4015
2023-12-01 09:45:00+01:00,22.670000076293945,22.68000030517578,22.665000915527344,22.665000915527344,22.665000915527344,7789
2023-12-01 09:46:00+01:00,22.665000915527344,22.665000915527344,22.655000686645508,22.655000686645508,22.655000686645508,567
2023-12-01 09:47:00+01:00,22.665000915527344,22.665000915527344,22.665000915527344,22.665000915527344,22.665000915527344,876
2023-12-01 09:48:00+01:00,22.65999984741211,22.65999984741211,22.645000457763672,22.649999618530273,22.649999618530273,153
2023-12-01 09:49:00+01:00,22.645000457763672,22.655000686645508,22.645000457763672,22.645000457763672,22.645000457763672,352
2023-12-01 09:50:00+01:00,22.645000457763672,22.674999237060547,22.645000457763672,22.670000076293945,22.670000076293945,1081
2023-12-01 09:51:00+01:00,22.670000076293945,22.684999465942383,22.670000076293945,22.684999465942383,22.684999465942383,5250
2023-12-01 09:52:00+01:00,22.68000030517578,22.68000030517578,22.68000030517578,22.68000030517578,22.68000030517578,1
2023-12-01 09:53:00+01:00,22.684999465942383,22.684999465942383,22.670000076293945,22.684999465942383,22.684999465942383,2748
2023-12-01 09:54:00+01:00,22.68000030517578,22.68000030517578,22.68000030517578,22.68000030517578,22.68000030517578,1540
2023-12-01 09:55:00+01:00,22.684999465942383,22.684999465942383,22.68000030517578,22.684999465942383,22.684999465942383,1868
2023-12-01 09:56:00+01:00,22.674999237060547,22.674999237060547,22.665000915527344,22.674999237060547,22.674999237060547,1893
2023-12-01 09:57:00+01:00,22.665000915527344,22.71500015258789,22.665000915527344,22.71500015258789,22.71500015258789,8812
2023-12-01 09:58:00+01:00,22.71500015258789,22.739999771118164,22.71500015258789,22.735000610351562,22.735000610351562,10678
2023-12-01 09:59:00+01:00,22.735000610351562,22.75,22.735000610351562,22.739999771118164,22.739999771118164,19177
2023-12-01 10:00:00+01:00,22.7450008392334,22.7549991607666,22.7450008392334,22.7549991607666,22.7549991607666,5460
2023-12-01 10:01:00+01:00,22.75,22.75,22.719999313354492,22.735000610351562,22.735000610351562,4384
2023-12-01 10:02:00+01:00,22.7450008392334,22.75,22.7450008392334,22.75,22.75,1449
2023-12-01 10:03:00+01:00,22.7450008392334,22.7450008392334,22.735000610351562,22.735000610351562,22.735000610351562,2196
2023-12-01 10:04:00+01:00,22.7450008392334,22.7450008392334,22.739999771118164,22.739999771118164,22.739999771118164,945
2023-12-01 10:05:00+01:00,22.739999771118164,22.75,22.729999542236328,22.75,22.75,236
2023-12-01 10:06:00+01:00,22.7450008392334,22.7450008392334,22.7450008392334,22.7450008392334,22.7450008392334,890
2023-12-01 10:07:00+01:00,22.75,22.78499984741211,22.75,22.774999618530273,22.774999618530273,4819
2023-12-01 10:08:00+01:00,22.78499984741211,22.78499984741211,22.770000457763672,22.770000457763672,22.770000457763672,1301
2023-12-01 10:09:00+01:00,22.78499984741211,22.80500030517578,22.78499984741211,22.80500030517578,22.80500030517578,1321
2023-12-01 10:10:00+01:00,22.799999237060547,22.799999237060547,22.790000915527344,22.795000076293945,22.795000076293945,3786
2023-12-01 10:11:00+01:00,22.790000915527344,22.795000076293945,22.790000915527344,22.795000076293945,22.795000076293945,1393
2023-12-01 10:12:00+01:00,22.799999237060547,22.809999465942383,22.795000076293945,22.809999465942383,22.809999465942383,639
2023-12-01 10:13:00+01:00,22.80500030517578,22.809999465942383,22.80500030517578,22.80500030517578,22.80500030517578,2297
2023-12-01 10:14:00+01:00,22.80500030517578,22.80500030517578,22.795000076293945,22.795000076293945,22.795000076293945,36
2023-12-01 10:15:00+01:00,22.80500030517578,22.815000534057617,22.80500030517578,22.80500030517578,22.80500030517578,912
2023-12-01 10:16:00+01:00,22.799999237060547,22.809999465942383,22.795000076293945,22.809999465942383,22.809999465942383,1742
2023-12-01 10:17:00+01:00,22.809999465942383,22.81999969482422,22.809999465942383,22.81999969482422,22.81999969482422,2459
2023-12-01 10:18:00+01:00,22.81999969482422,22.81999969482422,22.815000534057617,22.815000534057617,22.815000534057617,2062
2023-12-01 10:19:00+01:00,22.825000762939453,22.834999084472656,22.825000762939453,22.834999084472656,22.834999084472656,11449
2023-12-01 10:20:00+01:00,22.844999313354492,22.8700008392334,22.834999084472656,22.860000610351562,22.860000610351562,10246
2023-12-01 10:21:00+01:00,22.860000610351562,22.860000610351562,22.854999542236328,22.854999542236328,22.854999542236328,2288
2023-12-01 10:22:00+01:00,22.850000381469727,22.860000610351562,22.850000381469727,22.860000610351562,22.860000610351562,1410
2023-12-01 10:23:00+01:00,22.854999542236328,22.864999771118164,22.854999542236328,22.864999771118164,22.864999771118164,3094
2023-12-01 10:24:00+01:00,22.860000610351562,22.864999771118164,22.854999542236328,22.854999542236328,22.854999542236328,3260
2023-12-01 10:25:00+01:00,22.854999542236328,22.854999542236328,22.834999084472656,22.84000015258789,22.84000015258789,7897
2023-12-01 10:26:00+01:00,22.844999313354492,22.844999313354492,22.825000762939453,22.834999084472656,22.834999084472656,6013
2023-12-01 10:27:00+01:00,22.844999313354492,22.864999771118164,22.834999084472656,22.84000015258789,22.84000015258789,35651
2023-12-01 10:28:00+01:00,22.850000381469727,22.8700008392334,22.850000381469727,22.8700008392334,22.8700008392334,4098
2023-12-01 10:29:00+01:00,22.864999771118164,22.895000457763672,22.864999771118164,22.889999389648438,22.889999389648438,6917
2023-12-01 10:30:00+01:00,22.885000228881836,22.885000228881836,22.864999771118164,22.864999771118164,22.864999771118164,2798
2023-12-01 10:31:00+01:00,22.8700008392334,22.8700008392334,22.864999771118164,22.864999771118164,22.864999771118164,369
2023-12-01 10:32:00+01:00,22.8700008392334,22.8700008392334,22.854999542236328,22.854999542236328,22.854999542236328,1987
2023-12-01 10:33:00+01:00,22.860000610351562,22.864999771118164,22.860000610351562,22.864999771118164,22.864999771118164,374
2023-12-01 10:34:00+01:00,22.854999542236328,22.854999542236328,22.850000381469727,22.850000381469727,22.850000381469727,560
2023-12-01 10:35:00+01:00,22.844999313354492,22.850000381469727,22.829999923706055,22.850000381469727,22.850000381469727,4933
2023-12-01 10:36:00+01:00,22.850000381469727,22.8700008392334,22.850000381469727,22.8700008392334,22.8700008392334,2212
2023-12-01 10:37:00+01:00,22.875,22.875,22.8700008392334,22.8700008392334,22.8700008392334,1232
2023-12-01 10:38:00+01:00,22.875,22.875,22.875,22.875,22.875,251
2023-12-01 10:40:00+01:00,22.8700008392334,22.875,22.8700008392334,22.8700008392334,22.8700008392334,653
2023-12-01 10:41:00+01:00,22.8700008392334,22.8700008392334,22.8700008392334,22.8700008392334,22.8700008392334,1250
2023-12-01 10:42:00+01:00,22.8700008392334,22.8700008392334,22.860000610351562,22.864999771118164,22.864999771118164,611
2023-12-01 10:43:00+01:00,22.864999771118164,22.864999771118164,22.860000610351562,22.860000610351562,22.860000610351562,451
2023-12-01 10:45:00+01:00,22.8700008392334,22.875,22.854999542236328,22.860000610351562,22.860000610351562,604
2023-12-01 10:46:00+01:00,22.854999542236328,22.854999542236328,22.854999542236328,22.854999542236328,22.854999542236328,10
2023-12-01 10:48:00+01:00,22.860000610351562,22.864999771118164,22.854999542236328,22.864999771118164,22.864999771118164,2369
2023-12-01 10:49:00+01:00,22.854999542236328,22.854999542236328,22.854999542236328,22.854999542236328,22.854999542236328,387
2023-12-01 10:50:00+01:00,22.854999542236328,22.860000610351562,22.850000381469727,22.860000610351562,22.860000610351562,3776
2023-12-01 10:51:00+01:00,22.850000381469727,22.850000381469727,22.850000381469727,22.850000381469727,22.850000381469727,1165
2023-12-01 10:52:00+01:00,22.860000610351562,22.860000610351562,22.860000610351562,22.860000610351562,22.860000610351562,215
2023-12-01 10:53:00+01:00,22.854999542236328,22.864999771118164,22.854999542236328,22.864999771118164,22.864999771118164,779
2023-12-01 10:54:00+01:00,22.8700008392334,22.8700008392334,22.84000015258789,22.84000015258789,22.84000015258789,23274
2023-12-01 10:55:00+01:00,22.844999313354492,22.844999313354492,22.844999313354492,22.844999313354492,22.844999313354492,1382
2023-12-01 10:56:00+01:00,22.84000015258789,22.84000015258789,22.829999923706055,22.834999084472656,22.834999084472656,3284
2023-12-01 10:57:00+01:00,22.84000015258789,22.84000015258789,22.84000015258789,22.84000015258789,22.84000015258789,393
2023-12-01 10:58:00+01:00,22.834999084472656,22.84000015258789,22.829999923706055,22.84000015258789,22.84000015258789,2508
2023-12-01 10:59:00+01:00,22.834999084472656,22.834999084472656,22.815000534057617,22.815000534057617,22.815000534057617,16883
2023-12-01 11:00:00+01:00,22.815000534057617,22.829999923706055,22.80500030517578,22.80500030517578,22.80500030517578,16806
2023-12-01 11:01:00+01:00,22.80500030517578,22.815000534057617,22.80500030517578,22.815000534057617,22.815000534057617,1282
2023-12-01 11:02:00+01:00,22.809999465942383,22.815000534057617,22.809999465942383,22.809999465942383,22.809999465942383,1127
2023-12-01 11:03:00+01:00,22.815000534057617,22.815000534057617,22.809999465942383,22.809999465942383,22.809999465942383,15598
2023-12-01 11:04:00+01:00,22.799999237060547,22.799999237060547,22.790000915527344,22.790000915527344,22.790000915527344,6138
2023-12-01 11:05:00+01:00,22.790000915527344,22.790000915527344,22.790000915527344,22.790000915527344,22.790000915527344,175
2023-12-01 11:06:00+01:00,22.790000915527344,22.790000915527344,22.790000915527344,22.790000915527344,22.790000915527344,150
2023-12-01 11:07:00+01:00,22.780000686645508,22.815000534057617,22.774999618530273,22.815000534057617,22.815000534057617,12275
2023-12-01 11:08:00+01:00,22.825000762939453,22.825000762939453,22.825000762939453,22.825000762939453,22.825000762939453,10
2023-12-01 11:09:00+01:00,22.81999969482422,22.81999969482422,22.809999465942383,22.809999465942383,22.809999465942383,373
2023-12-01 11:10:00+01:00,22.809999465942383,22.809999465942383,22.799999237060547,22.799999237060547,22.799999237060547,749
2023-12-01 11:11:00+01:00,22.799999237060547,22.799999237060547,22.799999237060547,22.799999237060547,22.799999237060547,87
2023-12-01 11:12:00+01:00,22.799999237060547,22.799999237060547,22.795000076293945,22.799999237060547,22.799999237060547,3299
2023-12-01 11:13:00+01:00,22.799999237060547,22.799999237060547,22.790000915527344,22.790000915527344,22.790000915527344,1703
2023-12-01 11:15:00+01:00,22.790000915527344,22.790000915527344,22.790000915527344,22.790000915527344,22.790000915527344,800
2023-12-01 11:16:00+01:00,22.799999237060547,22.80500030517578,22.790000915527344,22.80500030517578,22.80500030517578,3782
2023-12-01 11:17:00+01:00,22.815000534057617,22.815000534057617,22.815000534057617,22.815000534057617,22.815000534057617,573
2023-12-01 11:18:00+01:00,22.81999969482422,22.825000762939453,22.81999969482422,22.81999969482422,22.81999969482422,596
2023-12-01 11:20:00+01:00,22.815000534057617,22.825000762939453,22.815000534057617,22.825000762939453,22.825000762939453,46
2023-12-01 11:21:00+01:00,22.81999969482422,22.81999969482422,22.81999969482422,22.81999969482422,22.81999969482422,4
2023-12-01 11:22:00+01:00,22.829999923706055,22.834999084472656,22.829999923706055,22.834999084472656,22.834999084472656,1443
2023-12-01 11:23:00+01:00,22.84000015258789,22.84000015258789,22.84000015258789,22.84000015258789,22.84000015258789,210
2023-12-01 11:24:00+01:00,22.844999313354492,22.844999313354492,22.844999313354492,22.844999313354492,22.844999313354492,1500
2023-12-01 11:25:00+01:00,22.844999313354492,22.850000381469727,22.84000015258789,22.84000015258789,22.84000015258789,652
2023-12-01 11:26:00+01:00,22.850000381469727,22.850000381469727,22.84000015258789,22.84000015258789,22.84000015258789,526
2023-12-01 11:29:00+01:00,22.844999313354492,22.844999313354492,22.829999923706055,22.829999923706055,22.829999923706055,1313
2023-12-01 11:30:00+01:00,22.834999084472656,22.834999084472656,22.829999923706055,22.829999923706055,22.829999923706055,221
2023-12-01 11:31:00+01:00,22.844999313354492,22.844999313354492,22.844999313354492,22.844999313354492,22.844999313354492,506
2023-12-01 11:32:00+01:00,22.829999923706055,22.850000381469727,22.829999923706055,22.850000381469727,22.850000381469727,807
2023-12-01 11:33:00+01:00,22.84000015258789,22.84000015258789,22.84000015258789,22.84000015258789,22.84000015258789,230
2023-12-01 11:34:00+01:00,22.834999084472656,22.834999084472656,22.834999084472656,22.834999084472656,22.834999084472656,100
2023-12-01 11:37:00+01:00,22.850000381469727,22.8700008392334,22.844999313354492,22.860000610351562,22.860000610351562,13286
2023-12-01 11:38:00+01:00,22.854999542236328,22.854999542236328,22.854999542236328,22.854999542236328,22.854999542236328,311
2023-12-01 11:39:00+01:00,22.854999542236328,22.854999542236328,22.854999542236328,22.854999542236328,22.854999542236328,80
2023-12-01 11:40:00+01:00,22.854999542236328,22.854999542236328,22.844999313354492,22.844999313354492,22.844999313354492,316
2023-12-01 11:41:00+01:00,22.854999542236328,22.854999542236328,22.854999542236328,22.854999542236328,22.854999542236328,2719
2023-12-01 11:42:00+01:00,22.854999542236328,22.854999542236328,22.854999542236328,22.854999542236328,22.854999542236328,263
2023-12-01 11:43:00+01:00,22.844999313354492,22.844999313354492,22.844999313354492,22.844999313354492,22.844999313354492,1
2023-12-01 11:45:00+01:00,22.84000015258789,22.84000015258789,22.84000015258789,22.84000015258789,22.84000015258789,790
2023-12-01 11:46:00+01:00,22.844999313354492,22.850000381469727,22.844999313354492,22.850000381469727,22.850000381469727,1583
2023-12-01 11:47:00+01:00,22.84000015258789,22.84000015258789,22.829999923706055,22.829999923706055,22.829999923706055,4425
2023-12-01 11:48:00+01:00,22.834999084472656,22.844999313354492,22.834999084472656,22.844999313354492,22.844999313354492,2026
2023-12-01 11:49:00+01:00,22.850000381469727,22.854999542236328,22.850000381469727,22.854999542236328,22.854999542236328,5055
2023-12-01 11:50:00+01:00,22.844999313354492,22.844999313354492,22.84000015258789,22.84000015258789,22.84000015258789,453
2023-12-01 11:51:00+01:00,22.84000015258789,22.84000015258789,22.829999923706055,22.829999923706055,22.829999923706055,1209
2023-12-01 11:52:00+01:00,22.834999084472656,22.834999084472656,22.829999923706055,22.834999084472656,22.834999084472656,1424
2023-12-01 11:53:00+01:00,22.829999923706055,22.829999923706055,22.829999923706055,22.829999923706055,22.829999923706055,232
2023-12-01 11:54:00+01:00,22.829999923706055,22.829999923706055,22.815000534057617,22.815000534057617,22.815000534057617,1779
2023-12-01 11:55:00+01:00,22.81999969482422,22.825000762939453,22.815000534057617,22.815000534057617,22.815000534057617,5011
2023-12-01 11:56:00+01:00,22.815000534057617,22.81999969482422,22.815000534057617,22.815000534057617,22.815000534057617,2147
2023-12-01 11:57:00+01:00,22.815000534057617,22.815000534057617,22.815000534057617,22.815000534057617,22.815000534057617,2302
2023-12-01 11:58:00+01:00,22.815000534057617,22.834999084472656,22.815000534057617,22.829999923706055,22.829999923706055,4900
2023-12-01 11:59:00+01:00,22.834999084472656,22.834999084472656,22.829999923706055,22.829999923706055,22.829999923706055,1625
2023-12-01 12:00:00+01:00,22.834999084472656,22.834999084472656,22.834999084472656,22.834999084472656,22.834999084472656,287
2023-12-01 12:01:00+01:00,22.84000015258789,22.84000015258789,22.834999084472656,22.834999084472656,22.834999084472656,2921
2023-12-01 12:03:00+01:00,22.84000015258789,22.84000015258789,22.84000015258789,22.84000015258789,22.84000015258789,368
2023-12-01 12:04:00+01:00,22.844999313354492,22.844999313354492,22.84000015258789,22.844999313354492,22.844999313354492,615
2023-12-01 12:05:00+01:00,22.850000381469727,22.850000381469727,22.834999084472656,22.84000015258789,22.84000015258789,12043
2023-12-01 12:06:00+01:00,22.84000015258789,22.84000015258789,22.834999084472656,22.834999084472656,22.834999084472656,451
2023-12-01 12:07:00+01:00,22.84000015258789,22.850000381469727,22.834999084472656,22.844999313354492,22.844999313354492,4179
2023-12-01 12:08:00+01:00,22.844999313354492,22.844999313354492,22.84000015258789,22.84000015258789,22.84000015258789,228
2023-12-01 12:09:00+01:00,22.834999084472656,22.84000015258789,22.834999084472656,22.84000015258789,22.84000015258789,1752
2023-12-01 12:10:00+01:00,22.84000015258789,22.84000015258789,22.84000015258789,22.84000015258789,22.84000015258789,21
2023-12-01 12:11:00+01:00,22.84000015258789,22.84000015258789,22.84000015258789,22.84000015258789,22.84000015258789,182
2023-12-01 12:12:00+01:00,22.844999313354492,22.844999313354492,22.834999084472656,22.834999084472656,22.834999084472656,773
2023-12-01 12:13:00+01:00,22.84000015258789,22.84000015258789,22.834999084472656,22.834999084472656,22.834999084472656,610
2023-12-01 12:14:00+01:00,22.834999084472656,22.834999084472656,22.834999084472656,22.834999084472656,22.834999084472656,79
2023-12-01 12:16:00+01:00,22.829999923706055,22.834999084472656,22.829999923706055,22.834999084472656,22.834999084472656,569
2023-12-01 12:17:00+01:00,22.834999084472656,22.834999084472656,22.834999084472656,22.834999084472656,22.834999084472656,216
2023-12-01 12:18:00+01:00,22.829999923706055,22.829999923706055,22.829999923706055,22.829999923706055,22.829999923706055,150
2023-12-01 12:19:00+01:00,22.829999923706055,22.829999923706055,22.829999923706055,22.829999923706055,22.829999923706055,110
2023-12-01 12:20:00+01:00,22.834999084472656,22.834999084472656,22.825000762939453,22.825000762939453,22.825000762939453,5820
2023-12-01 12:21:00+01:00,22.829999923706055,22.834999084472656,22.829999923706055,22.834999084472656,22.834999084472656,980
2023-12-01 12:22:00+01:00,22.834999084472656,22.84000015258789,22.834999084472656,22.84000015258789,22.84000015258789,38
2023-12-01 12:24:00+01:00,22.84000015258789,22.84000015258789,22.84000015258789,22.84000015258789,22.84000015258789,77
2023-12-01 12:25:00+01:00,22.844999313354492,22.850000381469727,22.844999313354492,22.844999313354492,22.844999313354492,834
2023-12-01 12:26:00+01:00,22.844999313354492,22.844999313354492,22.84000015258789,22.844999313354492,22.844999313354492,2567
2023-12-01 12:27:00+01:00,22.850000381469727,22.854999542236328,22.844999313354492,22.850000381469727,22.850000381469727,2754
2023-12-01 12:28:00+01:00,22.850000381469727,22.860000610351562,22.850000381469727,22.860000610351562,22.860000610351562,3362
2023-12-01 12:29:00+01:00,22.854999542236328,22.854999542236328,22.854999542236328,22.854999542236328,22.854999542236328,225
2023-12-01 12:30:00+01:00,22.860000610351562,22.860000610351562,22.854999542236328,22.854999542236328,22.854999542236328,4921
2023-12-01 12:31:00+01:00,22.860000610351562,22.860000610351562,22.860000610351562,22.860000610351562,22.860000610351562,63
2023-12-01 12:32:00+01:00,22.860000610351562,22.8700008392334,22.860000610351562,22.8700008392334,22.8700008392334,2632
2023-12-01 12:33:00+01:00,22.864999771118164,22.8700008392334,22.850000381469727,22.860000610351562,22.860000610351562,8136
2023-12-01 12:34:00+01:00,22.860000610351562,22.860000610351562,22.860000610351562,22.860000610351562,22.860000610351562,203
2023-12-01 12:35:00+01:00,22.864999771118164,22.875,22.864999771118164,22.875,22.875,2546
2023-12-01 12:36:00+01:00,22.875,22.875,22.8700008392334,22.8700008392334,22.8700008392334,3346
2023-12-01 12:37:00+01:00,22.864999771118164,22.889999389648438,22.864999771118164,22.889999389648438,22.889999389648438,9921
2023-12-01 12:38:00+01:00,22.8799991607666,22.8799991607666,22.860000610351562,22.860000610351562,22.860000610351562,529
2023-12-01 12:39:00+01:00,22.860000610351562,22.875,22.860000610351562,22.8700008392334,22.8700008392334,5291
2023-12-01 12:40:00+01:00,22.875,22.875,22.875,22.875,22.875,610
2023-12-01 12:41:00+01:00,22.875,22.875,22.8700008392334,22.875,22.875,1445
2023-12-01 12:42:00+01:00,22.864999771118164,22.864999771118164,22.864999771118164,22.864999771118164,22.864999771118164,159
2023-12-01 12:43:00+01:00,22.864999771118164,22.8700008392334,22.864999771118164,22.8700008392334,22.8700008392334,192
2023-12-01 12:44:00+01:00,22.8700008392334,22.8700008392334,22.8700008392334,22.8700008392334,22.8700008392334,38
2023-12-01 12:45:00+01:00,22.8799991607666,22.8799991607666,22.8799991607666,22.8799991607666,22.8799991607666,1359
2023-12-01 12:46:00+01:00,22.875,22.8799991607666,22.875,22.8799991607666,22.8799991607666,246
2023-12-01 12:47:00+01:00,22.8799991607666,22.8799991607666,22.875,22.875,22.875,100
2023-12-01 12:48:00+01:00,22.885000228881836,22.885000228881836,22.8799991607666,22.8799991607666,22.8799991607666,348
2023-12-01 12:50:00+01:00,22.8799991607666,22.889999389648438,22.875,22.885000228881836,22.885000228881836,11236
2023-12-01 12:51:00+01:00,22.8799991607666,22.8799991607666,22.8799991607666,22.8799991607666,22.8799991607666,256
2023-12-01 12:52:00+01:00,22.885000228881836,22.885000228881836,22.885000228881836,22.885000228881836,22.885000228881836,241
2023-12-01 12:53:00+01:00,22.889999389648438,22.889999389648438,22.889999389648438,22.889999389648438,22.889999389648438,323
2023-12-01 12:54:00+01:00,22.889999389648438,22.889999389648438,22.889999389648438,22.889999389648438,22.889999389648438,134
2023-12-01 12:55:00+01:00,22.889999389648438,22.889999389648438,22.889999389648438,22.889999389648438,22.889999389648438,653
2023-12-01 12:56:00+01:00,22.895000457763672,22.895000457763672,22.889999389648438,22.889999389648438,22.889999389648438,2565
2023-12-01 12:57:00+01:00,22.889999389648438,22.895000457763672,22.889999389648438,22.895000457763672,22.895000457763672,202
2023-12-01 12:58:00+01:00,22.889999389648438,22.889999389648438,22.889999389648438,22.889999389648438,22.889999389648438,332
2023-12-01 12:59:00+01:00,22.889999389648438,22.895000457763672,22.8700008392334,22.875,22.875,13948
2023-12-01 13:00:00+01:00,22.860000610351562,22.860000610351562,22.860000610351562,22.860000610351562,22.860000610351562,231
2023-12-01 13:01:00+01:00,22.860000610351562,22.860000610351562,22.860000610351562,22.860000610351562,22.860000610351562,230
2023-12-01 13:02:00+01:00,22.860000610351562,22.864999771118164,22.860000610351562,22.864999771118164,22.864999771118164,1729
2023-12-01 13:03:00+01:00,22.864999771118164,22.8700008392334,22.864999771118164,22.864999771118164,22.864999771118164,2277
2023-12-01 13:04:00+01:00,22.864999771118164,22.864999771118164,22.864999771118164,22.864999771118164,22.864999771118164,1078
2023-12-01 13:05:00+01:00,22.864999771118164,22.8700008392334,22.864999771118164,22.8700008392334,22.8700008392334,415
2023-12-01 13:07:00+01:00,22.864999771118164,22.864999771118164,22.864999771118164,22.864999771118164,22.864999771118164,455
2023-12-01 13:08:00+01:00,22.864999771118164,22.864999771118164,22.864999771118164,22.864999771118164,22.864999771118164,50
2023-12-01 13:09:00+01:00,22.864999771118164,22.864999771118164,22.864999771118164,22.864999771118164,22.864999771118164,172
2023-12-01 13:10:00+01:00,22.864999771118164,22.864999771118164,22.854999542236328,22.854999542236328,22.854999542236328,2669
2023-12-01 13:11:00+01:00,22.860000610351562,22.860000610351562,22.860000610351562,22.860000610351562,22.860000610351562,140
2023-12-01 13:13:00+01:00,22.860000610351562,22.860000610351562,22.860000610351562,22.860000610351562,22.860000610351562,16
2023-12-01 13:14:00+01:00,22.860000610351562,22.860000610351562,22.854999542236328,22.854999542236328,22.854999542236328,891
2023-12-01 13:15:00+01:00,22.860000610351562,22.860000610351562,22.860000610351562,22.860000610351562,22.860000610351562,168
2023-12-01 13:16:00+01:00,22.854999542236328,22.854999542236328,22.850000381469727,22.850000381469727,22.850000381469727,2581
2023-12-01 13:17:00+01:00,22.860000610351562,22.860000610351562,22.850000381469727,22.850000381469727,22.850000381469727,1838
2023-12-01 13:18:00+01:00,22.860000610351562,22.860000610351562,22.854999542236328,22.854999542236328,22.854999542236328,693
2023-12-01 13:20:00+01:00,22.860000610351562,22.860000610351562,22.860000610351562,22.860000610351562,22.860000610351562,63
2023-12-01 13:21:00+01:00,22.860000610351562,22.860000610351562,22.860000610351562,22.860000610351562,22.860000610351562,42
2023-12-01 13:22:00+01:00,22.860000610351562,22.860000610351562,22.834999084472656,22.834999084472656,22.834999084472656,1000
2023-12-01 13:23:00+01:00,22.829999923706055,22.834999084472656,22.825000762939453,22.825000762939453,22.825000762939453,1534
2023-12-01 13:24:00+01:00,22.829999923706055,22.829999923706055,22.829999923706055,22.829999923706055,22.829999923706055,323
2023-12-01 13:25:00+01:00,22.81999969482422,22.825000762939453,22.809999465942383,22.809999465942383,22.809999465942383,4448
2023-12-01 13:26:00+01:00,22.809999465942383,22.809999465942383,22.80500030517578,22.80500030517578,22.80500030517578,1694
2023-12-01 13:27:00+01:00,22.815000534057617,22.815000534057617,22.799999237060547,22.809999465942383,22.809999465942383,12321
2023-12-01 13:28:00+01:00,22.815000534057617,22.815000534057617,22.799999237060547,22.799999237060547,22.799999237060547,1297
2023-12-01 13:30:00+01:00,22.795000076293945,22.799999237060547,22.795000076293945,22.799999237060547,22.799999237060547,810
2023-12-01 13:31:00+01:00,22.80500030517578,22.809999465942383,22.80500030517578,22.809999465942383,22.809999465942383,1238
2023-12-01 13:32:00+01:00,22.809999465942383,22.815000534057617,22.809999465942383,22.815000534057617,22.815000534057617,886
2023-12-01 13:33:00+01:00,22.815000534057617,22.81999969482422,22.815000534057617,22.815000534057617,22.815000534057617,4148
2023-12-01 13:34:00+01:00,22.809999465942383,22.809999465942383,22.799999237060547,22.80500030517578,22.80500030517578,2895
2023-12-01 13:35:00+01:00,22.799999237060547,22.809999465942383,22.799999237060547,22.809999465942383,22.809999465942383,2017
2023-12-01 13:36:00+01:00,22.809999465942383,22.809999465942383,22.809999465942383,22.809999465942383,22.809999465942383,977
2023-12-01 13:37:00+01:00,22.809999465942383,22.809999465942383,22.80500030517578,22.80500030517578,22.80500030517578,384
2023-12-01 13:38:00+01:00,22.809999465942383,22.809999465942383,22.809999465942383,22.809999465942383,22.809999465942383,321
2023-12-01 13:39:00+01:00,22.815000534057617,22.815000534057617,22.815000534057617,22.815000534057617,22.815000534057617,1680
2023-12-01 13:40:00+01:00,22.809999465942383,22.815000534057617,22.80500030517578,22.815000534057617,22.815000534057617,946
2023-12-01 13:41:00+01:00,22.815000534057617,22.81999969482422,22.815000534057617,22.81999969482422,22.81999969482422,2769
2023-12-01 13:42:00+01:00,22.825000762939453,22.825000762939453,22.81999969482422,22.81999969482422,22.81999969482422,3412
2023-12-01 13:44:00+01:00,22.815000534057617,22.815000534057617,22.80500030517578,22.80500030517578,22.80500030517578,701
2023-12-01 13:45:00+01:00,22.809999465942383,22.81999969482422,22.809999465942383,22.809999465942383,22.809999465942383,12970
2023-12-01 13:46:00+01:00,22.809999465942383,22.809999465942383,22.80500030517578,22.809999465942383,22.809999465942383,5186
2023-12-01 13:47:00+01:00,22.80500030517578,22.80500030517578,22.799999237060547,22.80500030517578,22.80500030517578,1024
2023-12-01 13:48:00+01:00,22.795000076293945,22.809999465942383,22.795000076293945,22.809999465942383,22.809999465942383,2864
2023-12-01 13:49:00+01:00,22.799999237060547,22.799999237060547,22.799999237060547,22.799999237060547,22.799999237060547,8868
2023-12-01 13:50:00+01:00,22.795000076293945,22.795000076293945,22.795000076293945,22.795000076293945,22.795000076293945,235
2023-12-01 13:51:00+01:00,22.799999237060547,22.799999237060547,22.799999237060547,22.799999237060547,22.799999237060547,4212
2023-12-01 13:52:00+01:00,22.799999237060547,22.80500030517578,22.799999237060547,22.799999237060547,22.799999237060547,1321
2023-12-01 13:53:00+01:00,22.790000915527344,22.790000915527344,22.790000915527344,22.790000915527344,22.790000915527344,2241
2023-12-01 13:54:00+01:00,22.790000915527344,22.795000076293945,22.790000915527344,22.795000076293945,22.795000076293945,1146
2023-12-01 13:55:00+01:00,22.799999237060547,22.799999237060547,22.799999237060547,22.799999237060547,22.799999237060547,203
2023-12-01 13:56:00+01:00,22.799999237060547,22.80500030517578,22.799999237060547,22.799999237060547,22.799999237060547,761
2023-12-01 13:57:00+01:00,22.80500030517578,22.80500030517578,22.80500030517578,22.80500030517578,22.80500030517578,83
2023-12-01 13:58:00+01:00,22.809999465942383,22.809999465942383,22.809999465942383,22.809999465942383,22.809999465942383,113
2023-12-01 14:00:00+01:00,22.815000534057617,22.81999969482422,22.815000534057617,22.81999969482422,22.81999969482422,1868
2023-12-01 14:01:00+01:00,22.81999969482422,22.81999969482422,22.81999969482422,22.81999969482422,22.81999969482422,35
2023-12-01 14:02:00+01:00,22.81999969482422,22.81999969482422,22.81999969482422,22.81999969482422,22.81999969482422,19
2023-12-01 14:03:00+01:00,22.815000534057617,22.825000762939453,22.815000534057617,22.825000762939453,22.825000762939453,116
2023-12-01 14:04:00+01:00,22.815000534057617,22.825000762939453,22.815000534057617,22.825000762939453,22.825000762939453,1447
2023-12-01 14:05:00+01:00,22.825000762939453,22.834999084472656,22.825000762939453,22.834999084472656,22.834999084472656,821
2023-12-01 14:06:00+01:00,22.829999923706055,22.844999313354492,22.829999923706055,22.834999084472656,22.834999084472656,7582
2023-12-01 14:07:00+01:00,22.84000015258789,22.84000015258789,22.834999084472656,22.834999084472656,22.834999084472656,56
2023-12-01 14:08:00+01:00,22.834999084472656,22.834999084472656,22.834999084472656,22.834999084472656,22.834999084472656,50
2023-12-01 14:09:00+01:00,22.84000015258789,22.84000015258789,22.84000015258789,22.84000015258789,22.84000015258789,813
2023-12-01 14:10:00+01:00,22.84000015258789,22.84000015258789,22.834999084472656,22.834999084472656,22.834999084472656,1585
2023-12-01 14:11:00+01:00,22.834999084472656,22.834999084472656,22.834999084472656,22.834999084472656,22.834999084472656,74
2023-12-01 14:12:00+01:00,22.829999923706055,22.829999923706055,22.825000762939453,22.825000762939453,22.825000762939453,806
2023-12-01 14:13:00+01:00,22.825000762939453,22.825000762939453,22.825000762939453,22.825000762939453,22.825000762939453,2815
2023-12-01 14:14:00+01:00,22.829999923706055,22.829999923706055,22.829999923706055,22.829999923706055,22.829999923706055,786
2023-12-01 14:16:00+01:00,22.81999969482422,22.81999969482422,22.81999969482422,22.81999969482422,22.81999969482422,10
2023-12-01 14:17:00+01:00,22.81999969482422,22.829999923706055,22.81999969482422,22.81999969482422,22.81999969482422,1690
2023-12-01 14:18:00+01:00,22.815000534057617,22.815000534057617,22.815000534057617,22.815000534057617,22.815000534057617,1785
2023-12-01 14:19:00+01:00,22.81999969482422,22.81999969482422,22.81999969482422,22.81999969482422,22.81999969482422,89
2023-12-01 14:20:00+01:00,22.81999969482422,22.81999969482422,22.81999969482422,22.81999969482422,22.81999969482422,34
2023-12-01 14:21:00+01:00,22.815000534057617,22.815000534057617,22.815000534057617,22.815000534057617,22.815000534057617,620
2023-12-01 14:22:00+01:00,22.815000534057617,22.81999969482422,22.815000534057617,22.81999969482422,22.81999969482422,427
2023-12-01 14:23:00+01:00,22.81999969482422,22.825000762939453,22.81999969482422,22.825000762939453,22.825000762939453,347
2023-12-01 14:24:00+01:00,22.829999923706055,22.829999923706055,22.825000762939453,22.829999923706055,22.829999923706055,1762
2023-12-01 14:25:00+01:00,22.829999923706055,22.84000015258789,22.829999923706055,22.84000015258789,22.84000015258789,95
2023-12-01 14:26:00+01:00,22.84000015258789,22.84000015258789,22.829999923706055,22.834999084472656,22.834999084472656,384
2023-12-01 14:27:00+01:00,22.829999923706055,22.829999923706055,22.825000762939453,22.825000762939453,22.825000762939453,591
2023-12-01 14:28:00+01:00,22.829999923706055,22.829999923706055,22.829999923706055,22.829999923706055,22.829999923706055,331
2023-12-01 14:29:00+01:00,22.834999084472656,22.834999084472656,22.834999084472656,22.834999084472656,22.834999084472656,445
2023-12-01 14:30:00+01:00,22.84000015258789,22.84000015258789,22.834999084472656,22.834999084472656,22.834999084472656,2321
2023-12-01 14:31:00+01:00,22.84000015258789,22.84000015258789,22.834999084472656,22.834999084472656,22.834999084472656,166
2023-12-01 14:32:00+01:00,22.834999084472656,22.834999084472656,22.834999084472656,22.834999084472656,22.834999084472656,406
2023-12-01 14:33:00+01:00,22.84000015258789,22.84000015258789,22.834999084472656,22.834999084472656,22.834999084472656,2509
2023-12-01 14:34:00+01:00,22.834999084472656,22.834999084472656,22.834999084472656,22.834999084472656,22.834999084472656,176
2023-12-01 14:35:00+01:00,22.829999923706055,22.829999923706055,22.829999923706055,22.829999923706055,22.829999923706055,688
2023-12-01 14:36:00+01:00,22.84000015258789,22.844999313354492,22.834999084472656,22.844999313354492,22.844999313354492,2825
2023-12-01 14:37:00+01:00,22.834999084472656,22.834999084472656,22.834999084472656,22.834999084472656,22.834999084472656,1
2023-12-01 14:38:00+01:00,22.84000015258789,22.84000015258789,22.84000015258789,22.84000015258789,22.84000015258789,21
2023-12-01 14:39:00+01:00,22.834999084472656,22.834999084472656,22.829999923706055,22.829999923706055,22.829999923706055,601
2023-12-01 14:40:00+01:00,22.834999084472656,22.834999084472656,22.829999923706055,22.829999923706055,22.829999923706055,181
2023-12-01 14:41:00+01:00,22.829999923706055,22.829999923706055,22.829999923706055,22.829999923706055,22.829999923706055,10
2023-12-01 14:42:00+01:00,22.834999084472656,22.844999313354492,22.834999084472656,22.844999313354492,22.844999313354492,1662
2023-12-01 14:43:00+01:00,22.844999313354492,22.850000381469727,22.844999313354492,22.844999313354492,22.844999313354492,1875
2023-12-01 14:44:00+01:00,22.834999084472656,22.84000015258789,22.815000534057617,22.84000015258789,22.84000015258789,27910
2023-12-01 14:45:00+01:00,22.844999313354492,22.844999313354492,22.844999313354492,22.844999313354492,22.844999313354492,846
2023-12-01 14:46:00+01:00,22.84000015258789,22.84000015258789,22.84000015258789,22.84000015258789,22.84000015258789,1097
2023-12-01 14:47:00+01:00,22.844999313354492,22.844999313354492,22.84000015258789,22.84000015258789,22.84000015258789,796
2023-12-01 14:48:00+01:00,22.84000015258789,22.84000015258789,22.84000015258789,22.84000015258789,22.84000015258789,440
2023-12-01 14:49:00+01:00,22.834999084472656,22.834999084472656,22.834999084472656,22.834999084472656,22.834999084472656,1000
2023-12-01 14:50:00+01:00,22.834999084472656,22.84000015258789,22.834999084472656,22.84000015258789,22.84000015258789,747
2023-12-01 14:51:00+01:00,22.829999923706055,22.829999923706055,22.829999923706055,22.829999923706055,22.829999923706055,163
2023-12-01 14:52:00+01:00,22.834999084472656,22.834999084472656,22.834999084472656,22.834999084472656,22.834999084472656,20
2023-12-01 14:53:00+01:00,22.825000762939453,22.825000762939453,22.825000762939453,22.825000762939453,22.825000762939453,571
2023-12-01 14:54:00+01:00,22.81999969482422,22.81999969482422,22.809999465942383,22.809999465942383,22.809999465942383,2406
2023-12-01 14:55:00+01:00,22.80500030517578,22.80500030517578,22.790000915527344,22.790000915527344,22.790000915527344,4393
2023-12-01 14:56:00+01:00,22.790000915527344,22.790000915527344,22.790000915527344,22.790000915527344,22.790000915527344,290
2023-12-01 14:58:00+01:00,22.78499984741211,22.78499984741211,22.780000686645508,22.780000686645508,22.780000686645508,1299
2023-12-01 14:59:00+01:00,22.774999618530273,22.790000915527344,22.774999618530273,22.790000915527344,22.790000915527344,2653
2023-12-01 15:00:00+01:00,22.790000915527344,22.799999237060547,22.790000915527344,22.799999237060547,22.799999237060547,1758
2023-12-01 15:01:00+01:00,22.795000076293945,22.799999237060547,22.795000076293945,22.799999237060547,22.799999237060547,1454
2023-12-01 15:02:00+01:00,22.795000076293945,22.795000076293945,22.795000076293945,22.795000076293945,22.795000076293945,163
2023-12-01 15:04:00+01:00,22.78499984741211,22.78499984741211,22.78499984741211,22.78499984741211,22.78499984741211,926
2023-12-01 15:05:00+01:00,22.790000915527344,22.790000915527344,22.790000915527344,22.790000915527344,22.790000915527344,565
2023-12-01 15:06:00+01:00,22.78499984741211,22.78499984741211,22.78499984741211,22.78499984741211,22.78499984741211,1465
2023-12-01 15:07:00+01:00,22.78499984741211,22.78499984741211,22.760000228881836,22.760000228881836,22.760000228881836,11474
2023-12-01 15:08:00+01:00,22.7549991607666,22.760000228881836,22.7549991607666,22.760000228881836,22.760000228881836,93
2023-12-01 15:09:00+01:00,22.7549991607666,22.7549991607666,22.7549991607666,22.7549991607666,22.7549991607666,15
2023-12-01 15:10:00+01:00,22.75,22.75,22.739999771118164,22.739999771118164,22.739999771118164,4325
2023-12-01 15:11:00+01:00,22.739999771118164,22.739999771118164,22.739999771118164,22.739999771118164,22.739999771118164,901
2023-12-01 15:13:00+01:00,22.735000610351562,22.735000610351562,22.735000610351562,22.735000610351562,22.735000610351562,995
2023-12-01 15:14:00+01:00,22.729999542236328,22.729999542236328,22.729999542236328,22.729999542236328,22.729999542236328,75
2023-12-01 15:15:00+01:00,22.735000610351562,22.75,22.735000610351562,22.75,22.75,5560
2023-12-01 15:16:00+01:00,22.7450008392334,22.764999389648438,22.7450008392334,22.7549991607666,22.7549991607666,3319
2023-12-01 15:17:00+01:00,22.75,22.7549991607666,22.75,22.75,22.75,1164
2023-12-01 15:18:00+01:00,22.75,22.75,22.7450008392334,22.75,22.75,432
2023-12-01 15:19:00+01:00,22.7549991607666,22.7549991607666,22.75,22.75,22.75,787
2023-12-01 15:20:00+01:00,22.7549991607666,22.7549991607666,22.7549991607666,22.7549991607666,22.7549991607666,245
2023-12-01 15:21:00+01:00,22.760000228881836,22.760000228881836,22.760000228881836,22.760000228881836,22.760000228881836,670
2023-12-01 15:22:00+01:00,22.760000228881836,22.760000228881836,22.760000228881836,22.760000228881836,22.760000228881836,166
2023-12-01 15:23:00+01:00,22.760000228881836,22.774999618530273,22.760000228881836,22.770000457763672,22.770000457763672,1033
2023-12-01 15:24:00+01:00,22.770000457763672,22.774999618530273,22.770000457763672,22.774999618530273,22.774999618530273,580
2023-12-01 15:25:00+01:00,22.780000686645508,22.795000076293945,22.774999618530273,22.795000076293945,22.795000076293945,6483
2023-12-01 15:26:00+01:00,22.799999237060547,22.80500030517578,22.795000076293945,22.80500030517578,22.80500030517578,500
2023-12-01 15:27:00+01:00,22.80500030517578,22.809999465942383,22.80500030517578,22.80500030517578,22.80500030517578,1972
2023-12-01 15:29:00+01:00,22.809999465942383,22.815000534057617,22.809999465942383,22.815000534057617,22.815000534057617,706
2023-12-01 15:30:00+01:00,22.809999465942383,22.809999465942383,22.80500030517578,22.80500030517578,22.80500030517578,1875
2023-12-01 15:31:00+01:00,22.799999237060547,22.799999237060547,22.795000076293945,22.795000076293945,22.795000076293945,1346
2023-12-01 15:32:00+01:00,22.799999237060547,22.80500030517578,22.799999237060547,22.80500030517578,22.80500030517578,295
2023-12-01 15:33:00+01:00,22.790000915527344,22.809999465942383,22.790000915527344,22.809999465942383,22.809999465942383,2195
2023-12-01 15:34:00+01:00,22.809999465942383,22.829999923706055,22.809999465942383,22.829999923706055,22.829999923706055,2434
2023-12-01 15:35:00+01:00,22.829999923706055,22.84000015258789,22.829999923706055,22.84000015258789,22.84000015258789,725
2023-12-01 15:36:00+01:00,22.834999084472656,22.84000015258789,22.834999084472656,22.84000015258789,22.84000015258789,323
2023-12-01 15:37:00+01:00,22.844999313354492,22.844999313354492,22.834999084472656,22.834999084472656,22.834999084472656,1133
2023-12-01 15:38:00+01:00,22.834999084472656,22.854999542236328,22.834999084472656,22.850000381469727,22.850000381469727,2623
2023-12-01 15:39:00+01:00,22.850000381469727,22.850000381469727,22.84000015258789,22.84000015258789,22.84000015258789,3287
2023-12-01 15:40:00+01:00,22.834999084472656,22.834999084472656,22.829999923706055,22.829999923706055,22.829999923706055,39
2023-12-01 15:41:00+01:00,22.829999923706055,22.84000015258789,22.829999923706055,22.84000015258789,22.84000015258789,172
2023-12-01 15:42:00+01:00,22.834999084472656,22.84000015258789,22.834999084472656,22.834999084472656,22.834999084472656,470
2023-12-01 15:43:00+01:00,22.834999084472656,22.834999084472656,22.825000762939453,22.829999923706055,22.829999923706055,16596
2023-12-01 15:44:00+01:00,22.829999923706055,22.829999923706055,22.825000762939453,22.829999923706055,22.829999923706055,9748
2023-12-01 15:45:00+01:00,22.829999923706055,22.84000015258789,22.829999923706055,22.84000015258789,22.84000015258789,4570
2023-12-01 15:46:00+01:00,22.834999084472656,22.834999084472656,22.825000762939453,22.825000762939453,22.825000762939453,1013
2023-12-01 15:47:00+01:00,22.834999084472656,22.844999313354492,22.834999084472656,22.84000015258789,22.84000015258789,1034
2023-12-01 15:48:00+01:00,22.834999084472656,22.834999084472656,22.834999084472656,22.834999084472656,22.834999084472656,334
2023-12-01 15:49:00+01:00,22.829999923706055,22.84000015258789,22.829999923706055,22.84000015258789,22.84000015258789,484
2023-12-01 15:50:00+01:00,22.84000015258789,22.84000015258789,22.84000015258789,22.84000015258789,22.84000015258789,293
2023-12-01 15:51:00+01:00,22.84000015258789,22.84000015258789,22.84000015258789,22.84000015258789,22.84000015258789,38
2023-12-01 15:52:00+01:00,22.84000015258789,22.84000015258789,22.834999084472656,22.834999084472656,22.834999084472656,2494
2023-12-01 15:53:00+01:00,22.84000015258789,22.844999313354492,22.84000015258789,22.84000015258789,22.84000015258789,1094
2023-12-01 15:54:00+01:00,22.834999084472656,22.84000015258789,22.834999084472656,22.84000015258789,22.84000015258789,614
2023-12-01 15:55:00+01:00,22.84000015258789,22.84000015258789,22.84000015258789,22.84000015258789,22.84000015258789,328
2023-12-01 15:56:00+01:00,22.834999084472656,22.864999771118164,22.834999084472656,22.860000610351562,22.860000610351562,25461
2023-12-01 15:57:00+01:00,22.860000610351562,22.864999771118164,22.860000610351562,22.864999771118164,22.864999771118164,363
2023-12-01 15:58:00+01:00,22.864999771118164,22.864999771118164,22.850000381469727,22.854999542236328,22.854999542236328,4380
2023-12-01 15:59:00+01:00,22.850000381469727,22.860000610351562,22.850000381469727,22.860000610351562,22.860000610351562,415
2023-12-01 16:00:00+01:00,22.860000610351562,22.864999771118164,22.854999542236328,22.854999542236328,22.854999542236328,5085
2023-12-01 16:01:00+01:00,22.860000610351562,22.8700008392334,22.860000610351562,22.8700008392334,22.8700008392334,1411
2023-12-01 16:02:00+01:00,22.8700008392334,22.885000228881836,22.8700008392334,22.885000228881836,22.885000228881836,2170
2023-12-01 16:03:00+01:00,22.889999389648438,22.889999389648438,22.8799991607666,22.8799991607666,22.8799991607666,3706
2023-12-01 16:04:00+01:00,22.889999389648438,22.895000457763672,22.885000228881836,22.889999389648438,22.889999389648438,4900
2023-12-01 16:05:00+01:00,22.885000228881836,22.889999389648438,22.8799991607666,22.8799991607666,22.8799991607666,552
2023-12-01 16:06:00+01:00,22.889999389648438,22.895000457763672,22.885000228881836,22.889999389648438,22.889999389648438,3450
2023-12-01 16:07:00+01:00,22.885000228881836,22.889999389648438,22.885000228881836,22.889999389648438,22.889999389648438,801
2023-12-01 16:08:00+01:00,22.895000457763672,22.90999984741211,22.895000457763672,22.899999618530273,22.899999618530273,12998
2023-12-01 16:09:00+01:00,22.899999618530273,22.920000076293945,22.899999618530273,22.920000076293945,22.920000076293945,2893
2023-12-01 16:10:00+01:00,22.924999237060547,22.93000030517578,22.920000076293945,22.920000076293945,22.920000076293945,1882
2023-12-01 16:11:00+01:00,22.93000030517578,22.93000030517578,22.924999237060547,22.924999237060547,22.924999237060547,612
2023-12-01 16:12:00+01:00,22.93000030517578,22.93000030517578,22.924999237060547,22.924999237060547,22.924999237060547,44
2023-12-01 16:13:00+01:00,22.924999237060547,22.924999237060547,22.924999237060547,22.924999237060547,22.924999237060547,2273
2023-12-01 16:14:00+01:00,22.924999237060547,22.924999237060547,22.920000076293945,22.920000076293945,22.920000076293945,468
2023-12-01 16:15:00+01:00,22.920000076293945,22.93000030517578,22.920000076293945,22.93000030517578,22.93000030517578,2996
2023-12-01 16:16:00+01:00,22.924999237060547,22.924999237060547,22.920000076293945,22.920000076293945,22.920000076293945,1336
2023-12-01 16:17:00+01:00,22.93000030517578,22.93000030517578,22.915000915527344,22.915000915527344,22.915000915527344,4918
2023-12-01 16:18:00+01:00,22.920000076293945,22.93000030517578,22.920000076293945,22.93000030517578,22.93000030517578,18480
2023-12-01 16:19:00+01:00,22.93000030517578,22.940000534057617,22.924999237060547,22.940000534057617,22.940000534057617,34634
2023-12-01 16:20:00+01:00,22.94499969482422,22.950000762939453,22.94499969482422,22.950000762939453,22.950000762939453,4753
2023-12-01 16:21:00+01:00,22.954999923706055,22.954999923706055,22.950000762939453,22.950000762939453,22.950000762939453,2811
2023-12-01 16:22:00+01:00,22.954999923706055,22.954999923706055,22.950000762939453,22.950000762939453,22.950000762939453,917
2023-12-01 16:23:00+01:00,22.959999084472656,22.96500015258789,22.959999084472656,22.96500015258789,22.96500015258789,2575
2023-12-01 16:24:00+01:00,22.96500015258789,22.975000381469727,22.96500015258789,22.969999313354492,22.969999313354492,2980
2023-12-01 16:25:00+01:00,22.96500015258789,22.969999313354492,22.959999084472656,22.959999084472656,22.959999084472656,2858
2023-12-01 16:26:00+01:00,22.954999923706055,22.954999923706055,22.954999923706055,22.954999923706055,22.954999923706055,1827
2023-12-01 16:27:00+01:00,22.959999084472656,22.959999084472656,22.959999084472656,22.959999084472656,22.959999084472656,666
2023-12-01 16:28:00+01:00,22.96500015258789,22.96500015258789,22.950000762939453,22.950000762939453,22.950000762939453,873
2023-12-01 16:29:00+01:00,22.959999084472656,22.959999084472656,22.954999923706055,22.954999923706055,22.954999923706055,433
2023-12-01 16:30:00+01:00,22.954999923706055,22.959999084472656,22.950000762939453,22.950000762939453,22.950000762939453,3862
2023-12-01 16:31:00+01:00,22.950000762939453,22.96500015258789,22.950000762939453,22.96500015258789,22.96500015258789,2020
2023-12-01 16:32:00+01:00,22.969999313354492,22.969999313354492,22.969999313354492,22.969999313354492,22.969999313354492,14103
2023-12-01 16:33:00+01:00,22.96500015258789,22.969999313354492,22.959999084472656,22.96500015258789,22.96500015258789,2602
2023-12-01 16:34:00+01:00,22.959999084472656,22.959999084472656,22.954999923706055,22.954999923706055,22.954999923706055,689
2023-12-01 16:35:00+01:00,22.954999923706055,22.959999084472656,22.954999923706055,22.959999084472656,22.959999084472656,4700
2023-12-01 16:36:00+01:00,22.959999084472656,22.959999084472656,22.954999923706055,22.954999923706055,22.954999923706055,3832
2023-12-01 16:37:00+01:00,22.950000762939453,22.954999923706055,22.950000762939453,22.954999923706055,22.954999923706055,1822
2023-12-01 16:38:00+01:00,22.950000762939453,22.950000762939453,22.94499969482422,22.94499969482422,22.94499969482422,2597
2023-12-01 16:40:00+01:00,22.950000762939453,22.950000762939453,22.940000534057617,22.94499969482422,22.94499969482422,5932
2023-12-01 16:42:00+01:00,22.940000534057617,22.940000534057617,22.940000534057617,22.940000534057617,22.940000534057617,5
2023-12-01 16:44:00+01:00,22.940000534057617,22.940000534057617,22.940000534057617,22.940000534057617,22.940000534057617,1636
2023-12-01 16:45:00+01:00,22.940000534057617,22.940000534057617,22.934999465942383,22.934999465942383,22.934999465942383,2247
2023-12-01 16:46:00+01:00,22.934999465942383,22.94499969482422,22.934999465942383,22.94499969482422,22.94499969482422,3306
2023-12-01 16:47:00+01:00,22.940000534057617,22.940000534057617,22.940000534057617,22.940000534057617,22.940000534057617,1623
2023-12-01 16:48:00+01:00,22.934999465942383,22.934999465942383,22.934999465942383,22.934999465942383,22.934999465942383,2219
2023-12-01 16:49:00+01:00,22.93000030517578,22.940000534057617,22.93000030517578,22.940000534057617,22.940000534057617,5525
2023-12-01 16:50:00+01:00,22.934999465942383,22.934999465942383,22.93000030517578,22.93000030517578,22.93000030517578,2360
2023-12-01 16:51:00+01:00,22.934999465942383,22.934999465942383,22.93000030517578,22.934999465942383,22.934999465942383,4192
2023-12-01 16:52:00+01:00,22.934999465942383,22.934999465942383,22.924999237060547,22.924999237060547,22.924999237060547,1664
2023-12-01 16:53:00+01:00,22.920000076293945,22.93000030517578,22.920000076293945,22.93000030517578,22.93000030517578,131
2023-12-01 16:54:00+01:00,22.924999237060547,22.93000030517578,22.924999237060547,22.93000030517578,22.93000030517578,3502
2023-12-01 16:55:00+01:00,22.93000030517578,22.93000030517578,22.924999237060547,22.93000030517578,22.93000030517578,2759
2023-12-01 16:56:00+01:00,22.93000030517578,22.93000030517578,22.93000030517578,22.93000030517578,22.93000030517578,571
2023-12-01 16:57:00+01:00,22.924999237060547,22.924999237060547,22.905000686645508,22.924999237060547,22.924999237060547,22659
2023-12-01 16:58:00+01:00,22.924999237060547,22.924999237060547,22.924999237060547,22.924999237060547,22.924999237060547,913
2023-12-01 16:59:00+01:00,22.920000076293945,22.924999237060547,22.915000915527344,22.920000076293945,22.920000076293945,4911
2023-12-01 17:00:00+01:00,22.920000076293945,22.920000076293945,22.905000686645508,22.905000686645508,22.905000686645508,7847
2023-12-01 17:01:00+01:00,22.899999618530273,22.905000686645508,22.895000457763672,22.895000457763672,22.895000457763672,5497
2023-12-01 17:02:00+01:00,22.899999618530273,22.915000915527344,22.899999618530273,22.915000915527344,22.915000915527344,4076
2023-12-01 17:03:00+01:00,22.915000915527344,22.915000915527344,22.905000686645508,22.905000686645508,22.905000686645508,2378
2023-12-01 17:04:00+01:00,22.899999618530273,22.905000686645508,22.899999618530273,22.905000686645508,22.905000686645508,761
2023-12-01 17:05:00+01:00,22.915000915527344,22.915000915527344,22.895000457763672,22.895000457763672,22.895000457763672,5536
2023-12-01 17:06:00+01:00,22.899999618530273,22.90999984741211,22.899999618530273,22.90999984741211,22.90999984741211,1139
2023-12-01 17:07:00+01:00,22.915000915527344,22.93000030517578,22.915000915527344,22.924999237060547,22.924999237060547,1903
2023-12-01 17:08:00+01:00,22.920000076293945,22.940000534057617,22.920000076293945,22.940000534057617,22.940000534057617,5133
2023-12-01 17:09:00+01:00,22.940000534057617,22.940000534057617,22.934999465942383,22.940000534057617,22.940000534057617,14253
2023-12-01 17:10:00+01:00,22.940000534057617,22.940000534057617,22.934999465942383,22.934999465942383,22.934999465942383,1330
2023-12-01 17:11:00+01:00,22.940000534057617,22.954999923706055,22.940000534057617,22.954999923706055,22.954999923706055,14404
2023-12-01 17:12:00+01:00,22.954999923706055,22.954999923706055,22.950000762939453,22.954999923706055,22.954999923706055,6761
2023-12-01 17:13:00+01:00,22.954999923706055,22.954999923706055,22.954999923706055,22.954999923706055,22.954999923706055,1405
2023-12-01 17:14:00+01:00,22.959999084472656,22.959999084472656,22.954999923706055,22.959999084472656,22.959999084472656,4898
2023-12-01 17:15:00+01:00,22.954999923706055,22.954999923706055,22.954999923706055,22.954999923706055,22.954999923706055,384
2023-12-01 17:16:00+01:00,22.954999923706055,22.959999084472656,22.954999923706055,22.954999923706055,22.954999923706055,3081
2023-12-01 17:17:00+01:00,22.959999084472656,22.959999084472656,22.954999923706055,22.959999084472656,22.959999084472656,2543
2023-12-01 17:18:00+01:00,22.959999084472656,22.96500015258789,22.959999084472656,22.96500015258789,22.96500015258789,2151
2023-12-01 17:19:00+01:00,22.96500015258789,22.96500015258789,22.950000762939453,22.954999923706055,22.954999923706055,13638
2023-12-01 17:20:00+01:00,22.959999084472656,22.959999084472656,22.959999084472656,22.959999084472656,22.959999084472656,2652
2023-12-01 17:21:00+01:00,22.959999084472656,22.959999084472656,22.954999923706055,22.954999923706055,22.954999923706055,6539
2023-12-01 17:22:00+01:00,22.954999923706055,22.969999313354492,22.954999923706055,22.959999084472656,22.959999084472656,17782
2023-12-01 17:23:00+01:00,22.959999084472656,22.959999084472656,22.959999084472656,22.959999084472656,22.959999084472656,2929
2023-12-01 17:24:00+01:00,22.959999084472656,22.975000381469727,22.959999084472656,22.975000381469727,22.975000381469727,2178
2023-12-01 17:25:00+01:00,22.975000381469727,22.975000381469727,22.969999313354492,22.975000381469727,22.975000381469727,2960
2023-12-01 17:26:00+01:00,22.969999313354492,22.969999313354492,22.969999313354492,22.969999313354492,22.969999313354492,1225
2023-12-01 17:27:00+01:00,22.975000381469727,22.979999542236328,22.975000381469727,22.979999542236328,22.979999542236328,6995
2023-12-01 17:28:00+01:00,22.979999542236328,22.989999771118164,22.979999542236328,22.985000610351562,22.985000610351562,22945
2023-12-01 17:29:00+01:00,22.979999542236328,22.985000610351562,22.959999084472656,22.959999084472656,22.959999084472656,13111
