Date,Open,High,Low,Close,Adj Close,Volume
2024-01-11 00:00:00+00:00,0.0925976037979126,0.0925976037979126,0.0925976037979126,0.0925976037979126,0.0925976037979126,0
2024-01-11 00:01:00+00:00,0.09264474362134933,0.09264474362134933,0.09264474362134933,0.09264474362134933,0.09264474362134933,46801
2024-01-11 00:02:00+00:00,0.09268957376480103,0.09268957376480103,0.09268957376480103,0.09268957376480103,0.09268957376480103,17352
2024-01-11 00:03:00+00:00,0.09262493252754211,0.09262493252754211,0.09262493252754211,0.09262493252754211,0.09262493252754211,14465
2024-01-11 00:04:00+00:00,0.09230078756809235,0.09230078756809235,0.09230078756809235,0.09230078756809235,0.09230078756809235,0
2024-01-11 00:05:00+00:00,0.09230078756809235,0.09230078756809235,0.09230078756809235,0.09230078756809235,0.09230078756809235,3294
2024-01-11 00:06:00+00:00,0.09233096241950989,0.09233096241950989,0.09233096241950989,0.09233096241950989,0.09233096241950989,0
2024-01-11 00:07:00+00:00,0.09234599769115448,0.09234599769115448,0.09234599769115448,0.09234599769115448,0.09234599769115448,26054
2024-01-11 00:08:00+00:00,0.09236214309930801,0.09236214309930801,0.09236214309930801,0.09236214309930801,0.09236214309930801,0
2024-01-11 00:09:00+00:00,0.09236595779657364,0.09236595779657364,0.09236595779657364,0.09236595779657364,0.09236595779657364,7574
2024-01-11 00:10:00+00:00,0.09226663410663605,0.09226663410663605,0.09226663410663605,0.09226663410663605,0.09226663410663605,2810
2024-01-11 00:11:00+00:00,0.09225231409072876,0.09225231409072876,0.09225231409072876,0.09225231409072876,0.09225231409072876,0
2024-01-11 00:12:00+00:00,0.09225603938102722,0.09225603938102722,0.09225603938102722,0.09225603938102722,0.09225603938102722,4174
2024-01-11 00:13:00+00:00,0.09214001893997192,0.09214001893997192,0.09214001893997192,0.09214001893997192,0.09214001893997192,0
2024-01-11 00:14:00+00:00,0.09219378978013992,0.09219378978013992,0.09219378978013992,0.09219378978013992,0.09219378978013992,1034
2024-01-11 00:15:00+00:00,0.09219378978013992,0.09219378978013992,0.09219378978013992,0.09219378978013992,0.09219378978013992,6955
2024-01-11 00:16:00+00:00,0.09220826625823975,0.09220826625823975,0.09220826625823975,0.09220826625823975,0.09220826625823975,179010
2024-01-11 00:17:00+00:00,0.09233973175287247,0.09233973175287247,0.09233973175287247,0.09233973175287247,0.09233973175287247,0
2024-01-11 00:18:00+00:00,0.09229552745819092,0.09229552745819092,0.09229552745819092,0.09229552745819092,0.09229552745819092,6300
2024-01-11 00:19:00+00:00,0.09242244064807892,0.09242244064807892,0.09242244064807892,0.09242244064807892,0.09242244064807892,11501
2024-01-11 00:20:00+00:00,0.09240162372589111,0.09240162372589111,0.09240162372589111,0.09240162372589111,0.09240162372589111,12163
2024-01-11 00:21:00+00:00,0.09233900904655457,0.09233900904655457,0.09233900904655457,0.09233900904655457,0.09233900904655457,702
2024-01-11 00:22:00+00:00,0.09233900904655457,0.09233900904655457,0.09233900904655457,0.09233900904655457,0.09233900904655457,14160
2024-01-11 00:23:00+00:00,0.09228934347629547,0.09228934347629547,0.09228934347629547,0.09228934347629547,0.09228934347629547,0
2024-01-11 00:24:00+00:00,0.09229231625795364,0.09229231625795364,0.09229231625795364,0.09229231625795364,0.09229231625795364,0
2024-01-11 00:25:00+00:00,0.09229718148708344,0.09229718148708344,0.09229718148708344,0.09229718148708344,0.09229718148708344,11438
2024-01-11 00:26:00+00:00,0.0922861248254776,0.0922861248254776,0.0922861248254776,0.0922861248254776,0.0922861248254776,512
2024-01-11 00:28:00+00:00,0.09226416796445847,0.09226416796445847,0.09226416796445847,0.09226416796445847,0.09226416796445847,12067
2024-01-11 00:29:00+00:00,0.09231899678707123,0.09231899678707123,0.09231899678707123,0.09231899678707123,0.09231899678707123,0
2024-01-11 00:30:00+00:00,0.0922907367348671,0.0922907367348671,0.0922907367348671,0.0922907367348671,0.0922907367348671,0
2024-01-11 00:31:00+00:00,0.09222645312547684,0.09222645312547684,0.09222645312547684,0.09222645312547684,0.09222645312547684,3923
2024-01-11 00:32:00+00:00,0.09225474298000336,0.09225474298000336,0.09225474298000336,0.09225474298000336,0.09225474298000336,5003
2024-01-11 00:33:00+00:00,0.09235315769910812,0.09235315769910812,0.09235315769910812,0.09235315769910812,0.09235315769910812,1480
2024-01-11 00:34:00+00:00,0.09252160787582397,0.09252160787582397,0.09252160787582397,0.09252160787582397,0.09252160787582397,41094
2024-01-11 00:35:00+00:00,0.09255678951740265,0.09255678951740265,0.09255678951740265,0.09255678951740265,0.09255678951740265,646
2024-01-11 00:36:00+00:00,0.09255678951740265,0.09255678951740265,0.09255678951740265,0.09255678951740265,0.09255678951740265,121
2024-01-11 00:37:00+00:00,0.09254752844572067,0.09254752844572067,0.09254752844572067,0.09254752844572067,0.09254752844572067,0
2024-01-11 00:38:00+00:00,0.09253855049610138,0.09253855049610138,0.09253855049610138,0.09253855049610138,0.09253855049610138,0
2024-01-11 00:39:00+00:00,0.09257809072732925,0.09257809072732925,0.09257809072732925,0.09257809072732925,0.09257809072732925,0
2024-01-11 00:40:00+00:00,0.0927344411611557,0.0927344411611557,0.0927344411611557,0.0927344411611557,0.0927344411611557,7208
2024-01-11 00:41:00+00:00,0.09276603907346725,0.09276603907346725,0.09276603907346725,0.09276603907346725,0.09276603907346725,49762
2024-01-11 00:42:00+00:00,0.09273776412010193,0.09273776412010193,0.09273776412010193,0.09273776412010193,0.09273776412010193,350
2024-01-11 00:43:00+00:00,0.09265049546957016,0.09265049546957016,0.09265049546957016,0.09265049546957016,0.09265049546957016,0
2024-01-11 00:44:00+00:00,0.0926554799079895,0.0926554799079895,0.0926554799079895,0.0926554799079895,0.0926554799079895,0
2024-01-11 00:45:00+00:00,0.09266095608472824,0.09266095608472824,0.09266095608472824,0.09266095608472824,0.09266095608472824,1395
2024-01-11 00:46:00+00:00,0.09264341741800308,0.09264341741800308,0.09264341741800308,0.09264341741800308,0.09264341741800308,0
2024-01-11 00:47:00+00:00,0.09262504428625107,0.09262504428625107,0.09262504428625107,0.09262504428625107,0.09262504428625107,206
2024-01-11 00:48:00+00:00,0.0926465168595314,0.0926465168595314,0.0926465168595314,0.0926465168595314,0.0926465168595314,0
2024-01-11 00:49:00+00:00,0.0925397127866745,0.0925397127866745,0.0925397127866745,0.0925397127866745,0.0925397127866745,0
2024-01-11 00:50:00+00:00,0.09253552556037903,0.09253552556037903,0.09253552556037903,0.09253552556037903,0.09253552556037903,62
2024-01-11 00:51:00+00:00,0.09254802763462067,0.09254802763462067,0.09254802763462067,0.09254802763462067,0.09254802763462067,0
2024-01-11 00:52:00+00:00,0.09259587526321411,0.09259587526321411,0.09259587526321411,0.09259587526321411,0.09259587526321411,13573
2024-01-11 00:53:00+00:00,0.09265503287315369,0.09265503287315369,0.09265503287315369,0.09265503287315369,0.09265503287315369,360
2024-01-11 00:54:00+00:00,0.09268508851528168,0.09268508851528168,0.09268508851528168,0.09268508851528168,0.09268508851528168,2787
2024-01-11 00:55:00+00:00,0.09273876249790192,0.09273876249790192,0.09273876249790192,0.09273876249790192,0.09273876249790192,17360
2024-01-11 00:56:00+00:00,0.09271061420440674,0.09271061420440674,0.09271061420440674,0.09271061420440674,0.09271061420440674,0
2024-01-11 00:57:00+00:00,0.09273307770490646,0.09273307770490646,0.09273307770490646,0.09273307770490646,0.09273307770490646,4258
2024-01-11 00:58:00+00:00,0.09277021884918213,0.09277021884918213,0.09277021884918213,0.09277021884918213,0.09277021884918213,2647
2024-01-11 00:59:00+00:00,0.09280887991189957,0.09280887991189957,0.09280887991189957,0.09280887991189957,0.09280887991189957,4311
2024-01-11 01:00:00+00:00,0.09278181195259094,0.09278181195259094,0.09278181195259094,0.09278181195259094,0.09278181195259094,17229
2024-01-11 01:01:00+00:00,0.09279072284698486,0.09279072284698486,0.09279072284698486,0.09279072284698486,0.09279072284698486,10251
2024-01-11 01:02:00+00:00,0.09277457743883133,0.09277457743883133,0.09277457743883133,0.09277457743883133,0.09277457743883133,2061
2024-01-11 01:03:00+00:00,0.09274064749479294,0.09274064749479294,0.09274064749479294,0.09274064749479294,0.09274064749479294,0
2024-01-11 01:04:00+00:00,0.09268759936094284,0.09268759936094284,0.09268759936094284,0.09268759936094284,0.09268759936094284,0
2024-01-11 01:05:00+00:00,0.09265735000371933,0.09265735000371933,0.09265735000371933,0.09265735000371933,0.09265735000371933,0
2024-01-11 01:06:00+00:00,0.0926767960190773,0.0926767960190773,0.0926767960190773,0.0926767960190773,0.0926767960190773,0
2024-01-11 01:07:00+00:00,0.0926700234413147,0.0926700234413147,0.0926700234413147,0.0926700234413147,0.0926700234413147,0
2024-01-11 01:08:00+00:00,0.09239455312490463,0.09239455312490463,0.09239455312490463,0.09239455312490463,0.09239455312490463,0
2024-01-11 01:09:00+00:00,0.09235202521085739,0.09235202521085739,0.09235202521085739,0.09235202521085739,0.09235202521085739,0
2024-01-11 01:10:00+00:00,0.09210729598999023,0.09210729598999023,0.09210729598999023,0.09210729598999023,0.09210729598999023,0
2024-01-11 01:11:00+00:00,0.09210141748189926,0.09210141748189926,0.09210141748189926,0.09210141748189926,0.09210141748189926,0
2024-01-11 01:12:00+00:00,0.09210633486509323,0.09210633486509323,0.09210633486509323,0.09210633486509323,0.09210633486509323,3401
2024-01-11 01:13:00+00:00,0.09222137928009033,0.09222137928009033,0.09222137928009033,0.09222137928009033,0.09222137928009033,33386
2024-01-11 01:14:00+00:00,0.09226289391517639,0.09226289391517639,0.09226289391517639,0.09226289391517639,0.09226289391517639,0
2024-01-11 01:15:00+00:00,0.09228383004665375,0.09228383004665375,0.09228383004665375,0.09228383004665375,0.09228383004665375,2838
2024-01-11 01:16:00+00:00,0.09238269925117493,0.09238269925117493,0.09238269925117493,0.09238269925117493,0.09238269925117493,36702
2024-01-11 01:17:00+00:00,0.09252112358808517,0.09252112358808517,0.09252112358808517,0.09252112358808517,0.09252112358808517,11886
2024-01-11 01:18:00+00:00,0.09252112358808517,0.09252112358808517,0.09252112358808517,0.09252112358808517,0.09252112358808517,380
2024-01-11 01:19:00+00:00,0.0925450548529625,0.0925450548529625,0.0925450548529625,0.0925450548529625,0.0925450548529625,0
2024-01-11 01:20:00+00:00,0.09255851805210114,0.09255851805210114,0.09255851805210114,0.09255851805210114,0.09255851805210114,1441
2024-01-11 01:21:00+00:00,0.09254535287618637,0.09254535287618637,0.09254535287618637,0.09254535287618637,0.09254535287618637,592
2024-01-11 01:22:00+00:00,0.09250771254301071,0.09250771254301071,0.09250771254301071,0.09250771254301071,0.09250771254301071,0
2024-01-11 01:23:00+00:00,0.09250237047672272,0.09250237047672272,0.09250237047672272,0.09250237047672272,0.09250237047672272,2025
2024-01-11 01:24:00+00:00,0.09252618998289108,0.09252618998289108,0.09252618998289108,0.09252618998289108,0.09252618998289108,1207
2024-01-11 01:25:00+00:00,0.0925925076007843,0.0925925076007843,0.0925925076007843,0.0925925076007843,0.0925925076007843,23657
2024-01-11 01:26:00+00:00,0.09263090044260025,0.09263090044260025,0.09263090044260025,0.09263090044260025,0.09263090044260025,215
2024-01-11 01:27:00+00:00,0.09266627579927444,0.09266627579927444,0.09266627579927444,0.09266627579927444,0.09266627579927444,2625
2024-01-11 01:28:00+00:00,0.09272188693284988,0.09272188693284988,0.09272188693284988,0.09272188693284988,0.09272188693284988,18500
2024-01-11 01:29:00+00:00,0.09273942559957504,0.09273942559957504,0.09273942559957504,0.09273942559957504,0.09273942559957504,0
2024-01-11 01:30:00+00:00,0.0927458330988884,0.0927458330988884,0.0927458330988884,0.0927458330988884,0.0927458330988884,4117
2024-01-11 01:31:00+00:00,0.0928463265299797,0.0928463265299797,0.0928463265299797,0.0928463265299797,0.0928463265299797,19785
2024-01-11 01:32:00+00:00,0.09284358471632004,0.09284358471632004,0.09284358471632004,0.09284358471632004,0.09284358471632004,0
2024-01-11 01:33:00+00:00,0.0928318202495575,0.0928318202495575,0.0928318202495575,0.0928318202495575,0.0928318202495575,4841
2024-01-11 01:34:00+00:00,0.09279616177082062,0.09279616177082062,0.09279616177082062,0.09279616177082062,0.09279616177082062,0
2024-01-11 01:35:00+00:00,0.09265752881765366,0.09265752881765366,0.09265752881765366,0.09265752881765366,0.09265752881765366,0
2024-01-11 01:36:00+00:00,0.09265977144241333,0.09265977144241333,0.09265977144241333,0.09265977144241333,0.09265977144241333,0
2024-01-11 01:37:00+00:00,0.09265419095754623,0.09265419095754623,0.09265419095754623,0.09265419095754623,0.09265419095754623,0
2024-01-11 01:38:00+00:00,0.0926242247223854,0.0926242247223854,0.0926242247223854,0.0926242247223854,0.0926242247223854,15988
2024-01-11 01:39:00+00:00,0.09263379871845245,0.09263379871845245,0.09263379871845245,0.09263379871845245,0.09263379871845245,134
2024-01-11 01:40:00+00:00,0.09259551763534546,0.09259551763534546,0.09259551763534546,0.09259551763534546,0.09259551763534546,19401
2024-01-11 01:41:00+00:00,0.09259145706892014,0.09259145706892014,0.09259145706892014,0.09259145706892014,0.09259145706892014,331
2024-01-11 01:42:00+00:00,0.09258925914764404,0.09258925914764404,0.09258925914764404,0.09258925914764404,0.09258925914764404,12952
2024-01-11 01:43:00+00:00,0.09259214997291565,0.09259214997291565,0.09259214997291565,0.09259214997291565,0.09259214997291565,0
2024-01-11 01:44:00+00:00,0.09262507408857346,0.09262507408857346,0.09262507408857346,0.09262507408857346,0.09262507408857346,0
2024-01-11 01:45:00+00:00,0.09262745827436447,0.09262745827436447,0.09262745827436447,0.09262745827436447,0.09262745827436447,10495
2024-01-11 01:46:00+00:00,0.09258244931697845,0.09258244931697845,0.09258244931697845,0.09258244931697845,0.09258244931697845,25611
2024-01-11 01:47:00+00:00,0.09255029261112213,0.09255029261112213,0.09255029261112213,0.09255029261112213,0.09255029261112213,14300
2024-01-11 01:48:00+00:00,0.09266836941242218,0.09266836941242218,0.09266836941242218,0.09266836941242218,0.09266836941242218,4600
2024-01-11 01:49:00+00:00,0.09258875995874405,0.09258875995874405,0.09258875995874405,0.09258875995874405,0.09258875995874405,37909
2024-01-11 01:50:00+00:00,0.09258211404085159,0.09258211404085159,0.09258211404085159,0.09258211404085159,0.09258211404085159,854
2024-01-11 01:51:00+00:00,0.09260260313749313,0.09260260313749313,0.09260260313749313,0.09260260313749313,0.09260260313749313,0
2024-01-11 01:52:00+00:00,0.09261982887983322,0.09261982887983322,0.09261982887983322,0.09261982887983322,0.09261982887983322,8185
2024-01-11 01:53:00+00:00,0.09257838129997253,0.09257838129997253,0.09257838129997253,0.09257838129997253,0.09257838129997253,10687
2024-01-11 01:54:00+00:00,0.09258042275905609,0.09258042275905609,0.09258042275905609,0.09258042275905609,0.09258042275905609,5392
2024-01-11 01:55:00+00:00,0.09252666682004929,0.09252666682004929,0.09252666682004929,0.09252666682004929,0.09252666682004929,0
2024-01-11 01:56:00+00:00,0.09246907383203506,0.09246907383203506,0.09246907383203506,0.09246907383203506,0.09246907383203506,0
2024-01-11 01:57:00+00:00,0.09247731417417526,0.09247731417417526,0.09247731417417526,0.09247731417417526,0.09247731417417526,3728
2024-01-11 01:58:00+00:00,0.09247731417417526,0.09247731417417526,0.09247731417417526,0.09247731417417526,0.09247731417417526,1877
2024-01-11 01:59:00+00:00,0.09243472665548325,0.09243472665548325,0.09243472665548325,0.09243472665548325,0.09243472665548325,2245
2024-01-11 02:01:00+00:00,0.09239695221185684,0.09239695221185684,0.09239695221185684,0.09239695221185684,0.09239695221185684,0
2024-01-11 02:02:00+00:00,0.09237056970596313,0.09237056970596313,0.09237056970596313,0.09237056970596313,0.09237056970596313,0
2024-01-11 02:03:00+00:00,0.09238607436418533,0.09238607436418533,0.09238607436418533,0.09238607436418533,0.09238607436418533,0
2024-01-11 02:04:00+00:00,0.0923781618475914,0.0923781618475914,0.0923781618475914,0.0923781618475914,0.0923781618475914,6628
2024-01-11 02:05:00+00:00,0.09236239641904831,0.09236239641904831,0.09236239641904831,0.09236239641904831,0.09236239641904831,12445
2024-01-11 02:06:00+00:00,0.0923449844121933,0.0923449844121933,0.0923449844121933,0.0923449844121933,0.0923449844121933,8213
2024-01-11 02:07:00+00:00,0.0923936665058136,0.0923936665058136,0.0923936665058136,0.0923936665058136,0.0923936665058136,7769
2024-01-11 02:08:00+00:00,0.09238579124212265,0.09238579124212265,0.09238579124212265,0.09238579124212265,0.09238579124212265,2210
2024-01-11 02:09:00+00:00,0.09238048642873764,0.09238048642873764,0.09238048642873764,0.09238048642873764,0.09238048642873764,473
2024-01-11 02:10:00+00:00,0.09240572899580002,0.09240572899580002,0.09240572899580002,0.09240572899580002,0.09240572899580002,1647
2024-01-11 02:11:00+00:00,0.0924132838845253,0.0924132838845253,0.0924132838845253,0.0924132838845253,0.0924132838845253,9060
2024-01-11 02:12:00+00:00,0.09239738434553146,0.09239738434553146,0.09239738434553146,0.09239738434553146,0.09239738434553146,0
2024-01-11 02:13:00+00:00,0.0923459455370903,0.0923459455370903,0.0923459455370903,0.0923459455370903,0.0923459455370903,0
2024-01-11 02:14:00+00:00,0.09234776347875595,0.09234776347875595,0.09234776347875595,0.09234776347875595,0.09234776347875595,8
2024-01-11 02:15:00+00:00,0.09233557432889938,0.09233557432889938,0.09233557432889938,0.09233557432889938,0.09233557432889938,1487
2024-01-11 02:16:00+00:00,0.09235455095767975,0.09235455095767975,0.09235455095767975,0.09235455095767975,0.09235455095767975,8782
2024-01-11 02:17:00+00:00,0.09237636625766754,0.09237636625766754,0.09237636625766754,0.09237636625766754,0.09237636625766754,4543
2024-01-11 02:18:00+00:00,0.09239768236875534,0.09239768236875534,0.09239768236875534,0.09239768236875534,0.09239768236875534,0
2024-01-11 02:19:00+00:00,0.09241437911987305,0.09241437911987305,0.09241437911987305,0.09241437911987305,0.09241437911987305,23251
2024-01-11 02:20:00+00:00,0.09244724363088608,0.09244724363088608,0.09244724363088608,0.09244724363088608,0.09244724363088608,165
2024-01-11 02:21:00+00:00,0.0924534946680069,0.0924534946680069,0.0924534946680069,0.0924534946680069,0.0924534946680069,2084
2024-01-11 02:22:00+00:00,0.09239932149648666,0.09239932149648666,0.09239932149648666,0.09239932149648666,0.09239932149648666,0
2024-01-11 02:23:00+00:00,0.09239216148853302,0.09239216148853302,0.09239216148853302,0.09239216148853302,0.09239216148853302,2097
2024-01-11 02:24:00+00:00,0.09239216148853302,0.09239216148853302,0.09239216148853302,0.09239216148853302,0.09239216148853302,0
2024-01-11 02:25:00+00:00,0.09241540729999542,0.09241540729999542,0.09241540729999542,0.09241540729999542,0.09241540729999542,0
2024-01-11 02:26:00+00:00,0.09241889417171478,0.09241889417171478,0.09241889417171478,0.09241889417171478,0.09241889417171478,806
2024-01-11 02:27:00+00:00,0.09240452200174332,0.09240452200174332,0.09240452200174332,0.09240452200174332,0.09240452200174332,4355
2024-01-11 02:28:00+00:00,0.09241651743650436,0.09241651743650436,0.09241651743650436,0.09241651743650436,0.09241651743650436,0
2024-01-11 02:29:00+00:00,0.09243744611740112,0.09243744611740112,0.09243744611740112,0.09243744611740112,0.09243744611740112,0
2024-01-11 02:30:00+00:00,0.09243898838758469,0.09243898838758469,0.09243898838758469,0.09243898838758469,0.09243898838758469,1090
2024-01-11 02:31:00+00:00,0.09242726117372513,0.09242726117372513,0.09242726117372513,0.09242726117372513,0.09242726117372513,4930
2024-01-11 02:32:00+00:00,0.0924382135272026,0.0924382135272026,0.0924382135272026,0.0924382135272026,0.0924382135272026,0
2024-01-11 02:33:00+00:00,0.09244395047426224,0.09244395047426224,0.09244395047426224,0.09244395047426224,0.09244395047426224,0
2024-01-11 02:34:00+00:00,0.09248274564743042,0.09248274564743042,0.09248274564743042,0.09248274564743042,0.09248274564743042,12414
2024-01-11 02:35:00+00:00,0.09251578152179718,0.09251578152179718,0.09251578152179718,0.09251578152179718,0.09251578152179718,798
2024-01-11 02:36:00+00:00,0.09251317381858826,0.09251317381858826,0.09251317381858826,0.09251317381858826,0.09251317381858826,4018
2024-01-11 02:37:00+00:00,0.09251482039690018,0.09251482039690018,0.09251482039690018,0.09251482039690018,0.09251482039690018,0
2024-01-11 02:38:00+00:00,0.09248454123735428,0.09248454123735428,0.09248454123735428,0.09248454123735428,0.09248454123735428,195
2024-01-11 02:39:00+00:00,0.0924607589840889,0.0924607589840889,0.0924607589840889,0.0924607589840889,0.0924607589840889,0
2024-01-11 02:40:00+00:00,0.0924719050526619,0.0924719050526619,0.0924719050526619,0.0924719050526619,0.0924719050526619,4000
2024-01-11 02:41:00+00:00,0.0924486517906189,0.0924486517906189,0.0924486517906189,0.0924486517906189,0.0924486517906189,1971
2024-01-11 02:42:00+00:00,0.09242421388626099,0.09242421388626099,0.09242421388626099,0.09242421388626099,0.09242421388626099,0
2024-01-11 02:43:00+00:00,0.09231705218553543,0.09231705218553543,0.09231705218553543,0.09231705218553543,0.09231705218553543,0
2024-01-11 02:44:00+00:00,0.09229090064764023,0.09229090064764023,0.09229090064764023,0.09229090064764023,0.09229090064764023,6478
2024-01-11 02:45:00+00:00,0.09229698032140732,0.09229698032140732,0.09229698032140732,0.09229698032140732,0.09229698032140732,0
2024-01-11 02:46:00+00:00,0.0923401415348053,0.0923401415348053,0.0923401415348053,0.0923401415348053,0.0923401415348053,2144
2024-01-11 02:47:00+00:00,0.0923263281583786,0.0923263281583786,0.0923263281583786,0.0923263281583786,0.0923263281583786,8773
2024-01-11 02:48:00+00:00,0.09231968224048615,0.09231968224048615,0.09231968224048615,0.09231968224048615,0.09231968224048615,7590
2024-01-11 02:49:00+00:00,0.09234673529863358,0.09234673529863358,0.09234673529863358,0.09234673529863358,0.09234673529863358,8067
2024-01-11 02:50:00+00:00,0.09235835075378418,0.09235835075378418,0.09235835075378418,0.09235835075378418,0.09235835075378418,509
2024-01-11 02:51:00+00:00,0.0923517718911171,0.0923517718911171,0.0923517718911171,0.0923517718911171,0.0923517718911171,4136
2024-01-11 02:52:00+00:00,0.09240996092557907,0.09240996092557907,0.09240996092557907,0.09240996092557907,0.09240996092557907,9539
2024-01-11 02:53:00+00:00,0.09242425113916397,0.09242425113916397,0.09242425113916397,0.09242425113916397,0.09242425113916397,1236
2024-01-11 02:54:00+00:00,0.09244696795940399,0.09244696795940399,0.09244696795940399,0.09244696795940399,0.09244696795940399,2836
2024-01-11 02:55:00+00:00,0.0924607515335083,0.0924607515335083,0.0924607515335083,0.0924607515335083,0.0924607515335083,12066
2024-01-11 02:56:00+00:00,0.09246408939361572,0.09246408939361572,0.09246408939361572,0.09246408939361572,0.09246408939361572,0
2024-01-11 02:57:00+00:00,0.09245864301919937,0.09245864301919937,0.09245864301919937,0.09245864301919937,0.09245864301919937,0
2024-01-11 02:58:00+00:00,0.09243764728307724,0.09243764728307724,0.09243764728307724,0.09243764728307724,0.09243764728307724,0
2024-01-11 02:59:00+00:00,0.09239771962165833,0.09239771962165833,0.09239771962165833,0.09239771962165833,0.09239771962165833,7345
2024-01-11 03:00:00+00:00,0.09239771962165833,0.09239771962165833,0.09239771962165833,0.09239771962165833,0.09239771962165833,5070
2024-01-11 03:01:00+00:00,0.09239314496517181,0.09239314496517181,0.09239314496517181,0.09239314496517181,0.09239314496517181,0
2024-01-11 03:02:00+00:00,0.09248872846364975,0.09248872846364975,0.09248872846364975,0.09248872846364975,0.09248872846364975,0
2024-01-11 03:03:00+00:00,0.09250844269990921,0.09250844269990921,0.09250844269990921,0.09250844269990921,0.09250844269990921,0
2024-01-11 03:04:00+00:00,0.09258127957582474,0.09258127957582474,0.09258127957582474,0.09258127957582474,0.09258127957582474,32253
2024-01-11 03:05:00+00:00,0.09261910617351532,0.09261910617351532,0.09261910617351532,0.09261910617351532,0.09261910617351532,0
2024-01-11 03:06:00+00:00,0.09256523102521896,0.09256523102521896,0.09256523102521896,0.09256523102521896,0.09256523102521896,2298
2024-01-11 03:07:00+00:00,0.0925564244389534,0.0925564244389534,0.0925564244389534,0.0925564244389534,0.0925564244389534,4007
2024-01-11 03:08:00+00:00,0.0925869569182396,0.0925869569182396,0.0925869569182396,0.0925869569182396,0.0925869569182396,0
2024-01-11 03:09:00+00:00,0.09256928414106369,0.09256928414106369,0.09256928414106369,0.09256928414106369,0.09256928414106369,2749
2024-01-11 03:10:00+00:00,0.09262454509735107,0.09262454509735107,0.09262454509735107,0.09262454509735107,0.09262454509735107,26116
2024-01-11 03:11:00+00:00,0.09270863234996796,0.09270863234996796,0.09270863234996796,0.09270863234996796,0.09270863234996796,520
2024-01-11 03:12:00+00:00,0.0927034392952919,0.0927034392952919,0.0927034392952919,0.0927034392952919,0.0927034392952919,894
2024-01-11 03:13:00+00:00,0.09268970042467117,0.09268970042467117,0.09268970042467117,0.09268970042467117,0.09268970042467117,0
2024-01-11 03:14:00+00:00,0.09264929592609406,0.09264929592609406,0.09264929592609406,0.09264929592609406,0.09264929592609406,0
2024-01-11 03:15:00+00:00,0.09264428168535233,0.09264428168535233,0.09264428168535233,0.09264428168535233,0.09264428168535233,11081
2024-01-11 03:16:00+00:00,0.09268969297409058,0.09268969297409058,0.09268969297409058,0.09268969297409058,0.09268969297409058,14940
2024-01-11 03:17:00+00:00,0.09263823926448822,0.09263823926448822,0.09263823926448822,0.09263823926448822,0.09263823926448822,8681
2024-01-11 03:18:00+00:00,0.09257131814956665,0.09257131814956665,0.09257131814956665,0.09257131814956665,0.09257131814956665,0
2024-01-11 03:19:00+00:00,0.09238116443157196,0.09238116443157196,0.09238116443157196,0.09238116443157196,0.09238116443157196,180
2024-01-11 03:20:00+00:00,0.09239382296800613,0.09239382296800613,0.09239382296800613,0.09239382296800613,0.09239382296800613,0
2024-01-11 03:21:00+00:00,0.09238792210817337,0.09238792210817337,0.09238792210817337,0.09238792210817337,0.09238792210817337,13068
2024-01-11 03:22:00+00:00,0.0924312025308609,0.0924312025308609,0.0924312025308609,0.0924312025308609,0.0924312025308609,14873
2024-01-11 03:23:00+00:00,0.09242087602615356,0.09242087602615356,0.09242087602615356,0.09242087602615356,0.09242087602615356,0
2024-01-11 03:24:00+00:00,0.092418372631073,0.092418372631073,0.092418372631073,0.092418372631073,0.092418372631073,783
2024-01-11 03:25:00+00:00,0.09241946786642075,0.09241946786642075,0.09241946786642075,0.09241946786642075,0.09241946786642075,5143
2024-01-11 03:27:00+00:00,0.0924493595957756,0.0924493595957756,0.0924493595957756,0.0924493595957756,0.0924493595957756,25701
2024-01-11 03:28:00+00:00,0.09257666766643524,0.09257666766643524,0.09257666766643524,0.09257666766643524,0.09257666766643524,8931
2024-01-11 03:29:00+00:00,0.09259030222892761,0.09259030222892761,0.09259030222892761,0.09259030222892761,0.09259030222892761,3390
2024-01-11 03:30:00+00:00,0.0926106721162796,0.0926106721162796,0.0926106721162796,0.0926106721162796,0.0926106721162796,5967
2024-01-11 03:31:00+00:00,0.09261979907751083,0.09261979907751083,0.09261979907751083,0.09261979907751083,0.09261979907751083,10782
2024-01-11 03:32:00+00:00,0.0926600843667984,0.0926600843667984,0.0926600843667984,0.0926600843667984,0.0926600843667984,1711
2024-01-11 03:33:00+00:00,0.09262961894273758,0.09262961894273758,0.09262961894273758,0.09262961894273758,0.09262961894273758,0
2024-01-11 03:34:00+00:00,0.0926450714468956,0.0926450714468956,0.0926450714468956,0.0926450714468956,0.0926450714468956,1936
2024-01-11 03:35:00+00:00,0.09265599399805069,0.09265599399805069,0.09265599399805069,0.09265599399805069,0.09265599399805069,0
2024-01-11 03:36:00+00:00,0.09266801178455353,0.09266801178455353,0.09266801178455353,0.09266801178455353,0.09266801178455353,0
2024-01-11 03:37:00+00:00,0.09265927970409393,0.09265927970409393,0.09265927970409393,0.09265927970409393,0.09265927970409393,6778
2024-01-11 03:38:00+00:00,0.09269983321428299,0.09269983321428299,0.09269983321428299,0.09269983321428299,0.09269983321428299,1644
2024-01-11 03:39:00+00:00,0.09269996732473373,0.09269996732473373,0.09269996732473373,0.09269996732473373,0.09269996732473373,0
2024-01-11 03:40:00+00:00,0.09255638718605042,0.09255638718605042,0.09255638718605042,0.09255638718605042,0.09255638718605042,0
2024-01-11 03:41:00+00:00,0.09255894273519516,0.09255894273519516,0.09255894273519516,0.09255894273519516,0.09255894273519516,5
2024-01-11 03:42:00+00:00,0.09255876392126083,0.09255876392126083,0.09255876392126083,0.09255876392126083,0.09255876392126083,77040
2024-01-11 03:43:00+00:00,0.09247760474681854,0.09247760474681854,0.09247760474681854,0.09247760474681854,0.09247760474681854,12092
2024-01-11 03:44:00+00:00,0.0923801138997078,0.0923801138997078,0.0923801138997078,0.0923801138997078,0.0923801138997078,0
2024-01-11 03:45:00+00:00,0.09238999336957932,0.09238999336957932,0.09238999336957932,0.09238999336957932,0.09238999336957932,0
2024-01-11 03:46:00+00:00,0.0923578217625618,0.0923578217625618,0.0923578217625618,0.0923578217625618,0.0923578217625618,0
2024-01-11 03:47:00+00:00,0.09234458208084106,0.09234458208084106,0.09234458208084106,0.09234458208084106,0.09234458208084106,0
2024-01-11 03:48:00+00:00,0.09235293418169022,0.09235293418169022,0.09235293418169022,0.09235293418169022,0.09235293418169022,3637
2024-01-11 03:49:00+00:00,0.0923929214477539,0.0923929214477539,0.0923929214477539,0.0923929214477539,0.0923929214477539,14157
2024-01-11 03:50:00+00:00,0.09239187836647034,0.09239187836647034,0.09239187836647034,0.09239187836647034,0.09239187836647034,1876
2024-01-11 03:51:00+00:00,0.09239684045314789,0.09239684045314789,0.09239684045314789,0.09239684045314789,0.09239684045314789,0
2024-01-11 03:52:00+00:00,0.09236706048250198,0.09236706048250198,0.09236706048250198,0.09236706048250198,0.09236706048250198,5275
2024-01-11 03:53:00+00:00,0.09237731993198395,0.09237731993198395,0.09237731993198395,0.09237731993198395,0.09237731993198395,0
2024-01-11 03:54:00+00:00,0.09238258004188538,0.09238258004188538,0.09238258004188538,0.09238258004188538,0.09238258004188538,7701
2024-01-11 03:55:00+00:00,0.09241747111082077,0.09241747111082077,0.09241747111082077,0.09241747111082077,0.09241747111082077,12375
2024-01-11 03:56:00+00:00,0.09249313920736313,0.09249313920736313,0.09249313920736313,0.09249313920736313,0.09249313920736313,7487
2024-01-11 03:57:00+00:00,0.09251906722784042,0.09251906722784042,0.09251906722784042,0.09251906722784042,0.09251906722784042,10637
2024-01-11 03:58:00+00:00,0.09257248789072037,0.09257248789072037,0.09257248789072037,0.09257248789072037,0.09257248789072037,29416
2024-01-11 03:59:00+00:00,0.09260568767786026,0.09260568767786026,0.09260568767786026,0.09260568767786026,0.09260568767786026,796
2024-01-11 04:01:00+00:00,0.09268796443939209,0.09268796443939209,0.09268796443939209,0.09268796443939209,0.09268796443939209,14641
2024-01-11 04:02:00+00:00,0.09269269555807114,0.09269269555807114,0.09269269555807114,0.09269269555807114,0.09269269555807114,12484
2024-01-11 04:03:00+00:00,0.0926918089389801,0.0926918089389801,0.0926918089389801,0.0926918089389801,0.0926918089389801,0
2024-01-11 04:04:00+00:00,0.09276288747787476,0.09276288747787476,0.09276288747787476,0.09276288747787476,0.09276288747787476,0
2024-01-11 04:05:00+00:00,0.09274045377969742,0.09274045377969742,0.09274045377969742,0.09274045377969742,0.09274045377969742,0
2024-01-11 04:06:00+00:00,0.0927712470293045,0.0927712470293045,0.0927712470293045,0.0927712470293045,0.0927712470293045,3794
2024-01-11 04:07:00+00:00,0.09271904826164246,0.09271904826164246,0.09271904826164246,0.09271904826164246,0.09271904826164246,10993
2024-01-11 04:08:00+00:00,0.09271946549415588,0.09271946549415588,0.09271946549415588,0.09271946549415588,0.09271946549415588,1314
2024-01-11 04:10:00+00:00,0.09282349050045013,0.09282349050045013,0.09282349050045013,0.09282349050045013,0.09282349050045013,19865
2024-01-11 04:11:00+00:00,0.09274806082248688,0.09274806082248688,0.09274806082248688,0.09274806082248688,0.09274806082248688,0
2024-01-11 04:12:00+00:00,0.09281035512685776,0.09281035512685776,0.09281035512685776,0.09281035512685776,0.09281035512685776,3067
2024-01-11 04:13:00+00:00,0.0927467867732048,0.0927467867732048,0.0927467867732048,0.0927467867732048,0.0927467867732048,14275
2024-01-11 04:14:00+00:00,0.09269043058156967,0.09269043058156967,0.09269043058156967,0.09269043058156967,0.09269043058156967,62
2024-01-11 04:15:00+00:00,0.09268536418676376,0.09268536418676376,0.09268536418676376,0.09268536418676376,0.09268536418676376,14238
2024-01-11 04:16:00+00:00,0.09266985952854156,0.09266985952854156,0.09266985952854156,0.09266985952854156,0.09266985952854156,37573
2024-01-11 04:17:00+00:00,0.09271932393312454,0.09271932393312454,0.09271932393312454,0.09271932393312454,0.09271932393312454,3236
2024-01-11 04:18:00+00:00,0.09271044284105301,0.09271044284105301,0.09271044284105301,0.09271044284105301,0.09271044284105301,6299
2024-01-11 04:19:00+00:00,0.09271569550037384,0.09271569550037384,0.09271569550037384,0.09271569550037384,0.09271569550037384,22083
2024-01-11 04:20:00+00:00,0.09281107783317566,0.09281107783317566,0.09281107783317566,0.09281107783317566,0.09281107783317566,539
2024-01-11 04:21:00+00:00,0.09279372543096542,0.09279372543096542,0.09279372543096542,0.09279372543096542,0.09279372543096542,8886
2024-01-11 04:22:00+00:00,0.09287510067224503,0.09287510067224503,0.09287510067224503,0.09287510067224503,0.09287510067224503,8073
2024-01-11 04:23:00+00:00,0.09288446605205536,0.09288446605205536,0.09288446605205536,0.09288446605205536,0.09288446605205536,2240
2024-01-11 04:24:00+00:00,0.0928967297077179,0.0928967297077179,0.0928967297077179,0.0928967297077179,0.0928967297077179,1189
2024-01-11 04:25:00+00:00,0.09285726398229599,0.09285726398229599,0.09285726398229599,0.09285726398229599,0.09285726398229599,4678
2024-01-11 04:26:00+00:00,0.09282995015382767,0.09282995015382767,0.09282995015382767,0.09282995015382767,0.09282995015382767,10672
2024-01-11 04:27:00+00:00,0.09281884133815765,0.09281884133815765,0.09281884133815765,0.09281884133815765,0.09281884133815765,0
2024-01-11 04:28:00+00:00,0.09276328235864639,0.09276328235864639,0.09276328235864639,0.09276328235864639,0.09276328235864639,1753
2024-01-11 04:29:00+00:00,0.09272074699401855,0.09272074699401855,0.09272074699401855,0.09272074699401855,0.09272074699401855,0
2024-01-11 04:30:00+00:00,0.09270702302455902,0.09270702302455902,0.09270702302455902,0.09270702302455902,0.09270702302455902,1870
2024-01-11 04:31:00+00:00,0.09269478172063828,0.09269478172063828,0.09269478172063828,0.09269478172063828,0.09269478172063828,11183
2024-01-11 04:32:00+00:00,0.0926537960767746,0.0926537960767746,0.0926537960767746,0.0926537960767746,0.0926537960767746,0
2024-01-11 04:33:00+00:00,0.09266284108161926,0.09266284108161926,0.09266284108161926,0.09266284108161926,0.09266284108161926,14239
2024-01-11 04:34:00+00:00,0.09252257645130157,0.09252257645130157,0.09252257645130157,0.09252257645130157,0.09252257645130157,0
2024-01-11 04:35:00+00:00,0.0925290435552597,0.0925290435552597,0.0925290435552597,0.0925290435552597,0.0925290435552597,0
2024-01-11 04:37:00+00:00,0.09242752939462662,0.09242752939462662,0.09242752939462662,0.09242752939462662,0.09242752939462662,0
2024-01-11 04:38:00+00:00,0.09242131561040878,0.09242131561040878,0.09242131561040878,0.09242131561040878,0.09242131561040878,0
2024-01-11 04:39:00+00:00,0.09242185950279236,0.09242185950279236,0.09242185950279236,0.09242185950279236,0.09242185950279236,0
2024-01-11 04:40:00+00:00,0.09244069457054138,0.09244069457054138,0.09244069457054138,0.09244069457054138,0.09244069457054138,0
2024-01-11 04:41:00+00:00,0.09244649112224579,0.09244649112224579,0.09244649112224579,0.09244649112224579,0.09244649112224579,1730
2024-01-11 04:42:00+00:00,0.09245095402002335,0.09245095402002335,0.09245095402002335,0.09245095402002335,0.09245095402002335,3374
2024-01-11 04:43:00+00:00,0.09245225042104721,0.09245225042104721,0.09245225042104721,0.09245225042104721,0.09245225042104721,5239
2024-01-11 04:44:00+00:00,0.09243597090244293,0.09243597090244293,0.09243597090244293,0.09243597090244293,0.09243597090244293,0
2024-01-11 04:45:00+00:00,0.09244116395711899,0.09244116395711899,0.09244116395711899,0.09244116395711899,0.09244116395711899,0
2024-01-11 04:46:00+00:00,0.09248806536197662,0.09248806536197662,0.09248806536197662,0.09248806536197662,0.09248806536197662,26244
2024-01-11 04:47:00+00:00,0.09252581745386124,0.09252581745386124,0.09252581745386124,0.09252581745386124,0.09252581745386124,741
2024-01-11 04:48:00+00:00,0.09252370148897171,0.09252370148897171,0.09252370148897171,0.09252370148897171,0.09252370148897171,1933
2024-01-11 04:49:00+00:00,0.09243292361497879,0.09243292361497879,0.09243292361497879,0.09243292361497879,0.09243292361497879,0
2024-01-11 04:50:00+00:00,0.0924280509352684,0.0924280509352684,0.0924280509352684,0.0924280509352684,0.0924280509352684,0
2024-01-11 04:51:00+00:00,0.09243816137313843,0.09243816137313843,0.09243816137313843,0.09243816137313843,0.09243816137313843,0
2024-01-11 04:52:00+00:00,0.09238621592521667,0.09238621592521667,0.09238621592521667,0.09238621592521667,0.09238621592521667,2779
2024-01-11 04:53:00+00:00,0.09240220487117767,0.09240220487117767,0.09240220487117767,0.09240220487117767,0.09240220487117767,24
2024-01-11 04:54:00+00:00,0.09244527667760849,0.09244527667760849,0.09244527667760849,0.09244527667760849,0.09244527667760849,1816
2024-01-11 04:55:00+00:00,0.09249674528837204,0.09249674528837204,0.09249674528837204,0.09249674528837204,0.09249674528837204,46119
2024-01-11 04:56:00+00:00,0.09249576926231384,0.09249576926231384,0.09249576926231384,0.09249576926231384,0.09249576926231384,6502
2024-01-11 04:57:00+00:00,0.09249944984912872,0.09249944984912872,0.09249944984912872,0.09249944984912872,0.09249944984912872,5256
2024-01-11 04:58:00+00:00,0.09250576049089432,0.09250576049089432,0.09250576049089432,0.09250576049089432,0.09250576049089432,12953
2024-01-11 04:59:00+00:00,0.09251576662063599,0.09251576662063599,0.09251576662063599,0.09251576662063599,0.09251576662063599,0
2024-01-11 05:01:00+00:00,0.09250517934560776,0.09250517934560776,0.09250517934560776,0.09250517934560776,0.09250517934560776,0
2024-01-11 05:02:00+00:00,0.09250907599925995,0.09250907599925995,0.09250907599925995,0.09250907599925995,0.09250907599925995,0
2024-01-11 05:03:00+00:00,0.09250958263874054,0.09250958263874054,0.09250958263874054,0.09250958263874054,0.09250958263874054,0
2024-01-11 05:04:00+00:00,0.0923987478017807,0.0923987478017807,0.0923987478017807,0.0923987478017807,0.0923987478017807,0
2024-01-11 05:05:00+00:00,0.09236953407526016,0.09236953407526016,0.09236953407526016,0.09236953407526016,0.09236953407526016,0
2024-01-11 05:06:00+00:00,0.09233049303293228,0.09233049303293228,0.09233049303293228,0.09233049303293228,0.09233049303293228,0
2024-01-11 05:07:00+00:00,0.09232742339372635,0.09232742339372635,0.09232742339372635,0.09232742339372635,0.09232742339372635,407
2024-01-11 05:08:00+00:00,0.09225915372371674,0.09225915372371674,0.09225915372371674,0.09225915372371674,0.09225915372371674,19
2024-01-11 05:09:00+00:00,0.09225749224424362,0.09225749224424362,0.09225749224424362,0.09225749224424362,0.09225749224424362,15968
2024-01-11 05:10:00+00:00,0.09217087924480438,0.09217087924480438,0.09217087924480438,0.09217087924480438,0.09217087924480438,0
2024-01-11 05:11:00+00:00,0.0921822115778923,0.0921822115778923,0.0921822115778923,0.0921822115778923,0.0921822115778923,0
2024-01-11 05:12:00+00:00,0.0922027975320816,0.0922027975320816,0.0922027975320816,0.0922027975320816,0.0922027975320816,4807
2024-01-11 05:13:00+00:00,0.09225102514028549,0.09225102514028549,0.09225102514028549,0.09225102514028549,0.09225102514028549,0
2024-01-11 05:14:00+00:00,0.09226540476083755,0.09226540476083755,0.09226540476083755,0.09226540476083755,0.09226540476083755,42757
2024-01-11 05:15:00+00:00,0.0922803282737732,0.0922803282737732,0.0922803282737732,0.0922803282737732,0.0922803282737732,3493
2024-01-11 05:16:00+00:00,0.09236789494752884,0.09236789494752884,0.09236789494752884,0.09236789494752884,0.09236789494752884,19066
2024-01-11 05:17:00+00:00,0.09237102419137955,0.09237102419137955,0.09237102419137955,0.09237102419137955,0.09237102419137955,7171
2024-01-11 05:18:00+00:00,0.09238280355930328,0.09238280355930328,0.09238280355930328,0.09238280355930328,0.09238280355930328,3324
2024-01-11 05:19:00+00:00,0.09240848571062088,0.09240848571062088,0.09240848571062088,0.09240848571062088,0.09240848571062088,12245
2024-01-11 05:20:00+00:00,0.0924067422747612,0.0924067422747612,0.0924067422747612,0.0924067422747612,0.0924067422747612,0
2024-01-11 05:21:00+00:00,0.092416912317276,0.092416912317276,0.092416912317276,0.092416912317276,0.092416912317276,899
2024-01-11 05:22:00+00:00,0.09245652705430984,0.09245652705430984,0.09245652705430984,0.09245652705430984,0.09245652705430984,2020
2024-01-11 05:23:00+00:00,0.09247388690710068,0.09247388690710068,0.09247388690710068,0.09247388690710068,0.09247388690710068,0
2024-01-11 05:24:00+00:00,0.09244657307863235,0.09244657307863235,0.09244657307863235,0.09244657307863235,0.09244657307863235,1955
2024-01-11 05:25:00+00:00,0.09252059459686279,0.09252059459686279,0.09252059459686279,0.09252059459686279,0.09252059459686279,36057
2024-01-11 05:26:00+00:00,0.09256969392299652,0.09256969392299652,0.09256969392299652,0.09256969392299652,0.09256969392299652,2942
2024-01-11 05:27:00+00:00,0.09257255494594574,0.09257255494594574,0.09257255494594574,0.09257255494594574,0.09257255494594574,0
2024-01-11 05:28:00+00:00,0.09257260710000992,0.09257260710000992,0.09257260710000992,0.09257260710000992,0.09257260710000992,1484
2024-01-11 05:29:00+00:00,0.09257348626852036,0.09257348626852036,0.09257348626852036,0.09257348626852036,0.09257348626852036,6757
2024-01-11 05:30:00+00:00,0.0925738736987114,0.0925738736987114,0.0925738736987114,0.0925738736987114,0.0925738736987114,0
2024-01-11 05:31:00+00:00,0.092654749751091,0.092654749751091,0.092654749751091,0.092654749751091,0.092654749751091,8628
2024-01-11 05:32:00+00:00,0.09262620657682419,0.09262620657682419,0.09262620657682419,0.09262620657682419,0.09262620657682419,0
2024-01-11 05:33:00+00:00,0.09261234104633331,0.09261234104633331,0.09261234104633331,0.09261234104633331,0.09261234104633331,3012
2024-01-11 05:34:00+00:00,0.09259916841983795,0.09259916841983795,0.09259916841983795,0.09259916841983795,0.09259916841983795,0
2024-01-11 05:35:00+00:00,0.09257392585277557,0.09257392585277557,0.09257392585277557,0.09257392585277557,0.09257392585277557,0
2024-01-11 05:37:00+00:00,0.0924370065331459,0.0924370065331459,0.0924370065331459,0.0924370065331459,0.0924370065331459,0
2024-01-11 05:38:00+00:00,0.09234248101711273,0.09234248101711273,0.09234248101711273,0.09234248101711273,0.09234248101711273,0
2024-01-11 05:39:00+00:00,0.09238310903310776,0.09238310903310776,0.09238310903310776,0.09238310903310776,0.09238310903310776,0
2024-01-11 05:40:00+00:00,0.0922660306096077,0.0922660306096077,0.0922660306096077,0.0922660306096077,0.0922660306096077,6557
2024-01-11 05:42:00+00:00,0.09217800945043564,0.09217800945043564,0.09217800945043564,0.09217800945043564,0.09217800945043564,77537
2024-01-11 05:43:00+00:00,0.09231395274400711,0.09231395274400711,0.09231395274400711,0.09231395274400711,0.09231395274400711,22086
2024-01-11 05:44:00+00:00,0.09234129637479782,0.09234129637479782,0.09234129637479782,0.09234129637479782,0.09234129637479782,7166
2024-01-11 05:45:00+00:00,0.09232420474290848,0.09232420474290848,0.09232420474290848,0.09232420474290848,0.09232420474290848,641
2024-01-11 05:46:00+00:00,0.09222805500030518,0.09222805500030518,0.09222805500030518,0.09222805500030518,0.09222805500030518,0
2024-01-11 05:47:00+00:00,0.09216311573982239,0.09216311573982239,0.09216311573982239,0.09216311573982239,0.09216311573982239,0
2024-01-11 05:49:00+00:00,0.09210546314716339,0.09210546314716339,0.09210546314716339,0.09210546314716339,0.09210546314716339,0
2024-01-11 05:50:00+00:00,0.09211865812540054,0.09211865812540054,0.09211865812540054,0.09211865812540054,0.09211865812540054,9342
2024-01-11 05:51:00+00:00,0.09211447089910507,0.09211447089910507,0.09211447089910507,0.09211447089910507,0.09211447089910507,9586
2024-01-11 05:52:00+00:00,0.09213557839393616,0.09213557839393616,0.09213557839393616,0.09213557839393616,0.09213557839393616,1897
2024-01-11 05:53:00+00:00,0.09214229881763458,0.09214229881763458,0.09214229881763458,0.09214229881763458,0.09214229881763458,0
2024-01-11 05:54:00+00:00,0.09216978400945663,0.09216978400945663,0.09216978400945663,0.09216978400945663,0.09216978400945663,1934
2024-01-11 05:55:00+00:00,0.09220860153436661,0.09220860153436661,0.09220860153436661,0.09220860153436661,0.09220860153436661,15507
2024-01-11 05:56:00+00:00,0.09219492971897125,0.09219492971897125,0.09219492971897125,0.09219492971897125,0.09219492971897125,10634
2024-01-11 05:57:00+00:00,0.09221728891134262,0.09221728891134262,0.09221728891134262,0.09221728891134262,0.09221728891134262,3923
2024-01-11 05:58:00+00:00,0.09229469299316406,0.09229469299316406,0.09229469299316406,0.09229469299316406,0.09229469299316406,4840
2024-01-11 05:59:00+00:00,0.09228166937828064,0.09228166937828064,0.09228166937828064,0.09228166937828064,0.09228166937828064,0
2024-01-11 06:01:00+00:00,0.09225987643003464,0.09225987643003464,0.09225987643003464,0.09225987643003464,0.09225987643003464,0
2024-01-11 06:02:00+00:00,0.09227681159973145,0.09227681159973145,0.09227681159973145,0.09227681159973145,0.09227681159973145,474
2024-01-11 06:03:00+00:00,0.09227938205003738,0.09227938205003738,0.09227938205003738,0.09227938205003738,0.09227938205003738,0
2024-01-11 06:04:00+00:00,0.09227294474840164,0.09227294474840164,0.09227294474840164,0.09227294474840164,0.09227294474840164,0
2024-01-11 06:05:00+00:00,0.09222321212291718,0.09222321212291718,0.09222321212291718,0.09222321212291718,0.09222321212291718,1123
2024-01-11 06:06:00+00:00,0.09214318543672562,0.09214318543672562,0.09214318543672562,0.09214318543672562,0.09214318543672562,2197
2024-01-11 06:07:00+00:00,0.09207921475172043,0.09207921475172043,0.09207921475172043,0.09207921475172043,0.09207921475172043,0
2024-01-11 06:08:00+00:00,0.09199077636003494,0.09199077636003494,0.09199077636003494,0.09199077636003494,0.09199077636003494,0
2024-01-11 06:09:00+00:00,0.09196101129055023,0.09196101129055023,0.09196101129055023,0.09196101129055023,0.09196101129055023,3261
2024-01-11 06:10:00+00:00,0.09191375970840454,0.09191375970840454,0.09191375970840454,0.09191375970840454,0.09191375970840454,0
2024-01-11 06:11:00+00:00,0.0917307659983635,0.0917307659983635,0.0917307659983635,0.0917307659983635,0.0917307659983635,5743
2024-01-11 06:12:00+00:00,0.09169378876686096,0.09169378876686096,0.09169378876686096,0.09169378876686096,0.09169378876686096,0
2024-01-11 06:13:00+00:00,0.09163767099380493,0.09163767099380493,0.09163767099380493,0.09163767099380493,0.09163767099380493,0
2024-01-11 06:14:00+00:00,0.0916111022233963,0.0916111022233963,0.0916111022233963,0.0916111022233963,0.0916111022233963,0
2024-01-11 06:15:00+00:00,0.09154815226793289,0.09154815226793289,0.09154815226793289,0.09154815226793289,0.09154815226793289,17153
2024-01-11 06:16:00+00:00,0.09146033227443695,0.09146033227443695,0.09146033227443695,0.09146033227443695,0.09146033227443695,0
2024-01-11 06:17:00+00:00,0.09142342209815979,0.09142342209815979,0.09142342209815979,0.09142342209815979,0.09142342209815979,0
2024-01-11 06:18:00+00:00,0.09143448621034622,0.09143448621034622,0.09143448621034622,0.09143448621034622,0.09143448621034622,434
2024-01-11 06:19:00+00:00,0.09144029021263123,0.09144029021263123,0.09144029021263123,0.09144029021263123,0.09144029021263123,12937
2024-01-11 06:20:00+00:00,0.09148689359426498,0.09148689359426498,0.09148689359426498,0.09148689359426498,0.09148689359426498,1851
2024-01-11 06:21:00+00:00,0.09144516289234161,0.09144516289234161,0.09144516289234161,0.09144516289234161,0.09144516289234161,0
2024-01-11 06:22:00+00:00,0.09148232638835907,0.09148232638835907,0.09148232638835907,0.09148232638835907,0.09148232638835907,9296
2024-01-11 06:23:00+00:00,0.09150458872318268,0.09150458872318268,0.09150458872318268,0.09150458872318268,0.09150458872318268,0
2024-01-11 06:24:00+00:00,0.09150200337171555,0.09150200337171555,0.09150200337171555,0.09150200337171555,0.09150200337171555,7629
2024-01-11 06:25:00+00:00,0.0914967879652977,0.0914967879652977,0.0914967879652977,0.0914967879652977,0.0914967879652977,0
2024-01-11 06:26:00+00:00,0.09152036905288696,0.09152036905288696,0.09152036905288696,0.09152036905288696,0.09152036905288696,0
2024-01-11 06:27:00+00:00,0.09151856601238251,0.09151856601238251,0.09151856601238251,0.09151856601238251,0.09151856601238251,539
2024-01-11 06:28:00+00:00,0.09149964898824692,0.09149964898824692,0.09149964898824692,0.09149964898824692,0.09149964898824692,0
2024-01-11 06:29:00+00:00,0.09151391685009003,0.09151391685009003,0.09151391685009003,0.09151391685009003,0.09151391685009003,0
2024-01-11 06:30:00+00:00,0.09151478856801987,0.09151478856801987,0.09151478856801987,0.09151478856801987,0.09151478856801987,0
2024-01-11 06:31:00+00:00,0.09151478856801987,0.09151478856801987,0.09151478856801987,0.09151478856801987,0.09151478856801987,0
2024-01-11 06:32:00+00:00,0.09146298468112946,0.09146298468112946,0.09146298468112946,0.09146298468112946,0.09146298468112946,0
2024-01-11 06:33:00+00:00,0.09149468690156937,0.09149468690156937,0.09149468690156937,0.09149468690156937,0.09149468690156937,0
2024-01-11 06:34:00+00:00,0.09150400757789612,0.09150400757789612,0.09150400757789612,0.09150400757789612,0.09150400757789612,1394
2024-01-11 06:35:00+00:00,0.0915462002158165,0.0915462002158165,0.0915462002158165,0.0915462002158165,0.0915462002158165,0
2024-01-11 06:36:00+00:00,0.09152007848024368,0.09152007848024368,0.09152007848024368,0.09152007848024368,0.09152007848024368,4153
2024-01-11 06:37:00+00:00,0.0914945974946022,0.0914945974946022,0.0914945974946022,0.0914945974946022,0.0914945974946022,0
2024-01-11 06:38:00+00:00,0.09147214889526367,0.09147214889526367,0.09147214889526367,0.09147214889526367,0.09147214889526367,454
2024-01-11 06:39:00+00:00,0.09148155152797699,0.09148155152797699,0.09148155152797699,0.09148155152797699,0.09148155152797699,1090
2024-01-11 06:40:00+00:00,0.09146445244550705,0.09146445244550705,0.09146445244550705,0.09146445244550705,0.09146445244550705,3312
2024-01-11 06:41:00+00:00,0.09146402776241302,0.09146402776241302,0.09146402776241302,0.09146402776241302,0.09146402776241302,1033
2024-01-11 06:42:00+00:00,0.09146332740783691,0.09146332740783691,0.09146332740783691,0.09146332740783691,0.09146332740783691,0
2024-01-11 06:43:00+00:00,0.09151817113161087,0.09151817113161087,0.09151817113161087,0.09151817113161087,0.09151817113161087,31791
2024-01-11 06:44:00+00:00,0.09157516807317734,0.09157516807317734,0.09157516807317734,0.09157516807317734,0.09157516807317734,10135
2024-01-11 06:45:00+00:00,0.09163493663072586,0.09163493663072586,0.09163493663072586,0.09163493663072586,0.09163493663072586,6416
2024-01-11 06:46:00+00:00,0.09178827702999115,0.09178827702999115,0.09178827702999115,0.09178827702999115,0.09178827702999115,27085
2024-01-11 06:47:00+00:00,0.09177320450544357,0.09177320450544357,0.09177320450544357,0.09177320450544357,0.09177320450544357,55738
2024-01-11 06:48:00+00:00,0.09177669882774353,0.09177669882774353,0.09177669882774353,0.09177669882774353,0.09177669882774353,6191
2024-01-11 06:49:00+00:00,0.09203016757965088,0.09203016757965088,0.09203016757965088,0.09203016757965088,0.09203016757965088,19620
2024-01-11 06:50:00+00:00,0.09203916788101196,0.09203916788101196,0.09203916788101196,0.09203916788101196,0.09203916788101196,6049
2024-01-11 06:51:00+00:00,0.09203522652387619,0.09203522652387619,0.09203522652387619,0.09203522652387619,0.09203522652387619,230
2024-01-11 06:52:00+00:00,0.09201306104660034,0.09201306104660034,0.09201306104660034,0.09201306104660034,0.09201306104660034,3180
2024-01-11 06:53:00+00:00,0.09199939668178558,0.09199939668178558,0.09199939668178558,0.09199939668178558,0.09199939668178558,10384
2024-01-11 06:54:00+00:00,0.09200332313776016,0.09200332313776016,0.09200332313776016,0.09200332313776016,0.09200332313776016,0
2024-01-11 06:55:00+00:00,0.09194076806306839,0.09194076806306839,0.09194076806306839,0.09194076806306839,0.09194076806306839,723
2024-01-11 06:56:00+00:00,0.09194811433553696,0.09194811433553696,0.09194811433553696,0.09194811433553696,0.09194811433553696,2028
2024-01-11 06:57:00+00:00,0.09195397794246674,0.09195397794246674,0.09195397794246674,0.09195397794246674,0.09195397794246674,0
2024-01-11 06:58:00+00:00,0.09193939715623856,0.09193939715623856,0.09193939715623856,0.09193939715623856,0.09193939715623856,1115
2024-01-11 06:59:00+00:00,0.09194564074277878,0.09194564074277878,0.09194564074277878,0.09194564074277878,0.09194564074277878,0
2024-01-11 07:01:00+00:00,0.09193337708711624,0.09193337708711624,0.09193337708711624,0.09193337708711624,0.09193337708711624,0
2024-01-11 07:02:00+00:00,0.09188569337129593,0.09188569337129593,0.09188569337129593,0.09188569337129593,0.09188569337129593,0
2024-01-11 07:03:00+00:00,0.0918595939874649,0.0918595939874649,0.0918595939874649,0.0918595939874649,0.0918595939874649,0
2024-01-11 07:04:00+00:00,0.09189540147781372,0.09189540147781372,0.09189540147781372,0.09189540147781372,0.09189540147781372,960
2024-01-11 07:05:00+00:00,0.09191379696130753,0.09191379696130753,0.09191379696130753,0.09191379696130753,0.09191379696130753,392
2024-01-11 07:06:00+00:00,0.09192340075969696,0.09192340075969696,0.09192340075969696,0.09192340075969696,0.09192340075969696,1064
2024-01-11 07:07:00+00:00,0.09203352779150009,0.09203352779150009,0.09203352779150009,0.09203352779150009,0.09203352779150009,0
2024-01-11 07:08:00+00:00,0.09204679727554321,0.09204679727554321,0.09204679727554321,0.09204679727554321,0.09204679727554321,15681
2024-01-11 07:09:00+00:00,0.09205564111471176,0.09205564111471176,0.09205564111471176,0.09205564111471176,0.09205564111471176,3600
2024-01-11 07:10:00+00:00,0.09207291901111603,0.09207291901111603,0.09207291901111603,0.09207291901111603,0.09207291901111603,7827
2024-01-11 07:11:00+00:00,0.0920972153544426,0.0920972153544426,0.0920972153544426,0.0920972153544426,0.0920972153544426,569
2024-01-11 07:12:00+00:00,0.09211316704750061,0.09211316704750061,0.09211316704750061,0.09211316704750061,0.09211316704750061,4948
2024-01-11 07:13:00+00:00,0.09214653074741364,0.09214653074741364,0.09214653074741364,0.09214653074741364,0.09214653074741364,0
2024-01-11 07:14:00+00:00,0.09217284619808197,0.09217284619808197,0.09217284619808197,0.09217284619808197,0.09217284619808197,0
2024-01-11 07:15:00+00:00,0.09217887371778488,0.09217887371778488,0.09217887371778488,0.09217887371778488,0.09217887371778488,5027
2024-01-11 07:16:00+00:00,0.09220577031373978,0.09220577031373978,0.09220577031373978,0.09220577031373978,0.09220577031373978,2176
2024-01-11 07:17:00+00:00,0.09223019331693649,0.09223019331693649,0.09223019331693649,0.09223019331693649,0.09223019331693649,1575
2024-01-11 07:18:00+00:00,0.09220980852842331,0.09220980852842331,0.09220980852842331,0.09220980852842331,0.09220980852842331,766
2024-01-11 07:19:00+00:00,0.09212248772382736,0.09212248772382736,0.09212248772382736,0.09212248772382736,0.09212248772382736,8820
2024-01-11 07:20:00+00:00,0.0921211689710617,0.0921211689710617,0.0921211689710617,0.0921211689710617,0.0921211689710617,0
2024-01-11 07:21:00+00:00,0.09217755496501923,0.09217755496501923,0.09217755496501923,0.09217755496501923,0.09217755496501923,0
2024-01-11 07:22:00+00:00,0.09219282120466232,0.09219282120466232,0.09219282120466232,0.09219282120466232,0.09219282120466232,19362
2024-01-11 07:23:00+00:00,0.0921517089009285,0.0921517089009285,0.0921517089009285,0.0921517089009285,0.0921517089009285,3838
2024-01-11 07:24:00+00:00,0.09216652065515518,0.09216652065515518,0.09216652065515518,0.09216652065515518,0.09216652065515518,0
2024-01-11 07:25:00+00:00,0.09212974458932877,0.09212974458932877,0.09212974458932877,0.09212974458932877,0.09212974458932877,1083
2024-01-11 07:26:00+00:00,0.09210508316755295,0.09210508316755295,0.09210508316755295,0.09210508316755295,0.09210508316755295,0
2024-01-11 07:27:00+00:00,0.09211447834968567,0.09211447834968567,0.09211447834968567,0.09211447834968567,0.09211447834968567,6153
2024-01-11 07:28:00+00:00,0.09218449890613556,0.09218449890613556,0.09218449890613556,0.09218449890613556,0.09218449890613556,0
2024-01-11 07:29:00+00:00,0.09218449890613556,0.09218449890613556,0.09218449890613556,0.09218449890613556,0.09218449890613556,3793
2024-01-11 07:30:00+00:00,0.09218886494636536,0.09218886494636536,0.09218886494636536,0.09218886494636536,0.09218886494636536,0
2024-01-11 07:31:00+00:00,0.09221512824296951,0.09221512824296951,0.09221512824296951,0.09221512824296951,0.09221512824296951,0
2024-01-11 07:32:00+00:00,0.09224212169647217,0.09224212169647217,0.09224212169647217,0.09224212169647217,0.09224212169647217,609
2024-01-11 07:33:00+00:00,0.09222645312547684,0.09222645312547684,0.09222645312547684,0.09222645312547684,0.09222645312547684,0
2024-01-11 07:34:00+00:00,0.09213799983263016,0.09213799983263016,0.09213799983263016,0.09213799983263016,0.09213799983263016,0
2024-01-11 07:35:00+00:00,0.09210100024938583,0.09210100024938583,0.09210100024938583,0.09210100024938583,0.09210100024938583,0
2024-01-11 07:36:00+00:00,0.09208084642887115,0.09208084642887115,0.09208084642887115,0.09208084642887115,0.09208084642887115,0
2024-01-11 07:37:00+00:00,0.09199034422636032,0.09199034422636032,0.09199034422636032,0.09199034422636032,0.09199034422636032,0
2024-01-11 07:38:00+00:00,0.09193249046802521,0.09193249046802521,0.09193249046802521,0.09193249046802521,0.09193249046802521,0
2024-01-11 07:39:00+00:00,0.0919334813952446,0.0919334813952446,0.0919334813952446,0.0919334813952446,0.0919334813952446,0
2024-01-11 07:40:00+00:00,0.09195172041654587,0.09195172041654587,0.09195172041654587,0.09195172041654587,0.09195172041654587,0
2024-01-11 07:41:00+00:00,0.09194822609424591,0.09194822609424591,0.09194822609424591,0.09194822609424591,0.09194822609424591,0
2024-01-11 07:42:00+00:00,0.09195247292518616,0.09195247292518616,0.09195247292518616,0.09195247292518616,0.09195247292518616,1590
2024-01-11 07:43:00+00:00,0.09202171117067337,0.09202171117067337,0.09202171117067337,0.09202171117067337,0.09202171117067337,0
2024-01-11 07:44:00+00:00,0.09206251800060272,0.09206251800060272,0.09206251800060272,0.09206251800060272,0.09206251800060272,0
2024-01-11 07:45:00+00:00,0.0920819342136383,0.0920819342136383,0.0920819342136383,0.0920819342136383,0.0920819342136383,0
2024-01-11 07:46:00+00:00,0.09216619282960892,0.09216619282960892,0.09216619282960892,0.09216619282960892,0.09216619282960892,0
2024-01-11 07:47:00+00:00,0.09215980768203735,0.09215980768203735,0.09215980768203735,0.09215980768203735,0.09215980768203735,0
2024-01-11 07:48:00+00:00,0.09215646982192993,0.09215646982192993,0.09215646982192993,0.09215646982192993,0.09215646982192993,0
2024-01-11 07:49:00+00:00,0.09214421361684799,0.09214421361684799,0.09214421361684799,0.09214421361684799,0.09214421361684799,0
2024-01-11 07:50:00+00:00,0.09214477986097336,0.09214477986097336,0.09214477986097336,0.09214477986097336,0.09214477986097336,0
2024-01-11 07:51:00+00:00,0.09214627742767334,0.09214627742767334,0.09214627742767334,0.09214627742767334,0.09214627742767334,0
2024-01-11 07:52:00+00:00,0.09215661138296127,0.09215661138296127,0.09215661138296127,0.09215661138296127,0.09215661138296127,0
2024-01-11 07:53:00+00:00,0.09217312932014465,0.09217312932014465,0.09217312932014465,0.09217312932014465,0.09217312932014465,4422
2024-01-11 07:54:00+00:00,0.09219388663768768,0.09219388663768768,0.09219388663768768,0.09219388663768768,0.09219388663768768,2790
2024-01-11 07:55:00+00:00,0.09221111983060837,0.09221111983060837,0.09221111983060837,0.09221111983060837,0.09221111983060837,6850
2024-01-11 07:56:00+00:00,0.09220406413078308,0.09220406413078308,0.09220406413078308,0.09220406413078308,0.09220406413078308,0
2024-01-11 07:57:00+00:00,0.09219134598970413,0.09219134598970413,0.09219134598970413,0.09219134598970413,0.09219134598970413,0
2024-01-11 07:58:00+00:00,0.09220654517412186,0.09220654517412186,0.09220654517412186,0.09220654517412186,0.09220654517412186,0
2024-01-11 07:59:00+00:00,0.0922665074467659,0.0922665074467659,0.0922665074467659,0.0922665074467659,0.0922665074467659,0
2024-01-11 08:00:00+00:00,0.09224110096693039,0.09224110096693039,0.09224110096693039,0.09224110096693039,0.09224110096693039,13079
2024-01-11 08:01:00+00:00,0.09238243848085403,0.09238243848085403,0.09238243848085403,0.09238243848085403,0.09238243848085403,19886
2024-01-11 08:02:00+00:00,0.09238243848085403,0.09238243848085403,0.09238243848085403,0.09238243848085403,0.09238243848085403,3868
2024-01-11 08:03:00+00:00,0.09231672435998917,0.09231672435998917,0.09231672435998917,0.09231672435998917,0.09231672435998917,0
2024-01-11 08:04:00+00:00,0.09226579964160919,0.09226579964160919,0.09226579964160919,0.09226579964160919,0.09226579964160919,4781
2024-01-11 08:05:00+00:00,0.09226874262094498,0.09226874262094498,0.09226874262094498,0.09226874262094498,0.09226874262094498,0
2024-01-11 08:06:00+00:00,0.09225554764270782,0.09225554764270782,0.09225554764270782,0.09225554764270782,0.09225554764270782,0
2024-01-11 08:07:00+00:00,0.09229481965303421,0.09229481965303421,0.09229481965303421,0.09229481965303421,0.09229481965303421,1576
2024-01-11 08:08:00+00:00,0.09229052811861038,0.09229052811861038,0.09229052811861038,0.09229052811861038,0.09229052811861038,1025
2024-01-11 08:09:00+00:00,0.09229499846696854,0.09229499846696854,0.09229499846696854,0.09229499846696854,0.09229499846696854,0
2024-01-11 08:10:00+00:00,0.09232169389724731,0.09232169389724731,0.09232169389724731,0.09232169389724731,0.09232169389724731,3208
2024-01-11 08:11:00+00:00,0.09232884645462036,0.09232884645462036,0.09232884645462036,0.09232884645462036,0.09232884645462036,8865
2024-01-11 08:12:00+00:00,0.09233450144529343,0.09233450144529343,0.09233450144529343,0.09233450144529343,0.09233450144529343,224
2024-01-11 08:13:00+00:00,0.09239503741264343,0.09239503741264343,0.09239503741264343,0.09239503741264343,0.09239503741264343,6354
2024-01-11 08:14:00+00:00,0.09241160750389099,0.09241160750389099,0.09241160750389099,0.09241160750389099,0.09241160750389099,3888
2024-01-11 08:15:00+00:00,0.0924345999956131,0.0924345999956131,0.0924345999956131,0.0924345999956131,0.0924345999956131,6946
2024-01-11 08:16:00+00:00,0.09248781949281693,0.09248781949281693,0.09248781949281693,0.09248781949281693,0.09248781949281693,3231
2024-01-11 08:17:00+00:00,0.09248781949281693,0.09248781949281693,0.09248781949281693,0.09248781949281693,0.09248781949281693,0
2024-01-11 08:18:00+00:00,0.09250327199697495,0.09250327199697495,0.09250327199697495,0.09250327199697495,0.09250327199697495,0
2024-01-11 08:19:00+00:00,0.09251517057418823,0.09251517057418823,0.09251517057418823,0.09251517057418823,0.09251517057418823,11004
2024-01-11 08:20:00+00:00,0.09250917285680771,0.09250917285680771,0.09250917285680771,0.09250917285680771,0.09250917285680771,11
2024-01-11 08:21:00+00:00,0.0925094336271286,0.0925094336271286,0.0925094336271286,0.0925094336271286,0.0925094336271286,2488
2024-01-11 08:22:00+00:00,0.09257148206233978,0.09257148206233978,0.09257148206233978,0.09257148206233978,0.09257148206233978,0
2024-01-11 08:23:00+00:00,0.0925898551940918,0.0925898551940918,0.0925898551940918,0.0925898551940918,0.0925898551940918,0
2024-01-11 08:24:00+00:00,0.09261702001094818,0.09261702001094818,0.09261702001094818,0.09261702001094818,0.09261702001094818,0
2024-01-11 08:25:00+00:00,0.09261702001094818,0.09261702001094818,0.09261702001094818,0.09261702001094818,0.09261702001094818,12796
2024-01-11 08:26:00+00:00,0.0927412137389183,0.0927412137389183,0.0927412137389183,0.0927412137389183,0.0927412137389183,23069
2024-01-11 08:27:00+00:00,0.09274923801422119,0.09274923801422119,0.09274923801422119,0.09274923801422119,0.09274923801422119,6602
2024-01-11 08:28:00+00:00,0.0928167924284935,0.0928167924284935,0.0928167924284935,0.0928167924284935,0.0928167924284935,19068
2024-01-11 08:29:00+00:00,0.09284660965204239,0.09284660965204239,0.09284660965204239,0.09284660965204239,0.09284660965204239,646
2024-01-11 08:30:00+00:00,0.09284812957048416,0.09284812957048416,0.09284812957048416,0.09284812957048416,0.09284812957048416,4113
2024-01-11 08:31:00+00:00,0.09290791302919388,0.09290791302919388,0.09290791302919388,0.09290791302919388,0.09290791302919388,7958
2024-01-11 08:32:00+00:00,0.09292230010032654,0.09292230010032654,0.09292230010032654,0.09292230010032654,0.09292230010032654,636
2024-01-11 08:33:00+00:00,0.0929131954908371,0.0929131954908371,0.0929131954908371,0.0929131954908371,0.0929131954908371,930
2024-01-11 08:34:00+00:00,0.09290652722120285,0.09290652722120285,0.09290652722120285,0.09290652722120285,0.09290652722120285,20619
2024-01-11 08:35:00+00:00,0.09287053346633911,0.09287053346633911,0.09287053346633911,0.09287053346633911,0.09287053346633911,4123
2024-01-11 08:36:00+00:00,0.09286002814769745,0.09286002814769745,0.09286002814769745,0.09286002814769745,0.09286002814769745,7544
2024-01-11 08:37:00+00:00,0.09286031126976013,0.09286031126976013,0.09286031126976013,0.09286031126976013,0.09286031126976013,12900
2024-01-11 08:38:00+00:00,0.09289781749248505,0.09289781749248505,0.09289781749248505,0.09289781749248505,0.09289781749248505,0
2024-01-11 08:39:00+00:00,0.09290619939565659,0.09290619939565659,0.09290619939565659,0.09290619939565659,0.09290619939565659,1781
2024-01-11 08:40:00+00:00,0.09292299300432205,0.09292299300432205,0.09292299300432205,0.09292299300432205,0.09292299300432205,6707
2024-01-11 08:41:00+00:00,0.09291902184486389,0.09291902184486389,0.09291902184486389,0.09291902184486389,0.09291902184486389,1265
2024-01-11 08:42:00+00:00,0.0929405689239502,0.0929405689239502,0.0929405689239502,0.0929405689239502,0.0929405689239502,2545
2024-01-11 08:43:00+00:00,0.09296416491270065,0.09296416491270065,0.09296416491270065,0.09296416491270065,0.09296416491270065,0
2024-01-11 08:44:00+00:00,0.09297564625740051,0.09297564625740051,0.09297564625740051,0.09297564625740051,0.09297564625740051,13226
2024-01-11 08:45:00+00:00,0.09297237545251846,0.09297237545251846,0.09297237545251846,0.09297237545251846,0.09297237545251846,24991
2024-01-11 08:46:00+00:00,0.0930514931678772,0.0930514931678772,0.0930514931678772,0.0930514931678772,0.0930514931678772,12756
2024-01-11 08:47:00+00:00,0.09311828762292862,0.09311828762292862,0.09311828762292862,0.09311828762292862,0.09311828762292862,0
2024-01-11 08:48:00+00:00,0.09311828762292862,0.09311828762292862,0.09311828762292862,0.09311828762292862,0.09311828762292862,10641
2024-01-11 08:49:00+00:00,0.09328702837228775,0.09328702837228775,0.09328702837228775,0.09328702837228775,0.09328702837228775,1784
2024-01-11 08:50:00+00:00,0.0933138057589531,0.0933138057589531,0.0933138057589531,0.0933138057589531,0.0933138057589531,20283
2024-01-11 08:51:00+00:00,0.09335160255432129,0.09335160255432129,0.09335160255432129,0.09335160255432129,0.09335160255432129,815
2024-01-11 08:52:00+00:00,0.09339070320129395,0.09339070320129395,0.09339070320129395,0.09339070320129395,0.09339070320129395,15139
2024-01-11 08:53:00+00:00,0.09341452270746231,0.09341452270746231,0.09341452270746231,0.09341452270746231,0.09341452270746231,3082
2024-01-11 08:54:00+00:00,0.09339973330497742,0.09339973330497742,0.09339973330497742,0.09339973330497742,0.09339973330497742,7431
2024-01-11 08:55:00+00:00,0.09343715012073517,0.09343715012073517,0.09343715012073517,0.09343715012073517,0.09343715012073517,0
2024-01-11 08:56:00+00:00,0.09344614297151566,0.09344614297151566,0.09344614297151566,0.09344614297151566,0.09344614297151566,828
2024-01-11 08:57:00+00:00,0.09344712644815445,0.09344712644815445,0.09344712644815445,0.09344712644815445,0.09344712644815445,4955
2024-01-11 08:58:00+00:00,0.09344124794006348,0.09344124794006348,0.09344124794006348,0.09344124794006348,0.09344124794006348,0
2024-01-11 08:59:00+00:00,0.09346097707748413,0.09346097707748413,0.09346097707748413,0.09346097707748413,0.09346097707748413,0
2024-01-11 09:00:00+00:00,0.0934741199016571,0.0934741199016571,0.0934741199016571,0.0934741199016571,0.0934741199016571,3288
2024-01-11 09:01:00+00:00,0.09355324506759644,0.09355324506759644,0.09355324506759644,0.09355324506759644,0.09355324506759644,2027
2024-01-11 09:02:00+00:00,0.09355618059635162,0.09355618059635162,0.09355618059635162,0.09355618059635162,0.09355618059635162,4447
2024-01-11 09:03:00+00:00,0.09352125972509384,0.09352125972509384,0.09352125972509384,0.09352125972509384,0.09352125972509384,0
2024-01-11 09:04:00+00:00,0.09342891722917557,0.09342891722917557,0.09342891722917557,0.09342891722917557,0.09342891722917557,0
2024-01-11 09:05:00+00:00,0.09341757744550705,0.09341757744550705,0.09341757744550705,0.09341757744550705,0.09341757744550705,196
2024-01-11 09:06:00+00:00,0.09342885762453079,0.09342885762453079,0.09342885762453079,0.09342885762453079,0.09342885762453079,614
2024-01-11 09:07:00+00:00,0.09349709004163742,0.09349709004163742,0.09349709004163742,0.09349709004163742,0.09349709004163742,10178
2024-01-11 09:08:00+00:00,0.0935153141617775,0.0935153141617775,0.0935153141617775,0.0935153141617775,0.0935153141617775,911
2024-01-11 09:09:00+00:00,0.0935153141617775,0.0935153141617775,0.0935153141617775,0.0935153141617775,0.0935153141617775,10683
2024-01-11 09:10:00+00:00,0.09351952373981476,0.09351952373981476,0.09351952373981476,0.09351952373981476,0.09351952373981476,17989
2024-01-11 09:11:00+00:00,0.09352687746286392,0.09352687746286392,0.09352687746286392,0.09352687746286392,0.09352687746286392,1457
2024-01-11 09:12:00+00:00,0.0935274064540863,0.0935274064540863,0.0935274064540863,0.0935274064540863,0.0935274064540863,0
2024-01-11 09:13:00+00:00,0.09354105591773987,0.09354105591773987,0.09354105591773987,0.09354105591773987,0.09354105591773987,0
2024-01-11 09:14:00+00:00,0.0935581773519516,0.0935581773519516,0.0935581773519516,0.0935581773519516,0.0935581773519516,0
2024-01-11 09:15:00+00:00,0.09357187896966934,0.09357187896966934,0.09357187896966934,0.09357187896966934,0.09357187896966934,0
2024-01-11 09:16:00+00:00,0.09349697828292847,0.09349697828292847,0.09349697828292847,0.09349697828292847,0.09349697828292847,1208
2024-01-11 09:17:00+00:00,0.09346389025449753,0.09346389025449753,0.09346389025449753,0.09346389025449753,0.09346389025449753,17570
2024-01-11 09:18:00+00:00,0.09348174929618835,0.09348174929618835,0.09348174929618835,0.09348174929618835,0.09348174929618835,1341
2024-01-11 09:19:00+00:00,0.09343363344669342,0.09343363344669342,0.09343363344669342,0.09343363344669342,0.09343363344669342,6253
2024-01-11 09:20:00+00:00,0.09341530501842499,0.09341530501842499,0.09341530501842499,0.09341530501842499,0.09341530501842499,0
2024-01-11 09:21:00+00:00,0.09341530501842499,0.09341530501842499,0.09341530501842499,0.09341530501842499,0.09341530501842499,0
2024-01-11 09:22:00+00:00,0.09342701733112335,0.09342701733112335,0.09342701733112335,0.09342701733112335,0.09342701733112335,6040
2024-01-11 09:23:00+00:00,0.09342891722917557,0.09342891722917557,0.09342891722917557,0.09342891722917557,0.09342891722917557,0
2024-01-11 09:24:00+00:00,0.09345299750566483,0.09345299750566483,0.09345299750566483,0.09345299750566483,0.09345299750566483,0
2024-01-11 09:25:00+00:00,0.09354245662689209,0.09354245662689209,0.09354245662689209,0.09354245662689209,0.09354245662689209,13710
2024-01-11 09:26:00+00:00,0.09353484213352203,0.09353484213352203,0.09353484213352203,0.09353484213352203,0.09353484213352203,164
2024-01-11 09:27:00+00:00,0.09353670477867126,0.09353670477867126,0.09353670477867126,0.09353670477867126,0.09353670477867126,0
2024-01-11 09:28:00+00:00,0.09355316311120987,0.09355316311120987,0.09355316311120987,0.09355316311120987,0.09355316311120987,0
2024-01-11 09:29:00+00:00,0.09355867654085159,0.09355867654085159,0.09355867654085159,0.09355867654085159,0.09355867654085159,6872
2024-01-11 09:30:00+00:00,0.09356298297643661,0.09356298297643661,0.09356298297643661,0.09356298297643661,0.09356298297643661,0
2024-01-11 09:31:00+00:00,0.09358298033475876,0.09358298033475876,0.09358298033475876,0.09358298033475876,0.09358298033475876,0
2024-01-11 09:32:00+00:00,0.09354598820209503,0.09354598820209503,0.09354598820209503,0.09354598820209503,0.09354598820209503,0
2024-01-11 09:33:00+00:00,0.09354598820209503,0.09354598820209503,0.09354598820209503,0.09354598820209503,0.09354598820209503,0
2024-01-11 09:34:00+00:00,0.09353957325220108,0.09353957325220108,0.09353957325220108,0.09353957325220108,0.09353957325220108,0
2024-01-11 09:35:00+00:00,0.09356000274419785,0.09356000274419785,0.09356000274419785,0.09356000274419785,0.09356000274419785,0
2024-01-11 09:36:00+00:00,0.09354925900697708,0.09354925900697708,0.09354925900697708,0.09354925900697708,0.09354925900697708,0
2024-01-11 09:37:00+00:00,0.09356041997671127,0.09356041997671127,0.09356041997671127,0.09356041997671127,0.09356041997671127,3003
2024-01-11 09:38:00+00:00,0.09357128292322159,0.09357128292322159,0.09357128292322159,0.09357128292322159,0.09357128292322159,0
2024-01-11 09:39:00+00:00,0.09358568489551544,0.09358568489551544,0.09358568489551544,0.09358568489551544,0.09358568489551544,0
2024-01-11 09:40:00+00:00,0.09358568489551544,0.09358568489551544,0.09358568489551544,0.09358568489551544,0.09358568489551544,0
2024-01-11 09:41:00+00:00,0.09365285187959671,0.09365285187959671,0.09365285187959671,0.09365285187959671,0.09365285187959671,393
2024-01-11 09:42:00+00:00,0.09365285187959671,0.09365285187959671,0.09365285187959671,0.09365285187959671,0.09365285187959671,0
2024-01-11 09:43:00+00:00,0.09367653727531433,0.09367653727531433,0.09367653727531433,0.09367653727531433,0.09367653727531433,0
2024-01-11 09:44:00+00:00,0.0936788022518158,0.0936788022518158,0.0936788022518158,0.0936788022518158,0.0936788022518158,659
2024-01-11 09:45:00+00:00,0.093682199716568,0.093682199716568,0.093682199716568,0.093682199716568,0.093682199716568,0
2024-01-11 09:46:00+00:00,0.09368414431810379,0.09368414431810379,0.09368414431810379,0.09368414431810379,0.09368414431810379,0
2024-01-11 09:47:00+00:00,0.09370563924312592,0.09370563924312592,0.09370563924312592,0.09370563924312592,0.09370563924312592,51
2024-01-11 09:48:00+00:00,0.09373205900192261,0.09373205900192261,0.09373205900192261,0.09373205900192261,0.09373205900192261,0
2024-01-11 09:49:00+00:00,0.09384757280349731,0.09384757280349731,0.09384757280349731,0.09384757280349731,0.09384757280349731,8833
2024-01-11 09:50:00+00:00,0.09384757280349731,0.09384757280349731,0.09384757280349731,0.09384757280349731,0.09384757280349731,0
2024-01-11 09:51:00+00:00,0.09384530037641525,0.09384530037641525,0.09384530037641525,0.09384530037641525,0.09384530037641525,1571
2024-01-11 09:52:00+00:00,0.09381140023469925,0.09381140023469925,0.09381140023469925,0.09381140023469925,0.09381140023469925,19647
2024-01-11 09:53:00+00:00,0.09378315508365631,0.09378315508365631,0.09378315508365631,0.09378315508365631,0.09378315508365631,0
2024-01-11 09:54:00+00:00,0.09378315508365631,0.09378315508365631,0.09378315508365631,0.09378315508365631,0.09378315508365631,4640
2024-01-11 09:55:00+00:00,0.09376990050077438,0.09376990050077438,0.09376990050077438,0.09376990050077438,0.09376990050077438,4232
2024-01-11 09:56:00+00:00,0.09376061707735062,0.09376061707735062,0.09376061707735062,0.09376061707735062,0.09376061707735062,0
2024-01-11 09:57:00+00:00,0.09375235438346863,0.09375235438346863,0.09375235438346863,0.09375235438346863,0.09375235438346863,0
2024-01-11 09:58:00+00:00,0.09369296580553055,0.09369296580553055,0.09369296580553055,0.09369296580553055,0.09369296580553055,0
2024-01-11 09:59:00+00:00,0.09368626028299332,0.09368626028299332,0.09368626028299332,0.09368626028299332,0.09368626028299332,0
2024-01-11 10:00:00+00:00,0.09367948025465012,0.09367948025465012,0.09367948025465012,0.09367948025465012,0.09367948025465012,0
2024-01-11 10:01:00+00:00,0.09364987164735794,0.09364987164735794,0.09364987164735794,0.09364987164735794,0.09364987164735794,0
2024-01-11 10:02:00+00:00,0.09363748133182526,0.09363748133182526,0.09363748133182526,0.09363748133182526,0.09363748133182526,0
2024-01-11 10:03:00+00:00,0.09364356100559235,0.09364356100559235,0.09364356100559235,0.09364356100559235,0.09364356100559235,0
2024-01-11 10:04:00+00:00,0.09373439848423004,0.09373439848423004,0.09373439848423004,0.09373439848423004,0.09373439848423004,0
2024-01-11 10:05:00+00:00,0.09376384317874908,0.09376384317874908,0.09376384317874908,0.09376384317874908,0.09376384317874908,7205
2024-01-11 10:06:00+00:00,0.09379597008228302,0.09379597008228302,0.09379597008228302,0.09379597008228302,0.09379597008228302,8017
2024-01-11 10:07:00+00:00,0.09384840726852417,0.09384840726852417,0.09384840726852417,0.09384840726852417,0.09384840726852417,0
2024-01-11 10:08:00+00:00,0.09383996576070786,0.09383996576070786,0.09383996576070786,0.09383996576070786,0.09383996576070786,1464
2024-01-11 10:09:00+00:00,0.09382817149162292,0.09382817149162292,0.09382817149162292,0.09382817149162292,0.09382817149162292,2306
2024-01-11 10:10:00+00:00,0.09380032867193222,0.09380032867193222,0.09380032867193222,0.09380032867193222,0.09380032867193222,2882
2024-01-11 10:11:00+00:00,0.09379855543375015,0.09379855543375015,0.09379855543375015,0.09379855543375015,0.09379855543375015,0
2024-01-11 10:12:00+00:00,0.09381096065044403,0.09381096065044403,0.09381096065044403,0.09381096065044403,0.09381096065044403,2735
2024-01-11 10:13:00+00:00,0.09374966472387314,0.09374966472387314,0.09374966472387314,0.09374966472387314,0.09374966472387314,10237
2024-01-11 10:14:00+00:00,0.09376345574855804,0.09376345574855804,0.09376345574855804,0.09376345574855804,0.09376345574855804,0
2024-01-11 10:15:00+00:00,0.09377709031105042,0.09377709031105042,0.09377709031105042,0.09377709031105042,0.09377709031105042,0
2024-01-11 10:16:00+00:00,0.09388018399477005,0.09388018399477005,0.09388018399477005,0.09388018399477005,0.09388018399477005,1913
2024-01-11 10:17:00+00:00,0.0939144417643547,0.0939144417643547,0.0939144417643547,0.0939144417643547,0.0939144417643547,0
2024-01-11 10:18:00+00:00,0.0939006581902504,0.0939006581902504,0.0939006581902504,0.0939006581902504,0.0939006581902504,10443
2024-01-11 10:19:00+00:00,0.09393218159675598,0.09393218159675598,0.09393218159675598,0.09393218159675598,0.09393218159675598,20470
2024-01-11 10:20:00+00:00,0.0940050259232521,0.0940050259232521,0.0940050259232521,0.0940050259232521,0.0940050259232521,2405
2024-01-11 10:21:00+00:00,0.09404999017715454,0.09404999017715454,0.09404999017715454,0.09404999017715454,0.09404999017715454,6254
2024-01-11 10:22:00+00:00,0.09405773133039474,0.09405773133039474,0.09405773133039474,0.09405773133039474,0.09405773133039474,0
2024-01-11 10:23:00+00:00,0.09404699504375458,0.09404699504375458,0.09404699504375458,0.09404699504375458,0.09404699504375458,1278
2024-01-11 10:24:00+00:00,0.09404613822698593,0.09404613822698593,0.09404613822698593,0.09404613822698593,0.09404613822698593,14504
2024-01-11 10:25:00+00:00,0.09404896199703217,0.09404896199703217,0.09404896199703217,0.09404896199703217,0.09404896199703217,20547
2024-01-11 10:26:00+00:00,0.09405311942100525,0.09405311942100525,0.09405311942100525,0.09405311942100525,0.09405311942100525,13774
2024-01-11 10:27:00+00:00,0.09405430406332016,0.09405430406332016,0.09405430406332016,0.09405430406332016,0.09405430406332016,0
2024-01-11 10:28:00+00:00,0.09411672502756119,0.09411672502756119,0.09411672502756119,0.09411672502756119,0.09411672502756119,14813
2024-01-11 10:29:00+00:00,0.09412670880556107,0.09412670880556107,0.09412670880556107,0.09412670880556107,0.09412670880556107,685
2024-01-11 10:30:00+00:00,0.09413804113864899,0.09413804113864899,0.09413804113864899,0.09413804113864899,0.09413804113864899,4774
2024-01-11 10:31:00+00:00,0.09417536109685898,0.09417536109685898,0.09417536109685898,0.09417536109685898,0.09417536109685898,18644
2024-01-11 10:32:00+00:00,0.09417010098695755,0.09417010098695755,0.09417010098695755,0.09417010098695755,0.09417010098695755,175
2024-01-11 10:33:00+00:00,0.0941697359085083,0.0941697359085083,0.0941697359085083,0.0941697359085083,0.0941697359085083,0
2024-01-11 10:34:00+00:00,0.09406108409166336,0.09406108409166336,0.09406108409166336,0.09406108409166336,0.09406108409166336,3578
2024-01-11 10:35:00+00:00,0.09406255930662155,0.09406255930662155,0.09406255930662155,0.09406255930662155,0.09406255930662155,0
2024-01-11 10:36:00+00:00,0.09404802322387695,0.09404802322387695,0.09404802322387695,0.09404802322387695,0.09404802322387695,1140
2024-01-11 10:37:00+00:00,0.09409519284963608,0.09409519284963608,0.09409519284963608,0.09409519284963608,0.09409519284963608,0
2024-01-11 10:38:00+00:00,0.0941103994846344,0.0941103994846344,0.0941103994846344,0.0941103994846344,0.0941103994846344,0
2024-01-11 10:39:00+00:00,0.09411471337080002,0.09411471337080002,0.09411471337080002,0.09411471337080002,0.09411471337080002,2861
2024-01-11 10:40:00+00:00,0.09414989501237869,0.09414989501237869,0.09414989501237869,0.09414989501237869,0.09414989501237869,0
2024-01-11 10:41:00+00:00,0.0941893458366394,0.0941893458366394,0.0941893458366394,0.0941893458366394,0.0941893458366394,3182
2024-01-11 10:42:00+00:00,0.09422148019075394,0.09422148019075394,0.09422148019075394,0.09422148019075394,0.09422148019075394,0
2024-01-11 10:43:00+00:00,0.09435240924358368,0.09435240924358368,0.09435240924358368,0.09435240924358368,0.09435240924358368,24513
2024-01-11 10:44:00+00:00,0.0943547859787941,0.0943547859787941,0.0943547859787941,0.0943547859787941,0.0943547859787941,1440
2024-01-11 10:45:00+00:00,0.09436146914958954,0.09436146914958954,0.09436146914958954,0.09436146914958954,0.09436146914958954,8598
2024-01-11 10:46:00+00:00,0.09445945173501968,0.09445945173501968,0.09445945173501968,0.09445945173501968,0.09445945173501968,15217
2024-01-11 10:47:00+00:00,0.09447428584098816,0.09447428584098816,0.09447428584098816,0.09447428584098816,0.09447428584098816,2874
2024-01-11 10:48:00+00:00,0.09447740763425827,0.09447740763425827,0.09447740763425827,0.09447740763425827,0.09447740763425827,2360
2024-01-11 10:49:00+00:00,0.09453094750642776,0.09453094750642776,0.09453094750642776,0.09453094750642776,0.09453094750642776,0
2024-01-11 10:50:00+00:00,0.09452750533819199,0.09452750533819199,0.09452750533819199,0.09452750533819199,0.09452750533819199,0
2024-01-11 10:51:00+00:00,0.0945381298661232,0.0945381298661232,0.0945381298661232,0.0945381298661232,0.0945381298661232,0
2024-01-11 10:52:00+00:00,0.09463845938444138,0.09463845938444138,0.09463845938444138,0.09463845938444138,0.09463845938444138,22398
2024-01-11 10:53:00+00:00,0.09464211761951447,0.09464211761951447,0.09464211761951447,0.09464211761951447,0.09464211761951447,2792
2024-01-11 10:54:00+00:00,0.09462914615869522,0.09462914615869522,0.09462914615869522,0.09462914615869522,0.09462914615869522,6044
2024-01-11 10:55:00+00:00,0.09464647620916367,0.09464647620916367,0.09464647620916367,0.09464647620916367,0.09464647620916367,35144
2024-01-11 10:56:00+00:00,0.09463236480951309,0.09463236480951309,0.09463236480951309,0.09463236480951309,0.09463236480951309,13554
2024-01-11 10:57:00+00:00,0.09464943408966064,0.09464943408966064,0.09464943408966064,0.09464943408966064,0.09464943408966064,7488
2024-01-11 10:58:00+00:00,0.09466046839952469,0.09466046839952469,0.09466046839952469,0.09466046839952469,0.09466046839952469,8026
2024-01-11 10:59:00+00:00,0.09453278034925461,0.09453278034925461,0.09453278034925461,0.09453278034925461,0.09453278034925461,0
2024-01-11 11:00:00+00:00,0.09455937147140503,0.09455937147140503,0.09455937147140503,0.09455937147140503,0.09455937147140503,0
2024-01-11 11:01:00+00:00,0.09456774592399597,0.09456774592399597,0.09456774592399597,0.09456774592399597,0.09456774592399597,0
2024-01-11 11:02:00+00:00,0.09450128674507141,0.09450128674507141,0.09450128674507141,0.09450128674507141,0.09450128674507141,902
2024-01-11 11:03:00+00:00,0.09448233991861343,0.09448233991861343,0.09448233991861343,0.09448233991861343,0.09448233991861343,0
2024-01-11 11:04:00+00:00,0.0943848192691803,0.0943848192691803,0.0943848192691803,0.0943848192691803,0.0943848192691803,2858
2024-01-11 11:05:00+00:00,0.09435691684484482,0.09435691684484482,0.09435691684484482,0.09435691684484482,0.09435691684484482,168
2024-01-11 11:06:00+00:00,0.09430696070194244,0.09430696070194244,0.09430696070194244,0.09430696070194244,0.09430696070194244,3766
2024-01-11 11:07:00+00:00,0.0941469743847847,0.0941469743847847,0.0941469743847847,0.0941469743847847,0.0941469743847847,23244
2024-01-11 11:08:00+00:00,0.0941484272480011,0.0941484272480011,0.0941484272480011,0.0941484272480011,0.0941484272480011,682
2024-01-11 11:09:00+00:00,0.09417469054460526,0.09417469054460526,0.09417469054460526,0.09417469054460526,0.09417469054460526,7036
2024-01-11 11:10:00+00:00,0.09426910430192947,0.09426910430192947,0.09426910430192947,0.09426910430192947,0.09426910430192947,27898
2024-01-11 11:11:00+00:00,0.09429816901683807,0.09429816901683807,0.09429816901683807,0.09429816901683807,0.09429816901683807,978
2024-01-11 11:12:00+00:00,0.09429816901683807,0.09429816901683807,0.09429816901683807,0.09429816901683807,0.09429816901683807,1028
2024-01-11 11:13:00+00:00,0.09428974241018295,0.09428974241018295,0.09428974241018295,0.09428974241018295,0.09428974241018295,10328
2024-01-11 11:14:00+00:00,0.09429945051670074,0.09429945051670074,0.09429945051670074,0.09429945051670074,0.09429945051670074,0
2024-01-11 11:15:00+00:00,0.0943010151386261,0.0943010151386261,0.0943010151386261,0.0943010151386261,0.0943010151386261,5118
2024-01-11 11:16:00+00:00,0.09449812024831772,0.09449812024831772,0.09449812024831772,0.09449812024831772,0.09449812024831772,30330
2024-01-11 11:17:00+00:00,0.09444890916347504,0.09444890916347504,0.09444890916347504,0.09444890916347504,0.09444890916347504,1092
2024-01-11 11:18:00+00:00,0.09447454661130905,0.09447454661130905,0.09447454661130905,0.09447454661130905,0.09447454661130905,0
2024-01-11 11:19:00+00:00,0.09443659335374832,0.09443659335374832,0.09443659335374832,0.09443659335374832,0.09443659335374832,3936
2024-01-11 11:20:00+00:00,0.0944279208779335,0.0944279208779335,0.0944279208779335,0.0944279208779335,0.0944279208779335,2358
2024-01-11 11:21:00+00:00,0.0944221019744873,0.0944221019744873,0.0944221019744873,0.0944221019744873,0.0944221019744873,0
2024-01-11 11:23:00+00:00,0.09436353296041489,0.09436353296041489,0.09436353296041489,0.09436353296041489,0.09436353296041489,0
2024-01-11 11:24:00+00:00,0.09436619281768799,0.09436619281768799,0.09436619281768799,0.09436619281768799,0.09436619281768799,1932
2024-01-11 11:25:00+00:00,0.09443170577287674,0.09443170577287674,0.09443170577287674,0.09443170577287674,0.09443170577287674,3478
2024-01-11 11:26:00+00:00,0.09445909410715103,0.09445909410715103,0.09445909410715103,0.09445909410715103,0.09445909410715103,41714
2024-01-11 11:27:00+00:00,0.09445830434560776,0.09445830434560776,0.09445830434560776,0.09445830434560776,0.09445830434560776,0
2024-01-11 11:28:00+00:00,0.09437179565429688,0.09437179565429688,0.09437179565429688,0.09437179565429688,0.09437179565429688,0
2024-01-11 11:29:00+00:00,0.0944102555513382,0.0944102555513382,0.0944102555513382,0.0944102555513382,0.0944102555513382,0
2024-01-11 11:30:00+00:00,0.0944102555513382,0.0944102555513382,0.0944102555513382,0.0944102555513382,0.0944102555513382,0
2024-01-11 11:31:00+00:00,0.09447534382343292,0.09447534382343292,0.09447534382343292,0.09447534382343292,0.09447534382343292,19790
2024-01-11 11:32:00+00:00,0.09450958669185638,0.09450958669185638,0.09450958669185638,0.09450958669185638,0.09450958669185638,0
2024-01-11 11:33:00+00:00,0.09446099400520325,0.09446099400520325,0.09446099400520325,0.09446099400520325,0.09446099400520325,606
2024-01-11 11:34:00+00:00,0.09427498281002045,0.09427498281002045,0.09427498281002045,0.09427498281002045,0.09427498281002045,0
2024-01-11 11:35:00+00:00,0.09429322183132172,0.09429322183132172,0.09429322183132172,0.09429322183132172,0.09429322183132172,0
2024-01-11 11:36:00+00:00,0.09425469487905502,0.09425469487905502,0.09425469487905502,0.09425469487905502,0.09425469487905502,3504
2024-01-11 11:37:00+00:00,0.09419271349906921,0.09419271349906921,0.09419271349906921,0.09419271349906921,0.09419271349906921,0
2024-01-11 11:38:00+00:00,0.09420627355575562,0.09420627355575562,0.09420627355575562,0.09420627355575562,0.09420627355575562,6464
2024-01-11 11:39:00+00:00,0.09420888870954514,0.09420888870954514,0.09420888870954514,0.09420888870954514,0.09420888870954514,974
2024-01-11 11:40:00+00:00,0.09414005279541016,0.09414005279541016,0.09414005279541016,0.09414005279541016,0.09414005279541016,4604
2024-01-11 11:41:00+00:00,0.09415444731712341,0.09415444731712341,0.09415444731712341,0.09415444731712341,0.09415444731712341,0
2024-01-11 11:42:00+00:00,0.09418411552906036,0.09418411552906036,0.09418411552906036,0.09418411552906036,0.09418411552906036,1918
2024-01-11 11:43:00+00:00,0.09430025517940521,0.09430025517940521,0.09430025517940521,0.09430025517940521,0.09430025517940521,17648
2024-01-11 11:44:00+00:00,0.09437841922044754,0.09437841922044754,0.09437841922044754,0.09437841922044754,0.09437841922044754,9938
2024-01-11 11:45:00+00:00,0.09439186751842499,0.09439186751842499,0.09439186751842499,0.09439186751842499,0.09439186751842499,16866
2024-01-11 11:46:00+00:00,0.09434386342763901,0.09434386342763901,0.09434386342763901,0.09434386342763901,0.09434386342763901,0
2024-01-11 11:47:00+00:00,0.0943467915058136,0.0943467915058136,0.0943467915058136,0.0943467915058136,0.0943467915058136,694
2024-01-11 11:48:00+00:00,0.0943269431591034,0.0943269431591034,0.0943269431591034,0.0943269431591034,0.0943269431591034,3868
2024-01-11 11:49:00+00:00,0.0943269431591034,0.0943269431591034,0.0943269431591034,0.0943269431591034,0.0943269431591034,0
2024-01-11 11:50:00+00:00,0.09436146169900894,0.09436146169900894,0.09436146169900894,0.09436146169900894,0.09436146169900894,0
2024-01-11 11:51:00+00:00,0.09436146169900894,0.09436146169900894,0.09436146169900894,0.09436146169900894,0.09436146169900894,0
2024-01-11 11:52:00+00:00,0.09439132362604141,0.09439132362604141,0.09439132362604141,0.09439132362604141,0.09439132362604141,35414
2024-01-11 11:53:00+00:00,0.09444472938776016,0.09444472938776016,0.09444472938776016,0.09444472938776016,0.09444472938776016,0
2024-01-11 11:54:00+00:00,0.094456747174263,0.094456747174263,0.094456747174263,0.094456747174263,0.094456747174263,0
2024-01-11 11:55:00+00:00,0.0945671945810318,0.0945671945810318,0.0945671945810318,0.0945671945810318,0.0945671945810318,0
2024-01-11 11:56:00+00:00,0.09461543709039688,0.09461543709039688,0.09461543709039688,0.09461543709039688,0.09461543709039688,0
2024-01-11 11:57:00+00:00,0.09461644291877747,0.09461644291877747,0.09461644291877747,0.09461644291877747,0.09461644291877747,4096
2024-01-11 11:58:00+00:00,0.09460583329200745,0.09460583329200745,0.09460583329200745,0.09460583329200745,0.09460583329200745,9388
2024-01-11 11:59:00+00:00,0.09463353455066681,0.09463353455066681,0.09463353455066681,0.09463353455066681,0.09463353455066681,0
2024-01-11 12:00:00+00:00,0.094636470079422,0.094636470079422,0.094636470079422,0.094636470079422,0.094636470079422,2490
2024-01-11 12:01:00+00:00,0.09464634209871292,0.09464634209871292,0.09464634209871292,0.09464634209871292,0.09464634209871292,1190
2024-01-11 12:02:00+00:00,0.09464459866285324,0.09464459866285324,0.09464459866285324,0.09464459866285324,0.09464459866285324,0
2024-01-11 12:03:00+00:00,0.09460733830928802,0.09460733830928802,0.09460733830928802,0.09460733830928802,0.09460733830928802,2000
2024-01-11 12:04:00+00:00,0.0946565717458725,0.0946565717458725,0.0946565717458725,0.0946565717458725,0.0946565717458725,1440
2024-01-11 12:05:00+00:00,0.09469065815210342,0.09469065815210342,0.09469065815210342,0.09469065815210342,0.09469065815210342,11906
2024-01-11 12:06:00+00:00,0.094713494181633,0.094713494181633,0.094713494181633,0.094713494181633,0.094713494181633,5206
2024-01-11 12:07:00+00:00,0.09473878890275955,0.09473878890275955,0.09473878890275955,0.09473878890275955,0.09473878890275955,31826
2024-01-11 12:08:00+00:00,0.09475455433130264,0.09475455433130264,0.09475455433130264,0.09475455433130264,0.09475455433130264,2604
2024-01-11 12:09:00+00:00,0.09475455433130264,0.09475455433130264,0.09475455433130264,0.09475455433130264,0.09475455433130264,20916
2024-01-11 12:10:00+00:00,0.0947679653763771,0.0947679653763771,0.0947679653763771,0.0947679653763771,0.0947679653763771,5776
2024-01-11 12:11:00+00:00,0.09477665275335312,0.09477665275335312,0.09477665275335312,0.09477665275335312,0.09477665275335312,0
2024-01-11 12:12:00+00:00,0.09475786983966827,0.09475786983966827,0.09475786983966827,0.09475786983966827,0.09475786983966827,8896
2024-01-11 12:13:00+00:00,0.09470543265342712,0.09470543265342712,0.09470543265342712,0.09470543265342712,0.09470543265342712,25702
2024-01-11 12:14:00+00:00,0.09469828754663467,0.09469828754663467,0.09469828754663467,0.09469828754663467,0.09469828754663467,4196
2024-01-11 12:15:00+00:00,0.09470067918300629,0.09470067918300629,0.09470067918300629,0.09470067918300629,0.09470067918300629,0
2024-01-11 12:16:00+00:00,0.09469187259674072,0.09469187259674072,0.09469187259674072,0.09469187259674072,0.09469187259674072,18708
2024-01-11 12:17:00+00:00,0.09473475813865662,0.09473475813865662,0.09473475813865662,0.09473475813865662,0.09473475813865662,14436
2024-01-11 12:18:00+00:00,0.09472876787185669,0.09472876787185669,0.09472876787185669,0.09472876787185669,0.09472876787185669,3438
2024-01-11 12:19:00+00:00,0.09471636265516281,0.09471636265516281,0.09471636265516281,0.09471636265516281,0.09471636265516281,1454
2024-01-11 12:20:00+00:00,0.09474364668130875,0.09474364668130875,0.09474364668130875,0.09474364668130875,0.09474364668130875,0
2024-01-11 12:21:00+00:00,0.09471706300973892,0.09471706300973892,0.09471706300973892,0.09471706300973892,0.09471706300973892,34
2024-01-11 12:22:00+00:00,0.09473194926977158,0.09473194926977158,0.09473194926977158,0.09473194926977158,0.09473194926977158,0
2024-01-11 12:23:00+00:00,0.09473679214715958,0.09473679214715958,0.09473679214715958,0.09473679214715958,0.09473679214715958,606
2024-01-11 12:24:00+00:00,0.09474093466997147,0.09474093466997147,0.09474093466997147,0.09474093466997147,0.09474093466997147,39694
2024-01-11 12:25:00+00:00,0.09480412304401398,0.09480412304401398,0.09480412304401398,0.09480412304401398,0.09480412304401398,0
2024-01-11 12:26:00+00:00,0.09478852897882462,0.09478852897882462,0.09478852897882462,0.09478852897882462,0.09478852897882462,1606
2024-01-11 12:27:00+00:00,0.09479378908872604,0.09479378908872604,0.09479378908872604,0.09479378908872604,0.09479378908872604,20650
2024-01-11 12:28:00+00:00,0.0949222669005394,0.0949222669005394,0.0949222669005394,0.0949222669005394,0.0949222669005394,4858
2024-01-11 12:29:00+00:00,0.0949336364865303,0.0949336364865303,0.0949336364865303,0.0949336364865303,0.0949336364865303,238
2024-01-11 12:30:00+00:00,0.09496625512838364,0.09496625512838364,0.09496625512838364,0.09496625512838364,0.09496625512838364,0
2024-01-11 12:31:00+00:00,0.09504105150699615,0.09504105150699615,0.09504105150699615,0.09504105150699615,0.09504105150699615,0
2024-01-11 12:32:00+00:00,0.095069020986557,0.095069020986557,0.095069020986557,0.095069020986557,0.095069020986557,1236
2024-01-11 12:33:00+00:00,0.09504822641611099,0.09504822641611099,0.09504822641611099,0.09504822641611099,0.09504822641611099,0
2024-01-11 12:34:00+00:00,0.09504034370183945,0.09504034370183945,0.09504034370183945,0.09504034370183945,0.09504034370183945,4496
2024-01-11 12:35:00+00:00,0.09504278004169464,0.09504278004169464,0.09504278004169464,0.09504278004169464,0.09504278004169464,3050
2024-01-11 12:36:00+00:00,0.09508220106363297,0.09508220106363297,0.09508220106363297,0.09508220106363297,0.09508220106363297,0
2024-01-11 12:37:00+00:00,0.0951700434088707,0.0951700434088707,0.0951700434088707,0.0951700434088707,0.0951700434088707,22484
2024-01-11 12:38:00+00:00,0.09519331157207489,0.09519331157207489,0.09519331157207489,0.09519331157207489,0.09519331157207489,0
2024-01-11 12:39:00+00:00,0.09523595124483109,0.09523595124483109,0.09523595124483109,0.09523595124483109,0.09523595124483109,19116
2024-01-11 12:40:00+00:00,0.09536132961511612,0.09536132961511612,0.09536132961511612,0.09536132961511612,0.09536132961511612,17608
2024-01-11 12:41:00+00:00,0.09539894014596939,0.09539894014596939,0.09539894014596939,0.09539894014596939,0.09539894014596939,1930
2024-01-11 12:42:00+00:00,0.09540298581123352,0.09540298581123352,0.09540298581123352,0.09540298581123352,0.09540298581123352,11904
2024-01-11 12:43:00+00:00,0.09542438387870789,0.09542438387870789,0.09542438387870789,0.09542438387870789,0.09542438387870789,15838
2024-01-11 12:44:00+00:00,0.09540535509586334,0.09540535509586334,0.09540535509586334,0.09540535509586334,0.09540535509586334,0
2024-01-11 12:45:00+00:00,0.09541090577840805,0.09541090577840805,0.09541090577840805,0.09541090577840805,0.09541090577840805,8458
2024-01-11 12:46:00+00:00,0.09543051570653915,0.09543051570653915,0.09543051570653915,0.09543051570653915,0.09543051570653915,43408
2024-01-11 12:47:00+00:00,0.09549963474273682,0.09549963474273682,0.09549963474273682,0.09549963474273682,0.09549963474273682,1082
2024-01-11 12:48:00+00:00,0.0954781025648117,0.0954781025648117,0.0954781025648117,0.0954781025648117,0.0954781025648117,8752
2024-01-11 12:49:00+00:00,0.09541875123977661,0.09541875123977661,0.09541875123977661,0.09541875123977661,0.09541875123977661,0
2024-01-11 12:50:00+00:00,0.09541357308626175,0.09541357308626175,0.09541357308626175,0.09541357308626175,0.09541357308626175,4740
2024-01-11 12:51:00+00:00,0.09544731676578522,0.09544731676578522,0.09544731676578522,0.09544731676578522,0.09544731676578522,0
2024-01-11 12:52:00+00:00,0.09542419016361237,0.09542419016361237,0.09542419016361237,0.09542419016361237,0.09542419016361237,0
2024-01-11 12:53:00+00:00,0.09540572762489319,0.09540572762489319,0.09540572762489319,0.09540572762489319,0.09540572762489319,7666
2024-01-11 12:54:00+00:00,0.09541099518537521,0.09541099518537521,0.09541099518537521,0.09541099518537521,0.09541099518537521,0
2024-01-11 12:55:00+00:00,0.09548816829919815,0.09548816829919815,0.09548816829919815,0.09548816829919815,0.09548816829919815,0
2024-01-11 12:56:00+00:00,0.0954858660697937,0.0954858660697937,0.0954858660697937,0.0954858660697937,0.0954858660697937,482
2024-01-11 12:57:00+00:00,0.09548419713973999,0.09548419713973999,0.09548419713973999,0.09548419713973999,0.09548419713973999,0
2024-01-11 12:58:00+00:00,0.09546530246734619,0.09546530246734619,0.09546530246734619,0.09546530246734619,0.09546530246734619,0
2024-01-11 12:59:00+00:00,0.0954236388206482,0.0954236388206482,0.0954236388206482,0.0954236388206482,0.0954236388206482,0
2024-01-11 13:00:00+00:00,0.09543168544769287,0.09543168544769287,0.09543168544769287,0.09543168544769287,0.09543168544769287,20731
2024-01-11 13:01:00+00:00,0.0954413115978241,0.0954413115978241,0.0954413115978241,0.0954413115978241,0.0954413115978241,0
2024-01-11 13:02:00+00:00,0.09543048590421677,0.09543048590421677,0.09543048590421677,0.09543048590421677,0.09543048590421677,0
2024-01-11 13:03:00+00:00,0.09543907642364502,0.09543907642364502,0.09543907642364502,0.09543907642364502,0.09543907642364502,0
2024-01-11 13:04:00+00:00,0.09527044743299484,0.09527044743299484,0.09527044743299484,0.09527044743299484,0.09527044743299484,0
2024-01-11 13:05:00+00:00,0.09516190737485886,0.09516190737485886,0.09516190737485886,0.09516190737485886,0.09516190737485886,0
2024-01-11 13:06:00+00:00,0.09519977867603302,0.09519977867603302,0.09519977867603302,0.09519977867603302,0.09519977867603302,3597
2024-01-11 13:07:00+00:00,0.09521184861660004,0.09521184861660004,0.09521184861660004,0.09521184861660004,0.09521184861660004,11398
2024-01-11 13:08:00+00:00,0.09522759914398193,0.09522759914398193,0.09522759914398193,0.09522759914398193,0.09522759914398193,3812
2024-01-11 13:09:00+00:00,0.09525544941425323,0.09525544941425323,0.09525544941425323,0.09525544941425323,0.09525544941425323,0
2024-01-11 13:10:00+00:00,0.09536172449588776,0.09536172449588776,0.09536172449588776,0.09536172449588776,0.09536172449588776,11655
2024-01-11 13:11:00+00:00,0.09539236128330231,0.09539236128330231,0.09539236128330231,0.09539236128330231,0.09539236128330231,0
2024-01-11 13:12:00+00:00,0.09539003670215607,0.09539003670215607,0.09539003670215607,0.09539003670215607,0.09539003670215607,4110
2024-01-11 13:13:00+00:00,0.09542720764875412,0.09542720764875412,0.09542720764875412,0.09542720764875412,0.09542720764875412,855
2024-01-11 13:14:00+00:00,0.0954400822520256,0.0954400822520256,0.0954400822520256,0.0954400822520256,0.0954400822520256,0
2024-01-11 13:15:00+00:00,0.09548191726207733,0.09548191726207733,0.09548191726207733,0.09548191726207733,0.09548191726207733,0
2024-01-11 13:16:00+00:00,0.0954737439751625,0.0954737439751625,0.0954737439751625,0.0954737439751625,0.0954737439751625,3914
2024-01-11 13:17:00+00:00,0.0953868180513382,0.0953868180513382,0.0953868180513382,0.0953868180513382,0.0953868180513382,0
2024-01-11 13:18:00+00:00,0.09538978338241577,0.09538978338241577,0.09538978338241577,0.09538978338241577,0.09538978338241577,29434
2024-01-11 13:19:00+00:00,0.09557579457759857,0.09557579457759857,0.09557579457759857,0.09557579457759857,0.09557579457759857,30644
2024-01-11 13:20:00+00:00,0.09557579457759857,0.09557579457759857,0.09557579457759857,0.09557579457759857,0.09557579457759857,1122
2024-01-11 13:21:00+00:00,0.09556727111339569,0.09556727111339569,0.09556727111339569,0.09556727111339569,0.09556727111339569,7688
2024-01-11 13:22:00+00:00,0.0956379771232605,0.0956379771232605,0.0956379771232605,0.0956379771232605,0.0956379771232605,17896
2024-01-11 13:23:00+00:00,0.09566749632358551,0.09566749632358551,0.09566749632358551,0.09566749632358551,0.09566749632358551,912
2024-01-11 13:24:00+00:00,0.09568138420581818,0.09568138420581818,0.09568138420581818,0.09568138420581818,0.09568138420581818,20896
2024-01-11 13:25:00+00:00,0.0957532450556755,0.0957532450556755,0.0957532450556755,0.0957532450556755,0.0957532450556755,17898
2024-01-11 13:26:00+00:00,0.09574543684720993,0.09574543684720993,0.09574543684720993,0.09574543684720993,0.09574543684720993,5252
2024-01-11 13:27:00+00:00,0.09573958069086075,0.09573958069086075,0.09573958069086075,0.09573958069086075,0.09573958069086075,2288
2024-01-11 13:28:00+00:00,0.09575274586677551,0.09575274586677551,0.09575274586677551,0.09575274586677551,0.09575274586677551,11402
2024-01-11 13:29:00+00:00,0.09569291025400162,0.09569291025400162,0.09569291025400162,0.09569291025400162,0.09569291025400162,2326
2024-01-11 13:30:00+00:00,0.09572476148605347,0.09572476148605347,0.09572476148605347,0.09572476148605347,0.09572476148605347,0
2024-01-11 13:31:00+00:00,0.09561792761087418,0.09561792761087418,0.09561792761087418,0.09561792761087418,0.09561792761087418,0
2024-01-11 13:32:00+00:00,0.09550033509731293,0.09550033509731293,0.09550033509731293,0.09550033509731293,0.09550033509731293,968
2024-01-11 13:33:00+00:00,0.09543723613023758,0.09543723613023758,0.09543723613023758,0.09543723613023758,0.09543723613023758,0
2024-01-11 13:34:00+00:00,0.0951789990067482,0.0951789990067482,0.0951789990067482,0.0951789990067482,0.0951789990067482,119384
2024-01-11 13:35:00+00:00,0.09521138668060303,0.09521138668060303,0.09521138668060303,0.09521138668060303,0.09521138668060303,4560
2024-01-11 13:36:00+00:00,0.09523733705282211,0.09523733705282211,0.09523733705282211,0.09523733705282211,0.09523733705282211,34594
2024-01-11 13:37:00+00:00,0.09540210664272308,0.09540210664272308,0.09540210664272308,0.09540210664272308,0.09540210664272308,31356
2024-01-11 13:38:00+00:00,0.09537669271230698,0.09537669271230698,0.09537669271230698,0.09537669271230698,0.09537669271230698,97952
2024-01-11 13:39:00+00:00,0.09535298496484756,0.09535298496484756,0.09535298496484756,0.09535298496484756,0.09535298496484756,24068
2024-01-11 13:40:00+00:00,0.09527561068534851,0.09527561068534851,0.09527561068534851,0.09527561068534851,0.09527561068534851,54596
2024-01-11 13:41:00+00:00,0.0952581912279129,0.0952581912279129,0.0952581912279129,0.0952581912279129,0.0952581912279129,3154
2024-01-11 13:42:00+00:00,0.0952005609869957,0.0952005609869957,0.0952005609869957,0.0952005609869957,0.0952005609869957,1666
2024-01-11 13:43:00+00:00,0.09507367014884949,0.09507367014884949,0.09507367014884949,0.09507367014884949,0.09507367014884949,0
2024-01-11 13:44:00+00:00,0.0950794517993927,0.0950794517993927,0.0950794517993927,0.0950794517993927,0.0950794517993927,15300
2024-01-11 13:45:00+00:00,0.09508634358644485,0.09508634358644485,0.09508634358644485,0.09508634358644485,0.09508634358644485,9418
2024-01-11 13:46:00+00:00,0.0950479656457901,0.0950479656457901,0.0950479656457901,0.0950479656457901,0.0950479656457901,11542
2024-01-11 13:47:00+00:00,0.09525588154792786,0.09525588154792786,0.09525588154792786,0.09525588154792786,0.09525588154792786,41394
2024-01-11 13:48:00+00:00,0.09530261158943176,0.09530261158943176,0.09530261158943176,0.09530261158943176,0.09530261158943176,18292
2024-01-11 13:49:00+00:00,0.09556392580270767,0.09556392580270767,0.09556392580270767,0.09556392580270767,0.09556392580270767,381700
2024-01-11 13:50:00+00:00,0.0960504487156868,0.0960504487156868,0.0960504487156868,0.0960504487156868,0.0960504487156868,6982
2024-01-11 13:51:00+00:00,0.09604371339082718,0.09604371339082718,0.09604371339082718,0.09604371339082718,0.09604371339082718,48250
2024-01-11 13:52:00+00:00,0.09584717452526093,0.09584717452526093,0.09584717452526093,0.09584717452526093,0.09584717452526093,69410
2024-01-11 13:53:00+00:00,0.09581159055233002,0.09581159055233002,0.09581159055233002,0.09581159055233002,0.09581159055233002,171286
2024-01-11 13:54:00+00:00,0.09573470056056976,0.09573470056056976,0.09573470056056976,0.09573470056056976,0.09573470056056976,9548
2024-01-11 13:55:00+00:00,0.0953850969672203,0.0953850969672203,0.0953850969672203,0.0953850969672203,0.0953850969672203,0
2024-01-11 13:56:00+00:00,0.095358707010746,0.095358707010746,0.095358707010746,0.095358707010746,0.095358707010746,0
2024-01-11 13:57:00+00:00,0.09536589682102203,0.09536589682102203,0.09536589682102203,0.09536589682102203,0.09536589682102203,0
2024-01-11 13:58:00+00:00,0.09532453864812851,0.09532453864812851,0.09532453864812851,0.09532453864812851,0.09532453864812851,0
2024-01-11 13:59:00+00:00,0.09531018882989883,0.09531018882989883,0.09531018882989883,0.09531018882989883,0.09531018882989883,0
2024-01-11 14:00:00+00:00,0.0953364297747612,0.0953364297747612,0.0953364297747612,0.0953364297747612,0.0953364297747612,0
2024-01-11 14:01:00+00:00,0.09530233591794968,0.09530233591794968,0.09530233591794968,0.09530233591794968,0.09530233591794968,25420
2024-01-11 14:02:00+00:00,0.09531807899475098,0.09531807899475098,0.09531807899475098,0.09531807899475098,0.09531807899475098,0
2024-01-11 14:03:00+00:00,0.09532363712787628,0.09532363712787628,0.09532363712787628,0.09532363712787628,0.09532363712787628,0
2024-01-11 14:04:00+00:00,0.0955609530210495,0.0955609530210495,0.0955609530210495,0.0955609530210495,0.0955609530210495,10382
2024-01-11 14:05:00+00:00,0.09555679559707642,0.09555679559707642,0.09555679559707642,0.09555679559707642,0.09555679559707642,26892
2024-01-11 14:06:00+00:00,0.09554541110992432,0.09554541110992432,0.09554541110992432,0.09554541110992432,0.09554541110992432,24158
2024-01-11 14:07:00+00:00,0.09555841237306595,0.09555841237306595,0.09555841237306595,0.09555841237306595,0.09555841237306595,15816
2024-01-11 14:08:00+00:00,0.0955708920955658,0.0955708920955658,0.0955708920955658,0.0955708920955658,0.0955708920955658,18296
2024-01-11 14:09:00+00:00,0.09561397135257721,0.09561397135257721,0.09561397135257721,0.09561397135257721,0.09561397135257721,5548
2024-01-11 14:10:00+00:00,0.09561397135257721,0.09561397135257721,0.09561397135257721,0.09561397135257721,0.09561397135257721,10164
2024-01-11 14:11:00+00:00,0.09552344679832458,0.09552344679832458,0.09552344679832458,0.09552344679832458,0.09552344679832458,0
2024-01-11 14:12:00+00:00,0.09550762176513672,0.09550762176513672,0.09550762176513672,0.09550762176513672,0.09550762176513672,0
2024-01-11 14:13:00+00:00,0.09537514299154282,0.09537514299154282,0.09537514299154282,0.09537514299154282,0.09537514299154282,0
2024-01-11 14:14:00+00:00,0.0953877717256546,0.0953877717256546,0.0953877717256546,0.0953877717256546,0.0953877717256546,0
2024-01-11 14:15:00+00:00,0.09537573158740997,0.09537573158740997,0.09537573158740997,0.09537573158740997,0.09537573158740997,1526
2024-01-11 14:17:00+00:00,0.09535691142082214,0.09535691142082214,0.09535691142082214,0.09535691142082214,0.09535691142082214,29440
2024-01-11 14:18:00+00:00,0.09535691142082214,0.09535691142082214,0.09535691142082214,0.09535691142082214,0.09535691142082214,10554
2024-01-11 14:19:00+00:00,0.09531428664922714,0.09531428664922714,0.09531428664922714,0.09531428664922714,0.09531428664922714,0
2024-01-11 14:20:00+00:00,0.09510431438684464,0.09510431438684464,0.09510431438684464,0.09510431438684464,0.09510431438684464,0
2024-01-11 14:21:00+00:00,0.09504812955856323,0.09504812955856323,0.09504812955856323,0.09504812955856323,0.09504812955856323,19698
2024-01-11 14:22:00+00:00,0.095002681016922,0.095002681016922,0.095002681016922,0.095002681016922,0.095002681016922,78962
2024-01-11 14:23:00+00:00,0.0950024202466011,0.0950024202466011,0.0950024202466011,0.0950024202466011,0.0950024202466011,9734
2024-01-11 14:24:00+00:00,0.09496335685253143,0.09496335685253143,0.09496335685253143,0.09496335685253143,0.09496335685253143,25062
2024-01-11 14:25:00+00:00,0.09489540010690689,0.09489540010690689,0.09489540010690689,0.09489540010690689,0.09489540010690689,11946
2024-01-11 14:26:00+00:00,0.09493658691644669,0.09493658691644669,0.09493658691644669,0.09493658691644669,0.09493658691644669,2710
2024-01-11 14:27:00+00:00,0.09501584619283676,0.09501584619283676,0.09501584619283676,0.09501584619283676,0.09501584619283676,0
2024-01-11 14:28:00+00:00,0.09508306533098221,0.09508306533098221,0.09508306533098221,0.09508306533098221,0.09508306533098221,23208
2024-01-11 14:29:00+00:00,0.09511885792016983,0.09511885792016983,0.09511885792016983,0.09511885792016983,0.09511885792016983,0
2024-01-11 14:30:00+00:00,0.095105841755867,0.095105841755867,0.095105841755867,0.095105841755867,0.095105841755867,9554
2024-01-11 14:31:00+00:00,0.09508386999368668,0.09508386999368668,0.09508386999368668,0.09508386999368668,0.09508386999368668,47660
2024-01-11 14:32:00+00:00,0.09511706233024597,0.09511706233024597,0.09511706233024597,0.09511706233024597,0.09511706233024597,980
2024-01-11 14:33:00+00:00,0.09521082043647766,0.09521082043647766,0.09521082043647766,0.09521082043647766,0.09521082043647766,0
2024-01-11 14:34:00+00:00,0.09515955299139023,0.09515955299139023,0.09515955299139023,0.09515955299139023,0.09515955299139023,0
2024-01-11 14:35:00+00:00,0.09512235969305038,0.09512235969305038,0.09512235969305038,0.09512235969305038,0.09512235969305038,34256
2024-01-11 14:36:00+00:00,0.09518203139305115,0.09518203139305115,0.09518203139305115,0.09518203139305115,0.09518203139305115,6538
2024-01-11 14:37:00+00:00,0.09518203139305115,0.09518203139305115,0.09518203139305115,0.09518203139305115,0.09518203139305115,28312
2024-01-11 14:38:00+00:00,0.09529589861631393,0.09529589861631393,0.09529589861631393,0.09529589861631393,0.09529589861631393,2594
2024-01-11 14:39:00+00:00,0.09529589861631393,0.09529589861631393,0.09529589861631393,0.09529589861631393,0.09529589861631393,17782
2024-01-11 14:40:00+00:00,0.09547342360019684,0.09547342360019684,0.09547342360019684,0.09547342360019684,0.09547342360019684,65360
2024-01-11 14:41:00+00:00,0.09550502151250839,0.09550502151250839,0.09550502151250839,0.09550502151250839,0.09550502151250839,37646
2024-01-11 14:42:00+00:00,0.09552936255931854,0.09552936255931854,0.09552936255931854,0.09552936255931854,0.09552936255931854,0
2024-01-11 14:43:00+00:00,0.09568803757429123,0.09568803757429123,0.09568803757429123,0.09568803757429123,0.09568803757429123,60558
2024-01-11 14:44:00+00:00,0.09574072062969208,0.09574072062969208,0.09574072062969208,0.09574072062969208,0.09574072062969208,0
2024-01-11 14:45:00+00:00,0.09579592198133469,0.09579592198133469,0.09579592198133469,0.09579592198133469,0.09579592198133469,23438
2024-01-11 14:46:00+00:00,0.09592480212450027,0.09592480212450027,0.09592480212450027,0.09592480212450027,0.09592480212450027,42142
2024-01-11 14:47:00+00:00,0.09592511504888535,0.09592511504888535,0.09592511504888535,0.09592511504888535,0.09592511504888535,1846
2024-01-11 14:48:00+00:00,0.09592720121145248,0.09592720121145248,0.09592720121145248,0.09592720121145248,0.09592720121145248,36118
2024-01-11 14:49:00+00:00,0.09636850655078888,0.09636850655078888,0.09636850655078888,0.09636850655078888,0.09636850655078888,131932
2024-01-11 14:50:00+00:00,0.09638562798500061,0.09638562798500061,0.09638562798500061,0.09638562798500061,0.09638562798500061,0
2024-01-11 14:51:00+00:00,0.09637771546840668,0.09637771546840668,0.09637771546840668,0.09637771546840668,0.09637771546840668,10858
2024-01-11 14:52:00+00:00,0.09650760143995285,0.09650760143995285,0.09650760143995285,0.09650760143995285,0.09650760143995285,51074
2024-01-11 14:53:00+00:00,0.09648578613996506,0.09648578613996506,0.09648578613996506,0.09648578613996506,0.09648578613996506,1988
2024-01-11 14:54:00+00:00,0.09646234661340714,0.09646234661340714,0.09646234661340714,0.09646234661340714,0.09646234661340714,53024
2024-01-11 14:55:00+00:00,0.09632407873868942,0.09632407873868942,0.09632407873868942,0.09632407873868942,0.09632407873868942,69150
2024-01-11 14:58:00+00:00,0.09610950201749802,0.09610950201749802,0.09610950201749802,0.09610950201749802,0.09610950201749802,30406
2024-01-11 14:59:00+00:00,0.09622614085674286,0.09622614085674286,0.09622614085674286,0.09622614085674286,0.09622614085674286,10574
2024-01-11 15:00:00+00:00,0.09622614085674286,0.09622614085674286,0.09622614085674286,0.09622614085674286,0.09622614085674286,5838
2024-01-11 15:01:00+00:00,0.09632308781147003,0.09632308781147003,0.09632308781147003,0.09632308781147003,0.09632308781147003,60920
2024-01-11 15:02:00+00:00,0.09641605615615845,0.09641605615615845,0.09641605615615845,0.09641605615615845,0.09641605615615845,8452
2024-01-11 15:03:00+00:00,0.09642354398965836,0.09642354398965836,0.09642354398965836,0.09642354398965836,0.09642354398965836,0
2024-01-11 15:04:00+00:00,0.0963960662484169,0.0963960662484169,0.0963960662484169,0.0963960662484169,0.0963960662484169,18026
2024-01-11 15:05:00+00:00,0.09622392058372498,0.09622392058372498,0.09622392058372498,0.09622392058372498,0.09622392058372498,0
2024-01-11 15:06:00+00:00,0.09609236568212509,0.09609236568212509,0.09609236568212509,0.09609236568212509,0.09609236568212509,5626
2024-01-11 15:07:00+00:00,0.09574902057647705,0.09574902057647705,0.09574902057647705,0.09574902057647705,0.09574902057647705,0
2024-01-11 15:08:00+00:00,0.09578254818916321,0.09578254818916321,0.09578254818916321,0.09578254818916321,0.09578254818916321,0
2024-01-11 15:09:00+00:00,0.09579482674598694,0.09579482674598694,0.09579482674598694,0.09579482674598694,0.09579482674598694,13752
2024-01-11 15:10:00+00:00,0.09580294042825699,0.09580294042825699,0.09580294042825699,0.09580294042825699,0.09580294042825699,34854
2024-01-11 15:11:00+00:00,0.09574802219867706,0.09574802219867706,0.09574802219867706,0.09574802219867706,0.09574802219867706,926
2024-01-11 15:12:00+00:00,0.09575358033180237,0.09575358033180237,0.09575358033180237,0.09575358033180237,0.09575358033180237,0
2024-01-11 15:13:00+00:00,0.09580734372138977,0.09580734372138977,0.09580734372138977,0.09580734372138977,0.09580734372138977,0
2024-01-11 15:14:00+00:00,0.09577476233243942,0.09577476233243942,0.09577476233243942,0.09577476233243942,0.09577476233243942,5940
2024-01-11 15:15:00+00:00,0.09571792930364609,0.09571792930364609,0.09571792930364609,0.09571792930364609,0.09571792930364609,8734
2024-01-11 15:16:00+00:00,0.09559398144483566,0.09559398144483566,0.09559398144483566,0.09559398144483566,0.09559398144483566,0
2024-01-11 15:17:00+00:00,0.09547235071659088,0.09547235071659088,0.09547235071659088,0.09547235071659088,0.09547235071659088,806
2024-01-11 15:18:00+00:00,0.0954272598028183,0.0954272598028183,0.0954272598028183,0.0954272598028183,0.0954272598028183,0
2024-01-11 15:19:00+00:00,0.09514382481575012,0.09514382481575012,0.09514382481575012,0.09514382481575012,0.09514382481575012,806
2024-01-11 15:20:00+00:00,0.0948619395494461,0.0948619395494461,0.0948619395494461,0.0948619395494461,0.0948619395494461,0
2024-01-11 15:21:00+00:00,0.09487772732973099,0.09487772732973099,0.09487772732973099,0.09487772732973099,0.09487772732973099,2194
2024-01-11 15:22:00+00:00,0.0948241576552391,0.0948241576552391,0.0948241576552391,0.0948241576552391,0.0948241576552391,9726
2024-01-11 15:23:00+00:00,0.09486228972673416,0.09486228972673416,0.09486228972673416,0.09486228972673416,0.09486228972673416,34266
2024-01-11 15:24:00+00:00,0.09486673772335052,0.09486673772335052,0.09486673772335052,0.09486673772335052,0.09486673772335052,4046
2024-01-11 15:25:00+00:00,0.09473507851362228,0.09473507851362228,0.09473507851362228,0.09473507851362228,0.09473507851362228,15170
2024-01-11 15:26:00+00:00,0.09474439173936844,0.09474439173936844,0.09474439173936844,0.09474439173936844,0.09474439173936844,0
2024-01-11 15:27:00+00:00,0.09473884105682373,0.09473884105682373,0.09473884105682373,0.09473884105682373,0.09473884105682373,20798
2024-01-11 15:28:00+00:00,0.09471350908279419,0.09471350908279419,0.09471350908279419,0.09471350908279419,0.09471350908279419,24390
2024-01-11 15:29:00+00:00,0.09466944634914398,0.09466944634914398,0.09466944634914398,0.09466944634914398,0.09466944634914398,726
2024-01-11 15:30:00+00:00,0.09472347050905228,0.09472347050905228,0.09472347050905228,0.09472347050905228,0.09472347050905228,0
2024-01-11 15:31:00+00:00,0.09472347050905228,0.09472347050905228,0.09472347050905228,0.09472347050905228,0.09472347050905228,35314
2024-01-11 15:32:00+00:00,0.09479005634784698,0.09479005634784698,0.09479005634784698,0.09479005634784698,0.09479005634784698,0
2024-01-11 15:33:00+00:00,0.09483987838029861,0.09483987838029861,0.09483987838029861,0.09483987838029861,0.09483987838029861,17070
2024-01-11 15:34:00+00:00,0.0949847400188446,0.0949847400188446,0.0949847400188446,0.0949847400188446,0.0949847400188446,60490
2024-01-11 15:36:00+00:00,0.09488191455602646,0.09488191455602646,0.09488191455602646,0.09488191455602646,0.09488191455602646,52008
2024-01-11 15:37:00+00:00,0.09491081535816193,0.09491081535816193,0.09491081535816193,0.09491081535816193,0.09491081535816193,35326
2024-01-11 15:38:00+00:00,0.09489323198795319,0.09489323198795319,0.09489323198795319,0.09489323198795319,0.09489323198795319,238
2024-01-11 15:39:00+00:00,0.09488969296216965,0.09488969296216965,0.09488969296216965,0.09488969296216965,0.09488969296216965,3334
2024-01-11 15:40:00+00:00,0.09488969296216965,0.09488969296216965,0.09488969296216965,0.09488969296216965,0.09488969296216965,7832
2024-01-11 15:41:00+00:00,0.09471246600151062,0.09471246600151062,0.09471246600151062,0.09471246600151062,0.09471246600151062,946
2024-01-11 15:42:00+00:00,0.09470293670892715,0.09470293670892715,0.09470293670892715,0.09470293670892715,0.09470293670892715,0
2024-01-11 15:43:00+00:00,0.09425241500139236,0.09425241500139236,0.09425241500139236,0.09425241500139236,0.09425241500139236,14730
2024-01-11 15:44:00+00:00,0.0942571759223938,0.0942571759223938,0.0942571759223938,0.0942571759223938,0.0942571759223938,12984
2024-01-11 15:45:00+00:00,0.09426654875278473,0.09426654875278473,0.09426654875278473,0.09426654875278473,0.09426654875278473,81226
2024-01-11 15:46:00+00:00,0.09422942996025085,0.09422942996025085,0.09422942996025085,0.09422942996025085,0.09422942996025085,70374
2024-01-11 15:47:00+00:00,0.09381046146154404,0.09381046146154404,0.09381046146154404,0.09381046146154404,0.09381046146154404,5698
2024-01-11 15:48:00+00:00,0.09381046146154404,0.09381046146154404,0.09381046146154404,0.09381046146154404,0.09381046146154404,4884
2024-01-11 15:49:00+00:00,0.0935753658413887,0.0935753658413887,0.0935753658413887,0.0935753658413887,0.0935753658413887,25020
2024-01-11 15:50:00+00:00,0.09347405284643173,0.09347405284643173,0.09347405284643173,0.09347405284643173,0.09347405284643173,7268
2024-01-11 15:51:00+00:00,0.09337707608938217,0.09337707608938217,0.09337707608938217,0.09337707608938217,0.09337707608938217,0
2024-01-11 15:52:00+00:00,0.09309595078229904,0.09309595078229904,0.09309595078229904,0.09309595078229904,0.09309595078229904,0
2024-01-11 15:53:00+00:00,0.09309431165456772,0.09309431165456772,0.09309431165456772,0.09309431165456772,0.09309431165456772,49370
2024-01-11 15:54:00+00:00,0.0931030660867691,0.0931030660867691,0.0931030660867691,0.0931030660867691,0.0931030660867691,0
2024-01-11 15:55:00+00:00,0.09315941482782364,0.09315941482782364,0.09315941482782364,0.09315941482782364,0.09315941482782364,96570
2024-01-11 15:56:00+00:00,0.09323971718549728,0.09323971718549728,0.09323971718549728,0.09323971718549728,0.09323971718549728,4716
2024-01-11 15:57:00+00:00,0.09323295950889587,0.09323295950889587,0.09323295950889587,0.09323295950889587,0.09323295950889587,0
2024-01-11 15:58:00+00:00,0.09325622767210007,0.09325622767210007,0.09325622767210007,0.09325622767210007,0.09325622767210007,36142
2024-01-11 15:59:00+00:00,0.09328927099704742,0.09328927099704742,0.09328927099704742,0.09328927099704742,0.09328927099704742,0
2024-01-11 16:00:00+00:00,0.09332931786775589,0.09332931786775589,0.09332931786775589,0.09332931786775589,0.09332931786775589,0
2024-01-11 16:01:00+00:00,0.09336724132299423,0.09336724132299423,0.09336724132299423,0.09336724132299423,0.09336724132299423,13196
2024-01-11 16:02:00+00:00,0.09343215078115463,0.09343215078115463,0.09343215078115463,0.09343215078115463,0.09343215078115463,4544
2024-01-11 16:03:00+00:00,0.09354405105113983,0.09354405105113983,0.09354405105113983,0.09354405105113983,0.09354405105113983,0
2024-01-11 16:04:00+00:00,0.09396965801715851,0.09396965801715851,0.09396965801715851,0.09396965801715851,0.09396965801715851,39104
2024-01-11 16:05:00+00:00,0.09398934990167618,0.09398934990167618,0.09398934990167618,0.09398934990167618,0.09398934990167618,33464
2024-01-11 16:06:00+00:00,0.09397529065608978,0.09397529065608978,0.09397529065608978,0.09397529065608978,0.09397529065608978,40252
2024-01-11 16:07:00+00:00,0.09385893493890762,0.09385893493890762,0.09385893493890762,0.09385893493890762,0.09385893493890762,0
2024-01-11 16:09:00+00:00,0.09377387166023254,0.09377387166023254,0.09377387166023254,0.09377387166023254,0.09377387166023254,0
2024-01-11 16:10:00+00:00,0.09348687529563904,0.09348687529563904,0.09348687529563904,0.09348687529563904,0.09348687529563904,0
2024-01-11 16:11:00+00:00,0.0931861400604248,0.0931861400604248,0.0931861400604248,0.0931861400604248,0.0931861400604248,0
2024-01-11 16:12:00+00:00,0.09324358403682709,0.09324358403682709,0.09324358403682709,0.09324358403682709,0.09324358403682709,25580
2024-01-11 16:13:00+00:00,0.09262701869010925,0.09262701869010925,0.09262701869010925,0.09262701869010925,0.09262701869010925,34690
2024-01-11 16:15:00+00:00,0.09252564609050751,0.09252564609050751,0.09252564609050751,0.09252564609050751,0.09252564609050751,0
2024-01-11 16:16:00+00:00,0.09241703897714615,0.09241703897714615,0.09241703897714615,0.09241703897714615,0.09241703897714615,20546
2024-01-11 16:17:00+00:00,0.09201567620038986,0.09201567620038986,0.09201567620038986,0.09201567620038986,0.09201567620038986,1472
2024-01-11 16:18:00+00:00,0.09201036393642426,0.09201036393642426,0.09201036393642426,0.09201036393642426,0.09201036393642426,5970
2024-01-11 16:19:00+00:00,0.09207133948802948,0.09207133948802948,0.09207133948802948,0.09207133948802948,0.09207133948802948,22228
2024-01-11 16:20:00+00:00,0.09200137108564377,0.09200137108564377,0.09200137108564377,0.09200137108564377,0.09200137108564377,125154
2024-01-11 16:21:00+00:00,0.0920068547129631,0.0920068547129631,0.0920068547129631,0.0920068547129631,0.0920068547129631,20176
2024-01-11 16:22:00+00:00,0.09199275821447372,0.09199275821447372,0.09199275821447372,0.09199275821447372,0.09199275821447372,70336
2024-01-11 16:23:00+00:00,0.09198726713657379,0.09198726713657379,0.09198726713657379,0.09198726713657379,0.09198726713657379,1196
2024-01-11 16:24:00+00:00,0.09194362908601761,0.09194362908601761,0.09194362908601761,0.09194362908601761,0.09194362908601761,28174
2024-01-11 16:25:00+00:00,0.09184955060482025,0.09184955060482025,0.09184955060482025,0.09184955060482025,0.09184955060482025,2136
2024-01-11 16:26:00+00:00,0.09174582362174988,0.09174582362174988,0.09174582362174988,0.09174582362174988,0.09174582362174988,26462
2024-01-11 16:27:00+00:00,0.09174975007772446,0.09174975007772446,0.09174975007772446,0.09174975007772446,0.09174975007772446,0
2024-01-11 16:28:00+00:00,0.09176771342754364,0.09176771342754364,0.09176771342754364,0.09176771342754364,0.09176771342754364,25820
2024-01-11 16:29:00+00:00,0.09176349639892578,0.09176349639892578,0.09176349639892578,0.09176349639892578,0.09176349639892578,0
2024-01-11 16:30:00+00:00,0.09168525040149689,0.09168525040149689,0.09168525040149689,0.09168525040149689,0.09168525040149689,12986
2024-01-11 16:31:00+00:00,0.09149638563394547,0.09149638563394547,0.09149638563394547,0.09149638563394547,0.09149638563394547,0
2024-01-11 16:32:00+00:00,0.09147593379020691,0.09147593379020691,0.09147593379020691,0.09147593379020691,0.09147593379020691,0
2024-01-11 16:33:00+00:00,0.09151873737573624,0.09151873737573624,0.09151873737573624,0.09151873737573624,0.09151873737573624,13836
2024-01-11 16:34:00+00:00,0.09135157614946365,0.09135157614946365,0.09135157614946365,0.09135157614946365,0.09135157614946365,49320
2024-01-11 16:35:00+00:00,0.09132750332355499,0.09132750332355499,0.09132750332355499,0.09132750332355499,0.09132750332355499,18284
2024-01-11 16:36:00+00:00,0.09148156642913818,0.09148156642913818,0.09148156642913818,0.09148156642913818,0.09148156642913818,32464
2024-01-11 16:37:00+00:00,0.09161010384559631,0.09161010384559631,0.09161010384559631,0.09161010384559631,0.09161010384559631,186066
2024-01-11 16:39:00+00:00,0.09186238050460815,0.09186238050460815,0.09186238050460815,0.09186238050460815,0.09186238050460815,17348
2024-01-11 16:40:00+00:00,0.09185385704040527,0.09185385704040527,0.09185385704040527,0.09185385704040527,0.09185385704040527,76264
2024-01-11 16:42:00+00:00,0.09186453372240067,0.09186453372240067,0.09186453372240067,0.09186453372240067,0.09186453372240067,2678
2024-01-11 16:43:00+00:00,0.09200507402420044,0.09200507402420044,0.09200507402420044,0.09200507402420044,0.09200507402420044,53684
2024-01-11 16:44:00+00:00,0.09200489521026611,0.09200489521026611,0.09200489521026611,0.09200489521026611,0.09200489521026611,12938
2024-01-11 16:45:00+00:00,0.09200489521026611,0.09200489521026611,0.09200489521026611,0.09200489521026611,0.09200489521026611,34578
2024-01-11 16:46:00+00:00,0.09193239361047745,0.09193239361047745,0.09193239361047745,0.09193239361047745,0.09193239361047745,5018
2024-01-11 16:47:00+00:00,0.09193530678749084,0.09193530678749084,0.09193530678749084,0.09193530678749084,0.09193530678749084,444
2024-01-11 16:48:00+00:00,0.09197437018156052,0.09197437018156052,0.09197437018156052,0.09197437018156052,0.09197437018156052,0
2024-01-11 16:49:00+00:00,0.09200537204742432,0.09200537204742432,0.09200537204742432,0.09200537204742432,0.09200537204742432,3504
2024-01-11 16:50:00+00:00,0.09211351722478867,0.09211351722478867,0.09211351722478867,0.09211351722478867,0.09211351722478867,20514
2024-01-11 16:51:00+00:00,0.09207834303379059,0.09207834303379059,0.09207834303379059,0.09207834303379059,0.09207834303379059,1454
2024-01-11 16:52:00+00:00,0.09196145087480545,0.09196145087480545,0.09196145087480545,0.09196145087480545,0.09196145087480545,0
2024-01-11 16:53:00+00:00,0.09187326580286026,0.09187326580286026,0.09187326580286026,0.09187326580286026,0.09187326580286026,244
2024-01-11 16:54:00+00:00,0.09188330918550491,0.09188330918550491,0.09188330918550491,0.09188330918550491,0.09188330918550491,0
2024-01-11 16:55:00+00:00,0.09194958955049515,0.09194958955049515,0.09194958955049515,0.09194958955049515,0.09194958955049515,0
2024-01-11 16:56:00+00:00,0.0918915867805481,0.0918915867805481,0.0918915867805481,0.0918915867805481,0.0918915867805481,8134
2024-01-11 16:57:00+00:00,0.09182700514793396,0.09182700514793396,0.09182700514793396,0.09182700514793396,0.09182700514793396,2942
2024-01-11 16:58:00+00:00,0.09181583672761917,0.09181583672761917,0.09181583672761917,0.09181583672761917,0.09181583672761917,0
2024-01-11 16:59:00+00:00,0.0918411985039711,0.0918411985039711,0.0918411985039711,0.0918411985039711,0.0918411985039711,694
2024-01-11 17:00:00+00:00,0.09184204787015915,0.09184204787015915,0.09184204787015915,0.09184204787015915,0.09184204787015915,0
2024-01-11 17:01:00+00:00,0.09181708842515945,0.09181708842515945,0.09181708842515945,0.09181708842515945,0.09181708842515945,0
2024-01-11 17:03:00+00:00,0.09188178926706314,0.09188178926706314,0.09188178926706314,0.09188178926706314,0.09188178926706314,0
2024-01-11 17:04:00+00:00,0.09200002998113632,0.09200002998113632,0.09200002998113632,0.09200002998113632,0.09200002998113632,16788
2024-01-11 17:05:00+00:00,0.09198827296495438,0.09198827296495438,0.09198827296495438,0.09198827296495438,0.09198827296495438,350
2024-01-11 17:06:00+00:00,0.09207865595817566,0.09207865595817566,0.09207865595817566,0.09207865595817566,0.09207865595817566,8156
2024-01-11 17:07:00+00:00,0.09228476136922836,0.09228476136922836,0.09228476136922836,0.09228476136922836,0.09228476136922836,79706
2024-01-11 17:08:00+00:00,0.09238756448030472,0.09238756448030472,0.09238756448030472,0.09238756448030472,0.09238756448030472,3116
2024-01-11 17:09:00+00:00,0.09241940826177597,0.09241940826177597,0.09241940826177597,0.09241940826177597,0.09241940826177597,7246
2024-01-11 17:10:00+00:00,0.09272024780511856,0.09272024780511856,0.09272024780511856,0.09272024780511856,0.09272024780511856,56966
2024-01-11 17:11:00+00:00,0.09273740649223328,0.09273740649223328,0.09273740649223328,0.09273740649223328,0.09273740649223328,0
2024-01-11 17:12:00+00:00,0.092730313539505,0.092730313539505,0.092730313539505,0.092730313539505,0.092730313539505,5244
2024-01-11 17:13:00+00:00,0.09298929572105408,0.09298929572105408,0.09298929572105408,0.09298929572105408,0.09298929572105408,19806
2024-01-11 17:14:00+00:00,0.09297357499599457,0.09297357499599457,0.09297357499599457,0.09297357499599457,0.09297357499599457,0
2024-01-11 17:15:00+00:00,0.09296832978725433,0.09296832978725433,0.09296832978725433,0.09296832978725433,0.09296832978725433,14976
2024-01-11 17:16:00+00:00,0.09275989979505539,0.09275989979505539,0.09275989979505539,0.09275989979505539,0.09275989979505539,0
2024-01-11 17:17:00+00:00,0.09262193739414215,0.09262193739414215,0.09262193739414215,0.09262193739414215,0.09262193739414215,0
2024-01-11 17:18:00+00:00,0.09256699681282043,0.09256699681282043,0.09256699681282043,0.09256699681282043,0.09256699681282043,0
2024-01-11 17:19:00+00:00,0.09248946607112885,0.09248946607112885,0.09248946607112885,0.09248946607112885,0.09248946607112885,15822
2024-01-11 17:20:00+00:00,0.0921819880604744,0.0921819880604744,0.0921819880604744,0.0921819880604744,0.0921819880604744,0
2024-01-11 17:21:00+00:00,0.0921819880604744,0.0921819880604744,0.0921819880604744,0.0921819880604744,0.0921819880604744,10182
2024-01-11 17:22:00+00:00,0.09210347384214401,0.09210347384214401,0.09210347384214401,0.09210347384214401,0.09210347384214401,3948
2024-01-11 17:23:00+00:00,0.09206082671880722,0.09206082671880722,0.09206082671880722,0.09206082671880722,0.09206082671880722,0
2024-01-11 17:24:00+00:00,0.09205358475446701,0.09205358475446701,0.09205358475446701,0.09205358475446701,0.09205358475446701,0
2024-01-11 17:25:00+00:00,0.09199656546115875,0.09199656546115875,0.09199656546115875,0.09199656546115875,0.09199656546115875,0
2024-01-11 17:26:00+00:00,0.09182202816009521,0.09182202816009521,0.09182202816009521,0.09182202816009521,0.09182202816009521,0
2024-01-11 17:27:00+00:00,0.09182202816009521,0.09182202816009521,0.09182202816009521,0.09182202816009521,0.09182202816009521,8946
2024-01-11 17:28:00+00:00,0.0916484147310257,0.0916484147310257,0.0916484147310257,0.0916484147310257,0.0916484147310257,0
2024-01-11 17:29:00+00:00,0.09146405011415482,0.09146405011415482,0.09146405011415482,0.09146405011415482,0.09146405011415482,0
2024-01-11 17:30:00+00:00,0.09142570197582245,0.09142570197582245,0.09142570197582245,0.09142570197582245,0.09142570197582245,12088
2024-01-11 17:31:00+00:00,0.09132444858551025,0.09132444858551025,0.09132444858551025,0.09132444858551025,0.09132444858551025,49656
2024-01-11 17:32:00+00:00,0.09136629849672318,0.09136629849672318,0.09136629849672318,0.09136629849672318,0.09136629849672318,0
2024-01-11 17:33:00+00:00,0.09136752784252167,0.09136752784252167,0.09136752784252167,0.09136752784252167,0.09136752784252167,12402
2024-01-11 17:34:00+00:00,0.0915091261267662,0.0915091261267662,0.0915091261267662,0.0915091261267662,0.0915091261267662,38998
2024-01-11 17:35:00+00:00,0.09154488146305084,0.09154488146305084,0.09154488146305084,0.09154488146305084,0.09154488146305084,84
2024-01-11 17:36:00+00:00,0.09147870540618896,0.09147870540618896,0.09147870540618896,0.09147870540618896,0.09147870540618896,9194
2024-01-11 17:37:00+00:00,0.09145766496658325,0.09145766496658325,0.09145766496658325,0.09145766496658325,0.09145766496658325,0
2024-01-11 17:38:00+00:00,0.09146977216005325,0.09146977216005325,0.09146977216005325,0.09146977216005325,0.09146977216005325,21708
2024-01-11 17:39:00+00:00,0.09146977216005325,0.09146977216005325,0.09146977216005325,0.09146977216005325,0.09146977216005325,0
2024-01-11 17:40:00+00:00,0.09148963540792465,0.09148963540792465,0.09148963540792465,0.09148963540792465,0.09148963540792465,1982
2024-01-11 17:41:00+00:00,0.09157657623291016,0.09157657623291016,0.09157657623291016,0.09157657623291016,0.09157657623291016,0
2024-01-11 17:42:00+00:00,0.09161358326673508,0.09161358326673508,0.09161358326673508,0.09161358326673508,0.09161358326673508,0
2024-01-11 17:43:00+00:00,0.09187115728855133,0.09187115728855133,0.09187115728855133,0.09187115728855133,0.09187115728855133,31132
2024-01-11 17:44:00+00:00,0.09186837077140808,0.09186837077140808,0.09186837077140808,0.09186837077140808,0.09186837077140808,0
2024-01-11 17:45:00+00:00,0.09186837077140808,0.09186837077140808,0.09186837077140808,0.09186837077140808,0.09186837077140808,9290
2024-01-11 17:46:00+00:00,0.09194768220186234,0.09194768220186234,0.09194768220186234,0.09194768220186234,0.09194768220186234,0
2024-01-11 17:47:00+00:00,0.09197632968425751,0.09197632968425751,0.09197632968425751,0.09197632968425751,0.09197632968425751,828
2024-01-11 17:48:00+00:00,0.09199421107769012,0.09199421107769012,0.09199421107769012,0.09199421107769012,0.09199421107769012,0
2024-01-11 17:49:00+00:00,0.09202849864959717,0.09202849864959717,0.09202849864959717,0.09202849864959717,0.09202849864959717,0
2024-01-11 17:50:00+00:00,0.09208638966083527,0.09208638966083527,0.09208638966083527,0.09208638966083527,0.09208638966083527,0
2024-01-11 17:51:00+00:00,0.09210716933012009,0.09210716933012009,0.09210716933012009,0.09210716933012009,0.09210716933012009,11754
2024-01-11 17:52:00+00:00,0.09224900603294373,0.09224900603294373,0.09224900603294373,0.09224900603294373,0.09224900603294373,20544
2024-01-11 17:53:00+00:00,0.09228246659040451,0.09228246659040451,0.09228246659040451,0.09228246659040451,0.09228246659040451,0
2024-01-11 17:54:00+00:00,0.09223756939172745,0.09223756939172745,0.09223756939172745,0.09223756939172745,0.09223756939172745,0
2024-01-11 17:55:00+00:00,0.09216749668121338,0.09216749668121338,0.09216749668121338,0.09216749668121338,0.09216749668121338,0
2024-01-11 17:56:00+00:00,0.0921766385436058,0.0921766385436058,0.0921766385436058,0.0921766385436058,0.0921766385436058,142
2024-01-11 17:57:00+00:00,0.09217777103185654,0.09217777103185654,0.09217777103185654,0.09217777103185654,0.09217777103185654,220
2024-01-11 17:58:00+00:00,0.09218244254589081,0.09218244254589081,0.09218244254589081,0.09218244254589081,0.09218244254589081,0
2024-01-11 17:59:00+00:00,0.09219701588153839,0.09219701588153839,0.09219701588153839,0.09219701588153839,0.09219701588153839,0
2024-01-11 18:00:00+00:00,0.09219701588153839,0.09219701588153839,0.09219701588153839,0.09219701588153839,0.09219701588153839,3236
2024-01-11 18:01:00+00:00,0.09236395359039307,0.09236395359039307,0.09236395359039307,0.09236395359039307,0.09236395359039307,13520
2024-01-11 18:02:00+00:00,0.09233276546001434,0.09233276546001434,0.09233276546001434,0.09233276546001434,0.09233276546001434,904
2024-01-11 18:03:00+00:00,0.09231875091791153,0.09231875091791153,0.09231875091791153,0.09231875091791153,0.09231875091791153,0
2024-01-11 18:07:00+00:00,0.0920986533164978,0.0920986533164978,0.0920986533164978,0.0920986533164978,0.0920986533164978,0
2024-01-11 18:08:00+00:00,0.0920853540301323,0.0920853540301323,0.0920853540301323,0.0920853540301323,0.0920853540301323,724
2024-01-11 18:09:00+00:00,0.09207333624362946,0.09207333624362946,0.09207333624362946,0.09207333624362946,0.09207333624362946,4444
2024-01-11 18:10:00+00:00,0.09211542457342148,0.09211542457342148,0.09211542457342148,0.09211542457342148,0.09211542457342148,0
2024-01-11 18:11:00+00:00,0.0921010673046112,0.0921010673046112,0.0921010673046112,0.0921010673046112,0.0921010673046112,0
2024-01-11 18:12:00+00:00,0.09212350100278854,0.09212350100278854,0.09212350100278854,0.09212350100278854,0.09212350100278854,0
2024-01-11 18:13:00+00:00,0.09227406978607178,0.09227406978607178,0.09227406978607178,0.09227406978607178,0.09227406978607178,0
2024-01-11 18:14:00+00:00,0.09222616255283356,0.09222616255283356,0.09222616255283356,0.09222616255283356,0.09222616255283356,46626
2024-01-11 18:15:00+00:00,0.09219561517238617,0.09219561517238617,0.09219561517238617,0.09219561517238617,0.09219561517238617,3380
2024-01-11 18:16:00+00:00,0.09224197268486023,0.09224197268486023,0.09224197268486023,0.09224197268486023,0.09224197268486023,4090
2024-01-11 18:17:00+00:00,0.09227609634399414,0.09227609634399414,0.09227609634399414,0.09227609634399414,0.09227609634399414,4988
2024-01-11 18:18:00+00:00,0.09233267605304718,0.09233267605304718,0.09233267605304718,0.09233267605304718,0.09233267605304718,2010
2024-01-11 18:19:00+00:00,0.09239387512207031,0.09239387512207031,0.09239387512207031,0.09239387512207031,0.09239387512207031,2544
2024-01-11 18:20:00+00:00,0.09243721514940262,0.09243721514940262,0.09243721514940262,0.09243721514940262,0.09243721514940262,22412
2024-01-11 18:21:00+00:00,0.09240920841693878,0.09240920841693878,0.09240920841693878,0.09240920841693878,0.09240920841693878,3766
2024-01-11 18:22:00+00:00,0.0923224464058876,0.0923224464058876,0.0923224464058876,0.0923224464058876,0.0923224464058876,0
2024-01-11 18:23:00+00:00,0.09231804311275482,0.09231804311275482,0.09231804311275482,0.09231804311275482,0.09231804311275482,3128
2024-01-11 18:24:00+00:00,0.09232392907142639,0.09232392907142639,0.09232392907142639,0.09232392907142639,0.09232392907142639,112
2024-01-11 18:25:00+00:00,0.09242220968008041,0.09242220968008041,0.09242220968008041,0.09242220968008041,0.09242220968008041,29166
2024-01-11 18:26:00+00:00,0.09246949106454849,0.09246949106454849,0.09246949106454849,0.09246949106454849,0.09246949106454849,568
2024-01-11 18:27:00+00:00,0.09243599325418472,0.09243599325418472,0.09243599325418472,0.09243599325418472,0.09243599325418472,0
2024-01-11 18:28:00+00:00,0.09244872629642487,0.09244872629642487,0.09244872629642487,0.09244872629642487,0.09244872629642487,0
2024-01-11 18:29:00+00:00,0.09245818108320236,0.09245818108320236,0.09245818108320236,0.09245818108320236,0.09245818108320236,0
2024-01-11 18:30:00+00:00,0.09249246120452881,0.09249246120452881,0.09249246120452881,0.09249246120452881,0.09249246120452881,962
2024-01-11 18:31:00+00:00,0.0925784558057785,0.0925784558057785,0.0925784558057785,0.0925784558057785,0.0925784558057785,12212
2024-01-11 18:32:00+00:00,0.09259334951639175,0.09259334951639175,0.09259334951639175,0.09259334951639175,0.09259334951639175,0
2024-01-11 18:33:00+00:00,0.0926026701927185,0.0926026701927185,0.0926026701927185,0.0926026701927185,0.0926026701927185,7152
2024-01-11 18:34:00+00:00,0.09261515736579895,0.09261515736579895,0.09261515736579895,0.09261515736579895,0.09261515736579895,2848
2024-01-11 18:35:00+00:00,0.09262724220752716,0.09262724220752716,0.09262724220752716,0.09262724220752716,0.09262724220752716,3402
2024-01-11 18:36:00+00:00,0.09255332499742508,0.09255332499742508,0.09255332499742508,0.09255332499742508,0.09255332499742508,84
2024-01-11 18:37:00+00:00,0.09254632145166397,0.09254632145166397,0.09254632145166397,0.09254632145166397,0.09254632145166397,0
2024-01-11 18:38:00+00:00,0.09256987273693085,0.09256987273693085,0.09256987273693085,0.09256987273693085,0.09256987273693085,0
2024-01-11 18:39:00+00:00,0.0925987958908081,0.0925987958908081,0.0925987958908081,0.0925987958908081,0.0925987958908081,1358
2024-01-11 18:40:00+00:00,0.09269890934228897,0.09269890934228897,0.09269890934228897,0.09269890934228897,0.09269890934228897,24868
2024-01-11 18:41:00+00:00,0.09276998788118362,0.09276998788118362,0.09276998788118362,0.09276998788118362,0.09276998788118362,3210
2024-01-11 18:42:00+00:00,0.09277467429637909,0.09277467429637909,0.09277467429637909,0.09277467429637909,0.09277467429637909,390
2024-01-11 18:43:00+00:00,0.09289195388555527,0.09289195388555527,0.09289195388555527,0.09289195388555527,0.09289195388555527,3474
2024-01-11 18:44:00+00:00,0.09290292114019394,0.09290292114019394,0.09290292114019394,0.09290292114019394,0.09290292114019394,852
2024-01-11 18:45:00+00:00,0.09287870675325394,0.09287870675325394,0.09287870675325394,0.09287870675325394,0.09287870675325394,1948
2024-01-11 18:46:00+00:00,0.09277981519699097,0.09277981519699097,0.09277981519699097,0.09277981519699097,0.09277981519699097,0
2024-01-11 18:47:00+00:00,0.0927642211318016,0.0927642211318016,0.0927642211318016,0.0927642211318016,0.0927642211318016,8260
2024-01-11 18:48:00+00:00,0.0927642211318016,0.0927642211318016,0.0927642211318016,0.0927642211318016,0.0927642211318016,2310
2024-01-11 18:49:00+00:00,0.09266193956136703,0.09266193956136703,0.09266193956136703,0.09266193956136703,0.09266193956136703,0
2024-01-11 18:50:00+00:00,0.09261937439441681,0.09261937439441681,0.09261937439441681,0.09261937439441681,0.09261937439441681,0
2024-01-11 18:51:00+00:00,0.09260884672403336,0.09260884672403336,0.09260884672403336,0.09260884672403336,0.09260884672403336,7242
2024-01-11 18:52:00+00:00,0.09259810298681259,0.09259810298681259,0.09259810298681259,0.09259810298681259,0.09259810298681259,0
2024-01-11 18:53:00+00:00,0.09237305819988251,0.09237305819988251,0.09237305819988251,0.09237305819988251,0.09237305819988251,0
2024-01-11 18:54:00+00:00,0.09238606691360474,0.09238606691360474,0.09238606691360474,0.09238606691360474,0.09238606691360474,2552
2024-01-11 18:55:00+00:00,0.09245765954256058,0.09245765954256058,0.09245765954256058,0.09245765954256058,0.09245765954256058,0
2024-01-11 18:56:00+00:00,0.09248670935630798,0.09248670935630798,0.09248670935630798,0.09248670935630798,0.09248670935630798,0
2024-01-11 18:57:00+00:00,0.09250018000602722,0.09250018000602722,0.09250018000602722,0.09250018000602722,0.09250018000602722,0
2024-01-11 18:58:00+00:00,0.09248810261487961,0.09248810261487961,0.09248810261487961,0.09248810261487961,0.09248810261487961,0
2024-01-11 18:59:00+00:00,0.09252550452947617,0.09252550452947617,0.09252550452947617,0.09252550452947617,0.09252550452947617,0
2024-01-11 19:00:00+00:00,0.09252550452947617,0.09252550452947617,0.09252550452947617,0.09252550452947617,0.09252550452947617,6676
2024-01-11 19:01:00+00:00,0.09256694465875626,0.09256694465875626,0.09256694465875626,0.09256694465875626,0.09256694465875626,10130
2024-01-11 19:02:00+00:00,0.09260052442550659,0.09260052442550659,0.09260052442550659,0.09260052442550659,0.09260052442550659,0
2024-01-11 19:03:00+00:00,0.09254245460033417,0.09254245460033417,0.09254245460033417,0.09254245460033417,0.09254245460033417,0
2024-01-11 19:04:00+00:00,0.09253565222024918,0.09253565222024918,0.09253565222024918,0.09253565222024918,0.09253565222024918,16892
2024-01-11 19:05:00+00:00,0.09247230738401413,0.09247230738401413,0.09247230738401413,0.09247230738401413,0.09247230738401413,750
2024-01-11 19:06:00+00:00,0.09245721250772476,0.09245721250772476,0.09245721250772476,0.09245721250772476,0.09245721250772476,0
2024-01-11 19:07:00+00:00,0.09237635135650635,0.09237635135650635,0.09237635135650635,0.09237635135650635,0.09237635135650635,0
2024-01-11 19:08:00+00:00,0.09236587584018707,0.09236587584018707,0.09236587584018707,0.09236587584018707,0.09236587584018707,0
2024-01-11 19:09:00+00:00,0.09236587584018707,0.09236587584018707,0.09236587584018707,0.09236587584018707,0.09236587584018707,0
2024-01-11 19:10:00+00:00,0.09239082038402557,0.09239082038402557,0.09239082038402557,0.09239082038402557,0.09239082038402557,0
2024-01-11 19:11:00+00:00,0.09238410741090775,0.09238410741090775,0.09238410741090775,0.09238410741090775,0.09238410741090775,0
2024-01-11 19:12:00+00:00,0.0923769623041153,0.0923769623041153,0.0923769623041153,0.0923769623041153,0.0923769623041153,0
2024-01-11 19:13:00+00:00,0.09232617914676666,0.09232617914676666,0.09232617914676666,0.09232617914676666,0.09232617914676666,0
2024-01-11 19:14:00+00:00,0.09232067316770554,0.09232067316770554,0.09232067316770554,0.09232067316770554,0.09232067316770554,0
2024-01-11 19:15:00+00:00,0.0922967940568924,0.0922967940568924,0.0922967940568924,0.0922967940568924,0.0922967940568924,0
2024-01-11 19:16:00+00:00,0.09226582944393158,0.09226582944393158,0.09226582944393158,0.09226582944393158,0.09226582944393158,1214
2024-01-11 19:17:00+00:00,0.09223806113004684,0.09223806113004684,0.09223806113004684,0.09223806113004684,0.09223806113004684,0
2024-01-11 19:18:00+00:00,0.09225192666053772,0.09225192666053772,0.09225192666053772,0.09225192666053772,0.09225192666053772,6330
2024-01-11 19:19:00+00:00,0.09222449362277985,0.09222449362277985,0.09222449362277985,0.09222449362277985,0.09222449362277985,19418
2024-01-11 19:20:00+00:00,0.09221289306879044,0.09221289306879044,0.09221289306879044,0.09221289306879044,0.09221289306879044,17902
2024-01-11 19:21:00+00:00,0.0922136977314949,0.0922136977314949,0.0922136977314949,0.0922136977314949,0.0922136977314949,0
2024-01-11 19:22:00+00:00,0.09211830794811249,0.09211830794811249,0.09211830794811249,0.09211830794811249,0.09211830794811249,0
2024-01-11 19:23:00+00:00,0.09208114445209503,0.09208114445209503,0.09208114445209503,0.09208114445209503,0.09208114445209503,3488
2024-01-11 19:24:00+00:00,0.09207747876644135,0.09207747876644135,0.09207747876644135,0.09207747876644135,0.09207747876644135,0
2024-01-11 19:25:00+00:00,0.09208282083272934,0.09208282083272934,0.09208282083272934,0.09208282083272934,0.09208282083272934,0
2024-01-11 19:26:00+00:00,0.0920485407114029,0.0920485407114029,0.0920485407114029,0.0920485407114029,0.0920485407114029,0
2024-01-11 19:27:00+00:00,0.09204638749361038,0.09204638749361038,0.09204638749361038,0.09204638749361038,0.09204638749361038,954
2024-01-11 19:28:00+00:00,0.09210123121738434,0.09210123121738434,0.09210123121738434,0.09210123121738434,0.09210123121738434,18854
2024-01-11 19:29:00+00:00,0.0921017974615097,0.0921017974615097,0.0921017974615097,0.0921017974615097,0.0921017974615097,0
2024-01-11 19:30:00+00:00,0.09210962802171707,0.09210962802171707,0.09210962802171707,0.09210962802171707,0.09210962802171707,198
2024-01-11 19:31:00+00:00,0.09210217744112015,0.09210217744112015,0.09210217744112015,0.09210217744112015,0.09210217744112015,0
2024-01-11 19:32:00+00:00,0.09211442619562149,0.09211442619562149,0.09211442619562149,0.09211442619562149,0.09211442619562149,2258
2024-01-11 19:33:00+00:00,0.09210464358329773,0.09210464358329773,0.09210464358329773,0.09210464358329773,0.09210464358329773,4144
2024-01-11 19:34:00+00:00,0.09201984852552414,0.09201984852552414,0.09201984852552414,0.09201984852552414,0.09201984852552414,0
2024-01-11 19:35:00+00:00,0.09193824231624603,0.09193824231624603,0.09193824231624603,0.09193824231624603,0.09193824231624603,0
2024-01-11 19:36:00+00:00,0.09194745868444443,0.09194745868444443,0.09194745868444443,0.09194745868444443,0.09194745868444443,350
2024-01-11 19:37:00+00:00,0.09194305539131165,0.09194305539131165,0.09194305539131165,0.09194305539131165,0.09194305539131165,0
2024-01-11 19:38:00+00:00,0.09193558245897293,0.09193558245897293,0.09193558245897293,0.09193558245897293,0.09193558245897293,0
2024-01-11 19:39:00+00:00,0.09194017946720123,0.09194017946720123,0.09194017946720123,0.09194017946720123,0.09194017946720123,0
2024-01-11 19:40:00+00:00,0.09199345111846924,0.09199345111846924,0.09199345111846924,0.09199345111846924,0.09199345111846924,17194
2024-01-11 19:41:00+00:00,0.09201822429895401,0.09201822429895401,0.09201822429895401,0.09201822429895401,0.09201822429895401,862
2024-01-11 19:42:00+00:00,0.0920618325471878,0.0920618325471878,0.0920618325471878,0.0920618325471878,0.0920618325471878,4992
2024-01-11 19:43:00+00:00,0.09208102524280548,0.09208102524280548,0.09208102524280548,0.09208102524280548,0.09208102524280548,2594
2024-01-11 19:44:00+00:00,0.0920940637588501,0.0920940637588501,0.0920940637588501,0.0920940637588501,0.0920940637588501,1304
2024-01-11 19:45:00+00:00,0.09204224497079849,0.09204224497079849,0.09204224497079849,0.09204224497079849,0.09204224497079849,5210
2024-01-11 19:46:00+00:00,0.0920802429318428,0.0920802429318428,0.0920802429318428,0.0920802429318428,0.0920802429318428,738
2024-01-11 19:47:00+00:00,0.09207278490066528,0.09207278490066528,0.09207278490066528,0.09207278490066528,0.09207278490066528,9522
2024-01-11 19:48:00+00:00,0.09210588037967682,0.09210588037967682,0.09210588037967682,0.09210588037967682,0.09210588037967682,2808
2024-01-11 19:49:00+00:00,0.09221600741147995,0.09221600741147995,0.09221600741147995,0.09221600741147995,0.09221600741147995,20616
2024-01-11 19:50:00+00:00,0.09225994348526001,0.09225994348526001,0.09225994348526001,0.09225994348526001,0.09225994348526001,1236
2024-01-11 19:51:00+00:00,0.09228503704071045,0.09228503704071045,0.09228503704071045,0.09228503704071045,0.09228503704071045,380
2024-01-11 19:52:00+00:00,0.09227684885263443,0.09227684885263443,0.09227684885263443,0.09227684885263443,0.09227684885263443,0
2024-01-11 19:53:00+00:00,0.09230142831802368,0.09230142831802368,0.09230142831802368,0.09230142831802368,0.09230142831802368,0
2024-01-11 19:54:00+00:00,0.09228867292404175,0.09228867292404175,0.09228867292404175,0.09228867292404175,0.09228867292404175,4624
2024-01-11 19:55:00+00:00,0.09228871762752533,0.09228871762752533,0.09228871762752533,0.09228871762752533,0.09228871762752533,0
2024-01-11 19:56:00+00:00,0.09227509796619415,0.09227509796619415,0.09227509796619415,0.09227509796619415,0.09227509796619415,510
2024-01-11 19:57:00+00:00,0.09227164834737778,0.09227164834737778,0.09227164834737778,0.09227164834737778,0.09227164834737778,250
2024-01-11 19:58:00+00:00,0.09239445626735687,0.09239445626735687,0.09239445626735687,0.09239445626735687,0.09239445626735687,21308
2024-01-11 19:59:00+00:00,0.0924055352807045,0.0924055352807045,0.0924055352807045,0.0924055352807045,0.0924055352807045,2578
2024-01-11 20:00:00+00:00,0.0924275740981102,0.0924275740981102,0.0924275740981102,0.0924275740981102,0.0924275740981102,11146
2024-01-11 20:01:00+00:00,0.09248790144920349,0.09248790144920349,0.09248790144920349,0.09248790144920349,0.09248790144920349,20742
2024-01-11 20:02:00+00:00,0.09252648800611496,0.09252648800611496,0.09252648800611496,0.09252648800611496,0.09252648800611496,16858
2024-01-11 20:03:00+00:00,0.09254316240549088,0.09254316240549088,0.09254316240549088,0.09254316240549088,0.09254316240549088,0
2024-01-11 20:04:00+00:00,0.0926409363746643,0.0926409363746643,0.0926409363746643,0.0926409363746643,0.0926409363746643,26884
2024-01-11 20:05:00+00:00,0.09267052263021469,0.09267052263021469,0.09267052263021469,0.09267052263021469,0.09267052263021469,612
2024-01-11 20:06:00+00:00,0.09267052263021469,0.09267052263021469,0.09267052263021469,0.09267052263021469,0.09267052263021469,116
2024-01-11 20:07:00+00:00,0.09269948303699493,0.09269948303699493,0.09269948303699493,0.09269948303699493,0.09269948303699493,0
2024-01-11 20:08:00+00:00,0.09271211922168732,0.09271211922168732,0.09271211922168732,0.09271211922168732,0.09271211922168732,1980
2024-01-11 20:09:00+00:00,0.09270752221345901,0.09270752221345901,0.09270752221345901,0.09270752221345901,0.09270752221345901,0
2024-01-11 20:10:00+00:00,0.09277695417404175,0.09277695417404175,0.09277695417404175,0.09277695417404175,0.09277695417404175,1230
2024-01-11 20:11:00+00:00,0.09283694624900818,0.09283694624900818,0.09283694624900818,0.09283694624900818,0.09283694624900818,6992
2024-01-11 20:12:00+00:00,0.0928528755903244,0.0928528755903244,0.0928528755903244,0.0928528755903244,0.0928528755903244,0
2024-01-11 20:13:00+00:00,0.09286102652549744,0.09286102652549744,0.09286102652549744,0.09286102652549744,0.09286102652549744,0
2024-01-11 20:14:00+00:00,0.09287569671869278,0.09287569671869278,0.09287569671869278,0.09287569671869278,0.09287569671869278,0
2024-01-11 20:15:00+00:00,0.09287569671869278,0.09287569671869278,0.09287569671869278,0.09287569671869278,0.09287569671869278,0
2024-01-11 20:16:00+00:00,0.09291638433933258,0.09291638433933258,0.09291638433933258,0.09291638433933258,0.09291638433933258,0
2024-01-11 20:17:00+00:00,0.0929148718714714,0.0929148718714714,0.0929148718714714,0.0929148718714714,0.0929148718714714,0
2024-01-11 20:18:00+00:00,0.09287959337234497,0.09287959337234497,0.09287959337234497,0.09287959337234497,0.09287959337234497,0
2024-01-11 20:19:00+00:00,0.09282203763723373,0.09282203763723373,0.09282203763723373,0.09282203763723373,0.09282203763723373,0
2024-01-11 20:20:00+00:00,0.09281458705663681,0.09281458705663681,0.09281458705663681,0.09281458705663681,0.09281458705663681,4840
2024-01-11 20:21:00+00:00,0.09282277524471283,0.09282277524471283,0.09282277524471283,0.09282277524471283,0.09282277524471283,5688
2024-01-11 20:22:00+00:00,0.09278306365013123,0.09278306365013123,0.09278306365013123,0.09278306365013123,0.09278306365013123,0
2024-01-11 20:23:00+00:00,0.09278608858585358,0.09278608858585358,0.09278608858585358,0.09278608858585358,0.09278608858585358,0
2024-01-11 20:24:00+00:00,0.09278130531311035,0.09278130531311035,0.09278130531311035,0.09278130531311035,0.09278130531311035,0
2024-01-11 20:25:00+00:00,0.09278713911771774,0.09278713911771774,0.09278713911771774,0.09278713911771774,0.09278713911771774,0
2024-01-11 20:26:00+00:00,0.09278554469347,0.09278554469347,0.09278554469347,0.09278554469347,0.09278554469347,0
2024-01-11 20:27:00+00:00,0.0927724614739418,0.0927724614739418,0.0927724614739418,0.0927724614739418,0.0927724614739418,4766
2024-01-11 20:28:00+00:00,0.0928233191370964,0.0928233191370964,0.0928233191370964,0.0928233191370964,0.0928233191370964,0
2024-01-11 20:29:00+00:00,0.09282568842172623,0.09282568842172623,0.09282568842172623,0.09282568842172623,0.09282568842172623,2186
2024-01-11 20:31:00+00:00,0.09262857586145401,0.09262857586145401,0.09262857586145401,0.09262857586145401,0.09262857586145401,0
2024-01-11 20:32:00+00:00,0.0926198661327362,0.0926198661327362,0.0926198661327362,0.0926198661327362,0.0926198661327362,0
2024-01-11 20:33:00+00:00,0.09257497638463974,0.09257497638463974,0.09257497638463974,0.09257497638463974,0.09257497638463974,0
2024-01-11 20:34:00+00:00,0.09255731850862503,0.09255731850862503,0.09255731850862503,0.09255731850862503,0.09255731850862503,0
2024-01-11 20:35:00+00:00,0.0925193727016449,0.0925193727016449,0.0925193727016449,0.0925193727016449,0.0925193727016449,13356
2024-01-11 20:36:00+00:00,0.09250768274068832,0.09250768274068832,0.09250768274068832,0.09250768274068832,0.09250768274068832,14644
2024-01-11 20:37:00+00:00,0.09245675802230835,0.09245675802230835,0.09245675802230835,0.09245675802230835,0.09245675802230835,17542
2024-01-11 20:38:00+00:00,0.09246323257684708,0.09246323257684708,0.09246323257684708,0.09246323257684708,0.09246323257684708,2006
2024-01-11 20:39:00+00:00,0.09246163070201874,0.09246163070201874,0.09246163070201874,0.09246163070201874,0.09246163070201874,7776
2024-01-11 20:40:00+00:00,0.0923810601234436,0.0923810601234436,0.0923810601234436,0.0923810601234436,0.0923810601234436,0
2024-01-11 20:41:00+00:00,0.09240253269672394,0.09240253269672394,0.09240253269672394,0.09240253269672394,0.09240253269672394,0
2024-01-11 20:42:00+00:00,0.09238921105861664,0.09238921105861664,0.09238921105861664,0.09238921105861664,0.09238921105861664,0
2024-01-11 20:43:00+00:00,0.09244397282600403,0.09244397282600403,0.09244397282600403,0.09244397282600403,0.09244397282600403,0
2024-01-11 20:44:00+00:00,0.09245060384273529,0.09245060384273529,0.09245060384273529,0.09245060384273529,0.09245060384273529,5456
2024-01-11 20:45:00+00:00,0.09242746978998184,0.09242746978998184,0.09242746978998184,0.09242746978998184,0.09242746978998184,0
2024-01-11 20:46:00+00:00,0.09243419021368027,0.09243419021368027,0.09243419021368027,0.09243419021368027,0.09243419021368027,0
2024-01-11 20:47:00+00:00,0.09238756448030472,0.09238756448030472,0.09238756448030472,0.09238756448030472,0.09238756448030472,0
2024-01-11 20:48:00+00:00,0.09240683913230896,0.09240683913230896,0.09240683913230896,0.09240683913230896,0.09240683913230896,0
2024-01-11 20:49:00+00:00,0.09243112057447433,0.09243112057447433,0.09243112057447433,0.09243112057447433,0.09243112057447433,0
2024-01-11 20:50:00+00:00,0.09253877401351929,0.09253877401351929,0.09253877401351929,0.09253877401351929,0.09253877401351929,1174
2024-01-11 20:51:00+00:00,0.0924869030714035,0.0924869030714035,0.0924869030714035,0.0924869030714035,0.0924869030714035,0
2024-01-11 20:52:00+00:00,0.09236788749694824,0.09236788749694824,0.09236788749694824,0.09236788749694824,0.09236788749694824,0
2024-01-11 20:53:00+00:00,0.09235358238220215,0.09235358238220215,0.09235358238220215,0.09235358238220215,0.09235358238220215,0
2024-01-11 20:54:00+00:00,0.0923532024025917,0.0923532024025917,0.0923532024025917,0.0923532024025917,0.0923532024025917,0
2024-01-11 20:55:00+00:00,0.09228592365980148,0.09228592365980148,0.09228592365980148,0.09228592365980148,0.09228592365980148,0
2024-01-11 20:56:00+00:00,0.09228570759296417,0.09228570759296417,0.09228570759296417,0.09228570759296417,0.09228570759296417,0
2024-01-11 20:57:00+00:00,0.09227529168128967,0.09227529168128967,0.09227529168128967,0.09227529168128967,0.09227529168128967,332
2024-01-11 20:58:00+00:00,0.09225964546203613,0.09225964546203613,0.09225964546203613,0.09225964546203613,0.09225964546203613,0
2024-01-11 20:59:00+00:00,0.09224075078964233,0.09224075078964233,0.09224075078964233,0.09224075078964233,0.09224075078964233,0
2024-01-11 21:00:00+00:00,0.09220635890960693,0.09220635890960693,0.09220635890960693,0.09220635890960693,0.09220635890960693,0
2024-01-11 21:01:00+00:00,0.0921887755393982,0.0921887755393982,0.0921887755393982,0.0921887755393982,0.0921887755393982,0
2024-01-11 21:02:00+00:00,0.09218187630176544,0.09218187630176544,0.09218187630176544,0.09218187630176544,0.09218187630176544,414
2024-01-11 21:03:00+00:00,0.09219574183225632,0.09219574183225632,0.09219574183225632,0.09219574183225632,0.09219574183225632,0
2024-01-11 21:04:00+00:00,0.09228873997926712,0.09228873997926712,0.09228873997926712,0.09228873997926712,0.09228873997926712,1476
2024-01-11 21:05:00+00:00,0.0922921821475029,0.0922921821475029,0.0922921821475029,0.0922921821475029,0.0922921821475029,0
2024-01-11 21:06:00+00:00,0.09230408817529678,0.09230408817529678,0.09230408817529678,0.09230408817529678,0.09230408817529678,4560
2024-01-11 21:07:00+00:00,0.09242188930511475,0.09242188930511475,0.09242188930511475,0.09242188930511475,0.09242188930511475,0
2024-01-11 21:08:00+00:00,0.09242584556341171,0.09242584556341171,0.09242584556341171,0.09242584556341171,0.09242584556341171,0
2024-01-11 21:09:00+00:00,0.0924423336982727,0.0924423336982727,0.0924423336982727,0.0924423336982727,0.0924423336982727,0
2024-01-11 21:10:00+00:00,0.09243734925985336,0.09243734925985336,0.09243734925985336,0.09243734925985336,0.09243734925985336,0
2024-01-11 21:11:00+00:00,0.09239153563976288,0.09239153563976288,0.09239153563976288,0.09239153563976288,0.09239153563976288,0
2024-01-11 21:12:00+00:00,0.09248293936252594,0.09248293936252594,0.09248293936252594,0.09248293936252594,0.09248293936252594,0
2024-01-11 21:13:00+00:00,0.09253767132759094,0.09253767132759094,0.09253767132759094,0.09253767132759094,0.09253767132759094,0
2024-01-11 21:14:00+00:00,0.09255817532539368,0.09255817532539368,0.09255817532539368,0.09255817532539368,0.09255817532539368,0
2024-01-11 21:15:00+00:00,0.09254425764083862,0.09254425764083862,0.09254425764083862,0.09254425764083862,0.09254425764083862,0
2024-01-11 21:16:00+00:00,0.09249306470155716,0.09249306470155716,0.09249306470155716,0.09249306470155716,0.09249306470155716,0
2024-01-11 21:17:00+00:00,0.0924907922744751,0.0924907922744751,0.0924907922744751,0.0924907922744751,0.0924907922744751,0
2024-01-11 21:18:00+00:00,0.09260145574808121,0.09260145574808121,0.09260145574808121,0.09260145574808121,0.09260145574808121,0
2024-01-11 21:19:00+00:00,0.09259781241416931,0.09259781241416931,0.09259781241416931,0.09259781241416931,0.09259781241416931,0
2024-01-11 21:20:00+00:00,0.09261474013328552,0.09261474013328552,0.09261474013328552,0.09261474013328552,0.09261474013328552,0
2024-01-11 21:21:00+00:00,0.0925995483994484,0.0925995483994484,0.0925995483994484,0.0925995483994484,0.0925995483994484,0
2024-01-11 21:22:00+00:00,0.0927104726433754,0.0927104726433754,0.0927104726433754,0.0927104726433754,0.0927104726433754,0
2024-01-11 21:23:00+00:00,0.09271980822086334,0.09271980822086334,0.09271980822086334,0.09271980822086334,0.09271980822086334,0
2024-01-11 21:24:00+00:00,0.09267538040876389,0.09267538040876389,0.09267538040876389,0.09267538040876389,0.09267538040876389,0
2024-01-11 21:25:00+00:00,0.09275665879249573,0.09275665879249573,0.09275665879249573,0.09275665879249573,0.09275665879249573,0
2024-01-11 21:26:00+00:00,0.09265287965536118,0.09265287965536118,0.09265287965536118,0.09265287965536118,0.09265287965536118,6400
2024-01-11 21:27:00+00:00,0.09265093505382538,0.09265093505382538,0.09265093505382538,0.09265093505382538,0.09265093505382538,0
2024-01-11 21:28:00+00:00,0.0926889032125473,0.0926889032125473,0.0926889032125473,0.0926889032125473,0.0926889032125473,0
2024-01-11 21:29:00+00:00,0.09266737103462219,0.09266737103462219,0.09266737103462219,0.09266737103462219,0.09266737103462219,0
2024-01-11 21:30:00+00:00,0.09266294538974762,0.09266294538974762,0.09266294538974762,0.09266294538974762,0.09266294538974762,0
2024-01-11 21:31:00+00:00,0.09262518584728241,0.09262518584728241,0.09262518584728241,0.09262518584728241,0.09262518584728241,0
2024-01-11 21:32:00+00:00,0.09262785315513611,0.09262785315513611,0.09262785315513611,0.09262785315513611,0.09262785315513611,0
2024-01-11 21:33:00+00:00,0.09262757003307343,0.09262757003307343,0.09262757003307343,0.09262757003307343,0.09262757003307343,0
2024-01-11 21:34:00+00:00,0.09266651421785355,0.09266651421785355,0.09266651421785355,0.09266651421785355,0.09266651421785355,0
2024-01-11 21:35:00+00:00,0.09267648309469223,0.09267648309469223,0.09267648309469223,0.09267648309469223,0.09267648309469223,1220
2024-01-11 21:36:00+00:00,0.09267493337392807,0.09267493337392807,0.09267493337392807,0.09267493337392807,0.09267493337392807,0
2024-01-11 21:37:00+00:00,0.09258570522069931,0.09258570522069931,0.09258570522069931,0.09258570522069931,0.09258570522069931,0
2024-01-11 21:38:00+00:00,0.0925496369600296,0.0925496369600296,0.0925496369600296,0.0925496369600296,0.0925496369600296,0
2024-01-11 21:39:00+00:00,0.0925409346818924,0.0925409346818924,0.0925409346818924,0.0925409346818924,0.0925409346818924,0
2024-01-11 21:40:00+00:00,0.09257521480321884,0.09257521480321884,0.09257521480321884,0.09257521480321884,0.09257521480321884,0
2024-01-11 21:41:00+00:00,0.09257125109434128,0.09257125109434128,0.09257125109434128,0.09257125109434128,0.09257125109434128,508
2024-01-11 21:42:00+00:00,0.09256980568170547,0.09256980568170547,0.09256980568170547,0.09256980568170547,0.09256980568170547,0
2024-01-11 21:43:00+00:00,0.09259245544672012,0.09259245544672012,0.09259245544672012,0.09259245544672012,0.09259245544672012,0
2024-01-11 21:44:00+00:00,0.09259245544672012,0.09259245544672012,0.09259245544672012,0.09259245544672012,0.09259245544672012,0
2024-01-11 21:45:00+00:00,0.09260115772485733,0.09260115772485733,0.09260115772485733,0.09260115772485733,0.09260115772485733,0
2024-01-11 21:46:00+00:00,0.09253775328397751,0.09253775328397751,0.09253775328397751,0.09253775328397751,0.09253775328397751,0
2024-01-11 21:47:00+00:00,0.09251908212900162,0.09251908212900162,0.09251908212900162,0.09251908212900162,0.09251908212900162,0
2024-01-11 21:48:00+00:00,0.09255054593086243,0.09255054593086243,0.09255054593086243,0.09255054593086243,0.09255054593086243,0
2024-01-11 21:49:00+00:00,0.09245038777589798,0.09245038777589798,0.09245038777589798,0.09245038777589798,0.09245038777589798,0
2024-01-11 21:50:00+00:00,0.09245038777589798,0.09245038777589798,0.09245038777589798,0.09245038777589798,0.09245038777589798,0
2024-01-11 21:51:00+00:00,0.09244270622730255,0.09244270622730255,0.09244270622730255,0.09244270622730255,0.09244270622730255,0
2024-01-11 21:52:00+00:00,0.09244566410779953,0.09244566410779953,0.09244566410779953,0.09244566410779953,0.09244566410779953,0
2024-01-11 21:53:00+00:00,0.09245677292346954,0.09245677292346954,0.09245677292346954,0.09245677292346954,0.09245677292346954,0
2024-01-11 21:54:00+00:00,0.09245985746383667,0.09245985746383667,0.09245985746383667,0.09245985746383667,0.09245985746383667,0
2024-01-11 21:55:00+00:00,0.09245407581329346,0.09245407581329346,0.09245407581329346,0.09245407581329346,0.09245407581329346,0
2024-01-11 21:56:00+00:00,0.09245410561561584,0.09245410561561584,0.09245410561561584,0.09245410561561584,0.09245410561561584,0
2024-01-11 21:57:00+00:00,0.09242810308933258,0.09242810308933258,0.09242810308933258,0.09242810308933258,0.09242810308933258,0
2024-01-11 21:59:00+00:00,0.09224212169647217,0.09224212169647217,0.09224212169647217,0.09224212169647217,0.09224212169647217,0
2024-01-11 22:00:00+00:00,0.09226182848215103,0.09226182848215103,0.09226182848215103,0.09226182848215103,0.09226182848215103,0
2024-01-11 22:01:00+00:00,0.09221074730157852,0.09221074730157852,0.09221074730157852,0.09221074730157852,0.09221074730157852,0
2024-01-11 22:02:00+00:00,0.09225240349769592,0.09225240349769592,0.09225240349769592,0.09225240349769592,0.09225240349769592,230
2024-01-11 22:03:00+00:00,0.09226574748754501,0.09226574748754501,0.09226574748754501,0.09226574748754501,0.09226574748754501,0
2024-01-11 22:04:00+00:00,0.09235043078660965,0.09235043078660965,0.09235043078660965,0.09235043078660965,0.09235043078660965,0
2024-01-11 22:05:00+00:00,0.09237469732761383,0.09237469732761383,0.09237469732761383,0.09237469732761383,0.09237469732761383,0
2024-01-11 22:06:00+00:00,0.09237469732761383,0.09237469732761383,0.09237469732761383,0.09237469732761383,0.09237469732761383,0
2024-01-11 22:07:00+00:00,0.0924411192536354,0.0924411192536354,0.0924411192536354,0.0924411192536354,0.0924411192536354,0
2024-01-11 22:08:00+00:00,0.09243088215589523,0.09243088215589523,0.09243088215589523,0.09243088215589523,0.09243088215589523,0
2024-01-11 22:09:00+00:00,0.0924307256937027,0.0924307256937027,0.0924307256937027,0.0924307256937027,0.0924307256937027,0
2024-01-11 22:10:00+00:00,0.09246920794248581,0.09246920794248581,0.09246920794248581,0.09246920794248581,0.09246920794248581,0
2024-01-11 22:11:00+00:00,0.09246004372835159,0.09246004372835159,0.09246004372835159,0.09246004372835159,0.09246004372835159,678
2024-01-11 22:12:00+00:00,0.09245449304580688,0.09245449304580688,0.09245449304580688,0.09245449304580688,0.09245449304580688,0
2024-01-11 22:13:00+00:00,0.09245096892118454,0.09245096892118454,0.09245096892118454,0.09245096892118454,0.09245096892118454,0
2024-01-11 22:14:00+00:00,0.09239610284566879,0.09239610284566879,0.09239610284566879,0.09239610284566879,0.09239610284566879,0
2024-01-11 22:15:00+00:00,0.09240244328975677,0.09240244328975677,0.09240244328975677,0.09240244328975677,0.09240244328975677,0
2024-01-11 22:16:00+00:00,0.09241312742233276,0.09241312742233276,0.09241312742233276,0.09241312742233276,0.09241312742233276,0
2024-01-11 22:17:00+00:00,0.09243108332157135,0.09243108332157135,0.09243108332157135,0.09243108332157135,0.09243108332157135,0
2024-01-11 22:18:00+00:00,0.09241236001253128,0.09241236001253128,0.09241236001253128,0.09241236001253128,0.09241236001253128,0
2024-01-11 22:19:00+00:00,0.09236931055784225,0.09236931055784225,0.09236931055784225,0.09236931055784225,0.09236931055784225,0
2024-01-11 22:20:00+00:00,0.09235928952693939,0.09235928952693939,0.09235928952693939,0.09235928952693939,0.09235928952693939,0
2024-01-11 22:21:00+00:00,0.09238146245479584,0.09238146245479584,0.09238146245479584,0.09238146245479584,0.09238146245479584,0
2024-01-11 22:22:00+00:00,0.0925353467464447,0.0925353467464447,0.0925353467464447,0.0925353467464447,0.0925353467464447,0
2024-01-11 22:23:00+00:00,0.0925353467464447,0.0925353467464447,0.0925353467464447,0.0925353467464447,0.0925353467464447,502
2024-01-11 22:24:00+00:00,0.09246475994586945,0.09246475994586945,0.09246475994586945,0.09246475994586945,0.09246475994586945,1948
2024-01-11 22:25:00+00:00,0.092331163585186,0.092331163585186,0.092331163585186,0.092331163585186,0.092331163585186,0
2024-01-11 22:26:00+00:00,0.09225290268659592,0.09225290268659592,0.09225290268659592,0.09225290268659592,0.09225290268659592,0
2024-01-11 22:27:00+00:00,0.09225045144557953,0.09225045144557953,0.09225045144557953,0.09225045144557953,0.09225045144557953,0
2024-01-11 22:28:00+00:00,0.09223711490631104,0.09223711490631104,0.09223711490631104,0.09223711490631104,0.09223711490631104,0
2024-01-11 22:29:00+00:00,0.09223885089159012,0.09223885089159012,0.09223885089159012,0.09223885089159012,0.09223885089159012,0
2024-01-11 22:30:00+00:00,0.09221404790878296,0.09221404790878296,0.09221404790878296,0.09221404790878296,0.09221404790878296,0
2024-01-11 22:31:00+00:00,0.09215579181909561,0.09215579181909561,0.09215579181909561,0.09215579181909561,0.09215579181909561,0
2024-01-11 22:32:00+00:00,0.09206981211900711,0.09206981211900711,0.09206981211900711,0.09206981211900711,0.09206981211900711,0
2024-01-11 22:33:00+00:00,0.09210708737373352,0.09210708737373352,0.09210708737373352,0.09210708737373352,0.09210708737373352,0
2024-01-11 22:34:00+00:00,0.09210329502820969,0.09210329502820969,0.09210329502820969,0.09210329502820969,0.09210329502820969,0
2024-01-11 22:35:00+00:00,0.09210940450429916,0.09210940450429916,0.09210940450429916,0.09210940450429916,0.09210940450429916,3204
2024-01-11 22:36:00+00:00,0.09213995188474655,0.09213995188474655,0.09213995188474655,0.09213995188474655,0.09213995188474655,3488
2024-01-11 22:37:00+00:00,0.09223084151744843,0.09223084151744843,0.09223084151744843,0.09223084151744843,0.09223084151744843,1302
2024-01-11 22:38:00+00:00,0.09222918003797531,0.09222918003797531,0.09222918003797531,0.09222918003797531,0.09222918003797531,1004
2024-01-11 22:39:00+00:00,0.09224596619606018,0.09224596619606018,0.09224596619606018,0.09224596619606018,0.09224596619606018,0
2024-01-11 22:40:00+00:00,0.09226074069738388,0.09226074069738388,0.09226074069738388,0.09226074069738388,0.09226074069738388,0
2024-01-11 22:41:00+00:00,0.09225551038980484,0.09225551038980484,0.09225551038980484,0.09225551038980484,0.09225551038980484,722
2024-01-11 22:42:00+00:00,0.09225399792194366,0.09225399792194366,0.09225399792194366,0.09225399792194366,0.09225399792194366,0
2024-01-11 22:43:00+00:00,0.092259980738163,0.092259980738163,0.092259980738163,0.092259980738163,0.092259980738163,0
2024-01-11 22:44:00+00:00,0.092233806848526,0.092233806848526,0.092233806848526,0.092233806848526,0.092233806848526,0
2024-01-11 22:45:00+00:00,0.0922282487154007,0.0922282487154007,0.0922282487154007,0.0922282487154007,0.0922282487154007,0
2024-01-11 22:46:00+00:00,0.09219886362552643,0.09219886362552643,0.09219886362552643,0.09219886362552643,0.09219886362552643,0
2024-01-11 22:47:00+00:00,0.09215544909238815,0.09215544909238815,0.09215544909238815,0.09215544909238815,0.09215544909238815,0
2024-01-11 22:48:00+00:00,0.09214114397764206,0.09214114397764206,0.09214114397764206,0.09214114397764206,0.09214114397764206,40
2024-01-11 22:49:00+00:00,0.0921587347984314,0.0921587347984314,0.0921587347984314,0.0921587347984314,0.0921587347984314,0
2024-01-11 22:50:00+00:00,0.09213533997535706,0.09213533997535706,0.09213533997535706,0.09213533997535706,0.09213533997535706,0
2024-01-11 22:51:00+00:00,0.09212692826986313,0.09212692826986313,0.09212692826986313,0.09212692826986313,0.09212692826986313,0
2024-01-11 22:52:00+00:00,0.09217962622642517,0.09217962622642517,0.09217962622642517,0.09217962622642517,0.09217962622642517,0
2024-01-11 22:53:00+00:00,0.09218446165323257,0.09218446165323257,0.09218446165323257,0.09218446165323257,0.09218446165323257,0
2024-01-11 22:54:00+00:00,0.09226062893867493,0.09226062893867493,0.09226062893867493,0.09226062893867493,0.09226062893867493,0
2024-01-11 22:55:00+00:00,0.09223321080207825,0.09223321080207825,0.09223321080207825,0.09223321080207825,0.09223321080207825,10568
2024-01-11 22:56:00+00:00,0.09226428717374802,0.09226428717374802,0.09226428717374802,0.09226428717374802,0.09226428717374802,628
2024-01-11 22:57:00+00:00,0.09240418672561646,0.09240418672561646,0.09240418672561646,0.09240418672561646,0.09240418672561646,0
2024-01-11 22:58:00+00:00,0.09247183799743652,0.09247183799743652,0.09247183799743652,0.09247183799743652,0.09247183799743652,0
2024-01-11 22:59:00+00:00,0.09247841686010361,0.09247841686010361,0.09247841686010361,0.09247841686010361,0.09247841686010361,4126
2024-01-11 23:00:00+00:00,0.09249215573072433,0.09249215573072433,0.09249215573072433,0.09249215573072433,0.09249215573072433,0
2024-01-11 23:01:00+00:00,0.09259296208620071,0.09259296208620071,0.09259296208620071,0.09259296208620071,0.09259296208620071,0
2024-01-11 23:02:00+00:00,0.09259296208620071,0.09259296208620071,0.09259296208620071,0.09259296208620071,0.09259296208620071,0
2024-01-11 23:03:00+00:00,0.0925745740532875,0.0925745740532875,0.0925745740532875,0.0925745740532875,0.0925745740532875,0
2024-01-11 23:04:00+00:00,0.09260723739862442,0.09260723739862442,0.09260723739862442,0.09260723739862442,0.09260723739862442,0
2024-01-11 23:05:00+00:00,0.09260888397693634,0.09260888397693634,0.09260888397693634,0.09260888397693634,0.09260888397693634,0
2024-01-11 23:06:00+00:00,0.09259939938783646,0.09259939938783646,0.09259939938783646,0.09259939938783646,0.09259939938783646,1390
2024-01-11 23:07:00+00:00,0.09258365631103516,0.09258365631103516,0.09258365631103516,0.09258365631103516,0.09258365631103516,13774
2024-01-11 23:08:00+00:00,0.09257041662931442,0.09257041662931442,0.09257041662931442,0.09257041662931442,0.09257041662931442,0
2024-01-11 23:09:00+00:00,0.09257041662931442,0.09257041662931442,0.09257041662931442,0.09257041662931442,0.09257041662931442,0
2024-01-11 23:10:00+00:00,0.0925542414188385,0.0925542414188385,0.0925542414188385,0.0925542414188385,0.0925542414188385,0
2024-01-11 23:11:00+00:00,0.09255880862474442,0.09255880862474442,0.09255880862474442,0.09255880862474442,0.09255880862474442,0
2024-01-11 23:12:00+00:00,0.09256148338317871,0.09256148338317871,0.09256148338317871,0.09256148338317871,0.09256148338317871,0
2024-01-11 23:13:00+00:00,0.09262124449014664,0.09262124449014664,0.09262124449014664,0.09262124449014664,0.09262124449014664,25306
2024-01-11 23:14:00+00:00,0.09273197501897812,0.09273197501897812,0.09273197501897812,0.09273197501897812,0.09273197501897812,2254
2024-01-11 23:15:00+00:00,0.0927240252494812,0.0927240252494812,0.0927240252494812,0.0927240252494812,0.0927240252494812,0
2024-01-11 23:16:00+00:00,0.09281530976295471,0.09281530976295471,0.09281530976295471,0.09281530976295471,0.09281530976295471,0
2024-01-11 23:18:00+00:00,0.09280718117952347,0.09280718117952347,0.09280718117952347,0.09280718117952347,0.09280718117952347,22008
2024-01-11 23:19:00+00:00,0.09280916303396225,0.09280916303396225,0.09280916303396225,0.09280916303396225,0.09280916303396225,0
2024-01-11 23:20:00+00:00,0.09284013509750366,0.09284013509750366,0.09284013509750366,0.09284013509750366,0.09284013509750366,0
2024-01-11 23:21:00+00:00,0.09283324331045151,0.09283324331045151,0.09283324331045151,0.09283324331045151,0.09283324331045151,0
2024-01-11 23:22:00+00:00,0.09279036521911621,0.09279036521911621,0.09279036521911621,0.09279036521911621,0.09279036521911621,0
2024-01-11 23:23:00+00:00,0.0927659422159195,0.0927659422159195,0.0927659422159195,0.0927659422159195,0.0927659422159195,0
2024-01-11 23:24:00+00:00,0.09276661276817322,0.09276661276817322,0.09276661276817322,0.09276661276817322,0.09276661276817322,0
2024-01-11 23:25:00+00:00,0.09271867573261261,0.09271867573261261,0.09271867573261261,0.09271867573261261,0.09271867573261261,0
2024-01-11 23:26:00+00:00,0.0927150622010231,0.0927150622010231,0.0927150622010231,0.0927150622010231,0.0927150622010231,0
2024-01-11 23:27:00+00:00,0.09271295368671417,0.09271295368671417,0.09271295368671417,0.09271295368671417,0.09271295368671417,0
2024-01-11 23:28:00+00:00,0.09269943833351135,0.09269943833351135,0.09269943833351135,0.09269943833351135,0.09269943833351135,0
2024-01-11 23:30:00+00:00,0.09271560609340668,0.09271560609340668,0.09271560609340668,0.09271560609340668,0.09271560609340668,0
2024-01-11 23:31:00+00:00,0.0926673412322998,0.0926673412322998,0.0926673412322998,0.0926673412322998,0.0926673412322998,0
2024-01-11 23:32:00+00:00,0.09263166040182114,0.09263166040182114,0.09263166040182114,0.09263166040182114,0.09263166040182114,0
2024-01-11 23:33:00+00:00,0.09262119233608246,0.09262119233608246,0.09262119233608246,0.09262119233608246,0.09262119233608246,0
2024-01-11 23:34:00+00:00,0.09263547509908676,0.09263547509908676,0.09263547509908676,0.09263547509908676,0.09263547509908676,0
2024-01-11 23:35:00+00:00,0.09264172613620758,0.09264172613620758,0.09264172613620758,0.09264172613620758,0.09264172613620758,1192
2024-01-11 23:36:00+00:00,0.09261387586593628,0.09261387586593628,0.09261387586593628,0.09261387586593628,0.09261387586593628,0
2024-01-11 23:37:00+00:00,0.0927019715309143,0.0927019715309143,0.0927019715309143,0.0927019715309143,0.0927019715309143,0
2024-01-11 23:38:00+00:00,0.09270446002483368,0.09270446002483368,0.09270446002483368,0.09270446002483368,0.09270446002483368,2891
2024-01-11 23:39:00+00:00,0.09269049018621445,0.09269049018621445,0.09269049018621445,0.09269049018621445,0.09269049018621445,0
2024-01-11 23:40:00+00:00,0.09278842061758041,0.09278842061758041,0.09278842061758041,0.09278842061758041,0.09278842061758041,0
2024-01-11 23:41:00+00:00,0.09274156391620636,0.09274156391620636,0.09274156391620636,0.09274156391620636,0.09274156391620636,249
2024-01-11 23:42:00+00:00,0.09274611622095108,0.09274611622095108,0.09274611622095108,0.09274611622095108,0.09274611622095108,0
2024-01-11 23:43:00+00:00,0.09276490658521652,0.09276490658521652,0.09276490658521652,0.09276490658521652,0.09276490658521652,0
2024-01-11 23:44:00+00:00,0.09273868054151535,0.09273868054151535,0.09273868054151535,0.09273868054151535,0.09273868054151535,887
2024-01-11 23:45:00+00:00,0.09273691475391388,0.09273691475391388,0.09273691475391388,0.09273691475391388,0.09273691475391388,0
2024-01-11 23:46:00+00:00,0.09272249788045883,0.09272249788045883,0.09272249788045883,0.09272249788045883,0.09272249788045883,0
2024-01-11 23:47:00+00:00,0.09272783249616623,0.09272783249616623,0.09272783249616623,0.09272783249616623,0.09272783249616623,285
2024-01-11 23:48:00+00:00,0.09272783249616623,0.09272783249616623,0.09272783249616623,0.09272783249616623,0.09272783249616623,0
2024-01-11 23:49:00+00:00,0.09275639057159424,0.09275639057159424,0.09275639057159424,0.09275639057159424,0.09275639057159424,5920
2024-01-11 23:50:00+00:00,0.09276442974805832,0.09276442974805832,0.09276442974805832,0.09276442974805832,0.09276442974805832,0
2024-01-11 23:51:00+00:00,0.09276745468378067,0.09276745468378067,0.09276745468378067,0.09276745468378067,0.09276745468378067,0
2024-01-11 23:52:00+00:00,0.09274880588054657,0.09274880588054657,0.09274880588054657,0.09274880588054657,0.09274880588054657,0
2024-01-11 23:53:00+00:00,0.09274310618638992,0.09274310618638992,0.09274310618638992,0.09274310618638992,0.09274310618638992,6389
2024-01-11 23:54:00+00:00,0.09274093061685562,0.09274093061685562,0.09274093061685562,0.09274093061685562,0.09274093061685562,0
2024-01-11 23:55:00+00:00,0.09273486584424973,0.09273486584424973,0.09273486584424973,0.09273486584424973,0.09273486584424973,0
2024-01-11 23:56:00+00:00,0.09276948124170303,0.09276948124170303,0.09276948124170303,0.09276948124170303,0.09276948124170303,0
2024-01-11 23:57:00+00:00,0.09276948124170303,0.09276948124170303,0.09276948124170303,0.09276948124170303,0.09276948124170303,0
2024-01-11 23:58:00+00:00,0.09285815805196762,0.09285815805196762,0.09285815805196762,0.09285815805196762,0.09285815805196762,4265
