Date,Open,High,Low,Close,Adj Close,Volume
2023-11-08 09:02:00+01:00,36.5,36.67499923706055,36.48500061035156,36.564998626708984,36.564998626708984,0
2023-11-08 09:03:00+01:00,36.56999969482422,36.57500076293945,36.5,36.560001373291016,36.560001373291016,11335
2023-11-08 09:04:00+01:00,36.625,36.71500015258789,36.625,36.71500015258789,36.71500015258789,4241
2023-11-08 09:05:00+01:00,36.67499923706055,36.83000183105469,36.67499923706055,36.83000183105469,36.83000183105469,2709
2023-11-08 09:06:00+01:00,36.869998931884766,37.05500030517578,36.810001373291016,37.0,37.0,18976
2023-11-08 09:07:00+01:00,37.0,37.04999923706055,36.970001220703125,36.970001220703125,36.970001220703125,8844
2023-11-08 09:08:00+01:00,36.94499969482422,36.95000076293945,36.94499969482422,36.95000076293945,36.95000076293945,429
2023-11-08 09:09:00+01:00,36.970001220703125,37.03499984741211,36.970001220703125,37.03499984741211,37.03499984741211,2960
2023-11-08 09:10:00+01:00,37.01499938964844,37.130001068115234,37.01499938964844,37.09000015258789,37.09000015258789,23828
2023-11-08 09:11:00+01:00,37.125,37.16999816894531,37.099998474121094,37.099998474121094,37.099998474121094,3469
2023-11-08 09:12:00+01:00,37.084999084472656,37.11000061035156,37.08000183105469,37.11000061035156,37.11000061035156,4128
2023-11-08 09:13:00+01:00,37.11000061035156,37.1349983215332,37.08000183105469,37.1349983215332,37.1349983215332,7722
2023-11-08 09:14:00+01:00,37.220001220703125,37.244998931884766,37.209999084472656,37.21500015258789,37.21500015258789,6651
2023-11-08 09:15:00+01:00,37.209999084472656,37.209999084472656,37.099998474121094,37.099998474121094,37.099998474121094,3272
2023-11-08 09:16:00+01:00,37.10499954223633,37.244998931884766,37.10499954223633,37.244998931884766,37.244998931884766,5166
2023-11-08 09:17:00+01:00,37.27000045776367,37.310001373291016,37.22999954223633,37.27000045776367,37.27000045776367,21084
2023-11-08 09:18:00+01:00,37.279998779296875,37.30500030517578,37.2400016784668,37.275001525878906,37.275001525878906,16989
2023-11-08 09:19:00+01:00,37.30500030517578,37.3849983215332,37.30500030517578,37.3650016784668,37.3650016784668,4415
2023-11-08 09:20:00+01:00,37.380001068115234,37.48500061035156,37.380001068115234,37.48500061035156,37.48500061035156,20963
2023-11-08 09:21:00+01:00,37.47999954223633,37.595001220703125,37.3849983215332,37.595001220703125,37.595001220703125,12523
2023-11-08 09:24:00+01:00,37.63999938964844,37.67499923706055,37.60499954223633,37.65999984741211,37.65999984741211,24078
2023-11-08 09:25:00+01:00,37.66999816894531,37.79999923706055,37.65999984741211,37.775001525878906,37.775001525878906,15048
2023-11-08 09:26:00+01:00,37.7599983215332,37.7599983215332,37.57500076293945,37.665000915527344,37.665000915527344,11132
2023-11-08 09:27:00+01:00,37.68000030517578,37.709999084472656,37.65999984741211,37.709999084472656,37.709999084472656,3006
2023-11-08 09:28:00+01:00,37.744998931884766,37.935001373291016,37.7400016784668,37.915000915527344,37.915000915527344,26873
2023-11-08 09:29:00+01:00,37.92499923706055,38.099998474121094,37.875,38.095001220703125,38.095001220703125,32297
2023-11-08 09:30:00+01:00,38.095001220703125,38.130001068115234,38.005001068115234,38.04999923706055,38.04999923706055,15036
2023-11-08 09:31:00+01:00,38.060001373291016,38.060001373291016,37.83000183105469,37.994998931884766,37.994998931884766,20878
2023-11-08 09:32:00+01:00,38.02000045776367,38.07500076293945,38.02000045776367,38.04999923706055,38.04999923706055,4234
2023-11-08 09:33:00+01:00,38.09000015258789,38.099998474121094,37.959999084472656,37.974998474121094,37.974998474121094,6332
2023-11-08 09:34:00+01:00,37.98500061035156,38.08000183105469,37.935001373291016,37.974998474121094,37.974998474121094,10006
2023-11-08 09:35:00+01:00,37.9900016784668,38.03499984741211,37.970001220703125,38.0,38.0,27217
2023-11-08 09:36:00+01:00,37.97999954223633,38.01499938964844,37.95500183105469,37.95500183105469,37.95500183105469,11964
2023-11-08 09:37:00+01:00,37.959999084472656,38.02000045776367,37.939998626708984,37.94499969482422,37.94499969482422,20961
2023-11-08 09:38:00+01:00,37.970001220703125,38.064998626708984,37.94499969482422,38.0,38.0,14982
2023-11-08 09:39:00+01:00,38.0099983215332,38.0099983215332,37.93000030517578,37.939998626708984,37.939998626708984,3826
2023-11-08 09:40:00+01:00,37.939998626708984,38.02000045776367,37.939998626708984,38.02000045776367,38.02000045776367,12963
2023-11-08 09:41:00+01:00,38.0099983215332,38.11000061035156,38.0099983215332,38.025001525878906,38.025001525878906,45524
2023-11-08 09:42:00+01:00,38.029998779296875,38.064998626708984,37.96500015258789,37.96500015258789,37.96500015258789,6217
2023-11-08 09:43:00+01:00,37.96500015258789,38.01499938964844,37.96500015258789,37.9900016784668,37.9900016784668,10785
2023-11-08 09:44:00+01:00,37.994998931884766,38.06999969482422,37.994998931884766,38.060001373291016,38.060001373291016,11610
2023-11-08 09:45:00+01:00,38.05500030517578,38.06999969482422,37.9900016784668,38.04999923706055,38.04999923706055,8502
2023-11-08 09:46:00+01:00,38.060001373291016,38.21500015258789,38.060001373291016,38.1349983215332,38.1349983215332,40796
2023-11-08 09:47:00+01:00,38.15999984741211,38.29499816894531,38.15999984741211,38.244998931884766,38.244998931884766,33419
2023-11-08 09:48:00+01:00,38.26499938964844,38.310001373291016,38.220001220703125,38.28499984741211,38.28499984741211,15315
2023-11-08 09:49:00+01:00,38.275001525878906,38.31999969482422,38.2400016784668,38.279998779296875,38.279998779296875,7380
2023-11-08 09:50:00+01:00,38.275001525878906,38.349998474121094,38.255001068115234,38.349998474121094,38.349998474121094,7637
2023-11-08 09:51:00+01:00,38.35499954223633,38.459999084472656,38.310001373291016,38.44499969482422,38.44499969482422,20254
2023-11-08 09:52:00+01:00,38.45000076293945,38.5,38.44499969482422,38.4900016784668,38.4900016784668,11677
2023-11-08 09:53:00+01:00,38.5,38.584999084472656,38.48500061035156,38.540000915527344,38.540000915527344,11846
2023-11-08 09:54:00+01:00,38.564998626708984,38.595001220703125,38.51499938964844,38.564998626708984,38.564998626708984,22572
2023-11-08 09:55:00+01:00,38.599998474121094,38.61000061035156,38.529998779296875,38.564998626708984,38.564998626708984,16658
2023-11-08 09:56:00+01:00,38.57500076293945,38.57500076293945,38.435001373291016,38.505001068115234,38.505001068115234,16011
2023-11-08 09:57:00+01:00,38.505001068115234,38.54499816894531,38.47999954223633,38.5,38.5,14018
2023-11-08 09:58:00+01:00,38.48500061035156,38.51499938964844,38.369998931884766,38.40999984741211,38.40999984741211,13846
2023-11-08 09:59:00+01:00,38.439998626708984,38.54999923706055,38.439998626708984,38.470001220703125,38.470001220703125,27317
2023-11-08 10:00:00+01:00,38.46500015258789,38.525001525878906,38.435001373291016,38.51499938964844,38.51499938964844,15655
2023-11-08 10:01:00+01:00,38.505001068115234,38.505001068115234,38.41999816894531,38.435001373291016,38.435001373291016,6666
2023-11-08 10:02:00+01:00,38.459999084472656,38.53499984741211,38.459999084472656,38.4900016784668,38.4900016784668,14385
2023-11-08 10:03:00+01:00,38.48500061035156,38.53499984741211,38.47999954223633,38.5099983215332,38.5099983215332,14086
2023-11-08 10:04:00+01:00,38.52000045776367,38.64500045776367,38.52000045776367,38.560001373291016,38.560001373291016,24631
2023-11-08 10:05:00+01:00,38.53499984741211,38.595001220703125,38.529998779296875,38.595001220703125,38.595001220703125,15979
2023-11-08 10:06:00+01:00,38.599998474121094,38.665000915527344,38.599998474121094,38.654998779296875,38.654998779296875,9043
2023-11-08 10:07:00+01:00,38.665000915527344,38.76499938964844,38.665000915527344,38.76499938964844,38.76499938964844,4606
2023-11-08 10:09:00+01:00,38.79999923706055,38.79999923706055,38.71500015258789,38.71500015258789,38.71500015258789,11004
2023-11-08 10:10:00+01:00,38.69499969482422,38.73500061035156,38.54499816894531,38.59000015258789,38.59000015258789,23097
2023-11-08 10:11:00+01:00,38.599998474121094,38.76499938964844,38.599998474121094,38.744998931884766,38.744998931884766,28375
2023-11-08 10:12:00+01:00,38.73500061035156,38.79499816894531,38.689998626708984,38.78499984741211,38.78499984741211,13491
2023-11-08 10:13:00+01:00,38.79999923706055,38.810001373291016,38.73500061035156,38.755001068115234,38.755001068115234,9396
2023-11-08 10:14:00+01:00,38.76499938964844,38.83000183105469,38.75,38.814998626708984,38.814998626708984,14697
2023-11-08 10:15:00+01:00,38.79499816894531,38.79499816894531,38.69499969482422,38.73500061035156,38.73500061035156,11291
2023-11-08 10:16:00+01:00,38.7400016784668,38.79499816894531,38.73500061035156,38.75,38.75,6222
2023-11-08 10:17:00+01:00,38.76499938964844,38.8650016784668,38.76499938964844,38.845001220703125,38.845001220703125,7183
2023-11-08 10:18:00+01:00,38.790000915527344,39.03499984741211,38.790000915527344,39.025001525878906,39.025001525878906,15222
2023-11-08 10:19:00+01:00,39.01499938964844,39.029998779296875,38.73500061035156,38.7400016784668,38.7400016784668,19221
2023-11-08 10:20:00+01:00,38.7400016784668,38.779998779296875,38.720001220703125,38.77000045776367,38.77000045776367,23534
2023-11-08 10:21:00+01:00,38.7599983215332,38.775001525878906,38.70500183105469,38.709999084472656,38.709999084472656,12823
2023-11-08 10:22:00+01:00,38.709999084472656,38.755001068115234,38.70000076293945,38.70000076293945,38.70000076293945,30740
2023-11-08 10:23:00+01:00,38.71500015258789,38.71500015258789,38.60499954223633,38.63999938964844,38.63999938964844,11349
2023-11-08 10:24:00+01:00,38.6150016784668,38.6150016784668,38.53499984741211,38.560001373291016,38.560001373291016,26457
2023-11-08 10:25:00+01:00,38.58000183105469,38.59000015258789,38.54999923706055,38.560001373291016,38.560001373291016,10269
2023-11-08 10:26:00+01:00,38.52000045776367,38.529998779296875,38.474998474121094,38.5099983215332,38.5099983215332,5998
2023-11-08 10:27:00+01:00,38.52000045776367,38.529998779296875,38.470001220703125,38.47999954223633,38.47999954223633,5263
2023-11-08 10:28:00+01:00,38.470001220703125,38.474998474121094,38.44499969482422,38.44499969482422,38.44499969482422,2132
2023-11-08 10:29:00+01:00,38.439998626708984,38.45500183105469,38.404998779296875,38.40999984741211,38.40999984741211,4454
2023-11-08 10:30:00+01:00,38.40999984741211,38.45000076293945,38.40999984741211,38.43000030517578,38.43000030517578,5375
2023-11-08 10:31:00+01:00,38.42499923706055,38.43000030517578,38.38999938964844,38.39500045776367,38.39500045776367,5902
2023-11-08 10:32:00+01:00,38.400001525878906,38.400001525878906,38.334999084472656,38.3650016784668,38.3650016784668,8537
2023-11-08 10:33:00+01:00,38.35499954223633,38.35499954223633,38.29499816894531,38.29999923706055,38.29999923706055,4360
2023-11-08 10:34:00+01:00,38.255001068115234,38.290000915527344,38.2400016784668,38.2400016784668,38.2400016784668,1217
2023-11-08 10:35:00+01:00,38.220001220703125,38.27000045776367,38.220001220703125,38.255001068115234,38.255001068115234,2091
2023-11-08 10:36:00+01:00,38.2599983215332,38.349998474121094,38.25,38.32500076293945,38.32500076293945,8781
2023-11-08 10:37:00+01:00,38.314998626708984,38.32500076293945,38.28499984741211,38.30500030517578,38.30500030517578,6715
2023-11-08 10:38:00+01:00,38.31999969482422,38.375,38.310001373291016,38.310001373291016,38.310001373291016,7572
2023-11-08 10:39:00+01:00,38.30500030517578,38.30500030517578,38.275001525878906,38.275001525878906,38.275001525878906,5161
2023-11-08 10:40:00+01:00,38.27000045776367,38.31999969482422,38.26499938964844,38.28499984741211,38.28499984741211,24700
2023-11-08 10:41:00+01:00,38.279998779296875,38.279998779296875,38.19499969482422,38.19499969482422,38.19499969482422,5934
2023-11-08 10:42:00+01:00,38.17499923706055,38.244998931884766,38.17499923706055,38.244998931884766,38.244998931884766,4779
2023-11-08 10:43:00+01:00,38.244998931884766,38.29999923706055,38.23500061035156,38.29999923706055,38.29999923706055,1996
2023-11-08 10:44:00+01:00,38.279998779296875,38.39500045776367,38.279998779296875,38.39500045776367,38.39500045776367,5284
2023-11-08 10:45:00+01:00,38.404998779296875,38.41999816894531,38.349998474121094,38.3849983215332,38.3849983215332,10114
2023-11-08 10:46:00+01:00,38.39500045776367,38.404998779296875,38.38999938964844,38.404998779296875,38.404998779296875,1755
2023-11-08 10:47:00+01:00,38.400001525878906,38.400001525878906,38.34000015258789,38.34000015258789,38.34000015258789,2417
2023-11-08 10:49:00+01:00,38.29999923706055,38.32500076293945,38.29499816894531,38.32500076293945,38.32500076293945,377
2023-11-08 10:50:00+01:00,38.310001373291016,38.334999084472656,38.29499816894531,38.33000183105469,38.33000183105469,1755
2023-11-08 10:51:00+01:00,38.32500076293945,38.349998474121094,38.29499816894531,38.31999969482422,38.31999969482422,11169
2023-11-08 10:52:00+01:00,38.310001373291016,38.310001373291016,38.27000045776367,38.275001525878906,38.275001525878906,3097
2023-11-08 10:53:00+01:00,38.29499816894531,38.314998626708984,38.29499816894531,38.314998626708984,38.314998626708984,680
2023-11-08 10:54:00+01:00,38.36000061035156,38.404998779296875,38.35499954223633,38.3650016784668,38.3650016784668,3196
2023-11-08 10:55:00+01:00,38.400001525878906,38.45500183105469,38.3849983215332,38.45500183105469,38.45500183105469,16049
2023-11-08 10:56:00+01:00,38.459999084472656,38.47999954223633,38.40999984741211,38.439998626708984,38.439998626708984,5459
2023-11-08 10:57:00+01:00,38.42499923706055,38.45000076293945,38.415000915527344,38.41999816894531,38.41999816894531,5879
2023-11-08 10:58:00+01:00,38.41999816894531,38.45500183105469,38.41999816894531,38.45500183105469,38.45500183105469,864
2023-11-08 10:59:00+01:00,38.45000076293945,38.45000076293945,38.44499969482422,38.44499969482422,38.44499969482422,540
2023-11-08 11:00:00+01:00,38.45500183105469,38.470001220703125,38.380001068115234,38.380001068115234,38.380001068115234,3358
2023-11-08 11:01:00+01:00,38.369998931884766,38.380001068115234,38.34000015258789,38.35499954223633,38.35499954223633,5836
2023-11-08 11:02:00+01:00,38.349998474121094,38.380001068115234,38.28499984741211,38.28499984741211,38.28499984741211,5120
2023-11-08 11:03:00+01:00,38.279998779296875,38.29499816894531,38.26499938964844,38.27000045776367,38.27000045776367,2656
2023-11-08 11:04:00+01:00,38.290000915527344,38.29499816894531,38.26499938964844,38.26499938964844,38.26499938964844,983
2023-11-08 11:05:00+01:00,38.244998931884766,38.244998931884766,38.185001373291016,38.189998626708984,38.189998626708984,2349
2023-11-08 11:06:00+01:00,38.17499923706055,38.189998626708984,38.16999816894531,38.189998626708984,38.189998626708984,2401
2023-11-08 11:07:00+01:00,38.20000076293945,38.2400016784668,38.20000076293945,38.2400016784668,38.2400016784668,326
2023-11-08 11:08:00+01:00,38.2599983215332,38.27000045776367,38.23500061035156,38.27000045776367,38.27000045776367,5673
2023-11-08 11:09:00+01:00,38.25,38.25,38.185001373291016,38.185001373291016,38.185001373291016,7188
2023-11-08 11:10:00+01:00,38.185001373291016,38.185001373291016,38.165000915527344,38.165000915527344,38.165000915527344,2577
2023-11-08 11:11:00+01:00,38.15999984741211,38.255001068115234,38.14500045776367,38.20000076293945,38.20000076293945,12410
2023-11-08 11:12:00+01:00,38.209999084472656,38.224998474121094,38.209999084472656,38.224998474121094,38.224998474121094,3170
2023-11-08 11:13:00+01:00,38.22999954223633,38.23500061035156,38.185001373291016,38.185001373291016,38.185001373291016,2085
2023-11-08 11:14:00+01:00,38.20000076293945,38.224998474121094,38.185001373291016,38.224998474121094,38.224998474121094,3070
2023-11-08 11:15:00+01:00,38.23500061035156,38.30500030517578,38.23500061035156,38.29999923706055,38.29999923706055,5379
2023-11-08 11:16:00+01:00,38.31999969482422,38.35499954223633,38.30500030517578,38.33000183105469,38.33000183105469,9167
2023-11-08 11:17:00+01:00,38.349998474121094,38.3650016784668,38.32500076293945,38.32500076293945,38.32500076293945,2037
2023-11-08 11:18:00+01:00,38.314998626708984,38.314998626708984,38.30500030517578,38.30500030517578,38.30500030517578,1175
2023-11-08 11:20:00+01:00,38.31999969482422,38.32500076293945,38.290000915527344,38.290000915527344,38.290000915527344,1806
2023-11-08 11:21:00+01:00,38.29999923706055,38.310001373291016,38.26499938964844,38.275001525878906,38.275001525878906,5660
2023-11-08 11:22:00+01:00,38.28499984741211,38.29499816894531,38.279998779296875,38.279998779296875,38.279998779296875,1106
2023-11-08 11:23:00+01:00,38.279998779296875,38.29999923706055,38.275001525878906,38.275001525878906,38.275001525878906,4838
2023-11-08 11:24:00+01:00,38.310001373291016,38.31999969482422,38.310001373291016,38.31999969482422,38.31999969482422,2430
2023-11-08 11:25:00+01:00,38.33000183105469,38.33000183105469,38.27000045776367,38.275001525878906,38.275001525878906,3471
2023-11-08 11:26:00+01:00,38.279998779296875,38.30500030517578,38.279998779296875,38.30500030517578,38.30500030517578,1772
2023-11-08 11:27:00+01:00,38.32500076293945,38.345001220703125,38.31999969482422,38.34000015258789,38.34000015258789,2055
2023-11-08 11:28:00+01:00,38.345001220703125,38.345001220703125,38.314998626708984,38.33000183105469,38.33000183105469,3719
2023-11-08 11:29:00+01:00,38.345001220703125,38.349998474121094,38.314998626708984,38.314998626708984,38.314998626708984,4799
2023-11-08 11:30:00+01:00,38.32500076293945,38.34000015258789,38.255001068115234,38.275001525878906,38.275001525878906,48158
2023-11-08 11:31:00+01:00,38.275001525878906,38.31999969482422,38.275001525878906,38.314998626708984,38.314998626708984,12263
2023-11-08 11:32:00+01:00,38.29499816894531,38.30500030517578,38.279998779296875,38.290000915527344,38.290000915527344,8659
2023-11-08 11:33:00+01:00,38.29999923706055,38.310001373291016,38.28499984741211,38.29999923706055,38.29999923706055,6780
2023-11-08 11:34:00+01:00,38.30500030517578,38.38999938964844,38.290000915527344,38.36000061035156,38.36000061035156,12917
2023-11-08 11:35:00+01:00,38.314998626708984,38.31999969482422,38.310001373291016,38.31999969482422,38.31999969482422,1386
2023-11-08 11:36:00+01:00,38.310001373291016,38.32500076293945,38.279998779296875,38.310001373291016,38.310001373291016,7298
2023-11-08 11:37:00+01:00,38.349998474121094,38.3650016784668,38.31999969482422,38.31999969482422,38.31999969482422,8011
2023-11-08 11:38:00+01:00,38.334999084472656,38.380001068115234,38.32500076293945,38.380001068115234,38.380001068115234,7746
2023-11-08 11:39:00+01:00,38.369998931884766,38.400001525878906,38.369998931884766,38.369998931884766,38.369998931884766,4243
2023-11-08 11:40:00+01:00,38.3849983215332,38.41999816894531,38.3849983215332,38.41999816894531,38.41999816894531,1840
2023-11-08 11:41:00+01:00,38.439998626708984,38.459999084472656,38.439998626708984,38.459999084472656,38.459999084472656,1571
2023-11-08 11:42:00+01:00,38.45500183105469,38.45500183105469,38.44499969482422,38.44499969482422,38.44499969482422,1579
2023-11-08 11:43:00+01:00,38.435001373291016,38.435001373291016,38.435001373291016,38.435001373291016,38.435001373291016,323
2023-11-08 11:44:00+01:00,38.415000915527344,38.439998626708984,38.415000915527344,38.439998626708984,38.439998626708984,3018
2023-11-08 11:45:00+01:00,38.435001373291016,38.4900016784668,38.435001373291016,38.459999084472656,38.459999084472656,8098
2023-11-08 11:46:00+01:00,38.43000030517578,38.46500015258789,38.43000030517578,38.46500015258789,38.46500015258789,1028
2023-11-08 11:47:00+01:00,38.494998931884766,38.53499984741211,38.48500061035156,38.494998931884766,38.494998931884766,9501
2023-11-08 11:48:00+01:00,38.494998931884766,38.505001068115234,38.48500061035156,38.505001068115234,38.505001068115234,3099
2023-11-08 11:49:00+01:00,38.5,38.52000045776367,38.5,38.5099983215332,38.5099983215332,2971
2023-11-08 11:50:00+01:00,38.52000045776367,38.52000045776367,38.46500015258789,38.4900016784668,38.4900016784668,20814
2023-11-08 11:51:00+01:00,38.47999954223633,38.494998931884766,38.474998474121094,38.48500061035156,38.48500061035156,2519
2023-11-08 11:52:00+01:00,38.5,38.51499938964844,38.470001220703125,38.470001220703125,38.470001220703125,26607
2023-11-08 11:53:00+01:00,38.48500061035156,38.48500061035156,38.474998474121094,38.474998474121094,38.474998474121094,593
2023-11-08 11:54:00+01:00,38.4900016784668,38.505001068115234,38.4900016784668,38.4900016784668,38.4900016784668,3523
2023-11-08 11:55:00+01:00,38.494998931884766,38.494998931884766,38.494998931884766,38.494998931884766,38.494998931884766,238
2023-11-08 11:56:00+01:00,38.52000045776367,38.54999923706055,38.52000045776367,38.54999923706055,38.54999923706055,2919
2023-11-08 11:57:00+01:00,38.55500030517578,38.560001373291016,38.54499816894531,38.54499816894531,38.54499816894531,3026
2023-11-08 11:58:00+01:00,38.55500030517578,38.55500030517578,38.525001525878906,38.525001525878906,38.525001525878906,2436
2023-11-08 11:59:00+01:00,38.540000915527344,38.55500030517578,38.53499984741211,38.54499816894531,38.54499816894531,2416
2023-11-08 12:00:00+01:00,38.540000915527344,38.55500030517578,38.525001525878906,38.53499984741211,38.53499984741211,4941
2023-11-08 12:01:00+01:00,38.529998779296875,38.53499984741211,38.51499938964844,38.529998779296875,38.529998779296875,4087
2023-11-08 12:02:00+01:00,38.529998779296875,38.54499816894531,38.525001525878906,38.540000915527344,38.540000915527344,4513
2023-11-08 12:03:00+01:00,38.525001525878906,38.54499816894531,38.52000045776367,38.54499816894531,38.54499816894531,4803
2023-11-08 12:04:00+01:00,38.55500030517578,38.55500030517578,38.54999923706055,38.55500030517578,38.55500030517578,920
2023-11-08 12:05:00+01:00,38.54499816894531,38.54999923706055,38.51499938964844,38.51499938964844,38.51499938964844,4399
2023-11-08 12:06:00+01:00,38.505001068115234,38.525001525878906,38.505001068115234,38.5099983215332,38.5099983215332,2369
2023-11-08 12:07:00+01:00,38.51499938964844,38.51499938964844,38.494998931884766,38.5,38.5,1895
2023-11-08 12:08:00+01:00,38.5099983215332,38.51499938964844,38.474998474121094,38.47999954223633,38.47999954223633,2336
2023-11-08 12:09:00+01:00,38.48500061035156,38.505001068115234,38.48500061035156,38.494998931884766,38.494998931884766,1985
2023-11-08 12:10:00+01:00,38.5,38.5,38.4900016784668,38.4900016784668,38.4900016784668,177
2023-11-08 12:11:00+01:00,38.5,38.5,38.45000076293945,38.45000076293945,38.45000076293945,1945
2023-11-08 12:12:00+01:00,38.404998779296875,38.404998779296875,38.3849983215332,38.3849983215332,38.3849983215332,792
2023-11-08 12:13:00+01:00,38.375,38.415000915527344,38.3650016784668,38.415000915527344,38.415000915527344,3655
2023-11-08 12:14:00+01:00,38.439998626708984,38.45000076293945,38.439998626708984,38.45000076293945,38.45000076293945,2500
2023-11-08 12:15:00+01:00,38.459999084472656,38.459999084472656,38.45500183105469,38.45500183105469,38.45500183105469,951
2023-11-08 12:16:00+01:00,38.45000076293945,38.45000076293945,38.435001373291016,38.435001373291016,38.435001373291016,1233
2023-11-08 12:17:00+01:00,38.44499969482422,38.45000076293945,38.44499969482422,38.44499969482422,38.44499969482422,60
2023-11-08 12:18:00+01:00,38.435001373291016,38.435001373291016,38.38999938964844,38.38999938964844,38.38999938964844,164
2023-11-08 12:19:00+01:00,38.380001068115234,38.39500045776367,38.349998474121094,38.375,38.375,5269
2023-11-08 12:20:00+01:00,38.380001068115234,38.380001068115234,38.369998931884766,38.369998931884766,38.369998931884766,3069
2023-11-08 12:21:00+01:00,38.36000061035156,38.380001068115234,38.34000015258789,38.34000015258789,38.34000015258789,3660
2023-11-08 12:22:00+01:00,38.345001220703125,38.345001220703125,38.34000015258789,38.34000015258789,38.34000015258789,133
2023-11-08 12:23:00+01:00,38.334999084472656,38.349998474121094,38.334999084472656,38.349998474121094,38.349998474121094,995
2023-11-08 12:24:00+01:00,38.35499954223633,38.415000915527344,38.35499954223633,38.40999984741211,38.40999984741211,8875
2023-11-08 12:25:00+01:00,38.40999984741211,38.44499969482422,38.40999984741211,38.44499969482422,38.44499969482422,7596
2023-11-08 12:26:00+01:00,38.435001373291016,38.435001373291016,38.404998779296875,38.40999984741211,38.40999984741211,3754
2023-11-08 12:27:00+01:00,38.38999938964844,38.38999938964844,38.3849983215332,38.38999938964844,38.38999938964844,858
2023-11-08 12:28:00+01:00,38.380001068115234,38.380001068115234,38.34000015258789,38.3650016784668,38.3650016784668,4311
2023-11-08 12:29:00+01:00,38.42499923706055,38.439998626708984,38.42499923706055,38.439998626708984,38.439998626708984,678
2023-11-08 12:30:00+01:00,38.45000076293945,38.459999084472656,38.439998626708984,38.459999084472656,38.459999084472656,772
2023-11-08 12:31:00+01:00,38.459999084472656,38.474998474121094,38.43000030517578,38.43000030517578,38.43000030517578,2162
2023-11-08 12:32:00+01:00,38.415000915527344,38.415000915527344,38.415000915527344,38.415000915527344,38.415000915527344,261
2023-11-08 12:33:00+01:00,38.380001068115234,38.380001068115234,38.375,38.375,38.375,137
2023-11-08 12:34:00+01:00,38.375,38.38999938964844,38.375,38.3849983215332,38.3849983215332,1594
2023-11-08 12:35:00+01:00,38.39500045776367,38.39500045776367,38.38999938964844,38.38999938964844,38.38999938964844,378
2023-11-08 12:36:00+01:00,38.38999938964844,38.39500045776367,38.3849983215332,38.39500045776367,38.39500045776367,4612
2023-11-08 12:37:00+01:00,38.380001068115234,38.3849983215332,38.375,38.3849983215332,38.3849983215332,633
2023-11-08 12:38:00+01:00,38.380001068115234,38.3849983215332,38.369998931884766,38.380001068115234,38.380001068115234,3253
2023-11-08 12:39:00+01:00,38.380001068115234,38.380001068115234,38.36000061035156,38.36000061035156,38.36000061035156,1329
2023-11-08 12:40:00+01:00,38.36000061035156,38.375,38.36000061035156,38.375,38.375,1736
2023-11-08 12:41:00+01:00,38.375,38.380001068115234,38.375,38.380001068115234,38.380001068115234,240
2023-11-08 12:43:00+01:00,38.375,38.375,38.349998474121094,38.36000061035156,38.36000061035156,2598
2023-11-08 12:44:00+01:00,38.3650016784668,38.3650016784668,38.345001220703125,38.345001220703125,38.345001220703125,701
2023-11-08 12:45:00+01:00,38.345001220703125,38.345001220703125,38.345001220703125,38.345001220703125,38.345001220703125,70
2023-11-08 12:46:00+01:00,38.345001220703125,38.349998474121094,38.32500076293945,38.345001220703125,38.345001220703125,4914
2023-11-08 12:47:00+01:00,38.36000061035156,38.3650016784668,38.36000061035156,38.3650016784668,38.3650016784668,632
2023-11-08 12:48:00+01:00,38.33000183105469,38.33000183105469,38.189998626708984,38.20500183105469,38.20500183105469,15735
2023-11-08 12:49:00+01:00,38.220001220703125,38.2599983215332,38.220001220703125,38.244998931884766,38.244998931884766,1478
2023-11-08 12:50:00+01:00,38.25,38.25,38.23500061035156,38.244998931884766,38.244998931884766,2678
2023-11-08 12:51:00+01:00,38.26499938964844,38.28499984741211,38.2599983215332,38.2599983215332,38.2599983215332,5075
2023-11-08 12:53:00+01:00,38.2599983215332,38.2599983215332,38.20500183105469,38.20500183105469,38.20500183105469,1651
2023-11-08 12:54:00+01:00,38.16999816894531,38.16999816894531,38.1150016784668,38.13999938964844,38.13999938964844,10339
2023-11-08 12:55:00+01:00,38.154998779296875,38.18000030517578,38.09000015258789,38.16999816894531,38.16999816894531,10217
2023-11-08 12:56:00+01:00,38.165000915527344,38.165000915527344,38.119998931884766,38.119998931884766,38.119998931884766,1456
2023-11-08 12:57:00+01:00,38.095001220703125,38.099998474121094,38.095001220703125,38.099998474121094,38.099998474121094,206
2023-11-08 12:58:00+01:00,38.10499954223633,38.10499954223633,38.10499954223633,38.10499954223633,38.10499954223633,42
2023-11-08 12:59:00+01:00,38.08000183105469,38.08000183105469,37.95500183105469,37.95500183105469,37.95500183105469,24929
2023-11-08 13:02:00+01:00,37.974998474121094,38.040000915527344,37.92499923706055,38.02000045776367,38.02000045776367,13275
2023-11-08 13:03:00+01:00,38.025001525878906,38.04999923706055,38.005001068115234,38.04499816894531,38.04499816894531,3267
2023-11-08 13:04:00+01:00,38.09000015258789,38.095001220703125,38.064998626708984,38.06999969482422,38.06999969482422,6858
2023-11-08 13:05:00+01:00,38.064998626708984,38.06999969482422,38.060001373291016,38.064998626708984,38.064998626708984,1623
2023-11-08 13:06:00+01:00,38.060001373291016,38.07500076293945,38.04499816894531,38.04499816894531,38.04499816894531,1194
2023-11-08 13:07:00+01:00,38.03499984741211,38.03499984741211,38.025001525878906,38.03499984741211,38.03499984741211,1097
2023-11-08 13:09:00+01:00,38.07500076293945,38.11000061035156,38.04999923706055,38.064998626708984,38.064998626708984,6733
2023-11-08 13:10:00+01:00,38.07500076293945,38.07500076293945,38.064998626708984,38.07500076293945,38.07500076293945,808
2023-11-08 13:11:00+01:00,38.084999084472656,38.084999084472656,38.064998626708984,38.08000183105469,38.08000183105469,1222
2023-11-08 13:12:00+01:00,38.07500076293945,38.08000183105469,38.07500076293945,38.07500076293945,38.07500076293945,1545
2023-11-08 13:13:00+01:00,38.06999969482422,38.095001220703125,38.06999969482422,38.095001220703125,38.095001220703125,286
2023-11-08 13:14:00+01:00,38.130001068115234,38.130001068115234,38.130001068115234,38.130001068115234,38.130001068115234,300
2023-11-08 13:15:00+01:00,38.13999938964844,38.154998779296875,38.13999938964844,38.154998779296875,38.154998779296875,485
2023-11-08 13:16:00+01:00,38.165000915527344,38.165000915527344,38.07500076293945,38.084999084472656,38.084999084472656,2696
2023-11-08 13:17:00+01:00,38.06999969482422,38.06999969482422,37.97999954223633,38.04999923706055,38.04999923706055,10290
2023-11-08 13:18:00+01:00,38.04999923706055,38.05500030517578,38.04499816894531,38.04999923706055,38.04999923706055,1071
2023-11-08 13:19:00+01:00,38.04499816894531,38.04999923706055,38.040000915527344,38.04499816894531,38.04499816894531,883
2023-11-08 13:20:00+01:00,38.04999923706055,38.06999969482422,38.04999923706055,38.064998626708984,38.064998626708984,760
2023-11-08 13:21:00+01:00,38.07500076293945,38.10499954223633,38.07500076293945,38.10499954223633,38.10499954223633,85
2023-11-08 13:22:00+01:00,38.154998779296875,38.154998779296875,38.154998779296875,38.154998779296875,38.154998779296875,46
2023-11-08 13:23:00+01:00,38.15999984741211,38.209999084472656,38.15999984741211,38.20500183105469,38.20500183105469,1716
2023-11-08 13:24:00+01:00,38.19499969482422,38.19499969482422,38.15999984741211,38.15999984741211,38.15999984741211,827
2023-11-08 13:25:00+01:00,38.165000915527344,38.16999816894531,38.165000915527344,38.165000915527344,38.165000915527344,330
2023-11-08 13:26:00+01:00,38.14500045776367,38.14500045776367,38.119998931884766,38.130001068115234,38.130001068115234,3226
2023-11-08 13:27:00+01:00,38.130001068115234,38.130001068115234,38.130001068115234,38.130001068115234,38.130001068115234,146
2023-11-08 13:28:00+01:00,38.13999938964844,38.14500045776367,38.13999938964844,38.14500045776367,38.14500045776367,127
2023-11-08 13:29:00+01:00,38.1349983215332,38.154998779296875,38.095001220703125,38.10499954223633,38.10499954223633,20072
2023-11-08 13:30:00+01:00,38.099998474121094,38.119998931884766,38.099998474121094,38.119998931884766,38.119998931884766,295
2023-11-08 13:31:00+01:00,38.125,38.130001068115234,38.119998931884766,38.130001068115234,38.130001068115234,645
2023-11-08 13:32:00+01:00,38.1349983215332,38.13999938964844,38.1349983215332,38.13999938964844,38.13999938964844,197
2023-11-08 13:33:00+01:00,38.150001525878906,38.185001373291016,38.150001525878906,38.185001373291016,38.185001373291016,3609
2023-11-08 13:34:00+01:00,38.209999084472656,38.22999954223633,38.209999084472656,38.224998474121094,38.224998474121094,696
2023-11-08 13:35:00+01:00,38.244998931884766,38.244998931884766,38.23500061035156,38.244998931884766,38.244998931884766,577
2023-11-08 13:36:00+01:00,38.244998931884766,38.244998931884766,38.244998931884766,38.244998931884766,38.244998931884766,493
2023-11-08 13:37:00+01:00,38.255001068115234,38.279998779296875,38.23500061035156,38.26499938964844,38.26499938964844,3693
2023-11-08 13:38:00+01:00,38.2599983215332,38.2599983215332,38.20500183105469,38.220001220703125,38.220001220703125,1220
2023-11-08 13:39:00+01:00,38.224998474121094,38.224998474121094,38.224998474121094,38.224998474121094,38.224998474121094,27
2023-11-08 13:40:00+01:00,38.22999954223633,38.2400016784668,38.224998474121094,38.22999954223633,38.22999954223633,1252
2023-11-08 13:41:00+01:00,38.23500061035156,38.23500061035156,38.22999954223633,38.22999954223633,38.22999954223633,2833
2023-11-08 13:42:00+01:00,38.23500061035156,38.255001068115234,38.23500061035156,38.255001068115234,38.255001068115234,1175
2023-11-08 13:44:00+01:00,38.255001068115234,38.255001068115234,38.22999954223633,38.25,38.25,2614
2023-11-08 13:46:00+01:00,38.25,38.2599983215332,38.244998931884766,38.244998931884766,38.244998931884766,1859
2023-11-08 13:47:00+01:00,38.25,38.25,38.25,38.25,38.25,180
2023-11-08 13:48:00+01:00,38.244998931884766,38.244998931884766,38.220001220703125,38.220001220703125,38.220001220703125,8353
2023-11-08 13:50:00+01:00,38.209999084472656,38.209999084472656,38.17499923706055,38.17499923706055,38.17499923706055,659
2023-11-08 13:51:00+01:00,38.18000030517578,38.19499969482422,38.150001525878906,38.150001525878906,38.150001525878906,2448
2023-11-08 13:52:00+01:00,38.15999984741211,38.220001220703125,38.15999984741211,38.220001220703125,38.220001220703125,897
2023-11-08 13:53:00+01:00,38.220001220703125,38.27000045776367,38.21500015258789,38.27000045776367,38.27000045776367,3596
2023-11-08 13:54:00+01:00,38.279998779296875,38.29999923706055,38.279998779296875,38.29499816894531,38.29499816894531,324
2023-11-08 13:55:00+01:00,38.290000915527344,38.290000915527344,38.26499938964844,38.279998779296875,38.279998779296875,565
2023-11-08 13:56:00+01:00,38.28499984741211,38.310001373291016,38.28499984741211,38.310001373291016,38.310001373291016,167
2023-11-08 13:57:00+01:00,38.290000915527344,38.290000915527344,38.27000045776367,38.27000045776367,38.27000045776367,747
2023-11-08 13:58:00+01:00,38.26499938964844,38.26499938964844,38.2599983215332,38.2599983215332,38.2599983215332,527
2023-11-08 13:59:00+01:00,38.2400016784668,38.2400016784668,38.22999954223633,38.22999954223633,38.22999954223633,1153
2023-11-08 14:00:00+01:00,38.224998474121094,38.23500061035156,38.224998474121094,38.23500061035156,38.23500061035156,2162
2023-11-08 14:01:00+01:00,38.2400016784668,38.2599983215332,38.2400016784668,38.2599983215332,38.2599983215332,823
2023-11-08 14:02:00+01:00,38.29499816894531,38.310001373291016,38.290000915527344,38.290000915527344,38.290000915527344,1704
2023-11-08 14:03:00+01:00,38.32500076293945,38.32500076293945,38.31999969482422,38.31999969482422,38.31999969482422,296
2023-11-08 14:04:00+01:00,38.334999084472656,38.345001220703125,38.33000183105469,38.34000015258789,38.34000015258789,6492
2023-11-08 14:05:00+01:00,38.334999084472656,38.345001220703125,38.334999084472656,38.334999084472656,38.334999084472656,580
2023-11-08 14:06:00+01:00,38.34000015258789,38.34000015258789,38.29999923706055,38.29999923706055,38.29999923706055,3637
2023-11-08 14:07:00+01:00,38.314998626708984,38.314998626708984,38.30500030517578,38.310001373291016,38.310001373291016,620
2023-11-08 14:08:00+01:00,38.29499816894531,38.29499816894531,38.29499816894531,38.29499816894531,38.29499816894531,120
2023-11-08 14:09:00+01:00,38.29499816894531,38.29499816894531,38.28499984741211,38.290000915527344,38.290000915527344,978
2023-11-08 14:10:00+01:00,38.27000045776367,38.275001525878906,38.255001068115234,38.26499938964844,38.26499938964844,2141
2023-11-08 14:11:00+01:00,38.27000045776367,38.27000045776367,38.27000045776367,38.27000045776367,38.27000045776367,685
2023-11-08 14:12:00+01:00,38.27000045776367,38.27000045776367,38.27000045776367,38.27000045776367,38.27000045776367,709
2023-11-08 14:13:00+01:00,38.2599983215332,38.27000045776367,38.209999084472656,38.224998474121094,38.224998474121094,4512
2023-11-08 14:14:00+01:00,38.209999084472656,38.21500015258789,38.209999084472656,38.21500015258789,38.21500015258789,1210
2023-11-08 14:15:00+01:00,38.20000076293945,38.20000076293945,38.189998626708984,38.189998626708984,38.189998626708984,381
2023-11-08 14:16:00+01:00,38.18000030517578,38.185001373291016,38.15999984741211,38.165000915527344,38.165000915527344,501
2023-11-08 14:17:00+01:00,38.17499923706055,38.18000030517578,38.16999816894531,38.18000030517578,38.18000030517578,2970
2023-11-08 14:18:00+01:00,38.189998626708984,38.19499969482422,38.189998626708984,38.189998626708984,38.189998626708984,952
2023-11-08 14:19:00+01:00,38.165000915527344,38.185001373291016,38.165000915527344,38.185001373291016,38.185001373291016,781
2023-11-08 14:20:00+01:00,38.209999084472656,38.2400016784668,38.209999084472656,38.2400016784668,38.2400016784668,1657
2023-11-08 14:21:00+01:00,38.244998931884766,38.25,38.244998931884766,38.244998931884766,38.244998931884766,632
2023-11-08 14:22:00+01:00,38.2599983215332,38.29999923706055,38.2599983215332,38.29999923706055,38.29999923706055,2227
2023-11-08 14:23:00+01:00,38.310001373291016,38.31999969482422,38.290000915527344,38.290000915527344,38.290000915527344,1762
2023-11-08 14:24:00+01:00,38.290000915527344,38.290000915527344,38.275001525878906,38.275001525878906,38.275001525878906,276
2023-11-08 14:25:00+01:00,38.26499938964844,38.27000045776367,38.25,38.27000045776367,38.27000045776367,1056
2023-11-08 14:26:00+01:00,38.27000045776367,38.290000915527344,38.27000045776367,38.279998779296875,38.279998779296875,2394
2023-11-08 14:27:00+01:00,38.28499984741211,38.290000915527344,38.28499984741211,38.290000915527344,38.290000915527344,97
2023-11-08 14:28:00+01:00,38.310001373291016,38.310001373291016,38.279998779296875,38.279998779296875,38.279998779296875,1575
2023-11-08 14:29:00+01:00,38.28499984741211,38.28499984741211,38.25,38.25,38.25,700
2023-11-08 14:30:00+01:00,38.27000045776367,38.275001525878906,38.26499938964844,38.26499938964844,38.26499938964844,160
2023-11-08 14:31:00+01:00,38.275001525878906,38.28499984741211,38.255001068115234,38.255001068115234,38.255001068115234,2363
2023-11-08 14:32:00+01:00,38.2599983215332,38.275001525878906,38.2599983215332,38.275001525878906,38.275001525878906,786
2023-11-08 14:33:00+01:00,38.275001525878906,38.275001525878906,38.255001068115234,38.255001068115234,38.255001068115234,703
2023-11-08 14:34:00+01:00,38.2599983215332,38.26499938964844,38.255001068115234,38.255001068115234,38.255001068115234,759
2023-11-08 14:35:00+01:00,38.25,38.25,38.25,38.25,38.25,32
2023-11-08 14:36:00+01:00,38.2400016784668,38.2400016784668,38.1349983215332,38.150001525878906,38.150001525878906,5965
2023-11-08 14:37:00+01:00,38.15999984741211,38.15999984741211,38.150001525878906,38.154998779296875,38.154998779296875,495
2023-11-08 14:38:00+01:00,38.154998779296875,38.154998779296875,38.154998779296875,38.154998779296875,38.154998779296875,360
2023-11-08 14:39:00+01:00,38.15999984741211,38.16999816894531,38.15999984741211,38.16999816894531,38.16999816894531,1172
2023-11-08 14:40:00+01:00,38.15999984741211,38.18000030517578,38.150001525878906,38.18000030517578,38.18000030517578,3004
2023-11-08 14:41:00+01:00,38.189998626708984,38.220001220703125,38.189998626708984,38.220001220703125,38.220001220703125,796
2023-11-08 14:42:00+01:00,38.19499969482422,38.19499969482422,38.19499969482422,38.19499969482422,38.19499969482422,0
2023-11-08 14:43:00+01:00,38.20500183105469,38.20500183105469,38.20000076293945,38.20000076293945,38.20000076293945,2213396
2023-11-08 14:44:00+01:00,38.21500015258789,38.2599983215332,38.20500183105469,38.255001068115234,38.255001068115234,2502
2023-11-08 14:45:00+01:00,38.244998931884766,38.244998931884766,38.244998931884766,38.244998931884766,38.244998931884766,669
2023-11-08 14:46:00+01:00,38.26499938964844,38.26499938964844,38.2599983215332,38.26499938964844,38.26499938964844,385
2023-11-08 14:48:00+01:00,38.279998779296875,38.29499816894531,38.279998779296875,38.29499816894531,38.29499816894531,708
2023-11-08 14:49:00+01:00,38.290000915527344,38.290000915527344,38.26499938964844,38.290000915527344,38.290000915527344,1511
2023-11-08 14:50:00+01:00,38.28499984741211,38.28499984741211,38.22999954223633,38.244998931884766,38.244998931884766,2685
2023-11-08 14:51:00+01:00,38.26499938964844,38.26499938964844,38.255001068115234,38.26499938964844,38.26499938964844,573
2023-11-08 14:52:00+01:00,38.275001525878906,38.290000915527344,38.2599983215332,38.2599983215332,38.2599983215332,3258
2023-11-08 14:53:00+01:00,38.279998779296875,38.28499984741211,38.275001525878906,38.275001525878906,38.275001525878906,2467
2023-11-08 14:54:00+01:00,38.279998779296875,38.29999923706055,38.279998779296875,38.29999923706055,38.29999923706055,395
2023-11-08 14:55:00+01:00,38.310001373291016,38.310001373291016,38.29499816894531,38.310001373291016,38.310001373291016,714
2023-11-08 14:56:00+01:00,38.31999969482422,38.31999969482422,38.30500030517578,38.30500030517578,38.30500030517578,434
2023-11-08 14:57:00+01:00,38.29999923706055,38.32500076293945,38.29499816894531,38.29999923706055,38.29999923706055,2357
2023-11-08 14:58:00+01:00,38.31999969482422,38.32500076293945,38.31999969482422,38.32500076293945,38.32500076293945,1539
2023-11-08 14:59:00+01:00,38.33000183105469,38.34000015258789,38.29999923706055,38.29999923706055,38.29999923706055,2737
2023-11-08 15:00:00+01:00,38.29999923706055,38.32500076293945,38.29499816894531,38.29499816894531,38.29499816894531,2669
2023-11-08 15:01:00+01:00,38.29499816894531,38.29499816894531,38.25,38.25,38.25,1805
2023-11-08 15:02:00+01:00,38.2400016784668,38.27000045776367,38.2400016784668,38.27000045776367,38.27000045776367,1481
2023-11-08 15:03:00+01:00,38.275001525878906,38.275001525878906,38.27000045776367,38.27000045776367,38.27000045776367,1112
2023-11-08 15:04:00+01:00,38.244998931884766,38.244998931884766,38.22999954223633,38.22999954223633,38.22999954223633,246
2023-11-08 15:05:00+01:00,38.224998474121094,38.244998931884766,38.224998474121094,38.244998931884766,38.244998931884766,1560
2023-11-08 15:06:00+01:00,38.25,38.279998779296875,38.25,38.2599983215332,38.2599983215332,1367
2023-11-08 15:07:00+01:00,38.25,38.26499938964844,38.244998931884766,38.255001068115234,38.255001068115234,1774
2023-11-08 15:08:00+01:00,38.244998931884766,38.27000045776367,38.244998931884766,38.27000045776367,38.27000045776367,1603
2023-11-08 15:09:00+01:00,38.275001525878906,38.279998779296875,38.244998931884766,38.25,38.25,2139
2023-11-08 15:10:00+01:00,38.2599983215332,38.2599983215332,38.2400016784668,38.255001068115234,38.255001068115234,2031
2023-11-08 15:11:00+01:00,38.26499938964844,38.28499984741211,38.26499938964844,38.28499984741211,38.28499984741211,1338
2023-11-08 15:12:00+01:00,38.31999969482422,38.31999969482422,38.29999923706055,38.29999923706055,38.29999923706055,905
2023-11-08 15:13:00+01:00,38.275001525878906,38.275001525878906,38.275001525878906,38.275001525878906,38.275001525878906,385
2023-11-08 15:14:00+01:00,38.290000915527344,38.31999969482422,38.2599983215332,38.2599983215332,38.2599983215332,4153
2023-11-08 15:15:00+01:00,38.27000045776367,38.27000045776367,38.2400016784668,38.2400016784668,38.2400016784668,2780
2023-11-08 15:16:00+01:00,38.23500061035156,38.2400016784668,38.21500015258789,38.21500015258789,38.21500015258789,3555
2023-11-08 15:17:00+01:00,38.209999084472656,38.23500061035156,38.209999084472656,38.220001220703125,38.220001220703125,1511
2023-11-08 15:18:00+01:00,38.220001220703125,38.220001220703125,38.20000076293945,38.209999084472656,38.209999084472656,610
2023-11-08 15:19:00+01:00,38.22999954223633,38.22999954223633,38.20000076293945,38.220001220703125,38.220001220703125,3691
2023-11-08 15:20:00+01:00,38.21500015258789,38.22999954223633,38.209999084472656,38.209999084472656,38.209999084472656,1723
2023-11-08 15:21:00+01:00,38.20000076293945,38.20000076293945,38.150001525878906,38.150001525878906,38.150001525878906,5031
2023-11-08 15:22:00+01:00,38.154998779296875,38.18000030517578,38.154998779296875,38.165000915527344,38.165000915527344,1292
2023-11-08 15:23:00+01:00,38.17499923706055,38.19499969482422,38.15999984741211,38.16999816894531,38.16999816894531,4334
2023-11-08 15:24:00+01:00,38.16999816894531,38.18000030517578,38.15999984741211,38.18000030517578,38.18000030517578,3080
2023-11-08 15:25:00+01:00,38.189998626708984,38.189998626708984,38.18000030517578,38.185001373291016,38.185001373291016,947
2023-11-08 15:26:00+01:00,38.185001373291016,38.20500183105469,38.17499923706055,38.17499923706055,38.17499923706055,3105
2023-11-08 15:27:00+01:00,38.17499923706055,38.189998626708984,38.150001525878906,38.189998626708984,38.189998626708984,1243
2023-11-08 15:29:00+01:00,38.19499969482422,38.209999084472656,38.15999984741211,38.16999816894531,38.16999816894531,8360
2023-11-08 15:30:00+01:00,38.16999816894531,38.20000076293945,38.165000915527344,38.19499969482422,38.19499969482422,3676
2023-11-08 15:31:00+01:00,38.20500183105469,38.224998474121094,38.20500183105469,38.209999084472656,38.209999084472656,2784
2023-11-08 15:32:00+01:00,38.21500015258789,38.21500015258789,38.16999816894531,38.189998626708984,38.189998626708984,2892
2023-11-08 15:33:00+01:00,38.185001373291016,38.185001373291016,38.17499923706055,38.185001373291016,38.185001373291016,1964
2023-11-08 15:34:00+01:00,38.189998626708984,38.189998626708984,38.165000915527344,38.189998626708984,38.189998626708984,8158
2023-11-08 15:35:00+01:00,38.185001373291016,38.209999084472656,38.185001373291016,38.19499969482422,38.19499969482422,2037
2023-11-08 15:36:00+01:00,38.209999084472656,38.21500015258789,38.16999816894531,38.17499923706055,38.17499923706055,2830
2023-11-08 15:37:00+01:00,38.165000915527344,38.189998626708984,38.14500045776367,38.16999816894531,38.16999816894531,10765
2023-11-08 15:38:00+01:00,38.17499923706055,38.19499969482422,38.16999816894531,38.19499969482422,38.19499969482422,1318
2023-11-08 15:39:00+01:00,38.20000076293945,38.209999084472656,38.16999816894531,38.185001373291016,38.185001373291016,2196
2023-11-08 15:40:00+01:00,38.185001373291016,38.19499969482422,38.185001373291016,38.185001373291016,38.185001373291016,935
2023-11-08 15:41:00+01:00,38.19499969482422,38.209999084472656,38.189998626708984,38.19499969482422,38.19499969482422,2482
2023-11-08 15:42:00+01:00,38.209999084472656,38.26499938964844,38.209999084472656,38.244998931884766,38.244998931884766,2177
2023-11-08 15:43:00+01:00,38.25,38.27000045776367,38.25,38.27000045776367,38.27000045776367,1169
2023-11-08 15:44:00+01:00,38.255001068115234,38.2599983215332,38.25,38.255001068115234,38.255001068115234,1287
2023-11-08 15:45:00+01:00,38.25,38.28499984741211,38.244998931884766,38.28499984741211,38.28499984741211,2474
2023-11-08 15:46:00+01:00,38.29999923706055,38.35499954223633,38.290000915527344,38.345001220703125,38.345001220703125,8881
2023-11-08 15:47:00+01:00,38.334999084472656,38.3849983215332,38.334999084472656,38.375,38.375,9942
2023-11-08 15:48:00+01:00,38.3650016784668,38.40999984741211,38.3650016784668,38.38999938964844,38.38999938964844,4053
2023-11-08 15:49:00+01:00,38.38999938964844,38.38999938964844,38.36000061035156,38.36000061035156,38.36000061035156,5028
2023-11-08 15:50:00+01:00,38.35499954223633,38.375,38.34000015258789,38.375,38.375,2133
2023-11-08 15:51:00+01:00,38.380001068115234,38.3849983215332,38.369998931884766,38.3849983215332,38.3849983215332,2872
2023-11-08 15:52:00+01:00,38.380001068115234,38.380001068115234,38.32500076293945,38.345001220703125,38.345001220703125,4239
2023-11-08 15:53:00+01:00,38.35499954223633,38.3650016784668,38.334999084472656,38.334999084472656,38.334999084472656,5761
2023-11-08 15:54:00+01:00,38.334999084472656,38.349998474121094,38.314998626708984,38.314998626708984,38.314998626708984,1677
2023-11-08 15:55:00+01:00,38.310001373291016,38.32500076293945,38.29999923706055,38.29999923706055,38.29999923706055,2247
2023-11-08 15:56:00+01:00,38.279998779296875,38.36000061035156,38.279998779296875,38.35499954223633,38.35499954223633,3595
2023-11-08 15:57:00+01:00,38.35499954223633,38.36000061035156,38.32500076293945,38.36000061035156,38.36000061035156,6256
2023-11-08 15:58:00+01:00,38.36000061035156,38.36000061035156,38.349998474121094,38.349998474121094,38.349998474121094,1123
2023-11-08 15:59:00+01:00,38.35499954223633,38.3849983215332,38.334999084472656,38.3849983215332,38.3849983215332,2699
2023-11-08 16:00:00+01:00,38.38999938964844,38.415000915527344,38.36000061035156,38.36000061035156,38.36000061035156,3886
2023-11-08 16:01:00+01:00,38.369998931884766,38.3849983215332,38.35499954223633,38.3650016784668,38.3650016784668,5914
2023-11-08 16:02:00+01:00,38.36000061035156,38.36000061035156,38.29999923706055,38.29999923706055,38.29999923706055,2299
2023-11-08 16:03:00+01:00,38.31999969482422,38.31999969482422,38.275001525878906,38.275001525878906,38.275001525878906,3078
2023-11-08 16:04:00+01:00,38.279998779296875,38.30500030517578,38.279998779296875,38.29999923706055,38.29999923706055,2485
2023-11-08 16:05:00+01:00,38.290000915527344,38.290000915527344,38.26499938964844,38.279998779296875,38.279998779296875,5039
2023-11-08 16:06:00+01:00,38.290000915527344,38.36000061035156,38.290000915527344,38.36000061035156,38.36000061035156,1559
2023-11-08 16:07:00+01:00,38.35499954223633,38.369998931884766,38.345001220703125,38.345001220703125,38.345001220703125,6387
2023-11-08 16:08:00+01:00,38.34000015258789,38.349998474121094,38.32500076293945,38.349998474121094,38.349998474121094,2496
2023-11-08 16:09:00+01:00,38.33000183105469,38.35499954223633,38.32500076293945,38.35499954223633,38.35499954223633,2639
2023-11-08 16:10:00+01:00,38.3650016784668,38.380001068115234,38.31999969482422,38.32500076293945,38.32500076293945,5645
2023-11-08 16:11:00+01:00,38.33000183105469,38.349998474121094,38.33000183105469,38.34000015258789,38.34000015258789,620
2023-11-08 16:12:00+01:00,38.33000183105469,38.345001220703125,38.31999969482422,38.31999969482422,38.31999969482422,2755
2023-11-08 16:13:00+01:00,38.29999923706055,38.31999969482422,38.29499816894531,38.29999923706055,38.29999923706055,3384
2023-11-08 16:14:00+01:00,38.30500030517578,38.30500030517578,38.29999923706055,38.29999923706055,38.29999923706055,1138
2023-11-08 16:15:00+01:00,38.290000915527344,38.290000915527344,38.25,38.255001068115234,38.255001068115234,1320
2023-11-08 16:16:00+01:00,38.2599983215332,38.28499984741211,38.2599983215332,38.28499984741211,38.28499984741211,2212
2023-11-08 16:17:00+01:00,38.279998779296875,38.279998779296875,38.26499938964844,38.275001525878906,38.275001525878906,2116
2023-11-08 16:18:00+01:00,38.29499816894531,38.29499816894531,38.23500061035156,38.23500061035156,38.23500061035156,19497
2023-11-08 16:19:00+01:00,38.244998931884766,38.290000915527344,38.244998931884766,38.290000915527344,38.290000915527344,4454
2023-11-08 16:20:00+01:00,38.28499984741211,38.28499984741211,38.2599983215332,38.27000045776367,38.27000045776367,2572
2023-11-08 16:21:00+01:00,38.27000045776367,38.27000045776367,38.244998931884766,38.26499938964844,38.26499938964844,9337
2023-11-08 16:22:00+01:00,38.27000045776367,38.27000045776367,38.244998931884766,38.255001068115234,38.255001068115234,2119
2023-11-08 16:23:00+01:00,38.27000045776367,38.29999923706055,38.26499938964844,38.279998779296875,38.279998779296875,9721
2023-11-08 16:24:00+01:00,38.26499938964844,38.279998779296875,38.26499938964844,38.279998779296875,38.279998779296875,1192
2023-11-08 16:25:00+01:00,38.30500030517578,38.30500030517578,38.275001525878906,38.275001525878906,38.275001525878906,2550
2023-11-08 16:26:00+01:00,38.27000045776367,38.275001525878906,38.2599983215332,38.2599983215332,38.2599983215332,2699
2023-11-08 16:27:00+01:00,38.26499938964844,38.26499938964844,38.255001068115234,38.2599983215332,38.2599983215332,1177
2023-11-08 16:28:00+01:00,38.255001068115234,38.2599983215332,38.220001220703125,38.220001220703125,38.220001220703125,3783
2023-11-08 16:29:00+01:00,38.23500061035156,38.23500061035156,38.20000076293945,38.209999084472656,38.209999084472656,4626
2023-11-08 16:30:00+01:00,38.220001220703125,38.220001220703125,38.17499923706055,38.17499923706055,38.17499923706055,1157
2023-11-08 16:31:00+01:00,38.16999816894531,38.20500183105469,38.15999984741211,38.20000076293945,38.20000076293945,20915
2023-11-08 16:32:00+01:00,38.20000076293945,38.21500015258789,38.16999816894531,38.16999816894531,38.16999816894531,9572
2023-11-08 16:33:00+01:00,38.165000915527344,38.19499969482422,38.165000915527344,38.189998626708984,38.189998626708984,2130
2023-11-08 16:34:00+01:00,38.185001373291016,38.19499969482422,38.185001373291016,38.19499969482422,38.19499969482422,766
2023-11-08 16:35:00+01:00,38.20000076293945,38.20000076293945,38.14500045776367,38.154998779296875,38.154998779296875,14330
2023-11-08 16:36:00+01:00,38.16999816894531,38.20000076293945,38.165000915527344,38.19499969482422,38.19499969482422,2219
2023-11-08 16:37:00+01:00,38.189998626708984,38.189998626708984,38.17499923706055,38.17499923706055,38.17499923706055,3752
2023-11-08 16:38:00+01:00,38.18000030517578,38.18000030517578,38.165000915527344,38.16999816894531,38.16999816894531,3812
2023-11-08 16:39:00+01:00,38.165000915527344,38.165000915527344,38.150001525878906,38.165000915527344,38.165000915527344,1890
2023-11-08 16:40:00+01:00,38.16999816894531,38.185001373291016,38.16999816894531,38.16999816894531,38.16999816894531,1347
2023-11-08 16:41:00+01:00,38.16999816894531,38.16999816894531,38.165000915527344,38.165000915527344,38.165000915527344,405
2023-11-08 16:42:00+01:00,38.18000030517578,38.18000030517578,38.165000915527344,38.18000030517578,38.18000030517578,843
2023-11-08 16:43:00+01:00,38.185001373291016,38.185001373291016,38.165000915527344,38.16999816894531,38.16999816894531,425
2023-11-08 16:44:00+01:00,38.16999816894531,38.16999816894531,38.165000915527344,38.16999816894531,38.16999816894531,779
2023-11-08 16:45:00+01:00,38.17499923706055,38.17499923706055,38.165000915527344,38.165000915527344,38.165000915527344,1554
2023-11-08 16:46:00+01:00,38.15999984741211,38.15999984741211,38.15999984741211,38.15999984741211,38.15999984741211,60
2023-11-08 16:47:00+01:00,38.165000915527344,38.16999816894531,38.13999938964844,38.150001525878906,38.150001525878906,4242
2023-11-08 16:48:00+01:00,38.150001525878906,38.16999816894531,38.14500045776367,38.16999816894531,38.16999816894531,2619
2023-11-08 16:49:00+01:00,38.16999816894531,38.16999816894531,38.14500045776367,38.154998779296875,38.154998779296875,1835
2023-11-08 16:51:00+01:00,38.150001525878906,38.15999984741211,38.150001525878906,38.15999984741211,38.15999984741211,2248
2023-11-08 16:52:00+01:00,38.16999816894531,38.17499923706055,38.165000915527344,38.16999816894531,38.16999816894531,4177
2023-11-08 16:53:00+01:00,38.18000030517578,38.18000030517578,38.165000915527344,38.165000915527344,38.165000915527344,2455
2023-11-08 16:54:00+01:00,38.16999816894531,38.16999816894531,38.165000915527344,38.165000915527344,38.165000915527344,965
2023-11-08 16:55:00+01:00,38.165000915527344,38.165000915527344,38.15999984741211,38.15999984741211,38.15999984741211,679
2023-11-08 16:56:00+01:00,38.185001373291016,38.185001373291016,38.18000030517578,38.18000030517578,38.18000030517578,879
2023-11-08 16:57:00+01:00,38.18000030517578,38.189998626708984,38.18000030517578,38.185001373291016,38.185001373291016,1850
2023-11-08 16:58:00+01:00,38.18000030517578,38.18000030517578,38.15999984741211,38.15999984741211,38.15999984741211,1250
2023-11-08 16:59:00+01:00,38.16999816894531,38.16999816894531,38.154998779296875,38.154998779296875,38.154998779296875,868
2023-11-08 17:00:00+01:00,38.154998779296875,38.18000030517578,38.154998779296875,38.18000030517578,38.18000030517578,1589
2023-11-08 17:01:00+01:00,38.17499923706055,38.17499923706055,38.165000915527344,38.17499923706055,38.17499923706055,2819
2023-11-08 17:02:00+01:00,38.16999816894531,38.16999816894531,38.16999816894531,38.16999816894531,38.16999816894531,255
2023-11-08 17:03:00+01:00,38.15999984741211,38.165000915527344,38.15999984741211,38.165000915527344,38.165000915527344,2780
2023-11-08 17:04:00+01:00,38.15999984741211,38.17499923706055,38.15999984741211,38.165000915527344,38.165000915527344,1451
2023-11-08 17:05:00+01:00,38.15999984741211,38.15999984741211,38.14500045776367,38.150001525878906,38.150001525878906,2339
2023-11-08 17:06:00+01:00,38.14500045776367,38.14500045776367,38.1150016784668,38.1150016784668,38.1150016784668,3754
2023-11-08 17:07:00+01:00,38.119998931884766,38.119998931884766,38.099998474121094,38.099998474121094,38.099998474121094,2191
2023-11-08 17:08:00+01:00,38.095001220703125,38.10499954223633,38.095001220703125,38.10499954223633,38.10499954223633,467
2023-11-08 17:09:00+01:00,38.10499954223633,38.10499954223633,38.08000183105469,38.08000183105469,38.08000183105469,1424
2023-11-08 17:10:00+01:00,38.07500076293945,38.09000015258789,38.07500076293945,38.09000015258789,38.09000015258789,863
2023-11-08 17:11:00+01:00,38.11000061035156,38.150001525878906,38.11000061035156,38.1349983215332,38.1349983215332,5239
2023-11-08 17:12:00+01:00,38.1349983215332,38.14500045776367,38.1349983215332,38.14500045776367,38.14500045776367,509
2023-11-08 17:13:00+01:00,38.14500045776367,38.150001525878906,38.13999938964844,38.13999938964844,38.13999938964844,939
2023-11-08 17:14:00+01:00,38.14500045776367,38.165000915527344,38.14500045776367,38.165000915527344,38.165000915527344,2550
2023-11-08 17:15:00+01:00,38.165000915527344,38.17499923706055,38.165000915527344,38.165000915527344,38.165000915527344,3464
2023-11-08 17:16:00+01:00,38.16999816894531,38.17499923706055,38.15999984741211,38.15999984741211,38.15999984741211,2485
2023-11-08 17:17:00+01:00,38.165000915527344,38.165000915527344,38.1349983215332,38.150001525878906,38.150001525878906,3355
2023-11-08 17:18:00+01:00,38.15999984741211,38.15999984741211,38.13999938964844,38.13999938964844,38.13999938964844,1521
2023-11-08 17:19:00+01:00,38.130001068115234,38.1349983215332,38.130001068115234,38.130001068115234,38.130001068115234,4026
2023-11-08 17:20:00+01:00,38.125,38.125,38.10499954223633,38.10499954223633,38.10499954223633,1162
2023-11-08 17:21:00+01:00,38.099998474121094,38.10499954223633,38.064998626708984,38.06999969482422,38.06999969482422,10706
2023-11-08 17:22:00+01:00,38.07500076293945,38.084999084472656,38.07500076293945,38.084999084472656,38.084999084472656,2089
2023-11-08 17:23:00+01:00,38.095001220703125,38.1150016784668,38.095001220703125,38.11000061035156,38.11000061035156,1120
2023-11-08 17:24:00+01:00,38.1150016784668,38.119998931884766,38.09000015258789,38.095001220703125,38.095001220703125,19709
2023-11-08 17:25:00+01:00,38.095001220703125,38.095001220703125,38.09000015258789,38.09000015258789,38.09000015258789,93
2023-11-08 17:26:00+01:00,38.095001220703125,38.10499954223633,38.095001220703125,38.099998474121094,38.099998474121094,2516
2023-11-08 17:27:00+01:00,38.10499954223633,38.1150016784668,38.08000183105469,38.08000183105469,38.08000183105469,18167
2023-11-08 17:28:00+01:00,38.084999084472656,38.099998474121094,38.084999084472656,38.099998474121094,38.099998474121094,3401
2023-11-08 17:29:00+01:00,38.10499954223633,38.1150016784668,38.10499954223633,38.10499954223633,38.10499954223633,1714
