Date,Open,High,Low,Close,Adj Close,Volume
2023-09-19 09:30:00-04:00,5.840000152587891,5.849999904632568,5.829999923706055,5.849999904632568,5.849999904632568,30386
2023-09-19 09:31:00-04:00,5.849999904632568,5.849999904632568,5.849999904632568,5.849999904632568,5.849999904632568,1996
2023-09-19 09:32:00-04:00,5.860000133514404,5.860000133514404,5.855000019073486,5.860000133514404,5.860000133514404,18435
2023-09-19 09:33:00-04:00,5.855000019073486,5.855000019073486,5.855000019073486,5.855000019073486,5.855000019073486,430
2023-09-19 09:34:00-04:00,5.855000019073486,5.855000019073486,5.855000019073486,5.855000019073486,5.855000019073486,122
2023-09-19 09:36:00-04:00,5.849999904632568,5.849999904632568,5.849999904632568,5.849999904632568,5.849999904632568,451
2023-09-19 09:37:00-04:00,5.855000019073486,5.855000019073486,5.849999904632568,5.849999904632568,5.849999904632568,4400
2023-09-19 09:38:00-04:00,5.849999904632568,5.849999904632568,5.849999904632568,5.849999904632568,5.849999904632568,220
2023-09-19 09:40:00-04:00,5.860000133514404,5.864999771118164,5.860000133514404,5.864999771118164,5.864999771118164,4995
2023-09-19 09:42:00-04:00,5.860000133514404,5.864999771118164,5.860000133514404,5.864999771118164,5.864999771118164,4770
2023-09-19 09:43:00-04:00,5.860000133514404,5.864999771118164,5.860000133514404,5.864999771118164,5.864999771118164,2031
2023-09-19 09:44:00-04:00,5.864999771118164,5.864999771118164,5.860000133514404,5.864999771118164,5.864999771118164,3077
2023-09-19 09:45:00-04:00,5.869999885559082,5.869999885559082,5.869999885559082,5.869999885559082,5.869999885559082,4650
2023-09-19 09:47:00-04:00,5.875,5.875,5.875,5.875,5.875,680
2023-09-19 09:49:00-04:00,5.875,5.875,5.875,5.875,5.875,284
2023-09-19 09:50:00-04:00,5.880000114440918,5.880000114440918,5.880000114440918,5.880000114440918,5.880000114440918,5622
2023-09-19 09:51:00-04:00,5.875,5.875,5.875,5.875,5.875,241
2023-09-19 09:52:00-04:00,5.880000114440918,5.880000114440918,5.875,5.875,5.875,2068
2023-09-19 09:54:00-04:00,5.869999885559082,5.871200084686279,5.869999885559082,5.871200084686279,5.871200084686279,734
2023-09-19 09:55:00-04:00,5.880000114440918,5.880000114440918,5.880000114440918,5.880000114440918,5.880000114440918,2103
2023-09-19 09:56:00-04:00,5.872300148010254,5.872300148010254,5.872300148010254,5.872300148010254,5.872300148010254,831
2023-09-19 09:57:00-04:00,5.869999885559082,5.869999885559082,5.869999885559082,5.869999885559082,5.869999885559082,3706
2023-09-19 09:58:00-04:00,5.871300220489502,5.875,5.871300220489502,5.875,5.875,7914
2023-09-19 09:59:00-04:00,5.869999885559082,5.869999885559082,5.864999771118164,5.864999771118164,5.864999771118164,240
2023-09-19 10:01:00-04:00,5.864999771118164,5.869999885559082,5.864999771118164,5.869999885559082,5.869999885559082,1875
2023-09-19 10:02:00-04:00,5.864999771118164,5.864999771118164,5.864999771118164,5.864999771118164,5.864999771118164,500
2023-09-19 10:03:00-04:00,5.864999771118164,5.864999771118164,5.864999771118164,5.864999771118164,5.864999771118164,734
2023-09-19 10:04:00-04:00,5.869999885559082,5.869999885559082,5.869999885559082,5.869999885559082,5.869999885559082,680
2023-09-19 10:07:00-04:00,5.864999771118164,5.864999771118164,5.864999771118164,5.864999771118164,5.864999771118164,610
2023-09-19 10:08:00-04:00,5.864999771118164,5.864999771118164,5.864999771118164,5.864999771118164,5.864999771118164,354
2023-09-19 10:09:00-04:00,5.864999771118164,5.864999771118164,5.864999771118164,5.864999771118164,5.864999771118164,985
2023-09-19 10:10:00-04:00,5.860000133514404,5.864999771118164,5.860000133514404,5.864999771118164,5.864999771118164,12417
2023-09-19 10:11:00-04:00,5.860000133514404,5.864999771118164,5.860000133514404,5.864999771118164,5.864999771118164,19675
2023-09-19 10:12:00-04:00,5.860000133514404,5.864999771118164,5.860000133514404,5.860000133514404,5.860000133514404,16786
2023-09-19 10:13:00-04:00,5.860000133514404,5.864999771118164,5.860000133514404,5.860000133514404,5.860000133514404,12845
2023-09-19 10:14:00-04:00,5.860000133514404,5.860000133514404,5.860000133514404,5.860000133514404,5.860000133514404,286
2023-09-19 10:15:00-04:00,5.859499931335449,5.860000133514404,5.859499931335449,5.860000133514404,5.860000133514404,2189
2023-09-19 10:16:00-04:00,5.860000133514404,5.860000133514404,5.849999904632568,5.860000133514404,5.860000133514404,4149
2023-09-19 10:18:00-04:00,5.860000133514404,5.860000133514404,5.860000133514404,5.860000133514404,5.860000133514404,1713
2023-09-19 10:19:00-04:00,5.855000019073486,5.860000133514404,5.855000019073486,5.855000019073486,5.855000019073486,1716
2023-09-19 10:20:00-04:00,5.860000133514404,5.869999885559082,5.860000133514404,5.864999771118164,5.864999771118164,56723
2023-09-19 10:22:00-04:00,5.864999771118164,5.864999771118164,5.860000133514404,5.860000133514404,5.860000133514404,9209
2023-09-19 10:23:00-04:00,5.864999771118164,5.869999885559082,5.864999771118164,5.869999885559082,5.869999885559082,5887
2023-09-19 10:25:00-04:00,5.869999885559082,5.869999885559082,5.869999885559082,5.869999885559082,5.869999885559082,1040
2023-09-19 10:26:00-04:00,5.869800090789795,5.869800090789795,5.864999771118164,5.864999771118164,5.864999771118164,1252
2023-09-19 10:27:00-04:00,5.869999885559082,5.869999885559082,5.864999771118164,5.864999771118164,5.864999771118164,411
2023-09-19 10:29:00-04:00,5.864999771118164,5.864999771118164,5.864999771118164,5.864999771118164,5.864999771118164,258
2023-09-19 10:30:00-04:00,5.860000133514404,5.864999771118164,5.860000133514404,5.860000133514404,5.860000133514404,3399
2023-09-19 10:31:00-04:00,5.860000133514404,5.865699768066406,5.860000133514404,5.865699768066406,5.865699768066406,2409
2023-09-19 10:32:00-04:00,5.860000133514404,5.860000133514404,5.855000019073486,5.855000019073486,5.855000019073486,11485
2023-09-19 10:33:00-04:00,5.855000019073486,5.855000019073486,5.85230016708374,5.85230016708374,5.85230016708374,373
2023-09-19 10:34:00-04:00,5.855000019073486,5.855000019073486,5.855000019073486,5.855000019073486,5.855000019073486,284
2023-09-19 10:36:00-04:00,5.860000133514404,5.860000133514404,5.860000133514404,5.860000133514404,5.860000133514404,2109
2023-09-19 10:38:00-04:00,5.860000133514404,5.860000133514404,5.855000019073486,5.855000019073486,5.855000019073486,1883
2023-09-19 10:40:00-04:00,5.855000019073486,5.855000019073486,5.855000019073486,5.855000019073486,5.855000019073486,232
2023-09-19 10:41:00-04:00,5.859899997711182,5.860000133514404,5.850100040435791,5.860000133514404,5.860000133514404,1954
2023-09-19 10:42:00-04:00,5.860000133514404,5.860000133514404,5.852499961853027,5.860000133514404,5.860000133514404,3735
2023-09-19 10:43:00-04:00,5.860000133514404,5.864999771118164,5.860000133514404,5.864999771118164,5.864999771118164,8237
2023-09-19 10:44:00-04:00,5.866799831390381,5.866799831390381,5.866799831390381,5.866799831390381,5.866799831390381,1021
2023-09-19 10:45:00-04:00,5.869999885559082,5.869999885559082,5.869999885559082,5.869999885559082,5.869999885559082,200
2023-09-19 10:46:00-04:00,5.869999885559082,5.869999885559082,5.869999885559082,5.869999885559082,5.869999885559082,283
2023-09-19 10:47:00-04:00,5.864999771118164,5.864999771118164,5.864999771118164,5.864999771118164,5.864999771118164,130
2023-09-19 10:49:00-04:00,5.864999771118164,5.864999771118164,5.864999771118164,5.864999771118164,5.864999771118164,364
2023-09-19 10:50:00-04:00,5.864999771118164,5.864999771118164,5.864200115203857,5.864200115203857,5.864200115203857,241
2023-09-19 10:51:00-04:00,5.864999771118164,5.864999771118164,5.864999771118164,5.864999771118164,5.864999771118164,393
2023-09-19 10:52:00-04:00,5.860000133514404,5.864999771118164,5.860000133514404,5.860000133514404,5.860000133514404,3259
2023-09-19 10:53:00-04:00,5.864999771118164,5.864999771118164,5.860000133514404,5.860000133514404,5.860000133514404,1147
2023-09-19 10:54:00-04:00,5.863100051879883,5.864999771118164,5.860000133514404,5.860000133514404,5.860000133514404,1013
2023-09-19 10:55:00-04:00,5.860000133514404,5.864999771118164,5.860000133514404,5.860000133514404,5.860000133514404,6692
2023-09-19 10:56:00-04:00,5.860000133514404,5.8618998527526855,5.860000133514404,5.860000133514404,5.860000133514404,911
2023-09-19 10:57:00-04:00,5.864999771118164,5.864999771118164,5.860000133514404,5.860000133514404,5.860000133514404,1757
2023-09-19 10:58:00-04:00,5.860000133514404,5.860000133514404,5.849999904632568,5.855000019073486,5.855000019073486,25306
2023-09-19 10:59:00-04:00,5.855000019073486,5.855000019073486,5.849999904632568,5.849999904632568,5.849999904632568,312
2023-09-19 11:00:00-04:00,5.849999904632568,5.849999904632568,5.849999904632568,5.849999904632568,5.849999904632568,113
2023-09-19 11:01:00-04:00,5.849999904632568,5.855800151824951,5.849999904632568,5.855800151824951,5.855800151824951,1577
2023-09-19 11:02:00-04:00,5.849999904632568,5.849999904632568,5.849999904632568,5.849999904632568,5.849999904632568,233
2023-09-19 11:03:00-04:00,5.849999904632568,5.849999904632568,5.840000152587891,5.84499979019165,5.84499979019165,10042
2023-09-19 11:04:00-04:00,5.849999904632568,5.849999904632568,5.84250020980835,5.84250020980835,5.84250020980835,511
2023-09-19 11:05:00-04:00,5.849999904632568,5.849999904632568,5.84499979019165,5.84499979019165,5.84499979019165,9036
2023-09-19 11:06:00-04:00,5.849999904632568,5.849999904632568,5.84499979019165,5.849999904632568,5.849999904632568,4057
2023-09-19 11:07:00-04:00,5.849999904632568,5.849999904632568,5.849999904632568,5.849999904632568,5.849999904632568,1610
2023-09-19 11:08:00-04:00,5.84499979019165,5.84499979019165,5.84499979019165,5.84499979019165,5.84499979019165,295
2023-09-19 11:10:00-04:00,5.84499979019165,5.849899768829346,5.840000152587891,5.849899768829346,5.849899768829346,895
2023-09-19 11:11:00-04:00,5.84499979019165,5.845799922943115,5.84499979019165,5.845799922943115,5.845799922943115,1780
2023-09-19 11:13:00-04:00,5.840000152587891,5.84499979019165,5.840000152587891,5.84499979019165,5.84499979019165,4317
2023-09-19 11:15:00-04:00,5.849999904632568,5.849999904632568,5.840000152587891,5.84499979019165,5.84499979019165,14991
2023-09-19 11:16:00-04:00,5.846199989318848,5.846199989318848,5.84499979019165,5.84499979019165,5.84499979019165,1392
2023-09-19 11:17:00-04:00,5.845799922943115,5.849999904632568,5.84499979019165,5.849999904632568,5.849999904632568,2455
2023-09-19 11:19:00-04:00,5.84250020980835,5.84250020980835,5.84250020980835,5.84250020980835,5.84250020980835,100
2023-09-19 11:21:00-04:00,5.84250020980835,5.84499979019165,5.84250020980835,5.84499979019165,5.84499979019165,299
2023-09-19 11:22:00-04:00,5.84250020980835,5.84250020980835,5.84250020980835,5.84250020980835,5.84250020980835,100
2023-09-19 11:23:00-04:00,5.84499979019165,5.84499979019165,5.84499979019165,5.84499979019165,5.84499979019165,110
2023-09-19 11:24:00-04:00,5.84499979019165,5.84499979019165,5.840000152587891,5.840000152587891,5.840000152587891,661
2023-09-19 11:26:00-04:00,5.84250020980835,5.849899768829346,5.84250020980835,5.849899768829346,5.849899768829346,1660
2023-09-19 11:27:00-04:00,5.84250020980835,5.84250020980835,5.84250020980835,5.84250020980835,5.84250020980835,130
2023-09-19 11:29:00-04:00,5.84499979019165,5.84499979019165,5.84250020980835,5.84250020980835,5.84250020980835,255
2023-09-19 11:30:00-04:00,5.84250020980835,5.84250020980835,5.84250020980835,5.84250020980835,5.84250020980835,140
2023-09-19 11:32:00-04:00,5.84250020980835,5.84250020980835,5.84250020980835,5.84250020980835,5.84250020980835,158
2023-09-19 11:34:00-04:00,5.840000152587891,5.84499979019165,5.840000152587891,5.840000152587891,5.840000152587891,66745
2023-09-19 11:36:00-04:00,5.840000152587891,5.84499979019165,5.835000038146973,5.840000152587891,5.840000152587891,7452
2023-09-19 11:37:00-04:00,5.840000152587891,5.840000152587891,5.840000152587891,5.840000152587891,5.840000152587891,23859
2023-09-19 11:42:00-04:00,5.84499979019165,5.84499979019165,5.84499979019165,5.84499979019165,5.84499979019165,368
2023-09-19 11:43:00-04:00,5.84499979019165,5.84499979019165,5.84499979019165,5.84499979019165,5.84499979019165,564
2023-09-19 11:45:00-04:00,5.84499979019165,5.84499979019165,5.84499979019165,5.84499979019165,5.84499979019165,154
2023-09-19 11:46:00-04:00,5.840000152587891,5.84499979019165,5.840000152587891,5.84499979019165,5.84499979019165,2818
2023-09-19 11:47:00-04:00,5.840000152587891,5.840000152587891,5.840000152587891,5.840000152587891,5.840000152587891,734
2023-09-19 11:48:00-04:00,5.840000152587891,5.840000152587891,5.840000152587891,5.840000152587891,5.840000152587891,373
2023-09-19 11:49:00-04:00,5.840000152587891,5.840000152587891,5.840000152587891,5.840000152587891,5.840000152587891,380
2023-09-19 11:50:00-04:00,5.840000152587891,5.840000152587891,5.840000152587891,5.840000152587891,5.840000152587891,384
2023-09-19 11:51:00-04:00,5.840000152587891,5.849999904632568,5.840000152587891,5.84499979019165,5.84499979019165,8977
2023-09-19 11:55:00-04:00,5.840000152587891,5.84499979019165,5.840000152587891,5.840000152587891,5.840000152587891,1501
2023-09-19 11:56:00-04:00,5.840000152587891,5.840000152587891,5.840000152587891,5.840000152587891,5.840000152587891,400
2023-09-19 11:57:00-04:00,5.840000152587891,5.84499979019165,5.840000152587891,5.84499979019165,5.84499979019165,304
2023-09-19 11:58:00-04:00,5.84499979019165,5.84499979019165,5.840000152587891,5.840000152587891,5.840000152587891,827
2023-09-19 11:59:00-04:00,5.84499979019165,5.84499979019165,5.84499979019165,5.84499979019165,5.84499979019165,203
2023-09-19 12:01:00-04:00,5.840000152587891,5.849299907684326,5.840000152587891,5.849299907684326,5.849299907684326,5237
2023-09-19 12:02:00-04:00,5.840000152587891,5.840000152587891,5.840000152587891,5.840000152587891,5.840000152587891,113
2023-09-19 12:03:00-04:00,5.847899913787842,5.847899913787842,5.840000152587891,5.845799922943115,5.845799922943115,1596
2023-09-19 12:04:00-04:00,5.840000152587891,5.840000152587891,5.840000152587891,5.840000152587891,5.840000152587891,103
2023-09-19 12:05:00-04:00,5.849999904632568,5.849999904632568,5.840000152587891,5.840000152587891,5.840000152587891,205
2023-09-19 12:06:00-04:00,5.840000152587891,5.84499979019165,5.840000152587891,5.84499979019165,5.84499979019165,362
2023-09-19 12:08:00-04:00,5.840000152587891,5.840000152587891,5.840000152587891,5.840000152587891,5.840000152587891,253
2023-09-19 12:09:00-04:00,5.840000152587891,5.840000152587891,5.840000152587891,5.840000152587891,5.840000152587891,307
2023-09-19 12:10:00-04:00,5.840000152587891,5.840000152587891,5.840000152587891,5.840000152587891,5.840000152587891,200
2023-09-19 12:11:00-04:00,5.847099781036377,5.847099781036377,5.840000152587891,5.840000152587891,5.840000152587891,5270
2023-09-19 12:12:00-04:00,5.840000152587891,5.840000152587891,5.840000152587891,5.840000152587891,5.840000152587891,4379
2023-09-19 12:13:00-04:00,5.840000152587891,5.840000152587891,5.840000152587891,5.840000152587891,5.840000152587891,417
2023-09-19 12:14:00-04:00,5.840000152587891,5.849999904632568,5.840000152587891,5.840000152587891,5.840000152587891,1881
2023-09-19 12:16:00-04:00,5.840000152587891,5.840000152587891,5.840000152587891,5.840000152587891,5.840000152587891,300
2023-09-19 12:17:00-04:00,5.849999904632568,5.849999904632568,5.840000152587891,5.840000152587891,5.840000152587891,8125
2023-09-19 12:18:00-04:00,5.849999904632568,5.849999904632568,5.840000152587891,5.840000152587891,5.840000152587891,2105
2023-09-19 12:19:00-04:00,5.840000152587891,5.8429999351501465,5.840000152587891,5.840099811553955,5.840099811553955,637
2023-09-19 12:20:00-04:00,5.840000152587891,5.840000152587891,5.840000152587891,5.840000152587891,5.840000152587891,363
2023-09-19 12:23:00-04:00,5.840000152587891,5.840000152587891,5.840000152587891,5.840000152587891,5.840000152587891,187
2023-09-19 12:25:00-04:00,5.840000152587891,5.840000152587891,5.840000152587891,5.840000152587891,5.840000152587891,104
2023-09-19 12:26:00-04:00,5.84499979019165,5.84499979019165,5.84499979019165,5.84499979019165,5.84499979019165,155
2023-09-19 12:27:00-04:00,5.840000152587891,5.840000152587891,5.840000152587891,5.840000152587891,5.840000152587891,254
2023-09-19 12:28:00-04:00,5.840000152587891,5.840000152587891,5.840000152587891,5.840000152587891,5.840000152587891,252
2023-09-19 12:29:00-04:00,5.840000152587891,5.840000152587891,5.840000152587891,5.840000152587891,5.840000152587891,206
2023-09-19 12:31:00-04:00,5.840000152587891,5.840099811553955,5.840000152587891,5.840099811553955,5.840099811553955,501
2023-09-19 12:32:00-04:00,5.840000152587891,5.840000152587891,5.835000038146973,5.835000038146973,5.835000038146973,24895
2023-09-19 12:33:00-04:00,5.829999923706055,5.829999923706055,5.829999923706055,5.829999923706055,5.829999923706055,102
2023-09-19 12:34:00-04:00,5.835000038146973,5.835000038146973,5.835000038146973,5.835000038146973,5.835000038146973,104
2023-09-19 12:35:00-04:00,5.829999923706055,5.829999923706055,5.829999923706055,5.829999923706055,5.829999923706055,193
2023-09-19 12:36:00-04:00,5.835000038146973,5.838500022888184,5.835000038146973,5.838500022888184,5.838500022888184,227
2023-09-19 12:37:00-04:00,5.835000038146973,5.835000038146973,5.835000038146973,5.835000038146973,5.835000038146973,300
2023-09-19 12:38:00-04:00,5.829999923706055,5.829999923706055,5.829999923706055,5.829999923706055,5.829999923706055,100
2023-09-19 12:39:00-04:00,5.835000038146973,5.840000152587891,5.829999923706055,5.840000152587891,5.840000152587891,564
2023-09-19 12:40:00-04:00,5.835000038146973,5.840000152587891,5.835000038146973,5.840000152587891,5.840000152587891,2821
2023-09-19 12:41:00-04:00,5.840000152587891,5.840000152587891,5.829999923706055,5.829999923706055,5.829999923706055,213
2023-09-19 12:42:00-04:00,5.835000038146973,5.840000152587891,5.835000038146973,5.835000038146973,5.835000038146973,400
2023-09-19 12:43:00-04:00,5.835000038146973,5.835000038146973,5.835000038146973,5.835000038146973,5.835000038146973,617
2023-09-19 12:44:00-04:00,5.835000038146973,5.835000038146973,5.829999923706055,5.829999923706055,5.829999923706055,205
2023-09-19 12:45:00-04:00,5.835000038146973,5.835000038146973,5.835000038146973,5.835000038146973,5.835000038146973,1211
2023-09-19 12:46:00-04:00,5.829999923706055,5.829999923706055,5.829999923706055,5.829999923706055,5.829999923706055,126
2023-09-19 12:47:00-04:00,5.835000038146973,5.835000038146973,5.829999923706055,5.829999923706055,5.829999923706055,3131
2023-09-19 12:48:00-04:00,5.829999923706055,5.8358001708984375,5.829999923706055,5.829999923706055,5.829999923706055,1485
2023-09-19 12:49:00-04:00,5.829999923706055,5.829999923706055,5.829999923706055,5.829999923706055,5.829999923706055,1383
2023-09-19 12:50:00-04:00,5.829999923706055,5.835000038146973,5.829999923706055,5.835000038146973,5.835000038146973,310
2023-09-19 12:51:00-04:00,5.830100059509277,5.835000038146973,5.829999923706055,5.829999923706055,5.829999923706055,361
2023-09-19 12:52:00-04:00,5.829999923706055,5.829999923706055,5.829999923706055,5.829999923706055,5.829999923706055,401
2023-09-19 12:53:00-04:00,5.829999923706055,5.829999923706055,5.829999923706055,5.829999923706055,5.829999923706055,552
2023-09-19 12:54:00-04:00,5.838500022888184,5.838500022888184,5.835000038146973,5.835000038146973,5.835000038146973,1013
2023-09-19 12:55:00-04:00,5.835000038146973,5.835000038146973,5.829999923706055,5.829999923706055,5.829999923706055,745
2023-09-19 12:56:00-04:00,5.835000038146973,5.835000038146973,5.835000038146973,5.835000038146973,5.835000038146973,1079
2023-09-19 12:57:00-04:00,5.835000038146973,5.835000038146973,5.829999923706055,5.835000038146973,5.835000038146973,711
2023-09-19 12:58:00-04:00,5.835000038146973,5.8379998207092285,5.829999923706055,5.8379998207092285,5.8379998207092285,793
2023-09-19 12:59:00-04:00,5.835000038146973,5.840000152587891,5.829999923706055,5.840000152587891,5.840000152587891,713
2023-09-19 13:00:00-04:00,5.829999923706055,5.829999923706055,5.829999923706055,5.829999923706055,5.829999923706055,201
2023-09-19 13:01:00-04:00,5.829999923706055,5.829999923706055,5.829999923706055,5.829999923706055,5.829999923706055,462
2023-09-19 13:02:00-04:00,5.839900016784668,5.839900016784668,5.829999923706055,5.829999923706055,5.829999923706055,3583
2023-09-19 13:03:00-04:00,5.829999923706055,5.829999923706055,5.829999923706055,5.829999923706055,5.829999923706055,104
2023-09-19 13:04:00-04:00,5.836299896240234,5.840000152587891,5.829999923706055,5.829999923706055,5.829999923706055,3405
2023-09-19 13:05:00-04:00,5.835000038146973,5.835000038146973,5.835000038146973,5.835000038146973,5.835000038146973,100
2023-09-19 13:06:00-04:00,5.829999923706055,5.835000038146973,5.829999923706055,5.829999923706055,5.829999923706055,328
2023-09-19 13:07:00-04:00,5.835000038146973,5.835000038146973,5.835000038146973,5.835000038146973,5.835000038146973,213
2023-09-19 13:08:00-04:00,5.829999923706055,5.835000038146973,5.829999923706055,5.835000038146973,5.835000038146973,881
2023-09-19 13:10:00-04:00,5.829999923706055,5.829999923706055,5.829999923706055,5.829999923706055,5.829999923706055,100
2023-09-19 13:11:00-04:00,5.835000038146973,5.835000038146973,5.829999923706055,5.829999923706055,5.829999923706055,1925
2023-09-19 13:12:00-04:00,5.829999923706055,5.829999923706055,5.829999923706055,5.829999923706055,5.829999923706055,100
2023-09-19 13:14:00-04:00,5.829999923706055,5.829999923706055,5.829999923706055,5.829999923706055,5.829999923706055,100
2023-09-19 13:16:00-04:00,5.835000038146973,5.835000038146973,5.835000038146973,5.835000038146973,5.835000038146973,1972
2023-09-19 13:17:00-04:00,5.829999923706055,5.829999923706055,5.829999923706055,5.829999923706055,5.829999923706055,101
2023-09-19 13:18:00-04:00,5.835000038146973,5.835000038146973,5.835000038146973,5.835000038146973,5.835000038146973,169
2023-09-19 13:19:00-04:00,5.829999923706055,5.829999923706055,5.829999923706055,5.829999923706055,5.829999923706055,200
2023-09-19 13:20:00-04:00,5.835000038146973,5.835000038146973,5.835000038146973,5.835000038146973,5.835000038146973,112
2023-09-19 13:21:00-04:00,5.829999923706055,5.829999923706055,5.829999923706055,5.829999923706055,5.829999923706055,116
2023-09-19 13:22:00-04:00,5.829999923706055,5.829999923706055,5.829999923706055,5.829999923706055,5.829999923706055,101
2023-09-19 13:23:00-04:00,5.835000038146973,5.835000038146973,5.835000038146973,5.835000038146973,5.835000038146973,210
2023-09-19 13:24:00-04:00,5.829999923706055,5.829999923706055,5.829999923706055,5.829999923706055,5.829999923706055,108
2023-09-19 13:25:00-04:00,5.835000038146973,5.835000038146973,5.829999923706055,5.829999923706055,5.829999923706055,450
2023-09-19 13:27:00-04:00,5.835000038146973,5.835000038146973,5.835000038146973,5.835000038146973,5.835000038146973,100
2023-09-19 13:28:00-04:00,5.829999923706055,5.829999923706055,5.829999923706055,5.829999923706055,5.829999923706055,103
2023-09-19 13:29:00-04:00,5.833499908447266,5.834000110626221,5.833499908447266,5.834000110626221,5.834000110626221,651
2023-09-19 13:30:00-04:00,5.835000038146973,5.840000152587891,5.829999923706055,5.840000152587891,5.840000152587891,12011
2023-09-19 13:31:00-04:00,5.835000038146973,5.835000038146973,5.835000038146973,5.835000038146973,5.835000038146973,104
2023-09-19 13:32:00-04:00,5.832499980926514,5.840000152587891,5.832499980926514,5.840000152587891,5.840000152587891,1201
2023-09-19 13:33:00-04:00,5.835000038146973,5.835000038146973,5.835000038146973,5.835000038146973,5.835000038146973,104
2023-09-19 13:34:00-04:00,5.832499980926514,5.832499980926514,5.832499980926514,5.832499980926514,5.832499980926514,100
2023-09-19 13:35:00-04:00,5.835000038146973,5.835000038146973,5.835000038146973,5.835000038146973,5.835000038146973,7822
2023-09-19 13:36:00-04:00,5.835000038146973,5.835700035095215,5.835000038146973,5.835700035095215,5.835700035095215,1768
2023-09-19 13:37:00-04:00,5.835000038146973,5.840000152587891,5.829999923706055,5.840000152587891,5.840000152587891,388
2023-09-19 13:38:00-04:00,5.835000038146973,5.835000038146973,5.835000038146973,5.835000038146973,5.835000038146973,210
2023-09-19 13:39:00-04:00,5.829999923706055,5.840000152587891,5.829999923706055,5.835000038146973,5.835000038146973,6930
2023-09-19 13:40:00-04:00,5.835000038146973,5.840000152587891,5.8343000411987305,5.840000152587891,5.840000152587891,1252
2023-09-19 13:41:00-04:00,5.832499980926514,5.832499980926514,5.832499980926514,5.832499980926514,5.832499980926514,466
2023-09-19 13:43:00-04:00,5.832499980926514,5.835000038146973,5.832499980926514,5.835000038146973,5.835000038146973,306
2023-09-19 13:44:00-04:00,5.840000152587891,5.840000152587891,5.840000152587891,5.840000152587891,5.840000152587891,2020
2023-09-19 13:45:00-04:00,5.835000038146973,5.840000152587891,5.832499980926514,5.832499980926514,5.832499980926514,650
2023-09-19 13:47:00-04:00,5.840000152587891,5.840000152587891,5.840000152587891,5.840000152587891,5.840000152587891,701
2023-09-19 13:48:00-04:00,5.8379998207092285,5.840000152587891,5.8379998207092285,5.840000152587891,5.840000152587891,7839
2023-09-19 13:49:00-04:00,5.840000152587891,5.840000152587891,5.840000152587891,5.840000152587891,5.840000152587891,896
2023-09-19 13:55:00-04:00,5.840000152587891,5.840000152587891,5.840000152587891,5.840000152587891,5.840000152587891,1615
2023-09-19 13:57:00-04:00,5.840000152587891,5.840000152587891,5.840000152587891,5.840000152587891,5.840000152587891,390
2023-09-19 13:58:00-04:00,5.835000038146973,5.835000038146973,5.835000038146973,5.835000038146973,5.835000038146973,184
2023-09-19 13:59:00-04:00,5.840000152587891,5.840000152587891,5.835000038146973,5.8394999504089355,5.8394999504089355,39120
2023-09-19 14:00:00-04:00,5.840000152587891,5.840000152587891,5.839900016784668,5.839900016784668,5.839900016784668,4871
2023-09-19 14:01:00-04:00,5.840000152587891,5.84499979019165,5.840000152587891,5.84499979019165,5.84499979019165,36984
2023-09-19 14:02:00-04:00,5.84499979019165,5.84499979019165,5.84499979019165,5.84499979019165,5.84499979019165,120
2023-09-19 14:03:00-04:00,5.845699787139893,5.845699787139893,5.84499979019165,5.845699787139893,5.845699787139893,1050
2023-09-19 14:09:00-04:00,5.849999904632568,5.849999904632568,5.849999904632568,5.849999904632568,5.849999904632568,376
2023-09-19 14:10:00-04:00,5.848499774932861,5.849999904632568,5.848499774932861,5.849999904632568,5.849999904632568,823
2023-09-19 14:11:00-04:00,5.84499979019165,5.84499979019165,5.84499979019165,5.84499979019165,5.84499979019165,821
2023-09-19 14:12:00-04:00,5.847499847412109,5.847499847412109,5.847499847412109,5.847499847412109,5.847499847412109,1512
2023-09-19 14:14:00-04:00,5.847899913787842,5.847899913787842,5.847899913787842,5.847899913787842,5.847899913787842,257
2023-09-19 14:15:00-04:00,5.84499979019165,5.849999904632568,5.84499979019165,5.849999904632568,5.849999904632568,20202
2023-09-19 14:16:00-04:00,5.84499979019165,5.849999904632568,5.84499979019165,5.84499979019165,5.84499979019165,5408
2023-09-19 14:17:00-04:00,5.84250020980835,5.849999904632568,5.84250020980835,5.849999904632568,5.849999904632568,2903
2023-09-19 14:18:00-04:00,5.84499979019165,5.849999904632568,5.84499979019165,5.84499979019165,5.84499979019165,1053
2023-09-19 14:19:00-04:00,5.84250020980835,5.849999904632568,5.84250020980835,5.849999904632568,5.849999904632568,2893
2023-09-19 14:20:00-04:00,5.84499979019165,5.849999904632568,5.84499979019165,5.849999904632568,5.849999904632568,1000
2023-09-19 14:21:00-04:00,5.84250020980835,5.849999904632568,5.84250020980835,5.849999904632568,5.849999904632568,2510
2023-09-19 14:22:00-04:00,5.849999904632568,5.849999904632568,5.84250020980835,5.84499979019165,5.84499979019165,647
2023-09-19 14:24:00-04:00,5.84250020980835,5.84250020980835,5.84250020980835,5.84250020980835,5.84250020980835,342
2023-09-19 14:26:00-04:00,5.84250020980835,5.84250020980835,5.84250020980835,5.84250020980835,5.84250020980835,177
2023-09-19 14:28:00-04:00,5.849999904632568,5.849999904632568,5.84499979019165,5.849999904632568,5.849999904632568,1832
2023-09-19 14:29:00-04:00,5.84499979019165,5.84499979019165,5.84250020980835,5.84250020980835,5.84250020980835,1077
2023-09-19 14:30:00-04:00,5.84499979019165,5.84499979019165,5.84499979019165,5.84499979019165,5.84499979019165,171
2023-09-19 14:31:00-04:00,5.847700119018555,5.847700119018555,5.847700119018555,5.847700119018555,5.847700119018555,199
2023-09-19 14:32:00-04:00,5.84250020980835,5.848899841308594,5.84250020980835,5.84499979019165,5.84499979019165,3615
2023-09-19 14:33:00-04:00,5.849999904632568,5.849999904632568,5.84250020980835,5.84250020980835,5.84250020980835,534
2023-09-19 14:35:00-04:00,5.849999904632568,5.849999904632568,5.849999904632568,5.849999904632568,5.849999904632568,10557
2023-09-19 14:36:00-04:00,5.855000019073486,5.855000019073486,5.855000019073486,5.855000019073486,5.855000019073486,518
2023-09-19 14:37:00-04:00,5.860000133514404,5.864999771118164,5.860000133514404,5.860000133514404,5.860000133514404,17568
2023-09-19 14:38:00-04:00,5.864999771118164,5.864999771118164,5.864999771118164,5.864999771118164,5.864999771118164,922
2023-09-19 14:39:00-04:00,5.869999885559082,5.869999885559082,5.869999885559082,5.869999885559082,5.869999885559082,325
2023-09-19 14:40:00-04:00,5.866000175476074,5.866000175476074,5.866000175476074,5.866000175476074,5.866000175476074,693
2023-09-19 14:41:00-04:00,5.869999885559082,5.869999885559082,5.865499973297119,5.865499973297119,5.865499973297119,688
2023-09-19 14:42:00-04:00,5.864999771118164,5.864999771118164,5.864999771118164,5.864999771118164,5.864999771118164,615
2023-09-19 14:43:00-04:00,5.864999771118164,5.864999771118164,5.860000133514404,5.860000133514404,5.860000133514404,1826
2023-09-19 14:45:00-04:00,5.864999771118164,5.864999771118164,5.864999771118164,5.864999771118164,5.864999771118164,773
2023-09-19 14:46:00-04:00,5.869999885559082,5.869999885559082,5.864999771118164,5.864999771118164,5.864999771118164,491
2023-09-19 14:47:00-04:00,5.864999771118164,5.864999771118164,5.864999771118164,5.864999771118164,5.864999771118164,366
2023-09-19 14:48:00-04:00,5.864999771118164,5.867800235748291,5.864999771118164,5.867800235748291,5.867800235748291,385
2023-09-19 14:49:00-04:00,5.864999771118164,5.864999771118164,5.860000133514404,5.864999771118164,5.864999771118164,2625
2023-09-19 14:50:00-04:00,5.865099906921387,5.865099906921387,5.864999771118164,5.864999771118164,5.864999771118164,422
2023-09-19 14:51:00-04:00,5.860000133514404,5.869900226593018,5.860000133514404,5.869900226593018,5.869900226593018,2391
2023-09-19 14:52:00-04:00,5.860000133514404,5.864999771118164,5.860000133514404,5.860000133514404,5.860000133514404,10354
2023-09-19 14:53:00-04:00,5.864999771118164,5.864999771118164,5.864999771118164,5.864999771118164,5.864999771118164,245
2023-09-19 14:54:00-04:00,5.860000133514404,5.864699840545654,5.860000133514404,5.864699840545654,5.864699840545654,966
2023-09-19 14:56:00-04:00,5.864999771118164,5.864999771118164,5.860000133514404,5.860000133514404,5.860000133514404,932
2023-09-19 14:58:00-04:00,5.860000133514404,5.864999771118164,5.860000133514404,5.864999771118164,5.864999771118164,1720
2023-09-19 14:59:00-04:00,5.860000133514404,5.864999771118164,5.860000133514404,5.864999771118164,5.864999771118164,496
2023-09-19 15:00:00-04:00,5.869900226593018,5.869900226593018,5.850100040435791,5.850100040435791,5.850100040435791,56104
2023-09-19 15:01:00-04:00,5.849999904632568,5.859399795532227,5.849999904632568,5.849999904632568,5.849999904632568,1259
2023-09-19 15:02:00-04:00,5.849999904632568,5.849999904632568,5.849999904632568,5.849999904632568,5.849999904632568,705
2023-09-19 15:04:00-04:00,5.852499961853027,5.853099822998047,5.852499961853027,5.853099822998047,5.853099822998047,686
2023-09-19 15:05:00-04:00,5.854300022125244,5.8557000160217285,5.854300022125244,5.855000019073486,5.855000019073486,1145
2023-09-19 15:06:00-04:00,5.849999904632568,5.855000019073486,5.849999904632568,5.855000019073486,5.855000019073486,5321
2023-09-19 15:07:00-04:00,5.855000019073486,5.855000019073486,5.852499961853027,5.852499961853027,5.852499961853027,393
2023-09-19 15:08:00-04:00,5.852499961853027,5.855000019073486,5.852499961853027,5.855000019073486,5.855000019073486,751
2023-09-19 15:10:00-04:00,5.852499961853027,5.855000019073486,5.852499961853027,5.855000019073486,5.855000019073486,251
2023-09-19 15:11:00-04:00,5.855000019073486,5.855000019073486,5.855000019073486,5.855000019073486,5.855000019073486,320
2023-09-19 15:12:00-04:00,5.852499961853027,5.852499961853027,5.852499961853027,5.852499961853027,5.852499961853027,304
2023-09-19 15:13:00-04:00,5.852499961853027,5.852499961853027,5.852499961853027,5.852499961853027,5.852499961853027,100
2023-09-19 15:14:00-04:00,5.860000133514404,5.860000133514404,5.855000019073486,5.855000019073486,5.855000019073486,597
2023-09-19 15:15:00-04:00,5.852499961853027,5.855000019073486,5.852499961853027,5.855000019073486,5.855000019073486,360
2023-09-19 15:16:00-04:00,5.855000019073486,5.855000019073486,5.849999904632568,5.854499816894531,5.854499816894531,2197
2023-09-19 15:17:00-04:00,5.855000019073486,5.859899997711182,5.855000019073486,5.859899997711182,5.859899997711182,1850
2023-09-19 15:18:00-04:00,5.855000019073486,5.855000019073486,5.855000019073486,5.855000019073486,5.855000019073486,906
2023-09-19 15:19:00-04:00,5.849999904632568,5.849999904632568,5.849999904632568,5.849999904632568,5.849999904632568,343
2023-09-19 15:21:00-04:00,5.855000019073486,5.860000133514404,5.849999904632568,5.849999904632568,5.849999904632568,1061
2023-09-19 15:22:00-04:00,5.854300022125244,5.854300022125244,5.849999904632568,5.849999904632568,5.849999904632568,382
2023-09-19 15:24:00-04:00,5.855000019073486,5.855000019073486,5.855000019073486,5.855000019073486,5.855000019073486,250
2023-09-19 15:25:00-04:00,5.849999904632568,5.855000019073486,5.849999904632568,5.855000019073486,5.855000019073486,1451
2023-09-19 15:28:00-04:00,5.849999904632568,5.859899997711182,5.849999904632568,5.855000019073486,5.855000019073486,545
2023-09-19 15:29:00-04:00,5.859899997711182,5.859899997711182,5.859899997711182,5.859899997711182,5.859899997711182,641
2023-09-19 15:31:00-04:00,5.855000019073486,5.855000019073486,5.849999904632568,5.849999904632568,5.849999904632568,536
2023-09-19 15:33:00-04:00,5.849999904632568,5.849999904632568,5.849999904632568,5.849999904632568,5.849999904632568,321
2023-09-19 15:34:00-04:00,5.860000133514404,5.860000133514404,5.849999904632568,5.855000019073486,5.855000019073486,1373
2023-09-19 15:35:00-04:00,5.849999904632568,5.849999904632568,5.849999904632568,5.849999904632568,5.849999904632568,240
2023-09-19 15:36:00-04:00,5.855000019073486,5.855000019073486,5.855000019073486,5.855000019073486,5.855000019073486,123
2023-09-19 15:37:00-04:00,5.860000133514404,5.860000133514404,5.860000133514404,5.860000133514404,5.860000133514404,259
2023-09-19 15:38:00-04:00,5.849999904632568,5.849999904632568,5.849999904632568,5.849999904632568,5.849999904632568,381
2023-09-19 15:39:00-04:00,5.855000019073486,5.855000019073486,5.855000019073486,5.855000019073486,5.855000019073486,876
2023-09-19 15:40:00-04:00,5.849999904632568,5.849999904632568,5.849999904632568,5.849999904632568,5.849999904632568,357
2023-09-19 15:41:00-04:00,5.855000019073486,5.855000019073486,5.855000019073486,5.855000019073486,5.855000019073486,723
2023-09-19 15:42:00-04:00,5.849999904632568,5.855000019073486,5.849999904632568,5.849999904632568,5.849999904632568,1032
2023-09-19 15:43:00-04:00,5.855000019073486,5.860000133514404,5.855000019073486,5.860000133514404,5.860000133514404,13174
2023-09-19 15:44:00-04:00,5.860000133514404,5.860000133514404,5.855999946594238,5.860000133514404,5.860000133514404,1510
2023-09-19 15:45:00-04:00,5.860000133514404,5.864999771118164,5.860000133514404,5.864999771118164,5.864999771118164,19999
2023-09-19 15:46:00-04:00,5.864999771118164,5.869999885559082,5.864999771118164,5.864999771118164,5.864999771118164,798
2023-09-19 15:47:00-04:00,5.864999771118164,5.869999885559082,5.860000133514404,5.869999885559082,5.869999885559082,1912
2023-09-19 15:48:00-04:00,5.864999771118164,5.864999771118164,5.860000133514404,5.864999771118164,5.864999771118164,4074
2023-09-19 15:49:00-04:00,5.864999771118164,5.869999885559082,5.860000133514404,5.860000133514404,5.860000133514404,5423
2023-09-19 15:50:00-04:00,5.864999771118164,5.864999771118164,5.860000133514404,5.864999771118164,5.864999771118164,548
2023-09-19 15:51:00-04:00,5.864999771118164,5.864999771118164,5.860000133514404,5.864999771118164,5.864999771118164,2450
2023-09-19 15:52:00-04:00,5.864999771118164,5.864999771118164,5.860000133514404,5.860000133514404,5.860000133514404,1216
2023-09-19 15:53:00-04:00,5.860000133514404,5.864999771118164,5.860000133514404,5.860000133514404,5.860000133514404,1637
2023-09-19 15:54:00-04:00,5.864999771118164,5.864999771118164,5.860000133514404,5.864999771118164,5.864999771118164,948
2023-09-19 15:55:00-04:00,5.864999771118164,5.864999771118164,5.860000133514404,5.864999771118164,5.864999771118164,1802
2023-09-19 15:56:00-04:00,5.864999771118164,5.864999771118164,5.860000133514404,5.860000133514404,5.860000133514404,1089
2023-09-19 15:57:00-04:00,5.860000133514404,5.869999885559082,5.860000133514404,5.860000133514404,5.860000133514404,2338
2023-09-19 15:58:00-04:00,5.864999771118164,5.864999771118164,5.860000133514404,5.860000133514404,5.860000133514404,1830
2023-09-19 15:59:00-04:00,5.860000133514404,5.864999771118164,5.849999904632568,5.855000019073486,5.855000019073486,57511
