Date,Open,High,Low,Close,Adj Close,Volume
2023-08-15 09:30:00-04:00,57.689998626708984,57.94499969482422,57.6349983215332,57.6349983215332,57.6349983215332,7471
2023-08-15 09:32:00-04:00,57.459999084472656,57.709999084472656,57.459999084472656,57.709999084472656,57.709999084472656,807
2023-08-15 09:34:00-04:00,57.51499938964844,57.689998626708984,57.51499938964844,57.689998626708984,57.689998626708984,518
2023-08-15 09:35:00-04:00,57.505001068115234,57.66999816894531,57.505001068115234,57.6349983215332,57.6349983215332,785
2023-08-15 09:38:00-04:00,57.5,57.625,57.474998474121094,57.5,57.5,2349
2023-08-15 09:39:00-04:00,57.48500061035156,57.599998474121094,57.45000076293945,57.599998474121094,57.599998474121094,2800
2023-08-15 09:40:00-04:00,57.5,57.529998779296875,57.5,57.529998779296875,57.529998779296875,378
2023-08-15 09:41:00-04:00,57.4900016784668,57.4900016784668,57.369998931884766,57.369998931884766,57.369998931884766,2804
2023-08-15 09:42:00-04:00,57.439998626708984,57.439998626708984,57.25,57.25,57.25,5896
2023-08-15 09:43:00-04:00,57.25749969482422,57.26499938964844,57.1150016784668,57.1150016784668,57.1150016784668,1189
2023-08-15 09:44:00-04:00,57.0,57.0,56.84000015258789,56.84000015258789,56.84000015258789,4406
2023-08-15 09:45:00-04:00,56.939998626708984,56.939998626708984,56.880001068115234,56.880001068115234,56.880001068115234,1183
2023-08-15 09:46:00-04:00,56.82500076293945,56.91999816894531,56.72999954223633,56.849998474121094,56.849998474121094,12295
2023-08-15 09:47:00-04:00,56.8849983215332,57.099998474121094,56.8849983215332,57.08000183105469,57.08000183105469,7510
2023-08-15 09:48:00-04:00,57.08000183105469,57.121700286865234,57.040000915527344,57.06999969482422,57.06999969482422,2815
2023-08-15 09:49:00-04:00,57.07500076293945,57.470001220703125,57.07500076293945,57.40999984741211,57.40999984741211,7809
2023-08-15 09:50:00-04:00,57.3849983215332,57.459999084472656,57.380001068115234,57.38999938964844,57.38999938964844,2506
2023-08-15 09:51:00-04:00,57.310001373291016,57.470001220703125,57.30500030517578,57.41999816894531,57.41999816894531,3359
2023-08-15 09:52:00-04:00,57.41999816894531,57.47999954223633,57.41999816894531,57.439998626708984,57.439998626708984,2244
2023-08-15 09:53:00-04:00,57.5099983215332,57.5099983215332,57.349998474121094,57.375,57.375,2782
2023-08-15 09:54:00-04:00,57.29999923706055,57.40999984741211,57.2599983215332,57.40999984741211,57.40999984741211,1476
2023-08-15 09:56:00-04:00,57.327598571777344,57.564998626708984,57.327598571777344,57.564998626708984,57.564998626708984,1221
2023-08-15 09:57:00-04:00,57.54499816894531,57.5525016784668,57.54499816894531,57.5525016784668,57.5525016784668,1160
2023-08-15 09:58:00-04:00,57.36000061035156,57.369998931884766,57.33000183105469,57.33000183105469,57.33000183105469,601
2023-08-15 09:59:00-04:00,57.349998474121094,57.349998474121094,57.349998474121094,57.349998474121094,57.349998474121094,377
2023-08-15 10:00:00-04:00,57.34000015258789,57.349998474121094,57.25,57.25,57.25,955
2023-08-15 10:01:00-04:00,57.255001068115234,57.369998931884766,57.209999084472656,57.209999084472656,57.209999084472656,1135
2023-08-15 10:02:00-04:00,57.310001373291016,57.459999084472656,57.310001373291016,57.34000015258789,57.34000015258789,21419
2023-08-15 10:03:00-04:00,57.43000030517578,57.43000030517578,57.2400016784668,57.310001373291016,57.310001373291016,2443
2023-08-15 10:04:00-04:00,57.2400016784668,57.41999816894531,57.2400016784668,57.41999816894531,57.41999816894531,2374
2023-08-15 10:05:00-04:00,57.244998931884766,57.244998931884766,57.15999984741211,57.224998474121094,57.224998474121094,714
2023-08-15 10:06:00-04:00,57.20500183105469,57.279998779296875,57.130001068115234,57.279998779296875,57.279998779296875,2412
2023-08-15 10:07:00-04:00,57.22999954223633,57.22999954223633,57.220001220703125,57.220001220703125,57.220001220703125,324
2023-08-15 10:08:00-04:00,57.220001220703125,57.220001220703125,57.189998626708984,57.189998626708984,57.189998626708984,742
2023-08-15 10:09:00-04:00,57.150001525878906,57.220001220703125,57.150001525878906,57.18000030517578,57.18000030517578,1081
2023-08-15 10:10:00-04:00,57.244998931884766,57.244998931884766,57.244998931884766,57.244998931884766,57.244998931884766,387
2023-08-15 10:11:00-04:00,57.279998779296875,57.290000915527344,57.279998779296875,57.290000915527344,57.290000915527344,673
2023-08-15 10:12:00-04:00,57.33000183105469,57.41999816894531,57.25,57.2599983215332,57.2599983215332,2576
2023-08-15 10:13:00-04:00,57.2599983215332,57.2599983215332,57.224998474121094,57.224998474121094,57.224998474121094,375
2023-08-15 10:14:00-04:00,57.27000045776367,57.27000045776367,57.27000045776367,57.27000045776367,57.27000045776367,897
2023-08-15 10:15:00-04:00,57.2599983215332,57.45000076293945,57.2599983215332,57.42499923706055,57.42499923706055,3360
2023-08-15 10:16:00-04:00,57.40999984741211,57.45000076293945,57.38999938964844,57.43000030517578,57.43000030517578,900
2023-08-15 10:17:00-04:00,57.380001068115234,57.400001525878906,57.36000061035156,57.380001068115234,57.380001068115234,1151
2023-08-15 10:18:00-04:00,57.369998931884766,57.47999954223633,57.369998931884766,57.47999954223633,57.47999954223633,1541
2023-08-15 10:19:00-04:00,57.47999954223633,57.5,57.45000076293945,57.5,57.5,1412
2023-08-15 10:20:00-04:00,57.51499938964844,57.51499938964844,57.41999816894531,57.43000030517578,57.43000030517578,3137
2023-08-15 10:21:00-04:00,57.45000076293945,57.52000045776367,57.428001403808594,57.52000045776367,57.52000045776367,2384
2023-08-15 10:22:00-04:00,57.52000045776367,57.525001525878906,57.459999084472656,57.459999084472656,57.459999084472656,1010
2023-08-15 10:23:00-04:00,57.45000076293945,57.470001220703125,57.36000061035156,57.36000061035156,57.36000061035156,2365
2023-08-15 10:24:00-04:00,57.369998931884766,57.369998931884766,57.31999969482422,57.334999084472656,57.334999084472656,1106
2023-08-15 10:25:00-04:00,57.33000183105469,57.45000076293945,57.33000183105469,57.45000076293945,57.45000076293945,5285
2023-08-15 10:26:00-04:00,57.439998626708984,57.52000045776367,57.439998626708984,57.52000045776367,57.52000045776367,12577
2023-08-15 10:27:00-04:00,57.43000030517578,57.474998474121094,57.43000030517578,57.474998474121094,57.474998474121094,284
2023-08-15 10:28:00-04:00,57.52000045776367,57.529998779296875,57.52000045776367,57.529998779296875,57.529998779296875,1098
2023-08-15 10:29:00-04:00,57.56999969482422,57.56999969482422,57.5099983215332,57.529998779296875,57.529998779296875,3678
2023-08-15 10:30:00-04:00,57.52000045776367,57.599998474121094,57.47999954223633,57.47999954223633,57.47999954223633,7337
2023-08-15 10:31:00-04:00,57.459999084472656,57.470001220703125,57.43000030517578,57.45000076293945,57.45000076293945,2637
2023-08-15 10:32:00-04:00,57.44499969482422,57.45000076293945,57.400001525878906,57.400001525878906,57.400001525878906,1021
2023-08-15 10:33:00-04:00,57.45000076293945,57.45000076293945,57.404998779296875,57.43000030517578,57.43000030517578,1458
2023-08-15 10:34:00-04:00,57.439998626708984,57.439998626708984,57.400001525878906,57.439998626708984,57.439998626708984,649
2023-08-15 10:35:00-04:00,57.41999816894531,57.459999084472656,57.407501220703125,57.44499969482422,57.44499969482422,3776
2023-08-15 10:36:00-04:00,57.46500015258789,57.4900016784668,57.459999084472656,57.4900016784668,57.4900016784668,1589
2023-08-15 10:37:00-04:00,57.459999084472656,57.529998779296875,57.45000076293945,57.5099983215332,57.5099983215332,2901
2023-08-15 10:38:00-04:00,57.5,57.61000061035156,57.5,57.58000183105469,57.58000183105469,5330
2023-08-15 10:39:00-04:00,57.560001373291016,57.63999938964844,57.560001373291016,57.630001068115234,57.630001068115234,2840
2023-08-15 10:40:00-04:00,57.560001373291016,57.560001373291016,57.5,57.5,57.5,1743
2023-08-15 10:42:00-04:00,57.5,57.529998779296875,57.459999084472656,57.459999084472656,57.459999084472656,675
2023-08-15 10:43:00-04:00,57.420101165771484,57.540000915527344,57.420101165771484,57.52000045776367,57.52000045776367,755
2023-08-15 10:44:00-04:00,57.52000045776367,57.540000915527344,57.52000045776367,57.540000915527344,57.540000915527344,702
2023-08-15 10:45:00-04:00,57.529998779296875,57.529998779296875,57.459999084472656,57.470001220703125,57.470001220703125,1176
2023-08-15 10:46:00-04:00,57.46440124511719,57.470001220703125,57.45000076293945,57.470001220703125,57.470001220703125,1194
2023-08-15 10:47:00-04:00,57.52000045776367,57.525001525878906,57.5099983215332,57.525001525878906,57.525001525878906,660
2023-08-15 10:48:00-04:00,57.529998779296875,57.529998779296875,57.52360153198242,57.525001525878906,57.525001525878906,762
2023-08-15 10:49:00-04:00,57.5099983215332,57.5099983215332,57.5099983215332,57.5099983215332,57.5099983215332,278
2023-08-15 10:50:00-04:00,57.51499938964844,57.51499938964844,57.51499938964844,57.51499938964844,57.51499938964844,206
2023-08-15 10:51:00-04:00,57.529998779296875,57.529998779296875,57.525001525878906,57.525001525878906,57.525001525878906,224
2023-08-15 10:52:00-04:00,57.52000045776367,57.525001525878906,57.459999084472656,57.459999084472656,57.459999084472656,2013
2023-08-15 10:53:00-04:00,57.459999084472656,57.459999084472656,57.439998626708984,57.45000076293945,57.45000076293945,1703
2023-08-15 10:54:00-04:00,57.38999938964844,57.38999938964844,57.38999938964844,57.38999938964844,57.38999938964844,282
2023-08-15 10:55:00-04:00,57.40999984741211,57.40999984741211,57.38999938964844,57.38999938964844,57.38999938964844,918
2023-08-15 10:56:00-04:00,57.41999816894531,57.459999084472656,57.41999816894531,57.45000076293945,57.45000076293945,1004
2023-08-15 10:57:00-04:00,57.439998626708984,57.4900016784668,57.439998626708984,57.4900016784668,57.4900016784668,2988
2023-08-15 10:58:00-04:00,57.41999816894531,57.41999816894531,57.41999816894531,57.41999816894531,57.41999816894531,591
2023-08-15 10:59:00-04:00,57.400001525878906,57.400001525878906,57.369998931884766,57.369998931884766,57.369998931884766,723
2023-08-15 11:00:00-04:00,57.38999938964844,57.459999084472656,57.38999938964844,57.459999084472656,57.459999084472656,1495
2023-08-15 11:02:00-04:00,57.470001220703125,57.52000045776367,57.470001220703125,57.52000045776367,57.52000045776367,468
2023-08-15 11:03:00-04:00,57.5,57.5,57.5,57.5,57.5,225
2023-08-15 11:04:00-04:00,57.529998779296875,57.529998779296875,57.529998779296875,57.529998779296875,57.529998779296875,378
2023-08-15 11:05:00-04:00,57.52000045776367,57.52000045776367,57.5,57.512699127197266,57.512699127197266,1245
2023-08-15 11:06:00-04:00,57.4900016784668,57.4900016784668,57.4900016784668,57.4900016784668,57.4900016784668,575
2023-08-15 11:07:00-04:00,57.52000045776367,57.529998779296875,57.52000045776367,57.529998779296875,57.529998779296875,866
2023-08-15 11:08:00-04:00,57.529998779296875,57.529998779296875,57.5,57.5,57.5,1332
2023-08-15 11:09:00-04:00,57.52000045776367,57.52000045776367,57.52000045776367,57.52000045776367,57.52000045776367,479
2023-08-15 11:10:00-04:00,57.56999969482422,57.56999969482422,57.529998779296875,57.529998779296875,57.529998779296875,574
2023-08-15 11:11:00-04:00,57.52000045776367,57.529998779296875,57.52000045776367,57.529998779296875,57.529998779296875,795
2023-08-15 11:12:00-04:00,57.529998779296875,57.529998779296875,57.4900016784668,57.4900016784668,57.4900016784668,2536
2023-08-15 11:13:00-04:00,57.47999954223633,57.47999954223633,57.47999954223633,57.47999954223633,57.47999954223633,408
2023-08-15 11:15:00-04:00,57.47999954223633,57.47999954223633,57.43000030517578,57.43000030517578,57.43000030517578,1020
2023-08-15 11:16:00-04:00,57.439998626708984,57.47999954223633,57.435001373291016,57.459999084472656,57.459999084472656,1888
2023-08-15 11:17:00-04:00,57.5099983215332,57.52000045776367,57.5099983215332,57.51499938964844,57.51499938964844,890
2023-08-15 11:18:00-04:00,57.52750015258789,57.52750015258789,57.470001220703125,57.47999954223633,57.47999954223633,679
2023-08-15 11:19:00-04:00,57.45000076293945,57.470001220703125,57.45000076293945,57.470001220703125,57.470001220703125,461
2023-08-15 11:20:00-04:00,57.4900016784668,57.4900016784668,57.4900016784668,57.4900016784668,57.4900016784668,336
2023-08-15 11:21:00-04:00,57.52000045776367,57.52000045776367,57.47999954223633,57.47999954223633,57.47999954223633,878
2023-08-15 11:22:00-04:00,57.45000076293945,57.459999084472656,57.43000030517578,57.43000030517578,57.43000030517578,942
2023-08-15 11:23:00-04:00,57.43000030517578,57.4900016784668,57.43000030517578,57.4900016784668,57.4900016784668,1330
2023-08-15 11:24:00-04:00,57.470001220703125,57.47999954223633,57.470001220703125,57.470001220703125,57.470001220703125,695
2023-08-15 11:25:00-04:00,57.44499969482422,57.44499969482422,57.41999816894531,57.43000030517578,57.43000030517578,2608
2023-08-15 11:26:00-04:00,57.439998626708984,57.439998626708984,57.40999984741211,57.40999984741211,57.40999984741211,754
2023-08-15 11:27:00-04:00,57.43000030517578,57.470001220703125,57.43000030517578,57.45000076293945,57.45000076293945,1517
2023-08-15 11:28:00-04:00,57.47999954223633,57.52000045776367,57.47999954223633,57.52000045776367,57.52000045776367,702
2023-08-15 11:29:00-04:00,57.529998779296875,57.529998779296875,57.476898193359375,57.476898193359375,57.476898193359375,418
2023-08-15 11:30:00-04:00,57.4900016784668,57.4900016784668,57.4900016784668,57.4900016784668,57.4900016784668,100
2023-08-15 11:31:00-04:00,57.474998474121094,57.5,57.474998474121094,57.5,57.5,1251
2023-08-15 11:35:00-04:00,57.52000045776367,57.584999084472656,57.52000045776367,57.584999084472656,57.584999084472656,1360
2023-08-15 11:36:00-04:00,57.56999969482422,57.56999969482422,57.56999969482422,57.56999969482422,57.56999969482422,436
2023-08-15 11:37:00-04:00,57.560001373291016,57.560001373291016,57.52000045776367,57.540000915527344,57.540000915527344,985
2023-08-15 11:38:00-04:00,57.540000915527344,57.560001373291016,57.540000915527344,57.560001373291016,57.560001373291016,574
2023-08-15 11:39:00-04:00,57.529998779296875,57.53499984741211,57.529998779296875,57.53499984741211,57.53499984741211,539
2023-08-15 11:40:00-04:00,57.58000183105469,57.58000183105469,57.52000045776367,57.52000045776367,57.52000045776367,2818
2023-08-15 11:41:00-04:00,57.52000045776367,57.58000183105469,57.52000045776367,57.58000183105469,57.58000183105469,1268
2023-08-15 11:42:00-04:00,57.540000915527344,57.5724983215332,57.529998779296875,57.5724983215332,57.5724983215332,1205
2023-08-15 11:43:00-04:00,57.5,57.529998779296875,57.5,57.52000045776367,57.52000045776367,861
2023-08-15 11:44:00-04:00,57.4900016784668,57.4900016784668,57.48500061035156,57.48500061035156,57.48500061035156,402
2023-08-15 11:45:00-04:00,57.459999084472656,57.46500015258789,57.459999084472656,57.46500015258789,57.46500015258789,972
2023-08-15 11:46:00-04:00,57.4900016784668,57.4900016784668,57.4900016784668,57.4900016784668,57.4900016784668,111
2023-08-15 11:47:00-04:00,57.52000045776367,57.52000045776367,57.5099983215332,57.52000045776367,57.52000045776367,2721
2023-08-15 11:49:00-04:00,57.47999954223633,57.56999969482422,57.47999954223633,57.56999969482422,57.56999969482422,628
2023-08-15 11:50:00-04:00,57.58000183105469,57.58000183105469,57.58000183105469,57.58000183105469,57.58000183105469,299
2023-08-15 11:51:00-04:00,57.58000183105469,57.599998474121094,57.58000183105469,57.58000183105469,57.58000183105469,563
2023-08-15 11:52:00-04:00,57.599998474121094,57.599998474121094,57.58000183105469,57.58000183105469,57.58000183105469,218
2023-08-15 11:53:00-04:00,57.57500076293945,57.57500076293945,57.52000045776367,57.52000045776367,57.52000045776367,1495
2023-08-15 11:54:00-04:00,57.540000915527344,57.54999923706055,57.52000045776367,57.529998779296875,57.529998779296875,1002
2023-08-15 11:57:00-04:00,57.53499984741211,57.560001373291016,57.53499984741211,57.560001373291016,57.560001373291016,759
2023-08-15 11:58:00-04:00,57.58000183105469,57.58000183105469,57.58000183105469,57.58000183105469,57.58000183105469,211
2023-08-15 11:59:00-04:00,57.58000183105469,57.599998474121094,57.560001373291016,57.58000183105469,57.58000183105469,2190
2023-08-15 12:00:00-04:00,57.584999084472656,57.59000015258789,57.56919860839844,57.56919860839844,57.56919860839844,913
2023-08-15 12:01:00-04:00,57.56999969482422,57.58000183105469,57.56999969482422,57.58000183105469,57.58000183105469,495
2023-08-15 12:02:00-04:00,57.58000183105469,57.59000015258789,57.58000183105469,57.59000015258789,57.59000015258789,403
2023-08-15 12:03:00-04:00,57.59000015258789,57.59000015258789,57.560001373291016,57.560001373291016,57.560001373291016,932
2023-08-15 12:04:00-04:00,57.560001373291016,57.560001373291016,57.5099983215332,57.560001373291016,57.560001373291016,2496
2023-08-15 12:05:00-04:00,57.560001373291016,57.560001373291016,57.560001373291016,57.560001373291016,57.560001373291016,502
2023-08-15 12:06:00-04:00,57.5099983215332,57.5099983215332,57.47999954223633,57.47999954223633,57.47999954223633,411
2023-08-15 12:07:00-04:00,57.470001220703125,57.470001220703125,57.45000076293945,57.459999084472656,57.459999084472656,662
2023-08-15 12:08:00-04:00,57.45000076293945,57.45000076293945,57.45000076293945,57.45000076293945,57.45000076293945,413
2023-08-15 12:09:00-04:00,57.45000076293945,57.45000076293945,57.439998626708984,57.439998626708984,57.439998626708984,1963
2023-08-15 12:10:00-04:00,57.439998626708984,57.439998626708984,57.41999816894531,57.41999816894531,57.41999816894531,638
2023-08-15 12:11:00-04:00,57.45000076293945,57.45000076293945,57.40999984741211,57.40999984741211,57.40999984741211,1727
2023-08-15 12:12:00-04:00,57.400001525878906,57.40999984741211,57.400001525878906,57.400001525878906,57.400001525878906,869
2023-08-15 12:13:00-04:00,57.400001525878906,57.43000030517578,57.400001525878906,57.43000030517578,57.43000030517578,4117
2023-08-15 12:14:00-04:00,57.439998626708984,57.439998626708984,57.41999816894531,57.42499923706055,57.42499923706055,851
2023-08-15 12:15:00-04:00,57.40999984741211,57.40999984741211,57.369998931884766,57.369998931884766,57.369998931884766,1254
2023-08-15 12:16:00-04:00,57.31999969482422,57.334999084472656,57.31999969482422,57.334999084472656,57.334999084472656,691
2023-08-15 12:17:00-04:00,57.36000061035156,57.369998931884766,57.36000061035156,57.369998931884766,57.369998931884766,270
2023-08-15 12:18:00-04:00,57.369998931884766,57.375,57.36000061035156,57.369998931884766,57.369998931884766,877
2023-08-15 12:19:00-04:00,57.380001068115234,57.439998626708984,57.3650016784668,57.439998626708984,57.439998626708984,2604
2023-08-15 12:20:00-04:00,57.41999816894531,57.45000076293945,57.41999816894531,57.45000076293945,57.45000076293945,952
2023-08-15 12:21:00-04:00,57.459999084472656,57.459999084472656,57.459999084472656,57.459999084472656,57.459999084472656,1035
2023-08-15 12:22:00-04:00,57.52000045776367,57.52000045776367,57.5,57.52000045776367,57.52000045776367,702
2023-08-15 12:25:00-04:00,57.47999954223633,57.47999954223633,57.47999954223633,57.47999954223633,57.47999954223633,575
2023-08-15 12:26:00-04:00,57.45000076293945,57.45000076293945,57.45000076293945,57.45000076293945,57.45000076293945,248
2023-08-15 12:27:00-04:00,57.45500183105469,57.5099983215332,57.45500183105469,57.5099983215332,57.5099983215332,898
2023-08-15 12:28:00-04:00,57.4900016784668,57.4900016784668,57.4900016784668,57.4900016784668,57.4900016784668,259
2023-08-15 12:29:00-04:00,57.529998779296875,57.540000915527344,57.529998779296875,57.540000915527344,57.540000915527344,684
2023-08-15 12:30:00-04:00,57.529998779296875,57.540000915527344,57.52000045776367,57.52000045776367,57.52000045776367,410
2023-08-15 12:32:00-04:00,57.5099983215332,57.5099983215332,57.4900016784668,57.4900016784668,57.4900016784668,1117
2023-08-15 12:33:00-04:00,57.505001068115234,57.505001068115234,57.45000076293945,57.459999084472656,57.459999084472656,1194
2023-08-15 12:34:00-04:00,57.470001220703125,57.470001220703125,57.470001220703125,57.470001220703125,57.470001220703125,663
2023-08-15 12:35:00-04:00,57.45000076293945,57.45000076293945,57.45000076293945,57.45000076293945,57.45000076293945,145
2023-08-15 12:36:00-04:00,57.470001220703125,57.5099983215332,57.470001220703125,57.5099983215332,57.5099983215332,523
2023-08-15 12:37:00-04:00,57.50600051879883,57.50600051879883,57.47999954223633,57.47999954223633,57.47999954223633,1485
2023-08-15 12:40:00-04:00,57.470001220703125,57.470001220703125,57.470001220703125,57.470001220703125,57.470001220703125,211
2023-08-15 12:42:00-04:00,57.4900016784668,57.4900016784668,57.4900016784668,57.4900016784668,57.4900016784668,339
2023-08-15 12:43:00-04:00,57.439998626708984,57.439998626708984,57.439998626708984,57.439998626708984,57.439998626708984,580
2023-08-15 12:44:00-04:00,57.404998779296875,57.404998779296875,57.38999938964844,57.38999938964844,57.38999938964844,575
2023-08-15 12:45:00-04:00,57.41999816894531,57.41999816894531,57.41999816894531,57.41999816894531,57.41999816894531,202
2023-08-15 12:46:00-04:00,57.380001068115234,57.380001068115234,57.380001068115234,57.380001068115234,57.380001068115234,355
2023-08-15 12:47:00-04:00,57.399600982666016,57.399600982666016,57.369998931884766,57.369998931884766,57.369998931884766,348
2023-08-15 12:48:00-04:00,57.36000061035156,57.369998931884766,57.36000061035156,57.369998931884766,57.369998931884766,821
2023-08-15 12:49:00-04:00,57.34000015258789,57.34000015258789,57.34000015258789,57.34000015258789,57.34000015258789,472
2023-08-15 12:50:00-04:00,57.34000015258789,57.34000015258789,57.34000015258789,57.34000015258789,57.34000015258789,572
2023-08-15 12:51:00-04:00,57.33000183105469,57.33000183105469,57.33000183105469,57.33000183105469,57.33000183105469,120
2023-08-15 12:52:00-04:00,57.36000061035156,57.380001068115234,57.36000061035156,57.380001068115234,57.380001068115234,919
2023-08-15 12:54:00-04:00,57.400001525878906,57.400001525878906,57.38999938964844,57.38999938964844,57.38999938964844,1214
2023-08-15 12:55:00-04:00,57.349998474121094,57.349998474121094,57.349998474121094,57.349998474121094,57.349998474121094,764
2023-08-15 12:58:00-04:00,57.43000030517578,57.43000030517578,57.41999816894531,57.41999816894531,57.41999816894531,754
2023-08-15 12:59:00-04:00,57.42499923706055,57.42499923706055,57.42499923706055,57.42499923706055,57.42499923706055,115
2023-08-15 13:00:00-04:00,57.439998626708984,57.439998626708984,57.43000030517578,57.439998626708984,57.439998626708984,1169
2023-08-15 13:01:00-04:00,57.40999984741211,57.40999984741211,57.40999984741211,57.40999984741211,57.40999984741211,685
2023-08-15 13:03:00-04:00,57.41999816894531,57.41999816894531,57.40999984741211,57.40999984741211,57.40999984741211,464
2023-08-15 13:04:00-04:00,57.400001525878906,57.400001525878906,57.38999938964844,57.39500045776367,57.39500045776367,927
2023-08-15 13:05:00-04:00,57.400001525878906,57.400001525878906,57.400001525878906,57.400001525878906,57.400001525878906,602
2023-08-15 13:06:00-04:00,57.369998931884766,57.369998931884766,57.33000183105469,57.33000183105469,57.33000183105469,1974
2023-08-15 13:07:00-04:00,57.345699310302734,57.380001068115234,57.345699310302734,57.380001068115234,57.380001068115234,1091
2023-08-15 13:10:00-04:00,57.369998931884766,57.369998931884766,57.369998931884766,57.369998931884766,57.369998931884766,219
2023-08-15 13:11:00-04:00,57.36000061035156,57.369998931884766,57.36000061035156,57.369998931884766,57.369998931884766,443
2023-08-15 13:12:00-04:00,57.38999938964844,57.41899871826172,57.38999938964844,57.41899871826172,57.41899871826172,1240
2023-08-15 13:13:00-04:00,57.470001220703125,57.47999954223633,57.470001220703125,57.47999954223633,57.47999954223633,1037
2023-08-15 13:15:00-04:00,57.47999954223633,57.47999954223633,57.470001220703125,57.470001220703125,57.470001220703125,913
2023-08-15 13:17:00-04:00,57.45000076293945,57.45000076293945,57.45000076293945,57.45000076293945,57.45000076293945,568
2023-08-15 13:18:00-04:00,57.470001220703125,57.47990036010742,57.459999084472656,57.459999084472656,57.459999084472656,1770
2023-08-15 13:20:00-04:00,57.45500183105469,57.459999084472656,57.45500183105469,57.459999084472656,57.459999084472656,865
2023-08-15 13:21:00-04:00,57.47999954223633,57.47999954223633,57.47999954223633,57.47999954223633,57.47999954223633,1309
2023-08-15 13:22:00-04:00,57.459999084472656,57.4900016784668,57.459999084472656,57.4900016784668,57.4900016784668,737
2023-08-15 13:23:00-04:00,57.5,57.5,57.470001220703125,57.470001220703125,57.470001220703125,417
2023-08-15 13:24:00-04:00,57.5,57.5099983215332,57.5,57.5,57.5,592
2023-08-15 13:25:00-04:00,57.4900016784668,57.4900016784668,57.4900016784668,57.4900016784668,57.4900016784668,392
2023-08-15 13:26:00-04:00,57.4900016784668,57.5,57.47999954223633,57.47999954223633,57.47999954223633,1123
2023-08-15 13:27:00-04:00,57.5099983215332,57.5099983215332,57.5099983215332,57.5099983215332,57.5099983215332,100
2023-08-15 13:28:00-04:00,57.4900016784668,57.4900016784668,57.4900016784668,57.4900016784668,57.4900016784668,385
2023-08-15 13:30:00-04:00,57.459999084472656,57.459999084472656,57.45000076293945,57.45000076293945,57.45000076293945,585
2023-08-15 13:31:00-04:00,57.41999816894531,57.41999816894531,57.40999984741211,57.40999984741211,57.40999984741211,1336
2023-08-15 13:32:00-04:00,57.41999816894531,57.41999816894531,57.41999816894531,57.41999816894531,57.41999816894531,394
2023-08-15 13:34:00-04:00,57.34000015258789,57.400001525878906,57.34000015258789,57.380001068115234,57.380001068115234,1217
2023-08-15 13:35:00-04:00,57.380001068115234,57.380001068115234,57.380001068115234,57.380001068115234,57.380001068115234,540
2023-08-15 13:36:00-04:00,57.40999984741211,57.43000030517578,57.40999984741211,57.43000030517578,57.43000030517578,901
2023-08-15 13:37:00-04:00,57.45000076293945,57.45000076293945,57.41999816894531,57.43000030517578,57.43000030517578,1298
2023-08-15 13:39:00-04:00,57.43000030517578,57.43000030517578,57.38999938964844,57.38999938964844,57.38999938964844,666
2023-08-15 13:41:00-04:00,57.38999938964844,57.400001525878906,57.380001068115234,57.400001525878906,57.400001525878906,1323
2023-08-15 13:42:00-04:00,57.369998931884766,57.3849983215332,57.36000061035156,57.3849983215332,57.3849983215332,2328
2023-08-15 13:43:00-04:00,57.380001068115234,57.380001068115234,57.369998931884766,57.380001068115234,57.380001068115234,946
2023-08-15 13:44:00-04:00,57.369998931884766,57.380001068115234,57.349998474121094,57.35499954223633,57.35499954223633,1031
2023-08-15 13:45:00-04:00,57.400001525878906,57.41999816894531,57.400001525878906,57.41999816894531,57.41999816894531,838
2023-08-15 13:47:00-04:00,57.40999984741211,57.40999984741211,57.38999938964844,57.38999938964844,57.38999938964844,738
2023-08-15 13:48:00-04:00,57.404998779296875,57.404998779296875,57.369998931884766,57.38999938964844,57.38999938964844,915
2023-08-15 13:49:00-04:00,57.400001525878906,57.43000030517578,57.400001525878906,57.43000030517578,57.43000030517578,743
2023-08-15 13:50:00-04:00,57.459999084472656,57.470001220703125,57.459999084472656,57.459999084472656,57.459999084472656,582
2023-08-15 13:51:00-04:00,57.45000076293945,57.45000076293945,57.45000076293945,57.45000076293945,57.45000076293945,404
2023-08-15 13:52:00-04:00,57.41999816894531,57.439998626708984,57.40999984741211,57.439998626708984,57.439998626708984,1279
2023-08-15 13:53:00-04:00,57.47999954223633,57.47999954223633,57.47999954223633,57.47999954223633,57.47999954223633,565
2023-08-15 13:55:00-04:00,57.43000030517578,57.45000076293945,57.43000030517578,57.45000076293945,57.45000076293945,739
2023-08-15 13:58:00-04:00,57.4900016784668,57.51530075073242,57.4900016784668,57.4900016784668,57.4900016784668,1160
2023-08-15 13:59:00-04:00,57.4900016784668,57.5099983215332,57.4718017578125,57.5099983215332,57.5099983215332,993
2023-08-15 14:00:00-04:00,57.5,57.525001525878906,57.5,57.525001525878906,57.525001525878906,7109
2023-08-15 14:01:00-04:00,57.54999923706055,57.619998931884766,57.540000915527344,57.619998931884766,57.619998931884766,7106
2023-08-15 14:02:00-04:00,57.650001525878906,57.65999984741211,57.630001068115234,57.64699935913086,57.64699935913086,1917
2023-08-15 14:03:00-04:00,57.63999938964844,57.68000030517578,57.630001068115234,57.68000030517578,57.68000030517578,8935
2023-08-15 14:04:00-04:00,57.689998626708984,57.709999084472656,57.685001373291016,57.709999084472656,57.709999084472656,2112
2023-08-15 14:05:00-04:00,57.709999084472656,57.75,57.70000076293945,57.75,57.75,1449
2023-08-15 14:06:00-04:00,57.77000045776367,57.81999969482422,57.64889907836914,57.64889907836914,57.64889907836914,17837
2023-08-15 14:07:00-04:00,57.75,57.7599983215332,57.72999954223633,57.72999954223633,57.72999954223633,1166
2023-08-15 14:08:00-04:00,57.77000045776367,57.79999923706055,57.77000045776367,57.790000915527344,57.790000915527344,1673
2023-08-15 14:09:00-04:00,57.79999923706055,57.79999923706055,57.779998779296875,57.790000915527344,57.790000915527344,1355
2023-08-15 14:10:00-04:00,57.810001373291016,57.84000015258789,57.810001373291016,57.84000015258789,57.84000015258789,729
2023-08-15 14:11:00-04:00,57.85419845581055,57.85419845581055,57.779998779296875,57.790000915527344,57.790000915527344,2287
2023-08-15 14:12:00-04:00,57.7400016784668,57.7599983215332,57.73749923706055,57.7599983215332,57.7599983215332,1964
2023-08-15 14:15:00-04:00,57.72999954223633,57.72999954223633,57.6963005065918,57.6963005065918,57.6963005065918,1075
2023-08-15 14:16:00-04:00,57.69089889526367,57.69089889526367,57.69089889526367,57.69089889526367,57.69089889526367,884
2023-08-15 14:17:00-04:00,57.709999084472656,57.7598991394043,57.709999084472656,57.730098724365234,57.730098724365234,944
2023-08-15 14:18:00-04:00,57.7599983215332,57.7599983215332,57.7599983215332,57.7599983215332,57.7599983215332,270
2023-08-15 14:19:00-04:00,57.75,57.75,57.720001220703125,57.72990036010742,57.72990036010742,2269
2023-08-15 14:21:00-04:00,57.720001220703125,57.72520065307617,57.709999084472656,57.72520065307617,57.72520065307617,1367
2023-08-15 14:22:00-04:00,57.70000076293945,57.70000076293945,57.70000076293945,57.70000076293945,57.70000076293945,213
2023-08-15 14:23:00-04:00,57.709999084472656,57.709999084472656,57.709999084472656,57.709999084472656,57.709999084472656,689
2023-08-15 14:24:00-04:00,57.70000076293945,57.70000076293945,57.66999816894531,57.68000030517578,57.68000030517578,1515
2023-08-15 14:25:00-04:00,57.67499923706055,57.67499923706055,57.67499923706055,57.67499923706055,57.67499923706055,1383
2023-08-15 14:28:00-04:00,57.69499969482422,57.69499969482422,57.69499969482422,57.69499969482422,57.69499969482422,203
2023-08-15 14:29:00-04:00,57.709999084472656,57.709999084472656,57.689998626708984,57.689998626708984,57.689998626708984,994
2023-08-15 14:30:00-04:00,57.685001373291016,57.709999084472656,57.685001373291016,57.709999084472656,57.709999084472656,695
2023-08-15 14:32:00-04:00,57.70500183105469,57.70500183105469,57.68000030517578,57.685001373291016,57.685001373291016,1666
2023-08-15 14:33:00-04:00,57.670101165771484,57.670101165771484,57.650001525878906,57.650001525878906,57.650001525878906,3433
2023-08-15 14:34:00-04:00,57.65999984741211,57.65999984741211,57.65999984741211,57.65999984741211,57.65999984741211,977
2023-08-15 14:35:00-04:00,57.66999816894531,57.66999816894531,57.66999816894531,57.66999816894531,57.66999816894531,392
2023-08-15 14:37:00-04:00,57.63999938964844,57.63999938964844,57.630001068115234,57.63999938964844,57.63999938964844,904
2023-08-15 14:38:00-04:00,57.619998931884766,57.689998626708984,57.619998931884766,57.65999984741211,57.65999984741211,8158
2023-08-15 14:39:00-04:00,57.63999938964844,57.63999938964844,57.61000061035156,57.63999938964844,57.63999938964844,2594
2023-08-15 14:40:00-04:00,57.599998474121094,57.599998474121094,57.599998474121094,57.599998474121094,57.599998474121094,661
2023-08-15 14:41:00-04:00,57.58000183105469,57.599998474121094,57.560001373291016,57.599998474121094,57.599998474121094,1778
2023-08-15 14:42:00-04:00,57.61000061035156,57.6349983215332,57.61000061035156,57.619998931884766,57.619998931884766,1671
2023-08-15 14:43:00-04:00,57.625,57.625,57.625,57.625,57.625,385
2023-08-15 14:44:00-04:00,57.64500045776367,57.64500045776367,57.63999938964844,57.63999938964844,57.63999938964844,1210
2023-08-15 14:45:00-04:00,57.630001068115234,57.630001068115234,57.630001068115234,57.630001068115234,57.630001068115234,966
2023-08-15 14:46:00-04:00,57.630001068115234,57.63999938964844,57.630001068115234,57.63999938964844,57.63999938964844,488
2023-08-15 14:47:00-04:00,57.650001525878906,57.68000030517578,57.650001525878906,57.68000030517578,57.68000030517578,1007
2023-08-15 14:48:00-04:00,57.650001525878906,57.650001525878906,57.63999938964844,57.650001525878906,57.650001525878906,695
2023-08-15 14:49:00-04:00,57.65999984741211,57.65999984741211,57.65999984741211,57.65999984741211,57.65999984741211,584
2023-08-15 14:52:00-04:00,57.66999816894531,57.70000076293945,57.66999816894531,57.69499969482422,57.69499969482422,1566
2023-08-15 14:53:00-04:00,57.70000076293945,57.70500183105469,57.70000076293945,57.70500183105469,57.70500183105469,786
2023-08-15 14:54:00-04:00,57.689998626708984,57.689998626708984,57.68000030517578,57.68000030517578,57.68000030517578,2357
2023-08-15 14:56:00-04:00,57.685001373291016,57.685001373291016,57.630001068115234,57.630001068115234,57.630001068115234,1732
2023-08-15 14:57:00-04:00,57.63999938964844,57.650001525878906,57.63999938964844,57.650001525878906,57.650001525878906,455
2023-08-15 14:58:00-04:00,57.630001068115234,57.630001068115234,57.630001068115234,57.630001068115234,57.630001068115234,517
2023-08-15 14:59:00-04:00,57.70000076293945,57.70000076293945,57.70000076293945,57.70000076293945,57.70000076293945,488
2023-08-15 15:01:00-04:00,57.685001373291016,57.685001373291016,57.685001373291016,57.685001373291016,57.685001373291016,166
2023-08-15 15:02:00-04:00,57.69499969482422,57.7400016784668,57.69499969482422,57.7400016784668,57.7400016784668,1242
2023-08-15 15:03:00-04:00,57.72999954223633,57.72999954223633,57.70000076293945,57.709999084472656,57.709999084472656,1707
2023-08-15 15:04:00-04:00,57.69499969482422,57.69499969482422,57.69499969482422,57.69499969482422,57.69499969482422,358
2023-08-15 15:05:00-04:00,57.69499969482422,57.69499969482422,57.69499969482422,57.69499969482422,57.69499969482422,805
2023-08-15 15:06:00-04:00,57.689998626708984,57.689998626708984,57.685001373291016,57.685001373291016,57.685001373291016,436
2023-08-15 15:07:00-04:00,57.67499923706055,57.67499923706055,57.66999816894531,57.66999816894531,57.66999816894531,535
2023-08-15 15:08:00-04:00,57.630001068115234,57.63999938964844,57.62089920043945,57.62089920043945,57.62089920043945,518
2023-08-15 15:09:00-04:00,57.650001525878906,57.65999984741211,57.650001525878906,57.65999984741211,57.65999984741211,1415
2023-08-15 15:10:00-04:00,57.66999816894531,57.720001220703125,57.66999816894531,57.69499969482422,57.69499969482422,3138
2023-08-15 15:11:00-04:00,57.66999816894531,57.66999816894531,57.650001525878906,57.65999984741211,57.65999984741211,1209
2023-08-15 15:12:00-04:00,57.61000061035156,57.61000061035156,57.61000061035156,57.61000061035156,57.61000061035156,1131
2023-08-15 15:14:00-04:00,57.59000015258789,57.59000015258789,57.573699951171875,57.59000015258789,57.59000015258789,603
2023-08-15 15:15:00-04:00,57.57500076293945,57.599998474121094,57.57500076293945,57.595001220703125,57.595001220703125,1679
2023-08-15 15:16:00-04:00,57.595001220703125,57.595001220703125,57.58000183105469,57.58000183105469,57.58000183105469,1202
2023-08-15 15:17:00-04:00,57.56999969482422,57.59000015258789,57.54999923706055,57.59000015258789,57.59000015258789,1441
2023-08-15 15:18:00-04:00,57.599998474121094,57.599998474121094,57.58000183105469,57.58000183105469,57.58000183105469,937
2023-08-15 15:19:00-04:00,57.599998474121094,57.599998474121094,57.599998474121094,57.599998474121094,57.599998474121094,296
2023-08-15 15:20:00-04:00,57.58000183105469,57.58000183105469,57.58000183105469,57.58000183105469,57.58000183105469,1142
2023-08-15 15:21:00-04:00,57.58000183105469,57.58000183105469,57.525001525878906,57.540000915527344,57.540000915527344,2440
2023-08-15 15:22:00-04:00,57.51499938964844,57.52000045776367,57.47999954223633,57.52000045776367,57.52000045776367,3425
2023-08-15 15:23:00-04:00,57.5099983215332,57.5099983215332,57.4900016784668,57.5,57.5,1880
2023-08-15 15:24:00-04:00,57.4900016784668,57.5,57.474998474121094,57.474998474121094,57.474998474121094,732
2023-08-15 15:25:00-04:00,57.474998474121094,57.474998474121094,57.45000076293945,57.45500183105469,57.45500183105469,958
2023-08-15 15:26:00-04:00,57.45000076293945,57.45000076293945,57.34000015258789,57.34000015258789,57.34000015258789,1580
2023-08-15 15:27:00-04:00,57.34000015258789,57.345001220703125,57.33000183105469,57.345001220703125,57.345001220703125,342
2023-08-15 15:28:00-04:00,57.33000183105469,57.34000015258789,57.310001373291016,57.314998626708984,57.314998626708984,4520
2023-08-15 15:29:00-04:00,57.29499816894531,57.29499816894531,57.2599983215332,57.290000915527344,57.290000915527344,1230
2023-08-15 15:30:00-04:00,57.2599983215332,57.279998779296875,57.22999954223633,57.279998779296875,57.279998779296875,3280
2023-08-15 15:31:00-04:00,57.279998779296875,57.334999084472656,57.27000045776367,57.310001373291016,57.310001373291016,3701
2023-08-15 15:32:00-04:00,57.29999923706055,57.29999923706055,57.27000045776367,57.27000045776367,57.27000045776367,1508
2023-08-15 15:33:00-04:00,57.279998779296875,57.31999969482422,57.279998779296875,57.31999969482422,57.31999969482422,1086
2023-08-15 15:34:00-04:00,57.31999969482422,57.34000015258789,57.31999969482422,57.33000183105469,57.33000183105469,2504
2023-08-15 15:35:00-04:00,57.31999969482422,57.31999969482422,57.220001220703125,57.220001220703125,57.220001220703125,3001
2023-08-15 15:36:00-04:00,57.22999954223633,57.27000045776367,57.22999954223633,57.27000045776367,57.27000045776367,2385
2023-08-15 15:37:00-04:00,57.290000915527344,57.290000915527344,57.2599983215332,57.2599983215332,57.2599983215332,1288
2023-08-15 15:38:00-04:00,57.25,57.2599983215332,57.25,57.2599983215332,57.2599983215332,305
2023-08-15 15:39:00-04:00,57.25,57.25,57.22990036010742,57.22990036010742,57.22990036010742,1256
2023-08-15 15:40:00-04:00,57.22999954223633,57.2599983215332,57.209999084472656,57.255001068115234,57.255001068115234,3967
2023-08-15 15:41:00-04:00,57.2400016784668,57.2400016784668,57.15999984741211,57.15999984741211,57.15999984741211,14755
2023-08-15 15:42:00-04:00,57.165000915527344,57.209999084472656,57.165000915527344,57.189998626708984,57.189998626708984,4155
2023-08-15 15:43:00-04:00,57.16999816894531,57.16999816894531,57.12009811401367,57.1349983215332,57.1349983215332,2716
2023-08-15 15:44:00-04:00,57.150001525878906,57.18000030517578,57.13999938964844,57.18000030517578,57.18000030517578,4770
2023-08-15 15:45:00-04:00,57.150001525878906,57.150001525878906,57.1150016784668,57.13999938964844,57.13999938964844,2509
2023-08-15 15:46:00-04:00,57.130001068115234,57.16999816894531,57.119998931884766,57.16999816894531,57.16999816894531,3586
2023-08-15 15:47:00-04:00,57.16999816894531,57.18000030517578,57.13999938964844,57.13999938964844,57.13999938964844,2214
2023-08-15 15:48:00-04:00,57.1150016784668,57.130001068115234,57.11000061035156,57.130001068115234,57.130001068115234,3712
2023-08-15 15:49:00-04:00,57.130001068115234,57.16999816894531,57.130001068115234,57.150001525878906,57.150001525878906,7451
2023-08-15 15:50:00-04:00,57.13999938964844,57.13999938964844,57.060001373291016,57.130001068115234,57.130001068115234,10786
2023-08-15 15:51:00-04:00,57.13999938964844,57.18000030517578,57.1349983215332,57.18000030517578,57.18000030517578,6494
2023-08-15 15:52:00-04:00,57.16999816894531,57.220001220703125,57.16999816894531,57.21500015258789,57.21500015258789,7846
2023-08-15 15:53:00-04:00,57.21500015258789,57.220001220703125,57.18000030517578,57.18000030517578,57.18000030517578,3490
2023-08-15 15:54:00-04:00,57.20000076293945,57.22999954223633,57.15999984741211,57.16999816894531,57.16999816894531,8320
2023-08-15 15:55:00-04:00,57.150001525878906,57.220001220703125,57.150001525878906,57.21189880371094,57.21189880371094,9096
2023-08-15 15:56:00-04:00,57.22999954223633,57.22999954223633,57.13999938964844,57.13999938964844,57.13999938964844,15743
2023-08-15 15:57:00-04:00,57.14500045776367,57.165000915527344,57.11000061035156,57.1150016784668,57.1150016784668,14482
2023-08-15 15:58:00-04:00,57.119998931884766,57.189998626708984,57.11000061035156,57.1349983215332,57.1349983215332,18066
2023-08-15 15:59:00-04:00,57.150001525878906,57.16999816894531,57.099998474121094,57.16999816894531,57.16999816894531,24925
