Date,Open,High,Low,Close,Adj Close,Volume
2024-01-02 09:30:00-05:00,159.8699951171875,160.0,159.02000427246094,159.72000122070312,159.72000122070312,17387
2024-01-02 09:31:00-05:00,159.60000610351562,159.60000610351562,159.5500030517578,159.5500030517578,159.5500030517578,962
2024-01-02 09:32:00-05:00,160.1300048828125,160.1300048828125,160.1300048828125,160.1300048828125,160.1300048828125,519
2024-01-02 09:33:00-05:00,160.52999877929688,160.8000030517578,160.52999877929688,160.6708984375,160.6708984375,882
2024-01-02 09:34:00-05:00,160.8249969482422,160.8249969482422,160.8249969482422,160.8249969482422,160.8249969482422,236
2024-01-02 09:35:00-05:00,160.8699951171875,160.8699951171875,160.72500610351562,160.72500610351562,160.72500610351562,710
2024-01-02 09:36:00-05:00,160.58999633789062,160.59500122070312,160.30999755859375,160.47000122070312,160.47000122070312,3092
2024-01-02 09:37:00-05:00,160.33999633789062,160.9199981689453,160.33999633789062,160.88499450683594,160.88499450683594,1987
2024-01-02 09:38:00-05:00,160.86000061035156,160.99000549316406,160.63499450683594,160.63499450683594,160.63499450683594,1553
2024-01-02 09:39:00-05:00,160.7550048828125,160.8800048828125,160.7100067138672,160.7100067138672,160.7100067138672,977
2024-01-02 09:40:00-05:00,161.00999450683594,161.00999450683594,160.8300018310547,160.86000061035156,160.86000061035156,680
2024-01-02 09:41:00-05:00,161.11000061035156,161.32000732421875,161.11000061035156,161.32000732421875,161.32000732421875,582
2024-01-02 09:42:00-05:00,161.27000427246094,161.75,161.27000427246094,161.75,161.75,1256
2024-01-02 09:43:00-05:00,161.4199981689453,161.4199981689453,161.16000366210938,161.1699981689453,161.1699981689453,4353
2024-01-02 09:44:00-05:00,161.22450256347656,161.22450256347656,161.06500244140625,161.08999633789062,161.08999633789062,1529
2024-01-02 09:45:00-05:00,160.9499969482422,160.9499969482422,160.9499969482422,160.9499969482422,160.9499969482422,134
2024-01-02 09:46:00-05:00,161.14999389648438,161.16000366210938,161.00999450683594,161.00999450683594,161.00999450683594,1878
2024-01-02 09:47:00-05:00,160.625,160.625,160.625,160.625,160.625,192
2024-01-02 09:48:00-05:00,160.50999450683594,160.50999450683594,160.27000427246094,160.27000427246094,160.27000427246094,3851
2024-01-02 09:49:00-05:00,160.4499969482422,160.6300048828125,160.4199981689453,160.6300048828125,160.6300048828125,1442
2024-01-02 09:50:00-05:00,160.6300048828125,160.77000427246094,160.6300048828125,160.7550048828125,160.7550048828125,970
2024-01-02 09:51:00-05:00,160.97000122070312,161.10000610351562,160.97000122070312,161.10000610351562,161.10000610351562,1470
2024-01-02 09:52:00-05:00,161.10000610351562,161.15499877929688,160.97500610351562,161.10000610351562,161.10000610351562,22588
2024-01-02 09:53:00-05:00,161.10000610351562,161.4600067138672,161.0399932861328,161.4600067138672,161.4600067138672,5702
2024-01-02 09:54:00-05:00,161.38999938964844,161.40499877929688,161.32000732421875,161.40249633789062,161.40249633789062,3069
2024-01-02 09:55:00-05:00,161.60000610351562,161.7899932861328,161.60000610351562,161.60000610351562,161.60000610351562,2489
2024-01-02 09:56:00-05:00,161.75999450683594,162.21499633789062,161.75999450683594,162.13999938964844,162.13999938964844,2633
2024-01-02 09:57:00-05:00,162.34500122070312,162.74000549316406,162.34500122070312,162.6999969482422,162.6999969482422,1394
2024-01-02 09:58:00-05:00,162.63999938964844,162.77000427246094,162.52000427246094,162.77000427246094,162.77000427246094,1571
2024-01-02 09:59:00-05:00,162.63999938964844,162.63999938964844,162.57000732421875,162.57000732421875,162.57000732421875,2607
2024-01-02 10:00:00-05:00,162.57000732421875,163.09500122070312,162.57000732421875,162.89999389648438,162.89999389648438,10549
2024-01-02 10:01:00-05:00,162.8249969482422,163.00999450683594,162.8249969482422,162.8699951171875,162.8699951171875,1087
2024-01-02 10:02:00-05:00,162.8699951171875,162.8699951171875,162.6699981689453,162.8000030517578,162.8000030517578,3604
2024-01-02 10:03:00-05:00,162.7899932861328,162.97999572753906,162.7899932861328,162.91000366210938,162.91000366210938,1753
2024-01-02 10:04:00-05:00,162.91000366210938,162.91000366210938,162.7949981689453,162.83999633789062,162.83999633789062,4212
2024-01-02 10:05:00-05:00,162.76499938964844,163.07000732421875,162.7100067138672,162.97999572753906,162.97999572753906,2458
2024-01-02 10:06:00-05:00,162.97000122070312,163.1699981689453,162.88999938964844,163.1699981689453,163.1699981689453,2266
2024-01-02 10:07:00-05:00,163.1999969482422,163.22999572753906,163.13999938964844,163.19000244140625,163.19000244140625,1791
2024-01-02 10:08:00-05:00,163.2100067138672,163.2100067138672,163.07000732421875,163.10000610351562,163.10000610351562,1838
2024-01-02 10:09:00-05:00,163.05999755859375,163.27000427246094,163.05999755859375,163.27000427246094,163.27000427246094,658
2024-01-02 10:10:00-05:00,163.27000427246094,163.41000366210938,163.27000427246094,163.3000030517578,163.3000030517578,2527
2024-01-02 10:11:00-05:00,163.30999755859375,163.36000061035156,163.30999755859375,163.35000610351562,163.35000610351562,3831
2024-01-02 10:12:00-05:00,163.3000030517578,163.33999633789062,163.125,163.16000366210938,163.16000366210938,7647
2024-01-02 10:13:00-05:00,163.08999633789062,163.1699981689453,162.97000122070312,163.10499572753906,163.10499572753906,3972
2024-01-02 10:14:00-05:00,163.07000732421875,163.07000732421875,162.9600067138672,162.9600067138672,162.9600067138672,1745
2024-01-02 10:15:00-05:00,163.25999450683594,163.27999877929688,163.25999450683594,163.27999877929688,163.27999877929688,991
2024-01-02 10:16:00-05:00,163.27999877929688,163.5,163.27999877929688,163.41000366210938,163.41000366210938,3458
2024-01-02 10:17:00-05:00,163.52000427246094,163.66000366210938,163.52000427246094,163.5500030517578,163.5500030517578,4481
2024-01-02 10:18:00-05:00,163.61000061035156,163.61000061035156,163.3000030517578,163.30999755859375,163.30999755859375,3079
2024-01-02 10:19:00-05:00,163.35000610351562,163.5,163.25,163.5,163.5,9530
2024-01-02 10:20:00-05:00,163.4199981689453,163.5,163.27999877929688,163.47000122070312,163.47000122070312,3822
2024-01-02 10:21:00-05:00,163.60000610351562,163.6300048828125,163.60000610351562,163.6300048828125,163.6300048828125,593
2024-01-02 10:22:00-05:00,163.52999877929688,163.60499572753906,163.52999877929688,163.60499572753906,163.60499572753906,1816
2024-01-02 10:23:00-05:00,163.6699981689453,163.7100067138672,163.63999938964844,163.6699981689453,163.6699981689453,3395
2024-01-02 10:24:00-05:00,163.6649932861328,163.6649932861328,163.38290405273438,163.47000122070312,163.47000122070312,3637
2024-01-02 10:25:00-05:00,163.47999572753906,163.47999572753906,163.33999633789062,163.3699951171875,163.3699951171875,1993
2024-01-02 10:26:00-05:00,163.27999877929688,163.27999877929688,163.11000061035156,163.11000061035156,163.11000061035156,3118
2024-01-02 10:27:00-05:00,163.2100067138672,163.25999450683594,163.1999969482422,163.25999450683594,163.25999450683594,991
2024-01-02 10:28:00-05:00,163.2899932861328,163.2899932861328,163.2100067138672,163.27999877929688,163.27999877929688,1852
2024-01-02 10:29:00-05:00,163.25999450683594,163.27999877929688,163.22000122070312,163.25,163.25,2172
2024-01-02 10:30:00-05:00,163.22999572753906,163.22999572753906,163.02999877929688,163.02999877929688,163.02999877929688,1491
2024-01-02 10:32:00-05:00,162.89999389648438,162.94000244140625,162.89999389648438,162.94000244140625,162.94000244140625,892
2024-01-02 10:33:00-05:00,162.86000061035156,162.875,162.74009704589844,162.82000732421875,162.82000732421875,2476
2024-01-02 10:34:00-05:00,162.80999755859375,163.00999450683594,162.8000030517578,163.00999450683594,163.00999450683594,1902
2024-01-02 10:35:00-05:00,162.97999572753906,162.97999572753906,162.8800048828125,162.8800048828125,162.8800048828125,1945
2024-01-02 10:36:00-05:00,163.14500427246094,163.14500427246094,163.11500549316406,163.11500549316406,163.11500549316406,1445
2024-01-02 10:37:00-05:00,163.08099365234375,163.08099365234375,163.08099365234375,163.08099365234375,163.08099365234375,138
2024-01-02 10:38:00-05:00,163.07000732421875,163.07000732421875,162.94500732421875,162.94500732421875,162.94500732421875,2762
2024-01-02 10:39:00-05:00,162.90390014648438,163.0500030517578,162.90390014648438,163.0500030517578,163.0500030517578,1852
2024-01-02 10:40:00-05:00,163.14999389648438,163.19000244140625,163.0800018310547,163.19000244140625,163.19000244140625,3120
2024-01-02 10:41:00-05:00,163.17999267578125,163.17999267578125,163.17999267578125,163.17999267578125,163.17999267578125,213
2024-01-02 10:42:00-05:00,163.24000549316406,163.4499969482422,163.24000549316406,163.4499969482422,163.4499969482422,1689
2024-01-02 10:43:00-05:00,163.47999572753906,163.55999755859375,163.47999572753906,163.55999755859375,163.55999755859375,1495
2024-01-02 10:44:00-05:00,163.49000549316406,163.55999755859375,163.47000122070312,163.51499938964844,163.51499938964844,2769
2024-01-02 10:45:00-05:00,163.4600067138672,163.4600067138672,163.39999389648438,163.4550018310547,163.4550018310547,1537
2024-01-02 10:46:00-05:00,163.4149932861328,163.4149932861328,163.24600219726562,163.24600219726562,163.24600219726562,1857
2024-01-02 10:47:00-05:00,163.3000030517578,163.36000061035156,163.3000030517578,163.36000061035156,163.36000061035156,2260
2024-01-02 10:48:00-05:00,163.4149932861328,163.60000610351562,163.4149932861328,163.60000610351562,163.60000610351562,907
2024-01-02 10:49:00-05:00,163.61500549316406,163.69000244140625,163.61000061035156,163.625,163.625,1978
2024-01-02 10:50:00-05:00,163.62399291992188,163.8000030517578,163.61500549316406,163.6750030517578,163.6750030517578,4056
2024-01-02 10:52:00-05:00,163.74000549316406,163.88999938964844,163.72999572753906,163.81500244140625,163.81500244140625,3712
2024-01-02 10:53:00-05:00,163.77999877929688,163.77999877929688,163.60499572753906,163.60499572753906,163.60499572753906,1947
2024-01-02 10:54:00-05:00,163.61000061035156,163.6199951171875,163.61000061035156,163.6199951171875,163.6199951171875,627
2024-01-02 10:55:00-05:00,163.69500732421875,163.80999755859375,163.69000244140625,163.80999755859375,163.80999755859375,2273
2024-01-02 10:56:00-05:00,163.85000610351562,163.9199981689453,163.85000610351562,163.8800048828125,163.8800048828125,2409
2024-01-02 10:57:00-05:00,163.87989807128906,163.92999267578125,163.8350067138672,163.84249877929688,163.84249877929688,4301
2024-01-02 10:58:00-05:00,163.8350067138672,163.88999938964844,163.8249969482422,163.88999938964844,163.88999938964844,1232
2024-01-02 10:59:00-05:00,163.84500122070312,163.84500122070312,163.67999267578125,163.67999267578125,163.67999267578125,1003
2024-01-02 11:00:00-05:00,163.6999969482422,163.75999450683594,163.64559936523438,163.7100067138672,163.7100067138672,1424
2024-01-02 11:01:00-05:00,163.63999938964844,163.7100067138672,163.6199951171875,163.63499450683594,163.63499450683594,1090
2024-01-02 11:02:00-05:00,163.64500427246094,163.64500427246094,163.5800018310547,163.61000061035156,163.61000061035156,1436
2024-01-02 11:03:00-05:00,163.64999389648438,163.72999572753906,163.64999389648438,163.64999389648438,163.64999389648438,646
2024-01-02 11:04:00-05:00,163.68499755859375,163.68499755859375,163.68499755859375,163.68499755859375,163.68499755859375,131
2024-01-02 11:06:00-05:00,163.36500549316406,163.36500549316406,163.36500549316406,163.36500549316406,163.36500549316406,3797
2024-01-02 11:07:00-05:00,163.4199981689453,163.4199981689453,163.25,163.25,163.25,965
2024-01-02 11:08:00-05:00,163.1999969482422,163.27000427246094,163.1999969482422,163.24000549316406,163.24000549316406,1187
2024-01-02 11:09:00-05:00,163.4199981689453,163.57000732421875,163.3800048828125,163.57000732421875,163.57000732421875,1320
2024-01-02 11:10:00-05:00,163.61000061035156,163.6199951171875,163.60499572753906,163.60499572753906,163.60499572753906,927
2024-01-02 11:11:00-05:00,163.7100067138672,163.7100067138672,163.68809509277344,163.7050018310547,163.7050018310547,509
2024-01-02 11:12:00-05:00,163.64999389648438,163.64999389648438,163.60000610351562,163.60000610351562,163.60000610351562,1068
2024-01-02 11:13:00-05:00,163.35000610351562,163.41000366210938,163.35000610351562,163.41000366210938,163.41000366210938,849
2024-01-02 11:14:00-05:00,163.4499969482422,163.6199951171875,163.4499969482422,163.6199951171875,163.6199951171875,949
2024-01-02 11:15:00-05:00,163.58999633789062,163.77000427246094,163.55999755859375,163.77000427246094,163.77000427246094,1579
2024-01-02 11:16:00-05:00,163.64999389648438,163.64999389648438,163.63999938964844,163.63999938964844,163.63999938964844,1330
2024-01-02 11:17:00-05:00,163.62249755859375,163.72999572753906,163.62249755859375,163.72999572753906,163.72999572753906,442
2024-01-02 11:18:00-05:00,163.72000122070312,163.9239959716797,163.72000122070312,163.9239959716797,163.9239959716797,2812
2024-01-02 11:19:00-05:00,163.8000030517578,163.88999938964844,163.74000549316406,163.8350067138672,163.8350067138672,2816
2024-01-02 11:20:00-05:00,163.77999877929688,163.77999877929688,163.72999572753906,163.72999572753906,163.72999572753906,1012
2024-01-02 11:21:00-05:00,163.81500244140625,163.81500244140625,163.81500244140625,163.81500244140625,163.81500244140625,262
2024-01-02 11:22:00-05:00,163.9199981689453,163.9550018310547,163.9199981689453,163.94500732421875,163.94500732421875,1808
2024-01-02 11:23:00-05:00,163.92999267578125,163.99000549316406,163.85000610351562,163.99000549316406,163.99000549316406,2878
2024-01-02 11:24:00-05:00,163.8800048828125,164.00999450683594,163.8800048828125,163.9499969482422,163.9499969482422,2405
2024-01-02 11:25:00-05:00,163.86000061035156,163.94000244140625,163.85000610351562,163.88999938964844,163.88999938964844,3058
2024-01-02 11:26:00-05:00,163.91000366210938,163.97000122070312,163.91000366210938,163.93389892578125,163.93389892578125,2982
2024-01-02 11:27:00-05:00,163.92999267578125,163.92999267578125,163.8800048828125,163.8800048828125,163.8800048828125,779
2024-01-02 11:28:00-05:00,163.8300018310547,163.8300018310547,163.8300018310547,163.8300018310547,163.8300018310547,291
2024-01-02 11:29:00-05:00,163.8249969482422,163.8271026611328,163.8249969482422,163.8271026611328,163.8271026611328,393
2024-01-02 11:30:00-05:00,163.8249969482422,163.8249969482422,163.66119384765625,163.66119384765625,163.66119384765625,655
2024-01-02 11:32:00-05:00,163.77000427246094,163.77000427246094,163.77000427246094,163.77000427246094,163.77000427246094,468
2024-01-02 11:33:00-05:00,163.77999877929688,163.77999877929688,163.5399932861328,163.5399932861328,163.5399932861328,2623
2024-01-02 11:34:00-05:00,163.49000549316406,163.49000549316406,163.49000549316406,163.49000549316406,163.49000549316406,164
2024-01-02 11:35:00-05:00,163.4600067138672,163.4600067138672,163.3699951171875,163.3699951171875,163.3699951171875,494
2024-01-02 11:36:00-05:00,163.33999633789062,163.33999633789062,163.25,163.25,163.25,432
2024-01-02 11:37:00-05:00,163.35000610351562,163.4499969482422,163.35000610351562,163.4499969482422,163.4499969482422,1147
2024-01-02 11:38:00-05:00,163.3699951171875,163.3699951171875,163.3699951171875,163.3699951171875,163.3699951171875,325
2024-01-02 11:39:00-05:00,163.36000061035156,163.41000366210938,163.35000610351562,163.41000366210938,163.41000366210938,2012
2024-01-02 11:40:00-05:00,163.3699951171875,163.3699951171875,163.3699951171875,163.3699951171875,163.3699951171875,418
2024-01-02 11:41:00-05:00,163.36099243164062,163.4499969482422,163.33999633789062,163.4499969482422,163.4499969482422,621
2024-01-02 11:42:00-05:00,163.4199981689453,163.47000122070312,163.4199981689453,163.47000122070312,163.47000122070312,1012
2024-01-02 11:43:00-05:00,163.4499969482422,163.5500030517578,163.4499969482422,163.5500030517578,163.5500030517578,1350
2024-01-02 11:45:00-05:00,163.50999450683594,163.5800018310547,163.5,163.57000732421875,163.57000732421875,1706
2024-01-02 11:46:00-05:00,163.5,163.63999938964844,163.49000549316406,163.63999938964844,163.63999938964844,2198
2024-01-02 11:48:00-05:00,163.72999572753906,163.72999572753906,163.64999389648438,163.64999389648438,163.64999389648438,892
2024-01-02 11:51:00-05:00,163.6999969482422,163.85000610351562,163.6699981689453,163.85000610351562,163.85000610351562,3474
2024-01-02 11:52:00-05:00,163.9199981689453,163.97500610351562,163.9199981689453,163.9199981689453,163.9199981689453,1182
2024-01-02 11:53:00-05:00,163.9199981689453,164.1199951171875,163.88999938964844,164.02499389648438,164.02499389648438,3308
2024-01-02 11:54:00-05:00,164.01499938964844,164.16000366210938,164.01499938964844,164.16000366210938,164.16000366210938,2571
2024-01-02 11:55:00-05:00,164.15499877929688,164.15499877929688,164.0800018310547,164.10499572753906,164.10499572753906,2760
2024-01-02 11:56:00-05:00,164.13999938964844,164.3699951171875,164.13999938964844,164.27000427246094,164.27000427246094,1832
2024-01-02 11:57:00-05:00,164.19000244140625,164.19000244140625,164.19000244140625,164.19000244140625,164.19000244140625,740
2024-01-02 11:58:00-05:00,164.13999938964844,164.23500061035156,164.1300048828125,164.23500061035156,164.23500061035156,1415
2024-01-02 12:00:00-05:00,164.22999572753906,164.22999572753906,164.22999572753906,164.22999572753906,164.22999572753906,1326
2024-01-02 12:03:00-05:00,164.30999755859375,164.30999755859375,164.27000427246094,164.27999877929688,164.27999877929688,1771
2024-01-02 12:04:00-05:00,164.27000427246094,164.35000610351562,164.2449951171875,164.35000610351562,164.35000610351562,1489
2024-01-02 12:05:00-05:00,164.32000732421875,164.3699951171875,164.25999450683594,164.25999450683594,164.25999450683594,1897
2024-01-02 12:06:00-05:00,164.2100067138672,164.2100067138672,164.19500732421875,164.19500732421875,164.19500732421875,254
2024-01-02 12:07:00-05:00,164.1999969482422,164.1999969482422,164.1999969482422,164.1999969482422,164.1999969482422,201
2024-01-02 12:08:00-05:00,164.27999877929688,164.3000030517578,164.22000122070312,164.22000122070312,164.22000122070312,1617
2024-01-02 12:09:00-05:00,164.19500732421875,164.24000549316406,164.13999938964844,164.24000549316406,164.24000549316406,1791
2024-01-02 12:10:00-05:00,164.2899932861328,164.4499969482422,164.2899932861328,164.4499969482422,164.4499969482422,1225
2024-01-02 12:11:00-05:00,164.32000732421875,164.38499450683594,164.25999450683594,164.38499450683594,164.38499450683594,2060
2024-01-02 12:13:00-05:00,164.47999572753906,164.5,164.4550018310547,164.4949951171875,164.4949951171875,1796
2024-01-02 12:14:00-05:00,164.4600067138672,164.4600067138672,164.41000366210938,164.41000366210938,164.41000366210938,951
2024-01-02 12:16:00-05:00,164.3350067138672,164.3350067138672,164.3350067138672,164.3350067138672,164.3350067138672,103
2024-01-02 12:17:00-05:00,164.25999450683594,164.3300018310547,164.22999572753906,164.3300018310547,164.3300018310547,1074
2024-01-02 12:18:00-05:00,164.27040100097656,164.35499572753906,164.27040100097656,164.35499572753906,164.35499572753906,683
2024-01-02 12:19:00-05:00,164.33999633789062,164.39999389648438,164.31500244140625,164.38999938964844,164.38999938964844,2679
2024-01-02 12:20:00-05:00,164.44000244140625,164.44000244140625,164.28500366210938,164.3249969482422,164.3249969482422,7209
2024-01-02 12:21:00-05:00,164.36500549316406,164.4600067138672,164.36500549316406,164.39999389648438,164.39999389648438,8881
2024-01-02 12:22:00-05:00,164.38999938964844,164.38999938964844,164.3300018310547,164.38999938964844,164.38999938964844,1392
2024-01-02 12:23:00-05:00,164.40499877929688,164.4600067138672,164.40499877929688,164.4600067138672,164.4600067138672,2567
2024-01-02 12:24:00-05:00,164.41000366210938,164.4499969482422,164.41000366210938,164.4499969482422,164.4499969482422,501
2024-01-02 12:26:00-05:00,164.4499969482422,164.52499389648438,164.4499969482422,164.52499389648438,164.52499389648438,1866
2024-01-02 12:27:00-05:00,164.5399932861328,164.67999267578125,164.52499389648438,164.67999267578125,164.67999267578125,2848
2024-01-02 12:28:00-05:00,164.6999969482422,164.72999572753906,164.64089965820312,164.72999572753906,164.72999572753906,1604
2024-01-02 12:29:00-05:00,164.73500061035156,164.73500061035156,164.5800018310547,164.6300048828125,164.6300048828125,4098
2024-01-02 12:30:00-05:00,164.64999389648438,164.6649932861328,164.64999389648438,164.65750122070312,164.65750122070312,668
2024-01-02 12:31:00-05:00,164.6199951171875,164.6649932861328,164.5850067138672,164.5850067138672,164.5850067138672,1268
2024-01-02 12:33:00-05:00,164.72000122070312,164.72000122070312,164.64010620117188,164.64010620117188,164.64010620117188,1304
2024-01-02 12:34:00-05:00,164.72000122070312,164.72000122070312,164.63999938964844,164.63999938964844,164.63999938964844,577
2024-01-02 12:35:00-05:00,164.7899932861328,164.8000030517578,164.7899932861328,164.8000030517578,164.8000030517578,897
2024-01-02 12:36:00-05:00,164.7899932861328,164.7899932861328,164.7550048828125,164.77000427246094,164.77000427246094,1022
2024-01-02 12:37:00-05:00,164.88999938964844,164.88999938964844,164.88999938964844,164.88999938964844,164.88999938964844,470
2024-01-02 12:40:00-05:00,164.88999938964844,164.88999938964844,164.77999877929688,164.77999877929688,164.77999877929688,1492
2024-01-02 12:41:00-05:00,164.81500244140625,164.81500244140625,164.7899932861328,164.7899932861328,164.7899932861328,312
2024-01-02 12:42:00-05:00,164.85000610351562,164.88999938964844,164.74000549316406,164.88999938964844,164.88999938964844,12388
2024-01-02 12:43:00-05:00,164.85000610351562,164.9499969482422,164.85000610351562,164.9499969482422,164.9499969482422,1731
2024-01-02 12:44:00-05:00,164.9499969482422,164.9499969482422,164.71499633789062,164.78500366210938,164.78500366210938,10951
2024-01-02 12:45:00-05:00,164.78250122070312,164.78500366210938,164.75,164.77499389648438,164.77499389648438,1612
2024-01-02 12:46:00-05:00,164.80999755859375,164.88499450683594,164.80999755859375,164.8699951171875,164.8699951171875,2891
2024-01-02 12:47:00-05:00,164.78770446777344,164.7899932861328,164.78770446777344,164.7899932861328,164.7899932861328,410
2024-01-02 12:48:00-05:00,164.73629760742188,164.73629760742188,164.55999755859375,164.66000366210938,164.66000366210938,2465
2024-01-02 12:49:00-05:00,164.5399932861328,164.6199951171875,164.5399932861328,164.6199951171875,164.6199951171875,442
2024-01-02 12:51:00-05:00,164.60000610351562,164.60000610351562,164.52999877929688,164.5500030517578,164.5500030517578,1239
2024-01-02 12:52:00-05:00,164.61000061035156,164.61000061035156,164.61000061035156,164.61000061035156,164.61000061035156,311
2024-01-02 12:53:00-05:00,164.55169677734375,164.55169677734375,164.55169677734375,164.55169677734375,164.55169677734375,1749
2024-01-02 12:54:00-05:00,164.61500549316406,164.61500549316406,164.61500549316406,164.61500549316406,164.61500549316406,568
2024-01-02 12:55:00-05:00,164.62649536132812,164.63999938964844,164.62649536132812,164.63999938964844,164.63999938964844,449
2024-01-02 12:56:00-05:00,164.6300048828125,164.6300048828125,164.6300048828125,164.6300048828125,164.6300048828125,434
2024-01-02 12:57:00-05:00,164.5850067138672,164.5850067138672,164.5850067138672,164.5850067138672,164.5850067138672,228
2024-01-02 12:58:00-05:00,164.63999938964844,164.63999938964844,164.63999938964844,164.63999938964844,164.63999938964844,496
2024-01-02 12:59:00-05:00,164.64999389648438,164.74000549316406,164.64999389648438,164.6999969482422,164.6999969482422,1641
2024-01-02 13:00:00-05:00,164.7550048828125,164.76499938964844,164.6999969482422,164.76499938964844,164.76499938964844,1870
2024-01-02 13:01:00-05:00,164.80999755859375,164.83999633789062,164.80999755859375,164.83999633789062,164.83999633789062,736
2024-01-02 13:02:00-05:00,164.8000030517578,164.8300018310547,164.8000030517578,164.8300018310547,164.8300018310547,968
2024-01-02 13:03:00-05:00,164.88999938964844,164.88999938964844,164.88499450683594,164.88499450683594,164.88499450683594,860
2024-01-02 13:04:00-05:00,164.86000061035156,164.86000061035156,164.7449951171875,164.7449951171875,164.7449951171875,2593
2024-01-02 13:05:00-05:00,164.7550048828125,164.75999450683594,164.7550048828125,164.75999450683594,164.75999450683594,546
2024-01-02 13:06:00-05:00,164.7550048828125,164.8000030517578,164.55999755859375,164.61000061035156,164.61000061035156,2256
2024-01-02 13:07:00-05:00,164.63250732421875,164.63250732421875,164.63250732421875,164.63250732421875,164.63250732421875,472
2024-01-02 13:08:00-05:00,164.5800018310547,164.625,164.47999572753906,164.5,164.5,1874
2024-01-02 13:09:00-05:00,164.5399932861328,164.5800018310547,164.5,164.50999450683594,164.50999450683594,8683
2024-01-02 13:10:00-05:00,164.5399932861328,164.69000244140625,164.5399932861328,164.67999267578125,164.67999267578125,1781
2024-01-02 13:11:00-05:00,164.72000122070312,164.76499938964844,164.72000122070312,164.76499938964844,164.76499938964844,505
2024-01-02 13:12:00-05:00,164.7899932861328,164.8699951171875,164.7899932861328,164.8350067138672,164.8350067138672,1207
2024-01-02 13:13:00-05:00,164.84500122070312,164.94000244140625,164.80999755859375,164.85000610351562,164.85000610351562,3480
2024-01-02 13:14:00-05:00,164.875,164.9149932861328,164.7949981689453,164.8699951171875,164.8699951171875,2421
2024-01-02 13:15:00-05:00,164.99000549316406,164.99000549316406,164.99000549316406,164.99000549316406,164.99000549316406,1217
2024-01-02 13:16:00-05:00,164.7899932861328,164.7899932861328,164.72999572753906,164.72999572753906,164.72999572753906,734
2024-01-02 13:17:00-05:00,164.7050018310547,164.7050018310547,164.7050018310547,164.7050018310547,164.7050018310547,639
2024-01-02 13:18:00-05:00,164.6999969482422,164.6999969482422,164.6699981689453,164.6699981689453,164.6699981689453,817
2024-01-02 13:19:00-05:00,164.5399932861328,164.5500030517578,164.33999633789062,164.33999633789062,164.33999633789062,1003
2024-01-02 13:20:00-05:00,164.27499389648438,164.42999267578125,164.27499389648438,164.42999267578125,164.42999267578125,1599
2024-01-02 13:21:00-05:00,164.4250030517578,164.5,164.4250030517578,164.5,164.5,633
2024-01-02 13:22:00-05:00,164.52000427246094,164.52000427246094,164.47999572753906,164.49000549316406,164.49000549316406,893
2024-01-02 13:23:00-05:00,164.4600067138672,164.4600067138672,164.38999938964844,164.39999389648438,164.39999389648438,1466
2024-01-02 13:24:00-05:00,164.52000427246094,164.5749969482422,164.52000427246094,164.5749969482422,164.5749969482422,857
2024-01-02 13:25:00-05:00,164.55499267578125,164.55499267578125,164.55499267578125,164.55499267578125,164.55499267578125,475
2024-01-02 13:26:00-05:00,164.42999267578125,164.4499969482422,164.3800048828125,164.4499969482422,164.4499969482422,1018
2024-01-02 13:27:00-05:00,164.4600067138672,164.5800018310547,164.4600067138672,164.51499938964844,164.51499938964844,1995
2024-01-02 13:28:00-05:00,164.47000122070312,164.5399932861328,164.4600067138672,164.53500366210938,164.53500366210938,832
2024-01-02 13:29:00-05:00,164.4510040283203,164.4510040283203,164.3699951171875,164.39999389648438,164.39999389648438,1719
2024-01-02 13:31:00-05:00,164.24000549316406,164.25999450683594,164.14999389648438,164.25999450683594,164.25999450683594,2017
2024-01-02 13:32:00-05:00,164.11000061035156,164.16000366210938,164.0800018310547,164.0800018310547,164.0800018310547,991
2024-01-02 13:33:00-05:00,164.08999633789062,164.08999633789062,164.05999755859375,164.05999755859375,164.05999755859375,938
2024-01-02 13:34:00-05:00,164.22000122070312,164.22999572753906,164.22000122070312,164.22300720214844,164.22300720214844,761
2024-01-02 13:35:00-05:00,164.19549560546875,164.19549560546875,164.19549560546875,164.19549560546875,164.19549560546875,831
2024-01-02 13:36:00-05:00,164.2906951904297,164.35499572753906,164.2906951904297,164.30499267578125,164.30499267578125,1556
2024-01-02 13:37:00-05:00,164.4199981689453,164.43499755859375,164.33999633789062,164.4199981689453,164.4199981689453,2573
2024-01-02 13:38:00-05:00,164.4149932861328,164.4149932861328,164.4149932861328,164.4149932861328,164.4149932861328,241
2024-01-02 13:39:00-05:00,164.36000061035156,164.36000061035156,164.3350067138672,164.3350067138672,164.3350067138672,1474
2024-01-02 13:41:00-05:00,164.27999877929688,164.3699951171875,164.25999450683594,164.3699951171875,164.3699951171875,1189
2024-01-02 13:42:00-05:00,164.27000427246094,164.27000427246094,164.1999969482422,164.1999969482422,164.1999969482422,1102
2024-01-02 13:43:00-05:00,164.19000244140625,164.19000244140625,164.17999267578125,164.17999267578125,164.17999267578125,569
2024-01-02 13:44:00-05:00,164.25,164.25,164.1699981689453,164.1699981689453,164.1699981689453,506
2024-01-02 13:45:00-05:00,164.2100067138672,164.2100067138672,164.2100067138672,164.2100067138672,164.2100067138672,214
2024-01-02 13:46:00-05:00,164.2550048828125,164.2550048828125,164.2550048828125,164.2550048828125,164.2550048828125,1228
2024-01-02 13:48:00-05:00,164.3000030517578,164.3000030517578,164.1999969482422,164.1999969482422,164.1999969482422,548
2024-01-02 13:49:00-05:00,164.25,164.25,164.25,164.25,164.25,500
2024-01-02 13:50:00-05:00,164.2899932861328,164.30999755859375,164.25,164.30999755859375,164.30999755859375,1060
2024-01-02 13:51:00-05:00,164.30999755859375,164.30999755859375,164.30999755859375,164.30999755859375,164.30999755859375,843
2024-01-02 13:52:00-05:00,164.3300018310547,164.3350067138672,164.25,164.25999450683594,164.25999450683594,1443
2024-01-02 13:53:00-05:00,164.25999450683594,164.25999450683594,164.2100067138672,164.22000122070312,164.22000122070312,1324
2024-01-02 13:57:00-05:00,164.25999450683594,164.25999450683594,164.25,164.2550048828125,164.2550048828125,1094
2024-01-02 13:58:00-05:00,164.17999267578125,164.22000122070312,164.11000061035156,164.11000061035156,164.11000061035156,1179
2024-01-02 13:59:00-05:00,164.02499389648438,164.02999877929688,164.02499389648438,164.02999877929688,164.02999877929688,718
2024-01-02 14:00:00-05:00,163.94000244140625,163.9499969482422,163.92999267578125,163.92999267578125,163.92999267578125,780
2024-01-02 14:01:00-05:00,163.82000732421875,163.82000732421875,163.82000732421875,163.82000732421875,163.82000732421875,682
2024-01-02 14:02:00-05:00,163.72000122070312,163.72000122070312,163.72000122070312,163.72000122070312,163.72000122070312,478
2024-01-02 14:03:00-05:00,163.8300018310547,163.8300018310547,163.81500244140625,163.81500244140625,163.81500244140625,1135
2024-01-02 14:04:00-05:00,163.85000610351562,163.85000610351562,163.85000610351562,163.85000610351562,163.85000610351562,362
2024-01-02 14:05:00-05:00,163.77000427246094,163.8300018310547,163.75999450683594,163.75999450683594,163.75999450683594,971
2024-01-02 14:06:00-05:00,163.72000122070312,163.7698974609375,163.66000366210938,163.7550048828125,163.7550048828125,1559
2024-01-02 14:07:00-05:00,163.7449951171875,163.7449951171875,163.7449951171875,163.7449951171875,163.7449951171875,469
2024-01-02 14:08:00-05:00,163.69000244140625,163.69000244140625,163.69000244140625,163.69000244140625,163.69000244140625,456
2024-01-02 14:09:00-05:00,163.77499389648438,163.7899932861328,163.75,163.75,163.75,551
2024-01-02 14:10:00-05:00,163.8300018310547,163.89999389648438,163.7899932861328,163.7899932861328,163.7899932861328,1518
2024-01-02 14:11:00-05:00,163.7949981689453,163.7949981689453,163.7949981689453,163.7949981689453,163.7949981689453,292
2024-01-02 14:12:00-05:00,163.77000427246094,163.77000427246094,163.69000244140625,163.69000244140625,163.69000244140625,1534
2024-01-02 14:14:00-05:00,163.60000610351562,163.60000610351562,163.5800018310547,163.5800018310547,163.5800018310547,641
2024-01-02 14:15:00-05:00,163.50999450683594,163.75,163.47999572753906,163.67999267578125,163.67999267578125,9108
2024-01-02 14:16:00-05:00,163.7050018310547,163.7050018310547,163.6118927001953,163.6118927001953,163.6118927001953,1442
2024-01-02 14:18:00-05:00,163.5500030517578,163.5500030517578,163.5399932861328,163.5500030517578,163.5500030517578,1137
2024-01-02 14:19:00-05:00,163.57000732421875,163.57000732421875,163.56500244140625,163.56500244140625,163.56500244140625,651
2024-01-02 14:20:00-05:00,163.49000549316406,163.64999389648438,163.47999572753906,163.52000427246094,163.52000427246094,1981
2024-01-02 14:21:00-05:00,163.53500366210938,163.53500366210938,163.38999938964844,163.38999938964844,163.38999938964844,659
2024-01-02 14:22:00-05:00,163.3800048828125,163.3800048828125,163.27000427246094,163.27000427246094,163.27000427246094,1136
2024-01-02 14:23:00-05:00,163.3000030517578,163.3000030517578,163.22999572753906,163.22999572753906,163.22999572753906,891
2024-01-02 14:25:00-05:00,163.14999389648438,163.14999389648438,163.14999389648438,163.14999389648438,163.14999389648438,105
2024-01-02 14:26:00-05:00,163.19000244140625,163.19000244140625,163.19000244140625,163.19000244140625,163.19000244140625,1111
2024-01-02 14:28:00-05:00,163.32000732421875,163.35000610351562,163.27999877929688,163.35000610351562,163.35000610351562,1592
2024-01-02 14:29:00-05:00,163.33999633789062,163.4499969482422,163.33999633789062,163.4499969482422,163.4499969482422,1232
2024-01-02 14:32:00-05:00,163.35000610351562,163.375,163.3000030517578,163.3000030517578,163.3000030517578,1235
2024-01-02 14:34:00-05:00,163.25999450683594,163.25999450683594,163.17999267578125,163.22000122070312,163.22000122070312,1528
2024-01-02 14:35:00-05:00,163.0601043701172,163.14500427246094,163.0601043701172,163.14500427246094,163.14500427246094,602
2024-01-02 14:36:00-05:00,163.0800018310547,163.0800018310547,163.00999450683594,163.05499267578125,163.05499267578125,1018
2024-01-02 14:37:00-05:00,163.0,163.0,162.99000549316406,162.99000549316406,162.99000549316406,253
2024-01-02 14:38:00-05:00,163.02999877929688,163.1199951171875,163.02999877929688,163.1199951171875,163.1199951171875,2052
2024-01-02 14:39:00-05:00,163.10000610351562,163.1300048828125,163.10000610351562,163.1300048828125,163.1300048828125,2140
2024-01-02 14:40:00-05:00,163.1300048828125,163.32000732421875,163.08999633789062,163.32000732421875,163.32000732421875,5416
2024-01-02 14:41:00-05:00,163.27000427246094,163.38999938964844,163.27000427246094,163.375,163.375,1291
2024-01-02 14:42:00-05:00,163.35499572753906,163.375,163.33999633789062,163.375,163.375,1014
2024-01-02 14:43:00-05:00,163.375,163.50999450683594,163.35000610351562,163.50999450683594,163.50999450683594,1181
2024-01-02 14:44:00-05:00,163.52999877929688,163.625,163.4499969482422,163.52999877929688,163.52999877929688,14944
2024-01-02 14:46:00-05:00,163.50999450683594,163.57730102539062,163.47000122070312,163.52999877929688,163.52999877929688,3823
2024-01-02 14:47:00-05:00,163.52999877929688,163.52999877929688,163.5,163.52999877929688,163.52999877929688,2536
2024-01-02 14:48:00-05:00,163.50999450683594,163.52999877929688,163.4499969482422,163.49000549316406,163.49000549316406,6691
2024-01-02 14:49:00-05:00,163.47999572753906,163.48500061035156,163.42999267578125,163.47999572753906,163.47999572753906,2341
2024-01-02 14:50:00-05:00,163.5,163.5,163.4250030517578,163.4250030517578,163.4250030517578,2806
2024-01-02 14:51:00-05:00,163.4600067138672,163.4600067138672,163.39999389648438,163.4600067138672,163.4600067138672,3700
2024-01-02 14:52:00-05:00,163.4199981689453,163.47000122070312,163.3800048828125,163.47000122070312,163.47000122070312,1945
2024-01-02 14:53:00-05:00,163.4199981689453,163.47999572753906,163.36000061035156,163.41000366210938,163.41000366210938,3150
2024-01-02 14:54:00-05:00,163.2949981689453,163.2949981689453,163.2949981689453,163.2949981689453,163.2949981689453,513
2024-01-02 14:56:00-05:00,163.2899932861328,163.2899932861328,163.2899932861328,163.2899932861328,163.2899932861328,604
2024-01-02 14:57:00-05:00,163.1649932861328,163.25999450683594,163.1649932861328,163.25,163.25,6781
2024-01-02 14:58:00-05:00,163.31500244140625,163.39999389648438,163.31500244140625,163.3800048828125,163.3800048828125,1557
2024-01-02 14:59:00-05:00,163.36000061035156,163.36000061035156,163.34500122070312,163.34500122070312,163.34500122070312,261
2024-01-02 15:00:00-05:00,163.3300018310547,163.3300018310547,163.25,163.25,163.25,2328
2024-01-02 15:01:00-05:00,163.25,163.39999389648438,163.25,163.3249969482422,163.3249969482422,3741
2024-01-02 15:02:00-05:00,163.3699951171875,163.42999267578125,163.356201171875,163.42999267578125,163.42999267578125,2559
2024-01-02 15:03:00-05:00,163.36500549316406,163.47999572753906,163.36500549316406,163.4199981689453,163.4199981689453,2095
2024-01-02 15:04:00-05:00,163.35000610351562,163.35000610351562,163.22999572753906,163.22999572753906,163.22999572753906,1728
2024-01-02 15:06:00-05:00,163.19500732421875,163.22500610351562,163.19500732421875,163.22500610351562,163.22500610351562,610
2024-01-02 15:07:00-05:00,163.3000030517578,163.4499969482422,163.25,163.39999389648438,163.39999389648438,2935
2024-01-02 15:08:00-05:00,163.4799041748047,163.55499267578125,163.39999389648438,163.39999389648438,163.39999389648438,7566
2024-01-02 15:09:00-05:00,163.4499969482422,163.47000122070312,163.4499969482422,163.47000122070312,163.47000122070312,1761
2024-01-02 15:10:00-05:00,163.47000122070312,163.5399932861328,163.3699951171875,163.38999938964844,163.38999938964844,4433
2024-01-02 15:11:00-05:00,163.35000610351562,163.35000610351562,163.3300018310547,163.33999633789062,163.33999633789062,1472
2024-01-02 15:12:00-05:00,163.2899932861328,163.30999755859375,163.27999877929688,163.30999755859375,163.30999755859375,531
2024-01-02 15:13:00-05:00,163.27999877929688,163.3000030517578,163.22000122070312,163.25999450683594,163.25999450683594,1703
2024-01-02 15:14:00-05:00,163.22999572753906,163.22999572753906,163.15499877929688,163.15499877929688,163.15499877929688,1225
2024-01-02 15:15:00-05:00,163.32000732421875,163.32000732421875,163.1999969482422,163.1999969482422,163.1999969482422,1899
2024-01-02 15:16:00-05:00,163.2100067138672,163.25999450683594,163.2100067138672,163.25999450683594,163.25999450683594,809
2024-01-02 15:17:00-05:00,163.3209991455078,163.4499969482422,163.3209991455078,163.4499969482422,163.4499969482422,2675
2024-01-02 15:18:00-05:00,163.41000366210938,163.44000244140625,163.3350067138672,163.44000244140625,163.44000244140625,1615
2024-01-02 15:19:00-05:00,163.4499969482422,163.47000122070312,163.4199981689453,163.4199981689453,163.4199981689453,1332
2024-01-02 15:20:00-05:00,163.4499969482422,163.4499969482422,163.4499969482422,163.4499969482422,163.4499969482422,1582
2024-01-02 15:21:00-05:00,163.4499969482422,163.4499969482422,163.32000732421875,163.32000732421875,163.32000732421875,2900
2024-01-02 15:22:00-05:00,163.27499389648438,163.27499389648438,163.1999969482422,163.2100067138672,163.2100067138672,2144
2024-01-02 15:23:00-05:00,163.30999755859375,163.4499969482422,163.30999755859375,163.4499969482422,163.4499969482422,2209
2024-01-02 15:24:00-05:00,163.4499969482422,163.4499969482422,163.38999938964844,163.38999938964844,163.38999938964844,572
2024-01-02 15:25:00-05:00,163.3699951171875,163.38999938964844,163.27000427246094,163.27999877929688,163.27999877929688,2024
2024-01-02 15:26:00-05:00,163.26739501953125,163.33999633789062,163.26739501953125,163.33999633789062,163.33999633789062,707
2024-01-02 15:27:00-05:00,163.33999633789062,163.33999633789062,163.30999755859375,163.30999755859375,163.30999755859375,1008
2024-01-02 15:28:00-05:00,163.41000366210938,163.49000549316406,163.38999938964844,163.49000549316406,163.49000549316406,1703
2024-01-02 15:29:00-05:00,163.3699951171875,163.39999389648438,163.34060668945312,163.34060668945312,163.34060668945312,762
2024-01-02 15:30:00-05:00,163.4149932861328,163.4149932861328,163.30999755859375,163.36000061035156,163.36000061035156,3402
2024-01-02 15:31:00-05:00,163.30999755859375,163.40499877929688,163.3000030517578,163.40499877929688,163.40499877929688,1559
2024-01-02 15:32:00-05:00,163.40499877929688,163.40499877929688,163.30999755859375,163.3800048828125,163.3800048828125,2231
2024-01-02 15:33:00-05:00,163.375,163.44000244140625,163.35000610351562,163.4250030517578,163.4250030517578,6249
2024-01-02 15:34:00-05:00,163.4250030517578,163.5850067138672,163.4250030517578,163.5850067138672,163.5850067138672,2560
2024-01-02 15:35:00-05:00,163.58999633789062,163.67999267578125,163.5800018310547,163.67999267578125,163.67999267578125,1693
2024-01-02 15:36:00-05:00,163.6199951171875,163.67999267578125,163.5800018310547,163.64500427246094,163.64500427246094,7030
2024-01-02 15:37:00-05:00,163.63999938964844,163.6999969482422,163.6300048828125,163.6999969482422,163.6999969482422,1165
2024-01-02 15:38:00-05:00,163.6699981689453,163.6699981689453,163.49000549316406,163.49000549316406,163.49000549316406,3898
2024-01-02 15:39:00-05:00,163.47000122070312,163.47000122070312,163.41000366210938,163.41000366210938,163.41000366210938,1148
2024-01-02 15:40:00-05:00,163.44000244140625,163.47000122070312,163.44000244140625,163.47000122070312,163.47000122070312,1303
2024-01-02 15:41:00-05:00,163.44000244140625,163.5,163.41000366210938,163.4499969482422,163.4499969482422,2602
2024-01-02 15:42:00-05:00,163.4600067138672,163.4600067138672,163.4149932861328,163.4149932861328,163.4149932861328,1003
2024-01-02 15:43:00-05:00,163.4600067138672,163.5,163.44000244140625,163.5,163.5,3576
2024-01-02 15:44:00-05:00,163.47500610351562,163.5,163.39999389648438,163.5,163.5,1911
2024-01-02 15:45:00-05:00,163.5050048828125,163.5800018310547,163.46499633789062,163.46499633789062,163.46499633789062,14854
2024-01-02 15:46:00-05:00,163.46499633789062,163.46499633789062,163.33999633789062,163.35000610351562,163.35000610351562,1359
2024-01-02 15:47:00-05:00,163.3300018310547,163.47000122070312,163.3300018310547,163.38999938964844,163.38999938964844,5194
2024-01-02 15:48:00-05:00,163.3699951171875,163.39999389648438,163.33999633789062,163.3699951171875,163.3699951171875,8085
2024-01-02 15:49:00-05:00,163.3800048828125,163.41000366210938,163.35000610351562,163.38999938964844,163.38999938964844,4988
2024-01-02 15:50:00-05:00,163.41000366210938,163.69000244140625,163.39999389648438,163.66000366210938,163.66000366210938,9591
2024-01-02 15:51:00-05:00,163.64999389648438,163.74000549316406,163.63999938964844,163.7100067138672,163.7100067138672,10347
2024-01-02 15:52:00-05:00,163.72999572753906,163.8000030517578,163.66000366210938,163.72000122070312,163.72000122070312,15281
2024-01-02 15:53:00-05:00,163.6999969482422,163.82000732421875,163.67999267578125,163.7899932861328,163.7899932861328,12350
2024-01-02 15:54:00-05:00,163.9199981689453,163.92999267578125,163.80999755859375,163.82000732421875,163.82000732421875,8761
2024-01-02 15:55:00-05:00,163.83999633789062,164.02000427246094,163.83999633789062,164.02000427246094,164.02000427246094,13683
2024-01-02 15:56:00-05:00,164.02999877929688,164.16000366210938,164.02000427246094,164.11000061035156,164.11000061035156,14611
2024-01-02 15:57:00-05:00,164.1199951171875,164.19000244140625,164.10499572753906,164.13999938964844,164.13999938964844,14167
2024-01-02 15:58:00-05:00,164.13999938964844,164.24000549316406,164.11000061035156,164.22999572753906,164.22999572753906,22372
2024-01-02 15:59:00-05:00,164.24000549316406,164.4199981689453,164.19000244140625,164.39999389648438,164.39999389648438,75231
